--
-- PostgreSQL database dump
--

-- Dumped from database version 12.18 (Ubuntu 12.18-0ubuntu0.20.04.1)
-- Dumped by pg_dump version 12.18 (Ubuntu 12.18-0ubuntu0.20.04.1)

SET statement_timeout = 0;
SET lock_timeout = 0;
SET idle_in_transaction_session_timeout = 0;
SET client_encoding = 'UTF8';
SET standard_conforming_strings = on;
SELECT pg_catalog.set_config('search_path', '', false);
SET check_function_bodies = false;
SET xmloption = content;
SET client_min_messages = warning;
SET row_security = off;

SET default_tablespace = '';

SET default_table_access_method = heap;

--
-- Name: app_update; Type: TABLE; Schema: public; Owner: nexsme
--

CREATE TABLE public.app_update (
    id bigint NOT NULL,
    date_added timestamp with time zone NOT NULL,
    android_version character varying(16) NOT NULL,
    android_force_upgrade boolean NOT NULL,
    android_recommended_upgrade boolean NOT NULL,
    ios_version character varying(16) NOT NULL,
    ios_force_upgrade boolean NOT NULL,
    ios_recommended_upgrade boolean NOT NULL
);


ALTER TABLE public.app_update OWNER TO nexsme;

--
-- Name: app_update_id_seq; Type: SEQUENCE; Schema: public; Owner: nexsme
--

CREATE SEQUENCE public.app_update_id_seq
    START WITH 1
    INCREMENT BY 1
    NO MINVALUE
    NO MAXVALUE
    CACHE 1;


ALTER TABLE public.app_update_id_seq OWNER TO nexsme;

--
-- Name: app_update_id_seq; Type: SEQUENCE OWNED BY; Schema: public; Owner: nexsme
--

ALTER SEQUENCE public.app_update_id_seq OWNED BY public.app_update.id;


--
-- Name: auth_group; Type: TABLE; Schema: public; Owner: nexsme
--

CREATE TABLE public.auth_group (
    id integer NOT NULL,
    name character varying(150) NOT NULL
);


ALTER TABLE public.auth_group OWNER TO nexsme;

--
-- Name: auth_group_id_seq; Type: SEQUENCE; Schema: public; Owner: nexsme
--

CREATE SEQUENCE public.auth_group_id_seq
    AS integer
    START WITH 1
    INCREMENT BY 1
    NO MINVALUE
    NO MAXVALUE
    CACHE 1;


ALTER TABLE public.auth_group_id_seq OWNER TO nexsme;

--
-- Name: auth_group_id_seq; Type: SEQUENCE OWNED BY; Schema: public; Owner: nexsme
--

ALTER SEQUENCE public.auth_group_id_seq OWNED BY public.auth_group.id;


--
-- Name: auth_group_permissions; Type: TABLE; Schema: public; Owner: nexsme
--

CREATE TABLE public.auth_group_permissions (
    id bigint NOT NULL,
    group_id integer NOT NULL,
    permission_id integer NOT NULL
);


ALTER TABLE public.auth_group_permissions OWNER TO nexsme;

--
-- Name: auth_group_permissions_id_seq; Type: SEQUENCE; Schema: public; Owner: nexsme
--

CREATE SEQUENCE public.auth_group_permissions_id_seq
    START WITH 1
    INCREMENT BY 1
    NO MINVALUE
    NO MAXVALUE
    CACHE 1;


ALTER TABLE public.auth_group_permissions_id_seq OWNER TO nexsme;

--
-- Name: auth_group_permissions_id_seq; Type: SEQUENCE OWNED BY; Schema: public; Owner: nexsme
--

ALTER SEQUENCE public.auth_group_permissions_id_seq OWNED BY public.auth_group_permissions.id;


--
-- Name: auth_permission; Type: TABLE; Schema: public; Owner: nexsme
--

CREATE TABLE public.auth_permission (
    id integer NOT NULL,
    name character varying(255) NOT NULL,
    content_type_id integer NOT NULL,
    codename character varying(100) NOT NULL
);


ALTER TABLE public.auth_permission OWNER TO nexsme;

--
-- Name: auth_permission_id_seq; Type: SEQUENCE; Schema: public; Owner: nexsme
--

CREATE SEQUENCE public.auth_permission_id_seq
    AS integer
    START WITH 1
    INCREMENT BY 1
    NO MINVALUE
    NO MAXVALUE
    CACHE 1;


ALTER TABLE public.auth_permission_id_seq OWNER TO nexsme;

--
-- Name: auth_permission_id_seq; Type: SEQUENCE OWNED BY; Schema: public; Owner: nexsme
--

ALTER SEQUENCE public.auth_permission_id_seq OWNED BY public.auth_permission.id;


--
-- Name: auth_user; Type: TABLE; Schema: public; Owner: nexsme
--

CREATE TABLE public.auth_user (
    id integer NOT NULL,
    password character varying(128) NOT NULL,
    last_login timestamp with time zone,
    is_superuser boolean NOT NULL,
    username character varying(150) NOT NULL,
    first_name character varying(150) NOT NULL,
    last_name character varying(150) NOT NULL,
    email character varying(254) NOT NULL,
    is_staff boolean NOT NULL,
    is_active boolean NOT NULL,
    date_joined timestamp with time zone NOT NULL
);


ALTER TABLE public.auth_user OWNER TO nexsme;

--
-- Name: auth_user_groups; Type: TABLE; Schema: public; Owner: nexsme
--

CREATE TABLE public.auth_user_groups (
    id bigint NOT NULL,
    user_id integer NOT NULL,
    group_id integer NOT NULL
);


ALTER TABLE public.auth_user_groups OWNER TO nexsme;

--
-- Name: auth_user_groups_id_seq; Type: SEQUENCE; Schema: public; Owner: nexsme
--

CREATE SEQUENCE public.auth_user_groups_id_seq
    START WITH 1
    INCREMENT BY 1
    NO MINVALUE
    NO MAXVALUE
    CACHE 1;


ALTER TABLE public.auth_user_groups_id_seq OWNER TO nexsme;

--
-- Name: auth_user_groups_id_seq; Type: SEQUENCE OWNED BY; Schema: public; Owner: nexsme
--

ALTER SEQUENCE public.auth_user_groups_id_seq OWNED BY public.auth_user_groups.id;


--
-- Name: auth_user_id_seq; Type: SEQUENCE; Schema: public; Owner: nexsme
--

CREATE SEQUENCE public.auth_user_id_seq
    AS integer
    START WITH 1
    INCREMENT BY 1
    NO MINVALUE
    NO MAXVALUE
    CACHE 1;


ALTER TABLE public.auth_user_id_seq OWNER TO nexsme;

--
-- Name: auth_user_id_seq; Type: SEQUENCE OWNED BY; Schema: public; Owner: nexsme
--

ALTER SEQUENCE public.auth_user_id_seq OWNED BY public.auth_user.id;


--
-- Name: auth_user_user_permissions; Type: TABLE; Schema: public; Owner: nexsme
--

CREATE TABLE public.auth_user_user_permissions (
    id bigint NOT NULL,
    user_id integer NOT NULL,
    permission_id integer NOT NULL
);


ALTER TABLE public.auth_user_user_permissions OWNER TO nexsme;

--
-- Name: auth_user_user_permissions_id_seq; Type: SEQUENCE; Schema: public; Owner: nexsme
--

CREATE SEQUENCE public.auth_user_user_permissions_id_seq
    START WITH 1
    INCREMENT BY 1
    NO MINVALUE
    NO MAXVALUE
    CACHE 1;


ALTER TABLE public.auth_user_user_permissions_id_seq OWNER TO nexsme;

--
-- Name: auth_user_user_permissions_id_seq; Type: SEQUENCE OWNED BY; Schema: public; Owner: nexsme
--

ALTER SEQUENCE public.auth_user_user_permissions_id_seq OWNED BY public.auth_user_user_permissions.id;


--
-- Name: customer_bank_account; Type: TABLE; Schema: public; Owner: nexsme
--

CREATE TABLE public.customer_bank_account (
    id uuid NOT NULL,
    date_added timestamp with time zone NOT NULL,
    is_deleted boolean NOT NULL,
    bank_name character varying(128),
    account_number character varying(128) NOT NULL,
    account_holder character varying(128),
    swift_code character varying(128),
    branch character varying(128),
    iban character varying(128) NOT NULL,
    customer_id uuid NOT NULL
);


ALTER TABLE public.customer_bank_account OWNER TO nexsme;

--
-- Name: customers_customer; Type: TABLE; Schema: public; Owner: nexsme
--

CREATE TABLE public.customers_customer (
    id uuid NOT NULL,
    auto_id integer NOT NULL,
    date_added timestamp with time zone NOT NULL,
    date_updated timestamp with time zone NOT NULL,
    is_deleted boolean NOT NULL,
    deleted_reason character varying(128),
    name character varying(128) NOT NULL,
    phone character varying(10) NOT NULL,
    email character varying(128),
    gst_number character varying(128),
    country character varying(128),
    state character varying(128),
    house character varying(128),
    building character varying(128),
    street character varying(128),
    opening_type character varying(128),
    opening_balance numeric(15,2) NOT NULL,
    current_balance numeric(15,2) NOT NULL,
    current_privilege_points numeric(15,0) NOT NULL,
    privilege_points numeric(15,0) NOT NULL,
    image character varying(100),
    is_web_registered boolean NOT NULL,
    creator_id integer NOT NULL,
    updater_id integer,
    user_id integer,
    CONSTRAINT customers_customer_auto_id_check CHECK ((auto_id >= 0))
);


ALTER TABLE public.customers_customer OWNER TO nexsme;

--
-- Name: customers_customeraddress; Type: TABLE; Schema: public; Owner: nexsme
--

CREATE TABLE public.customers_customeraddress (
    id uuid NOT NULL,
    date_added timestamp with time zone NOT NULL,
    is_deleted boolean NOT NULL,
    address_type integer NOT NULL,
    name character varying(256) NOT NULL,
    phone character varying(10) NOT NULL,
    email character varying(254),
    house_name text NOT NULL,
    street character varying(256) NOT NULL,
    city character varying(256),
    landmark character varying(256),
    state character varying(256),
    is_default boolean NOT NULL,
    customer_id uuid NOT NULL,
    location_id uuid NOT NULL,
    zone_id bigint NOT NULL
);


ALTER TABLE public.customers_customeraddress OWNER TO nexsme;

--
-- Name: customers_userotpdata; Type: TABLE; Schema: public; Owner: nexsme
--

CREATE TABLE public.customers_userotpdata (
    id bigint NOT NULL,
    name character varying(256) NOT NULL,
    phone character varying(16) NOT NULL,
    otp integer NOT NULL,
    attempts integer NOT NULL,
    resend_otp_index boolean NOT NULL,
    is_deleted boolean NOT NULL,
    password character varying(256),
    CONSTRAINT customers_userotpdata_attempts_check CHECK ((attempts >= 0)),
    CONSTRAINT customers_userotpdata_otp_check CHECK ((otp >= 0))
);


ALTER TABLE public.customers_userotpdata OWNER TO nexsme;

--
-- Name: customers_userotpdata_id_seq; Type: SEQUENCE; Schema: public; Owner: nexsme
--

CREATE SEQUENCE public.customers_userotpdata_id_seq
    START WITH 1
    INCREMENT BY 1
    NO MINVALUE
    NO MAXVALUE
    CACHE 1;


ALTER TABLE public.customers_userotpdata_id_seq OWNER TO nexsme;

--
-- Name: customers_userotpdata_id_seq; Type: SEQUENCE OWNED BY; Schema: public; Owner: nexsme
--

ALTER SEQUENCE public.customers_userotpdata_id_seq OWNED BY public.customers_userotpdata.id;


--
-- Name: deal_of_day; Type: TABLE; Schema: public; Owner: nexsme
--

CREATE TABLE public.deal_of_day (
    id uuid NOT NULL,
    auto_id integer NOT NULL,
    date_added timestamp with time zone NOT NULL,
    date_updated timestamp with time zone NOT NULL,
    is_deleted boolean NOT NULL,
    deleted_reason character varying(128),
    offer_percentage numeric(15,2) NOT NULL,
    deal_date date NOT NULL,
    creator_id integer NOT NULL,
    product_variant_id uuid,
    updater_id integer,
    warehouse_id uuid,
    CONSTRAINT deal_of_day_auto_id_check CHECK ((auto_id >= 0))
);


ALTER TABLE public.deal_of_day OWNER TO nexsme;

--
-- Name: delivery_agent_collectedpaymentregister; Type: TABLE; Schema: public; Owner: nexsme
--

CREATE TABLE public.delivery_agent_collectedpaymentregister (
    id uuid NOT NULL,
    auto_id integer NOT NULL,
    date_added timestamp with time zone NOT NULL,
    date_updated timestamp with time zone NOT NULL,
    is_deleted boolean NOT NULL,
    deleted_reason character varying(128),
    collected_payments text[] NOT NULL,
    collected_amount numeric(15,2) NOT NULL,
    is_approved boolean NOT NULL,
    is_declined boolean NOT NULL,
    declined_reason text,
    payment_medium character varying(15) NOT NULL,
    image character varying(100),
    creator_id integer NOT NULL,
    delivery_agent_id uuid NOT NULL,
    updater_id integer,
    CONSTRAINT delivery_agent_collectedpaymentregister_auto_id_check CHECK ((auto_id >= 0))
);


ALTER TABLE public.delivery_agent_collectedpaymentregister OWNER TO nexsme;

--
-- Name: delivery_agent_collectpayment; Type: TABLE; Schema: public; Owner: nexsme
--

CREATE TABLE public.delivery_agent_collectpayment (
    id uuid NOT NULL,
    auto_id integer NOT NULL,
    date_added timestamp with time zone NOT NULL,
    date_updated timestamp with time zone NOT NULL,
    is_deleted boolean NOT NULL,
    deleted_reason character varying(128),
    name character varying(128) NOT NULL,
    collected_amount numeric(15,2) NOT NULL,
    is_transferred boolean NOT NULL,
    creator_id integer NOT NULL,
    delivery_agent_id uuid NOT NULL,
    order_id uuid NOT NULL,
    updater_id integer,
    CONSTRAINT delivery_agent_collectpayment_auto_id_check CHECK ((auto_id >= 0))
);


ALTER TABLE public.delivery_agent_collectpayment OWNER TO nexsme;

--
-- Name: delivery_agent_delivery_agent; Type: TABLE; Schema: public; Owner: nexsme
--

CREATE TABLE public.delivery_agent_delivery_agent (
    id uuid NOT NULL,
    auto_id integer NOT NULL,
    date_added timestamp with time zone NOT NULL,
    date_updated timestamp with time zone NOT NULL,
    is_deleted boolean NOT NULL,
    deleted_reason character varying(128),
    name character varying(128) NOT NULL,
    phone1 character varying(10) NOT NULL,
    phone2 character varying(10),
    email character varying(254),
    password character varying(256) NOT NULL,
    active_time timestamp with time zone,
    is_active boolean,
    image character varying(100) NOT NULL,
    id_proof character varying(100) NOT NULL,
    license character varying(100) NOT NULL,
    license_expiry_date date NOT NULL,
    company_id character varying(100) NOT NULL,
    company_id_expiry_date date NOT NULL,
    creator_id integer NOT NULL,
    updater_id integer,
    user_id integer,
    warehouse_id uuid,
    CONSTRAINT delivery_agent_delivery_agent_auto_id_check CHECK ((auto_id >= 0))
);


ALTER TABLE public.delivery_agent_delivery_agent OWNER TO nexsme;

--
-- Name: delivery_agent_deliveryrating; Type: TABLE; Schema: public; Owner: nexsme
--

CREATE TABLE public.delivery_agent_deliveryrating (
    id uuid NOT NULL,
    date_added timestamp with time zone NOT NULL,
    is_deleted boolean NOT NULL,
    rating integer NOT NULL,
    customer_id uuid NOT NULL,
    delivery_agent_id uuid NOT NULL,
    order_id uuid NOT NULL
);


ALTER TABLE public.delivery_agent_deliveryrating OWNER TO nexsme;

--
-- Name: delivery_agent_travel; Type: TABLE; Schema: public; Owner: nexsme
--

CREATE TABLE public.delivery_agent_travel (
    id uuid NOT NULL,
    date_added timestamp with time zone NOT NULL,
    is_deleted boolean NOT NULL,
    origin_latitude text,
    origin_longitude text,
    pickup_latitude text,
    pickup_longitude text,
    delivery_latitude text,
    delivery_longitude text,
    pickup_distance numeric(15,2) NOT NULL,
    delivery_distance numeric(15,2) NOT NULL,
    pickup_distance_text character varying(125),
    delivery_distance_text character varying(125),
    delivery_agent_id uuid NOT NULL,
    delivery_trip_id uuid,
    order_id uuid NOT NULL
);


ALTER TABLE public.delivery_agent_travel OWNER TO nexsme;

--
-- Name: delivery_agent_trip; Type: TABLE; Schema: public; Owner: nexsme
--

CREATE TABLE public.delivery_agent_trip (
    id uuid NOT NULL,
    date_added timestamp with time zone NOT NULL,
    is_deleted boolean NOT NULL,
    title character varying(128) NOT NULL,
    start_time timestamp with time zone NOT NULL,
    end_time timestamp with time zone,
    distance_covered bigint,
    distance_covered_text character varying(128),
    is_active boolean NOT NULL,
    delivery_agent_id uuid NOT NULL,
    CONSTRAINT delivery_agent_trip_distance_covered_check CHECK ((distance_covered >= 0))
);


ALTER TABLE public.delivery_agent_trip OWNER TO nexsme;

--
-- Name: delivery_app_update; Type: TABLE; Schema: public; Owner: nexsme
--

CREATE TABLE public.delivery_app_update (
    id bigint NOT NULL,
    date_added timestamp with time zone NOT NULL,
    android_version character varying(16) NOT NULL,
    android_force_upgrade boolean NOT NULL,
    android_recommended_upgrade boolean NOT NULL,
    ios_version character varying(16) NOT NULL,
    ios_force_upgrade boolean NOT NULL,
    ios_recommended_upgrade boolean NOT NULL
);


ALTER TABLE public.delivery_app_update OWNER TO nexsme;

--
-- Name: delivery_app_update_id_seq; Type: SEQUENCE; Schema: public; Owner: nexsme
--

CREATE SEQUENCE public.delivery_app_update_id_seq
    START WITH 1
    INCREMENT BY 1
    NO MINVALUE
    NO MAXVALUE
    CACHE 1;


ALTER TABLE public.delivery_app_update_id_seq OWNER TO nexsme;

--
-- Name: delivery_app_update_id_seq; Type: SEQUENCE OWNED BY; Schema: public; Owner: nexsme
--

ALTER SEQUENCE public.delivery_app_update_id_seq OWNED BY public.delivery_app_update.id;


--
-- Name: designation; Type: TABLE; Schema: public; Owner: nexsme
--

CREATE TABLE public.designation (
    id uuid NOT NULL,
    auto_id integer NOT NULL,
    date_added timestamp with time zone NOT NULL,
    date_updated timestamp with time zone NOT NULL,
    is_deleted boolean NOT NULL,
    deleted_reason character varying(128),
    name character varying(128) NOT NULL,
    creator_id integer NOT NULL,
    updater_id integer,
    CONSTRAINT designation_auto_id_check CHECK ((auto_id >= 0))
);


ALTER TABLE public.designation OWNER TO nexsme;

--
-- Name: django_admin_log; Type: TABLE; Schema: public; Owner: nexsme
--

CREATE TABLE public.django_admin_log (
    id integer NOT NULL,
    action_time timestamp with time zone NOT NULL,
    object_id text,
    object_repr character varying(200) NOT NULL,
    action_flag smallint NOT NULL,
    change_message text NOT NULL,
    content_type_id integer,
    user_id integer NOT NULL,
    CONSTRAINT django_admin_log_action_flag_check CHECK ((action_flag >= 0))
);


ALTER TABLE public.django_admin_log OWNER TO nexsme;

--
-- Name: django_admin_log_id_seq; Type: SEQUENCE; Schema: public; Owner: nexsme
--

CREATE SEQUENCE public.django_admin_log_id_seq
    AS integer
    START WITH 1
    INCREMENT BY 1
    NO MINVALUE
    NO MAXVALUE
    CACHE 1;


ALTER TABLE public.django_admin_log_id_seq OWNER TO nexsme;

--
-- Name: django_admin_log_id_seq; Type: SEQUENCE OWNED BY; Schema: public; Owner: nexsme
--

ALTER SEQUENCE public.django_admin_log_id_seq OWNED BY public.django_admin_log.id;


--
-- Name: django_content_type; Type: TABLE; Schema: public; Owner: nexsme
--

CREATE TABLE public.django_content_type (
    id integer NOT NULL,
    app_label character varying(100) NOT NULL,
    model character varying(100) NOT NULL
);


ALTER TABLE public.django_content_type OWNER TO nexsme;

--
-- Name: django_content_type_id_seq; Type: SEQUENCE; Schema: public; Owner: nexsme
--

CREATE SEQUENCE public.django_content_type_id_seq
    AS integer
    START WITH 1
    INCREMENT BY 1
    NO MINVALUE
    NO MAXVALUE
    CACHE 1;


ALTER TABLE public.django_content_type_id_seq OWNER TO nexsme;

--
-- Name: django_content_type_id_seq; Type: SEQUENCE OWNED BY; Schema: public; Owner: nexsme
--

ALTER SEQUENCE public.django_content_type_id_seq OWNED BY public.django_content_type.id;


--
-- Name: django_migrations; Type: TABLE; Schema: public; Owner: nexsme
--

CREATE TABLE public.django_migrations (
    id bigint NOT NULL,
    app character varying(255) NOT NULL,
    name character varying(255) NOT NULL,
    applied timestamp with time zone NOT NULL
);


ALTER TABLE public.django_migrations OWNER TO nexsme;

--
-- Name: django_migrations_id_seq; Type: SEQUENCE; Schema: public; Owner: nexsme
--

CREATE SEQUENCE public.django_migrations_id_seq
    START WITH 1
    INCREMENT BY 1
    NO MINVALUE
    NO MAXVALUE
    CACHE 1;


ALTER TABLE public.django_migrations_id_seq OWNER TO nexsme;

--
-- Name: django_migrations_id_seq; Type: SEQUENCE OWNED BY; Schema: public; Owner: nexsme
--

ALTER SEQUENCE public.django_migrations_id_seq OWNED BY public.django_migrations.id;


--
-- Name: django_session; Type: TABLE; Schema: public; Owner: nexsme
--

CREATE TABLE public.django_session (
    session_key character varying(40) NOT NULL,
    session_data text NOT NULL,
    expire_date timestamp with time zone NOT NULL
);


ALTER TABLE public.django_session OWNER TO nexsme;

--
-- Name: fcm_django_fcmdevice; Type: TABLE; Schema: public; Owner: nexsme
--

CREATE TABLE public.fcm_django_fcmdevice (
    id bigint NOT NULL,
    name character varying(255),
    active boolean NOT NULL,
    date_created timestamp with time zone,
    device_id character varying(150),
    registration_id text NOT NULL,
    type character varying(10) NOT NULL,
    user_id integer
);


ALTER TABLE public.fcm_django_fcmdevice OWNER TO nexsme;

--
-- Name: fcm_django_fcmdevice_id_seq; Type: SEQUENCE; Schema: public; Owner: nexsme
--

CREATE SEQUENCE public.fcm_django_fcmdevice_id_seq
    START WITH 1
    INCREMENT BY 1
    NO MINVALUE
    NO MAXVALUE
    CACHE 1;


ALTER TABLE public.fcm_django_fcmdevice_id_seq OWNER TO nexsme;

--
-- Name: fcm_django_fcmdevice_id_seq; Type: SEQUENCE OWNED BY; Schema: public; Owner: nexsme
--

ALTER SEQUENCE public.fcm_django_fcmdevice_id_seq OWNED BY public.fcm_django_fcmdevice.id;


--
-- Name: finance_account_group; Type: TABLE; Schema: public; Owner: nexsme
--

CREATE TABLE public.finance_account_group (
    id bigint NOT NULL,
    date_added timestamp with time zone,
    date_updated timestamp with time zone,
    is_deleted boolean NOT NULL,
    group_type integer NOT NULL,
    name character varying(128) NOT NULL,
    code character varying(128),
    deleted_reason character varying(128),
    creator_id integer,
    updater_id integer
);


ALTER TABLE public.finance_account_group OWNER TO nexsme;

--
-- Name: finance_account_group_id_seq; Type: SEQUENCE; Schema: public; Owner: nexsme
--

CREATE SEQUENCE public.finance_account_group_id_seq
    START WITH 1
    INCREMENT BY 1
    NO MINVALUE
    NO MAXVALUE
    CACHE 1;


ALTER TABLE public.finance_account_group_id_seq OWNER TO nexsme;

--
-- Name: finance_account_group_id_seq; Type: SEQUENCE OWNED BY; Schema: public; Owner: nexsme
--

ALTER SEQUENCE public.finance_account_group_id_seq OWNED BY public.finance_account_group.id;


--
-- Name: finance_account_head; Type: TABLE; Schema: public; Owner: nexsme
--

CREATE TABLE public.finance_account_head (
    id bigint NOT NULL,
    date_added timestamp with time zone,
    date_updated timestamp with time zone,
    is_deleted boolean NOT NULL,
    name character varying(128) NOT NULL,
    code character varying(128),
    deleted_reason character varying(128),
    account_group_id bigint NOT NULL,
    bank_account_id uuid,
    creator_id integer,
    updater_id integer
);


ALTER TABLE public.finance_account_head OWNER TO nexsme;

--
-- Name: finance_account_head_id_seq; Type: SEQUENCE; Schema: public; Owner: nexsme
--

CREATE SEQUENCE public.finance_account_head_id_seq
    START WITH 1
    INCREMENT BY 1
    NO MINVALUE
    NO MAXVALUE
    CACHE 1;


ALTER TABLE public.finance_account_head_id_seq OWNER TO nexsme;

--
-- Name: finance_account_head_id_seq; Type: SEQUENCE OWNED BY; Schema: public; Owner: nexsme
--

ALTER SEQUENCE public.finance_account_head_id_seq OWNED BY public.finance_account_head.id;


--
-- Name: finance_account_head_opening; Type: TABLE; Schema: public; Owner: nexsme
--

CREATE TABLE public.finance_account_head_opening (
    id uuid NOT NULL,
    auto_id integer NOT NULL,
    date_added timestamp with time zone NOT NULL,
    date_updated timestamp with time zone NOT NULL,
    is_deleted boolean NOT NULL,
    deleted_reason character varying(128),
    amount_type character varying(16),
    amount numeric(15,2) NOT NULL,
    account_head_id bigint NOT NULL,
    creator_id integer NOT NULL,
    financial_year_id uuid,
    updater_id integer,
    warehouse_id uuid NOT NULL,
    CONSTRAINT finance_account_head_opening_auto_id_check CHECK ((auto_id >= 0))
);


ALTER TABLE public.finance_account_head_opening OWNER TO nexsme;

--
-- Name: finance_bank_account; Type: TABLE; Schema: public; Owner: nexsme
--

CREATE TABLE public.finance_bank_account (
    id uuid NOT NULL,
    auto_id integer NOT NULL,
    date_added timestamp with time zone NOT NULL,
    date_updated timestamp with time zone NOT NULL,
    is_deleted boolean NOT NULL,
    deleted_reason character varying(128),
    bank_name character varying(128) NOT NULL,
    account_number character varying(128) NOT NULL,
    account_holder character varying(128) NOT NULL,
    ifsc_code character varying(128) NOT NULL,
    branch character varying(128) NOT NULL,
    account_type character varying(128) NOT NULL,
    opening_balance_type character varying(128) NOT NULL,
    opening_balance numeric(15,2) NOT NULL,
    creator_id integer NOT NULL,
    updater_id integer,
    warehouse_id uuid NOT NULL,
    CONSTRAINT finance_bank_account_auto_id_check CHECK ((auto_id >= 0))
);


ALTER TABLE public.finance_bank_account OWNER TO nexsme;

--
-- Name: finance_credit_voucher; Type: TABLE; Schema: public; Owner: nexsme
--

CREATE TABLE public.finance_credit_voucher (
    id uuid NOT NULL,
    auto_id integer NOT NULL,
    date_added timestamp with time zone NOT NULL,
    date_updated timestamp with time zone NOT NULL,
    is_deleted boolean NOT NULL,
    deleted_reason character varying(128),
    voucher_date timestamp with time zone,
    voucher_number integer NOT NULL,
    title character varying(128) NOT NULL,
    description character varying(128),
    amount numeric(15,2) NOT NULL,
    amount_type integer NOT NULL,
    transfer_type integer NOT NULL,
    is_system_generated boolean NOT NULL,
    cheque_number integer,
    cheque_date date,
    draft_number integer,
    draft_date date,
    transfer_number integer,
    transfer_date date,
    cheque_status integer,
    cheque_status_date date,
    bank_id uuid,
    creator_id integer NOT NULL,
    customer_id uuid,
    financial_year_id uuid,
    sale_return_id uuid NOT NULL,
    updater_id integer,
    warehouse_id uuid NOT NULL,
    CONSTRAINT finance_credit_voucher_auto_id_check CHECK ((auto_id >= 0)),
    CONSTRAINT finance_credit_voucher_cheque_number_check CHECK ((cheque_number >= 0)),
    CONSTRAINT finance_credit_voucher_draft_number_check CHECK ((draft_number >= 0)),
    CONSTRAINT finance_credit_voucher_transfer_number_check CHECK ((transfer_number >= 0)),
    CONSTRAINT finance_credit_voucher_voucher_number_check CHECK ((voucher_number >= 0))
);


ALTER TABLE public.finance_credit_voucher OWNER TO nexsme;

--
-- Name: finance_debit_voucher; Type: TABLE; Schema: public; Owner: nexsme
--

CREATE TABLE public.finance_debit_voucher (
    id uuid NOT NULL,
    auto_id integer NOT NULL,
    date_added timestamp with time zone NOT NULL,
    date_updated timestamp with time zone NOT NULL,
    is_deleted boolean NOT NULL,
    deleted_reason character varying(128),
    voucher_date timestamp with time zone,
    voucher_number integer NOT NULL,
    title character varying(128) NOT NULL,
    description character varying(128),
    amount numeric(15,2) NOT NULL,
    amount_type integer NOT NULL,
    transfer_type integer NOT NULL,
    is_system_generated boolean NOT NULL,
    cheque_number integer,
    cheque_date date,
    cheque_status integer,
    cheque_status_date date,
    draft_number integer,
    draft_date date,
    transfer_number integer,
    transfer_date date,
    bank_id uuid,
    creator_id integer NOT NULL,
    financial_year_id uuid,
    purchase_return_id uuid NOT NULL,
    supplier_id uuid,
    updater_id integer,
    warehouse_id uuid NOT NULL,
    CONSTRAINT finance_debit_voucher_auto_id_check CHECK ((auto_id >= 0)),
    CONSTRAINT finance_debit_voucher_cheque_number_check CHECK ((cheque_number >= 0)),
    CONSTRAINT finance_debit_voucher_draft_number_check CHECK ((draft_number >= 0)),
    CONSTRAINT finance_debit_voucher_transfer_number_check CHECK ((transfer_number >= 0)),
    CONSTRAINT finance_debit_voucher_voucher_number_check CHECK ((voucher_number >= 0))
);


ALTER TABLE public.finance_debit_voucher OWNER TO nexsme;

--
-- Name: finance_financial_year; Type: TABLE; Schema: public; Owner: nexsme
--

CREATE TABLE public.finance_financial_year (
    id uuid NOT NULL,
    auto_id integer NOT NULL,
    date_added timestamp with time zone NOT NULL,
    date_updated timestamp with time zone NOT NULL,
    deleted_reason character varying(128),
    start_date timestamp with time zone NOT NULL,
    end_date timestamp with time zone NOT NULL,
    is_active boolean NOT NULL,
    is_deleted boolean NOT NULL,
    creator_id integer NOT NULL,
    updater_id integer,
    CONSTRAINT finance_financial_year_auto_id_check CHECK ((auto_id >= 0))
);


ALTER TABLE public.finance_financial_year OWNER TO nexsme;

--
-- Name: finance_journal_voucher; Type: TABLE; Schema: public; Owner: nexsme
--

CREATE TABLE public.finance_journal_voucher (
    id uuid NOT NULL,
    auto_id integer NOT NULL,
    date_added timestamp with time zone NOT NULL,
    date_updated timestamp with time zone NOT NULL,
    is_deleted boolean NOT NULL,
    deleted_reason character varying(128),
    voucher_number integer NOT NULL,
    voucher_date timestamp with time zone,
    title character varying(128) NOT NULL,
    description character varying(128),
    sub_ledger character varying(128),
    debit_amount numeric(15,2) NOT NULL,
    credit_amount numeric(15,2) NOT NULL,
    creator_id integer NOT NULL,
    financial_year_id uuid NOT NULL,
    updater_id integer,
    CONSTRAINT finance_journal_voucher_auto_id_check CHECK ((auto_id >= 0)),
    CONSTRAINT finance_journal_voucher_voucher_number_check CHECK ((voucher_number >= 0))
);


ALTER TABLE public.finance_journal_voucher OWNER TO nexsme;

--
-- Name: finance_journal_voucher_item; Type: TABLE; Schema: public; Owner: nexsme
--

CREATE TABLE public.finance_journal_voucher_item (
    id uuid NOT NULL,
    is_deleted boolean NOT NULL,
    sub_ledger character varying(128),
    amount numeric(15,2) NOT NULL,
    amount_type integer NOT NULL,
    deleted_reason character varying(128),
    account_head_id bigint NOT NULL,
    journal_id uuid NOT NULL,
    warehouse_id uuid NOT NULL
);


ALTER TABLE public.finance_journal_voucher_item OWNER TO nexsme;

--
-- Name: finance_payment_voucher; Type: TABLE; Schema: public; Owner: nexsme
--

CREATE TABLE public.finance_payment_voucher (
    id uuid NOT NULL,
    auto_id integer NOT NULL,
    date_added timestamp with time zone NOT NULL,
    date_updated timestamp with time zone NOT NULL,
    is_deleted boolean NOT NULL,
    deleted_reason character varying(128),
    voucher_number integer NOT NULL,
    voucher_date timestamp with time zone,
    title character varying(128) NOT NULL,
    description character varying(128),
    sub_ledger character varying(128),
    amount numeric(15,2) NOT NULL,
    amount_type integer NOT NULL,
    transfer_type integer NOT NULL,
    is_system_generated boolean NOT NULL,
    cheque_number integer,
    cheque_date date,
    cheque_status integer,
    cheque_status_date date,
    draft_number integer,
    draft_date date,
    transfer_number integer,
    transfer_date date,
    account_head_id bigint NOT NULL,
    bank_id uuid,
    creator_id integer NOT NULL,
    financial_year_id uuid NOT NULL,
    updater_id integer,
    warehouse_id uuid NOT NULL,
    CONSTRAINT finance_payment_voucher_auto_id_check CHECK ((auto_id >= 0)),
    CONSTRAINT finance_payment_voucher_cheque_number_check CHECK ((cheque_number >= 0)),
    CONSTRAINT finance_payment_voucher_draft_number_check CHECK ((draft_number >= 0)),
    CONSTRAINT finance_payment_voucher_transfer_number_check CHECK ((transfer_number >= 0)),
    CONSTRAINT finance_payment_voucher_voucher_number_check CHECK ((voucher_number >= 0))
);


ALTER TABLE public.finance_payment_voucher OWNER TO nexsme;

--
-- Name: finance_receipt_voucher; Type: TABLE; Schema: public; Owner: nexsme
--

CREATE TABLE public.finance_receipt_voucher (
    id uuid NOT NULL,
    auto_id integer NOT NULL,
    date_added timestamp with time zone NOT NULL,
    date_updated timestamp with time zone NOT NULL,
    is_deleted boolean NOT NULL,
    deleted_reason character varying(128),
    voucher_date timestamp with time zone,
    voucher_number integer NOT NULL,
    title character varying(128) NOT NULL,
    description character varying(128),
    sub_ledger character varying(128),
    amount numeric(15,2) NOT NULL,
    amount_type integer NOT NULL,
    transfer_type integer NOT NULL,
    is_system_generated boolean NOT NULL,
    cheque_number integer,
    cheque_date date,
    cheque_status integer,
    cheque_status_date date,
    draft_number integer,
    draft_date date,
    transfer_number integer,
    transfer_date date,
    account_head_id bigint NOT NULL,
    bank_id uuid,
    creator_id integer NOT NULL,
    financial_year_id uuid NOT NULL,
    updater_id integer,
    warehouse_id uuid NOT NULL,
    CONSTRAINT finance_receipt_voucher_auto_id_check CHECK ((auto_id >= 0)),
    CONSTRAINT finance_receipt_voucher_cheque_number_check CHECK ((cheque_number >= 0)),
    CONSTRAINT finance_receipt_voucher_draft_number_check CHECK ((draft_number >= 0)),
    CONSTRAINT finance_receipt_voucher_transfer_number_check CHECK ((transfer_number >= 0)),
    CONSTRAINT finance_receipt_voucher_voucher_number_check CHECK ((voucher_number >= 0))
);


ALTER TABLE public.finance_receipt_voucher OWNER TO nexsme;

--
-- Name: finance_subledger_opening; Type: TABLE; Schema: public; Owner: nexsme
--

CREATE TABLE public.finance_subledger_opening (
    id uuid NOT NULL,
    auto_id integer NOT NULL,
    date_added timestamp with time zone NOT NULL,
    date_updated timestamp with time zone NOT NULL,
    is_deleted boolean NOT NULL,
    deleted_reason character varying(128),
    sub_ledger character varying(30),
    sub_ledger_type integer,
    amount_type integer,
    amount numeric(15,2) NOT NULL,
    account_head_id bigint NOT NULL,
    creator_id integer NOT NULL,
    financial_year_id uuid,
    updater_id integer,
    CONSTRAINT finance_subledger_opening_auto_id_check CHECK ((auto_id >= 0))
);


ALTER TABLE public.finance_subledger_opening OWNER TO nexsme;

--
-- Name: general_batch; Type: TABLE; Schema: public; Owner: nexsme
--

CREATE TABLE public.general_batch (
    id uuid NOT NULL,
    auto_id integer NOT NULL,
    date_added timestamp with time zone NOT NULL,
    date_updated timestamp with time zone NOT NULL,
    is_deleted boolean NOT NULL,
    deleted_reason character varying(128),
    batch_number character varying(128) NOT NULL,
    stock numeric(15,3) NOT NULL,
    mrp numeric(15,2) NOT NULL,
    retail_price numeric(15,3) NOT NULL,
    whole_sale_price numeric(15,3) NOT NULL,
    cost numeric(15,2) NOT NULL,
    manufacturing_date date,
    expire_date date,
    creator_id integer NOT NULL,
    product_id uuid NOT NULL,
    product_variant_id uuid NOT NULL,
    updater_id integer,
    warehouse_id uuid,
    CONSTRAINT general_batch_auto_id_check CHECK ((auto_id >= 0))
);


ALTER TABLE public.general_batch OWNER TO nexsme;

--
-- Name: general_charge_per_kilometer; Type: TABLE; Schema: public; Owner: nexsme
--

CREATE TABLE public.general_charge_per_kilometer (
    id uuid NOT NULL,
    charge numeric(15,2) NOT NULL,
    is_deleted boolean NOT NULL
);


ALTER TABLE public.general_charge_per_kilometer OWNER TO nexsme;

--
-- Name: general_charge_setting; Type: TABLE; Schema: public; Owner: nexsme
--

CREATE TABLE public.general_charge_setting (
    id uuid NOT NULL,
    no_delivery_charge_amount numeric(15,2) NOT NULL,
    no_free_delivery_amount numeric(15,2) NOT NULL,
    vendor_id uuid,
    warehouse_id uuid
);


ALTER TABLE public.general_charge_setting OWNER TO nexsme;

--
-- Name: general_damaged_product; Type: TABLE; Schema: public; Owner: nexsme
--

CREATE TABLE public.general_damaged_product (
    id uuid NOT NULL,
    auto_id integer NOT NULL,
    date_added timestamp with time zone NOT NULL,
    date_updated timestamp with time zone NOT NULL,
    is_deleted boolean NOT NULL,
    deleted_reason character varying(128),
    date timestamp with time zone NOT NULL,
    quantity numeric(15,3) NOT NULL,
    amount numeric(15,3) NOT NULL,
    description text,
    batch_id uuid,
    creator_id integer NOT NULL,
    product_variant_id uuid NOT NULL,
    updater_id integer,
    warehouse_id uuid,
    CONSTRAINT general_damaged_product_auto_id_check CHECK ((auto_id >= 0))
);


ALTER TABLE public.general_damaged_product OWNER TO nexsme;

--
-- Name: general_delivery_charge; Type: TABLE; Schema: public; Owner: nexsme
--

CREATE TABLE public.general_delivery_charge (
    id uuid NOT NULL,
    normal_charge numeric(15,2) NOT NULL,
    express_charge numeric(15,2),
    is_deleted boolean NOT NULL,
    to_zone_id bigint NOT NULL,
    vendor_id uuid,
    warehouse_id uuid
);


ALTER TABLE public.general_delivery_charge OWNER TO nexsme;

--
-- Name: invoic_prefix; Type: TABLE; Schema: public; Owner: nexsme
--

CREATE TABLE public.invoic_prefix (
    id uuid NOT NULL,
    auto_id integer NOT NULL,
    date_added timestamp with time zone NOT NULL,
    date_updated timestamp with time zone NOT NULL,
    is_deleted boolean NOT NULL,
    deleted_reason character varying(128),
    retail_sale character varying(128) NOT NULL,
    "order" character varying(128) NOT NULL,
    purchase character varying(128) NOT NULL,
    is_active boolean NOT NULL,
    creator_id integer NOT NULL,
    financial_year_id uuid NOT NULL,
    updater_id integer,
    CONSTRAINT invoic_prefix_auto_id_check CHECK ((auto_id >= 0))
);


ALTER TABLE public.invoic_prefix OWNER TO nexsme;

--
-- Name: invoice_design; Type: TABLE; Schema: public; Owner: nexsme
--

CREATE TABLE public.invoice_design (
    id uuid NOT NULL,
    auto_id integer NOT NULL,
    date_added timestamp with time zone NOT NULL,
    date_updated timestamp with time zone NOT NULL,
    is_deleted boolean NOT NULL,
    deleted_reason character varying(128),
    title character varying(128) NOT NULL,
    image character varying(100),
    is_active boolean NOT NULL,
    creator_id integer NOT NULL,
    updater_id integer,
    warehouse_id uuid NOT NULL,
    CONSTRAINT invoice_design_auto_id_check CHECK ((auto_id >= 0))
);


ALTER TABLE public.invoice_design OWNER TO nexsme;

--
-- Name: location; Type: TABLE; Schema: public; Owner: nexsme
--

CREATE TABLE public.location (
    id uuid NOT NULL,
    auto_id integer NOT NULL,
    date_added timestamp with time zone NOT NULL,
    date_updated timestamp with time zone NOT NULL,
    is_deleted boolean NOT NULL,
    deleted_reason character varying(128),
    location character varying(128) NOT NULL,
    short_name character varying(50),
    latitude character varying(128),
    longitude character varying(128),
    creator_id integer NOT NULL,
    updater_id integer,
    CONSTRAINT location_auto_id_check CHECK ((auto_id >= 0))
);


ALTER TABLE public.location OWNER TO nexsme;

--
-- Name: mode; Type: TABLE; Schema: public; Owner: nexsme
--

CREATE TABLE public.mode (
    id bigint NOT NULL,
    readonly boolean NOT NULL,
    maintenance boolean NOT NULL,
    down boolean NOT NULL
);


ALTER TABLE public.mode OWNER TO nexsme;

--
-- Name: mode_id_seq; Type: SEQUENCE; Schema: public; Owner: nexsme
--

CREATE SEQUENCE public.mode_id_seq
    START WITH 1
    INCREMENT BY 1
    NO MINVALUE
    NO MAXVALUE
    CACHE 1;


ALTER TABLE public.mode_id_seq OWNER TO nexsme;

--
-- Name: mode_id_seq; Type: SEQUENCE OWNED BY; Schema: public; Owner: nexsme
--

ALTER SEQUENCE public.mode_id_seq OWNED BY public.mode.id;


--
-- Name: offers; Type: TABLE; Schema: public; Owner: nexsme
--

CREATE TABLE public.offers (
    id uuid NOT NULL,
    auto_id integer NOT NULL,
    date_added timestamp with time zone NOT NULL,
    date_updated timestamp with time zone NOT NULL,
    is_deleted boolean NOT NULL,
    deleted_reason character varying(128),
    title character varying(128) NOT NULL,
    offer_type character varying(128) NOT NULL,
    offer_percentage numeric(15,2) NOT NULL,
    start_time timestamp with time zone NOT NULL,
    end_time timestamp with time zone NOT NULL,
    image character varying(100),
    category_id uuid,
    creator_id integer NOT NULL,
    product_variant_id uuid,
    subcategory_id uuid,
    updater_id integer,
    warehouse_id uuid,
    CONSTRAINT offers_auto_id_check CHECK ((auto_id >= 0))
);


ALTER TABLE public.offers OWNER TO nexsme;

--
-- Name: offers_vouchercode; Type: TABLE; Schema: public; Owner: nexsme
--

CREATE TABLE public.offers_vouchercode (
    id uuid NOT NULL,
    auto_id integer NOT NULL,
    date_added timestamp with time zone NOT NULL,
    date_updated timestamp with time zone NOT NULL,
    is_deleted boolean NOT NULL,
    deleted_reason character varying(128),
    voucher_code character varying(128) NOT NULL,
    title character varying(128) NOT NULL,
    description text NOT NULL,
    voucher_type smallint NOT NULL,
    start_time timestamp with time zone,
    end_time timestamp with time zone,
    minimum_order_amount numeric(15,2) NOT NULL,
    upto_limit numeric(15,2) NOT NULL,
    voucher_amount numeric(15,2) NOT NULL,
    percentage numeric(15,2) NOT NULL,
    is_limited_once boolean NOT NULL,
    is_expired boolean NOT NULL,
    creator_id integer NOT NULL,
    customer_id uuid,
    product_id uuid,
    product_variant_id uuid,
    updater_id integer,
    CONSTRAINT offers_vouchercode_auto_id_check CHECK ((auto_id >= 0))
);


ALTER TABLE public.offers_vouchercode OWNER TO nexsme;

--
-- Name: offers_vouchercode_used_users; Type: TABLE; Schema: public; Owner: nexsme
--

CREATE TABLE public.offers_vouchercode_used_users (
    id bigint NOT NULL,
    vouchercode_id uuid NOT NULL,
    user_id integer NOT NULL
);


ALTER TABLE public.offers_vouchercode_used_users OWNER TO nexsme;

--
-- Name: offers_vouchercode_used_users_id_seq; Type: SEQUENCE; Schema: public; Owner: nexsme
--

CREATE SEQUENCE public.offers_vouchercode_used_users_id_seq
    START WITH 1
    INCREMENT BY 1
    NO MINVALUE
    NO MAXVALUE
    CACHE 1;


ALTER TABLE public.offers_vouchercode_used_users_id_seq OWNER TO nexsme;

--
-- Name: offers_vouchercode_used_users_id_seq; Type: SEQUENCE OWNED BY; Schema: public; Owner: nexsme
--

ALTER SEQUENCE public.offers_vouchercode_used_users_id_seq OWNED BY public.offers_vouchercode_used_users.id;


--
-- Name: orders_booking; Type: TABLE; Schema: public; Owner: nexsme
--

CREATE TABLE public.orders_booking (
    id uuid NOT NULL,
    date_added timestamp with time zone NOT NULL,
    is_deleted boolean NOT NULL,
    message text NOT NULL,
    status character varying(10) NOT NULL,
    customer_id uuid NOT NULL,
    order_id uuid,
    product_variant_id uuid NOT NULL
);


ALTER TABLE public.orders_booking OWNER TO nexsme;

--
-- Name: orders_orderitem; Type: TABLE; Schema: public; Owner: nexsme
--

CREATE TABLE public.orders_orderitem (
    id uuid NOT NULL,
    date_added timestamp with time zone NOT NULL,
    is_deleted boolean NOT NULL,
    qty numeric(15,2) NOT NULL,
    price numeric(15,2) NOT NULL,
    status integer,
    igst_rate numeric(15,2) NOT NULL,
    cgst_rate numeric(15,2) NOT NULL,
    sgst_rate numeric(15,2) NOT NULL,
    igst_amount numeric(15,2) NOT NULL,
    cgst_amount numeric(15,2) NOT NULL,
    sgst_amount numeric(15,2) NOT NULL,
    batch_id uuid,
    order_id uuid NOT NULL,
    product_variant_id uuid NOT NULL,
    date_cancelled timestamp with time zone,
    is_cancelled boolean NOT NULL,
    CONSTRAINT orders_orderitem_status_check CHECK ((status >= 0))
);


ALTER TABLE public.orders_orderitem OWNER TO nexsme;

--
-- Name: orders_orders; Type: TABLE; Schema: public; Owner: nexsme
--

CREATE TABLE public.orders_orders (
    id uuid NOT NULL,
    auto_id integer NOT NULL,
    date_added timestamp with time zone NOT NULL,
    date_updated timestamp with time zone NOT NULL,
    is_deleted boolean NOT NULL,
    deleted_reason character varying(128),
    billing_name character varying(50) NOT NULL,
    billing_phone character varying(10) NOT NULL,
    billing_street character varying(128) NOT NULL,
    billing_address text,
    billing_landmark character varying(128),
    billing_state character varying(128),
    billing_city character varying(128),
    billing_latitude text,
    billing_longitude text,
    delivery_date date,
    order_status character varying(5) NOT NULL,
    payment_method character varying(128) NOT NULL,
    payment_status character varying(5) NOT NULL,
    assigned_time timestamp with time zone,
    delivery_agent_is_accept boolean,
    delivery_agent_declined_reason character varying(100),
    delivery_agent_declined_reason_text text,
    pickup_status character varying(256),
    total_amt double precision NOT NULL,
    wallet_amount double precision,
    voucher_amount double precision,
    card_name character varying(128),
    card_number character varying(128),
    transaction_id character varying(128),
    payment_order_id character varying(128),
    delivery_note text,
    order_no integer NOT NULL,
    order_id text,
    is_express_delivery boolean NOT NULL,
    delivery_charge double precision,
    is_manual boolean NOT NULL,
    creator_id integer NOT NULL,
    customer_id uuid NOT NULL,
    delivery_agent_id uuid,
    prefix_id uuid,
    receipt_voucher_id uuid,
    time_slot_id uuid,
    updater_id integer,
    vendor_id uuid,
    warehouse_id uuid,
    zone_id bigint NOT NULL,
    delivered_time timestamp with time zone,
    delivery_agent_accepted_time timestamp with time zone,
    delivery_agent_declined_time timestamp with time zone,
    pickup_time timestamp with time zone,
    CONSTRAINT orders_orders_auto_id_check CHECK ((auto_id >= 0))
);


ALTER TABLE public.orders_orders OWNER TO nexsme;

--
-- Name: orders_timeslot; Type: TABLE; Schema: public; Owner: nexsme
--

CREATE TABLE public.orders_timeslot (
    id uuid NOT NULL,
    auto_id integer NOT NULL,
    date_added timestamp with time zone NOT NULL,
    date_updated timestamp with time zone NOT NULL,
    is_deleted boolean NOT NULL,
    deleted_reason character varying(128),
    day integer NOT NULL,
    start_time time without time zone NOT NULL,
    end_time time without time zone NOT NULL,
    is_active boolean NOT NULL,
    creator_id integer NOT NULL,
    updater_id integer,
    CONSTRAINT orders_timeslot_auto_id_check CHECK ((auto_id >= 0))
);


ALTER TABLE public.orders_timeslot OWNER TO nexsme;

--
-- Name: permission; Type: TABLE; Schema: public; Owner: nexsme
--

CREATE TABLE public.permission (
    id bigint NOT NULL,
    name character varying(128) NOT NULL,
    code character varying(128) NOT NULL,
    app character varying(128) NOT NULL
);


ALTER TABLE public.permission OWNER TO nexsme;

--
-- Name: permission_id_seq; Type: SEQUENCE; Schema: public; Owner: nexsme
--

CREATE SEQUENCE public.permission_id_seq
    START WITH 1
    INCREMENT BY 1
    NO MINVALUE
    NO MAXVALUE
    CACHE 1;


ALTER TABLE public.permission_id_seq OWNER TO nexsme;

--
-- Name: permission_id_seq; Type: SEQUENCE OWNED BY; Schema: public; Owner: nexsme
--

ALTER SEQUENCE public.permission_id_seq OWNED BY public.permission.id;


--
-- Name: privilege_point_history; Type: TABLE; Schema: public; Owner: nexsme
--

CREATE TABLE public.privilege_point_history (
    id bigint NOT NULL,
    title character varying(256) NOT NULL,
    point_type smallint NOT NULL,
    points numeric(15,0) NOT NULL,
    value_in_amount numeric(15,2) NOT NULL,
    date_added timestamp with time zone NOT NULL,
    is_deleted boolean NOT NULL,
    customer_id uuid NOT NULL,
    CONSTRAINT privilege_point_history_point_type_check CHECK ((point_type >= 0))
);


ALTER TABLE public.privilege_point_history OWNER TO nexsme;

--
-- Name: privilege_point_history_id_seq; Type: SEQUENCE; Schema: public; Owner: nexsme
--

CREATE SEQUENCE public.privilege_point_history_id_seq
    START WITH 1
    INCREMENT BY 1
    NO MINVALUE
    NO MAXVALUE
    CACHE 1;


ALTER TABLE public.privilege_point_history_id_seq OWNER TO nexsme;

--
-- Name: privilege_point_history_id_seq; Type: SEQUENCE OWNED BY; Schema: public; Owner: nexsme
--

ALTER SEQUENCE public.privilege_point_history_id_seq OWNED BY public.privilege_point_history.id;


--
-- Name: privilege_points; Type: TABLE; Schema: public; Owner: nexsme
--

CREATE TABLE public.privilege_points (
    id uuid NOT NULL,
    auto_id integer NOT NULL,
    date_added timestamp with time zone NOT NULL,
    date_updated timestamp with time zone NOT NULL,
    is_deleted boolean NOT NULL,
    deleted_reason character varying(128),
    minimum_amount numeric(15,2) NOT NULL,
    value_of_point numeric(15,2) NOT NULL,
    point_gained_online numeric(15,0) NOT NULL,
    point_gained_offline numeric(15,0) NOT NULL,
    creator_id integer NOT NULL,
    updater_id integer,
    CONSTRAINT privilege_points_auto_id_check CHECK ((auto_id >= 0))
);


ALTER TABLE public.privilege_points OWNER TO nexsme;

--
-- Name: product_hsn_code; Type: TABLE; Schema: public; Owner: nexsme
--

CREATE TABLE public.product_hsn_code (
    id uuid NOT NULL,
    auto_id integer NOT NULL,
    date_added timestamp with time zone NOT NULL,
    date_updated timestamp with time zone NOT NULL,
    is_deleted boolean NOT NULL,
    deleted_reason character varying(128),
    name character varying(128) NOT NULL,
    hsn_number character varying(128) NOT NULL,
    description character varying(30),
    igst_rate numeric(15,2) NOT NULL,
    sgst_rate numeric(15,2) NOT NULL,
    cgst_rate numeric(15,2) NOT NULL,
    vendor_created boolean NOT NULL,
    is_admin_approved boolean,
    creator_id integer NOT NULL,
    unit_id uuid NOT NULL,
    updater_id integer,
    CONSTRAINT product_hsn_code_auto_id_check CHECK ((auto_id >= 0))
);


ALTER TABLE public.product_hsn_code OWNER TO nexsme;

--
-- Name: product_stock; Type: TABLE; Schema: public; Owner: nexsme
--

CREATE TABLE public.product_stock (
    id bigint NOT NULL,
    category character varying(128) NOT NULL,
    date date NOT NULL,
    increment numeric(15,2) NOT NULL,
    decrement numeric(15,2) NOT NULL,
    batch_id uuid,
    product_variant_id uuid,
    warehouse_id uuid
);


ALTER TABLE public.product_stock OWNER TO nexsme;

--
-- Name: product_stock_id_seq; Type: SEQUENCE; Schema: public; Owner: nexsme
--

CREATE SEQUENCE public.product_stock_id_seq
    START WITH 1
    INCREMENT BY 1
    NO MINVALUE
    NO MAXVALUE
    CACHE 1;


ALTER TABLE public.product_stock_id_seq OWNER TO nexsme;

--
-- Name: product_stock_id_seq; Type: SEQUENCE OWNED BY; Schema: public; Owner: nexsme
--

ALTER SEQUENCE public.product_stock_id_seq OWNED BY public.product_stock.id;


--
-- Name: product_variation_type; Type: TABLE; Schema: public; Owner: nexsme
--

CREATE TABLE public.product_variation_type (
    id bigint NOT NULL,
    name character varying(128) NOT NULL,
    variation_type smallint NOT NULL,
    other_type character varying(128),
    is_deleted boolean NOT NULL
);


ALTER TABLE public.product_variation_type OWNER TO nexsme;

--
-- Name: product_variation_type_id_seq; Type: SEQUENCE; Schema: public; Owner: nexsme
--

CREATE SEQUENCE public.product_variation_type_id_seq
    START WITH 1
    INCREMENT BY 1
    NO MINVALUE
    NO MAXVALUE
    CACHE 1;


ALTER TABLE public.product_variation_type_id_seq OWNER TO nexsme;

--
-- Name: product_variation_type_id_seq; Type: SEQUENCE OWNED BY; Schema: public; Owner: nexsme
--

ALTER SEQUENCE public.product_variation_type_id_seq OWNED BY public.product_variation_type.id;


--
-- Name: products_brand; Type: TABLE; Schema: public; Owner: nexsme
--

CREATE TABLE public.products_brand (
    id uuid NOT NULL,
    auto_id integer NOT NULL,
    date_added timestamp with time zone NOT NULL,
    date_updated timestamp with time zone NOT NULL,
    is_deleted boolean NOT NULL,
    deleted_reason character varying(128),
    name character varying(128) NOT NULL,
    vendor_created boolean NOT NULL,
    is_admin_approved boolean,
    creator_id integer NOT NULL,
    updater_id integer,
    CONSTRAINT products_brand_auto_id_check CHECK ((auto_id >= 0))
);


ALTER TABLE public.products_brand OWNER TO nexsme;

--
-- Name: products_category; Type: TABLE; Schema: public; Owner: nexsme
--

CREATE TABLE public.products_category (
    id uuid NOT NULL,
    auto_id integer NOT NULL,
    date_added timestamp with time zone NOT NULL,
    date_updated timestamp with time zone NOT NULL,
    is_deleted boolean NOT NULL,
    deleted_reason character varying(128),
    name character varying(128) NOT NULL,
    image character varying(100),
    is_featured boolean NOT NULL,
    vendor_created boolean NOT NULL,
    is_admin_approved boolean,
    creator_id integer NOT NULL,
    updater_id integer,
    CONSTRAINT products_category_auto_id_check CHECK ((auto_id >= 0))
);


ALTER TABLE public.products_category OWNER TO nexsme;

--
-- Name: products_product; Type: TABLE; Schema: public; Owner: nexsme
--

CREATE TABLE public.products_product (
    id uuid NOT NULL,
    auto_id integer NOT NULL,
    date_added timestamp with time zone NOT NULL,
    date_updated timestamp with time zone NOT NULL,
    is_deleted boolean NOT NULL,
    deleted_reason character varying(128),
    name character varying(128) NOT NULL,
    image character varying(100),
    description text,
    meta_description character varying(128) NOT NULL,
    is_active boolean NOT NULL,
    is_varying_price boolean NOT NULL,
    has_special_variant boolean NOT NULL,
    cancellable_duration numeric(15,2) NOT NULL,
    cancellable_duration_type character varying(7) NOT NULL,
    returnable_duration numeric(15,2) NOT NULL,
    returnable_duration_type character varying(7) NOT NULL,
    vendor_created boolean NOT NULL,
    is_admin_approved boolean,
    brand_id uuid,
    category_id uuid,
    creator_id integer NOT NULL,
    hsn_id uuid,
    special_category_id uuid,
    subcategory_id uuid,
    unit_of_measurement_id uuid,
    updater_id integer,
    vendor_id uuid,
    CONSTRAINT products_product_auto_id_check CHECK ((auto_id >= 0))
);


ALTER TABLE public.products_product OWNER TO nexsme;

--
-- Name: products_product_image; Type: TABLE; Schema: public; Owner: nexsme
--

CREATE TABLE public.products_product_image (
    id uuid NOT NULL,
    auto_id integer NOT NULL,
    date_added timestamp with time zone NOT NULL,
    date_updated timestamp with time zone NOT NULL,
    deleted_reason character varying(128),
    image character varying(100),
    is_deleted boolean NOT NULL,
    creator_id integer NOT NULL,
    product_variant_id uuid,
    updater_id integer,
    CONSTRAINT products_product_image_auto_id_check CHECK ((auto_id >= 0))
);


ALTER TABLE public.products_product_image OWNER TO nexsme;

--
-- Name: products_product_variant; Type: TABLE; Schema: public; Owner: nexsme
--

CREATE TABLE public.products_product_variant (
    id uuid NOT NULL,
    auto_id integer NOT NULL,
    date_added timestamp with time zone NOT NULL,
    date_updated timestamp with time zone NOT NULL,
    is_deleted boolean NOT NULL,
    deleted_reason character varying(128),
    title character varying(120) NOT NULL,
    product_code character varying(128) NOT NULL,
    image character varying(100),
    current_rating numeric(15,1) NOT NULL,
    stock numeric(15,3) NOT NULL,
    warranty character varying(120),
    discount_limit numeric(15,3) NOT NULL,
    low_stock_limit integer NOT NULL,
    first_time_stock numeric(15,3) NOT NULL,
    batch_number character varying(128),
    expire_date date,
    retail_price numeric(15,2) NOT NULL,
    manufacturing_date date,
    cost numeric(15,2) NOT NULL,
    mrp numeric(15,2) NOT NULL,
    commission_percentage numeric(15,2),
    whole_sale_quantity numeric(15,0) NOT NULL,
    whole_sale_price numeric(15,2) NOT NULL,
    tax_included boolean NOT NULL,
    is_featured boolean NOT NULL,
    is_default boolean NOT NULL,
    is_special_variant boolean NOT NULL,
    vendor_created boolean NOT NULL,
    is_admin_approved boolean,
    colour_variation_id bigint,
    creator_id integer NOT NULL,
    other_variation_id bigint,
    product_id uuid NOT NULL,
    size_variation_id bigint,
    unit_id uuid NOT NULL,
    updater_id integer,
    warehouse_id uuid,
    CONSTRAINT products_product_variant_auto_id_check CHECK ((auto_id >= 0)),
    CONSTRAINT products_product_variant_low_stock_limit_check CHECK ((low_stock_limit >= 0))
);


ALTER TABLE public.products_product_variant OWNER TO nexsme;

--
-- Name: products_special_category; Type: TABLE; Schema: public; Owner: nexsme
--

CREATE TABLE public.products_special_category (
    id uuid NOT NULL,
    auto_id integer NOT NULL,
    date_added timestamp with time zone NOT NULL,
    date_updated timestamp with time zone NOT NULL,
    is_deleted boolean NOT NULL,
    deleted_reason character varying(128),
    name character varying(128) NOT NULL,
    creator_id integer NOT NULL,
    updater_id integer,
    CONSTRAINT products_special_category_auto_id_check CHECK ((auto_id >= 0))
);


ALTER TABLE public.products_special_category OWNER TO nexsme;

--
-- Name: products_sub_category; Type: TABLE; Schema: public; Owner: nexsme
--

CREATE TABLE public.products_sub_category (
    id uuid NOT NULL,
    auto_id integer NOT NULL,
    date_added timestamp with time zone NOT NULL,
    date_updated timestamp with time zone NOT NULL,
    is_deleted boolean NOT NULL,
    deleted_reason character varying(128),
    name character varying(128) NOT NULL,
    vendor_created boolean NOT NULL,
    is_admin_approved boolean,
    category_id uuid NOT NULL,
    creator_id integer NOT NULL,
    updater_id integer,
    CONSTRAINT products_sub_category_auto_id_check CHECK ((auto_id >= 0))
);


ALTER TABLE public.products_sub_category OWNER TO nexsme;

--
-- Name: products_unit; Type: TABLE; Schema: public; Owner: nexsme
--

CREATE TABLE public.products_unit (
    id uuid NOT NULL,
    auto_id integer NOT NULL,
    date_added timestamp with time zone NOT NULL,
    date_updated timestamp with time zone NOT NULL,
    is_deleted boolean NOT NULL,
    deleted_reason character varying(128),
    unit character varying(128) NOT NULL,
    vendor_created boolean NOT NULL,
    is_admin_approved boolean,
    creator_id integer NOT NULL,
    unit_of_measurement_id uuid NOT NULL,
    updater_id integer,
    CONSTRAINT products_unit_auto_id_check CHECK ((auto_id >= 0))
);


ALTER TABLE public.products_unit OWNER TO nexsme;

--
-- Name: products_unit_measurement; Type: TABLE; Schema: public; Owner: nexsme
--

CREATE TABLE public.products_unit_measurement (
    id uuid NOT NULL,
    auto_id integer NOT NULL,
    date_added timestamp with time zone NOT NULL,
    date_updated timestamp with time zone NOT NULL,
    is_deleted boolean NOT NULL,
    deleted_reason character varying(128),
    unit_of_measurement character varying(128) NOT NULL,
    vendor_created boolean NOT NULL,
    is_admin_approved boolean,
    creator_id integer NOT NULL,
    updater_id integer,
    CONSTRAINT products_unit_measurement_auto_id_check CHECK ((auto_id >= 0))
);


ALTER TABLE public.products_unit_measurement OWNER TO nexsme;

--
-- Name: purchase; Type: TABLE; Schema: public; Owner: nexsme
--

CREATE TABLE public.purchase (
    id uuid NOT NULL,
    auto_id integer NOT NULL,
    date_added timestamp with time zone NOT NULL,
    date_updated timestamp with time zone NOT NULL,
    is_deleted boolean NOT NULL,
    deleted_reason character varying(128),
    date timestamp with time zone NOT NULL,
    purchase_no integer,
    purchase_id character varying(128),
    product_total numeric(30,3) NOT NULL,
    round_off numeric(30,3) NOT NULL,
    discount numeric(30,3) NOT NULL,
    subtotal numeric(30,3) NOT NULL,
    paid numeric(30,3) NOT NULL,
    balance numeric(30,3),
    credit_date date,
    payment_method character varying(123),
    add_gst boolean NOT NULL,
    is_updated boolean NOT NULL,
    creator_id integer NOT NULL,
    payment_voucher_id uuid,
    purchase_prefix_id uuid,
    supplier_id uuid NOT NULL,
    updater_id integer,
    warehouse_id uuid,
    CONSTRAINT purchase_auto_id_check CHECK ((auto_id >= 0)),
    CONSTRAINT purchase_purchase_no_check CHECK ((purchase_no >= 0))
);


ALTER TABLE public.purchase OWNER TO nexsme;

--
-- Name: purchase_item; Type: TABLE; Schema: public; Owner: nexsme
--

CREATE TABLE public.purchase_item (
    id bigint NOT NULL,
    add_new_batch boolean NOT NULL,
    batch_number character varying(128),
    quantity numeric(15,3) NOT NULL,
    return_qty numeric(15,2) NOT NULL,
    manufacturing_date date,
    expire_date timestamp with time zone,
    discount numeric(15,2) NOT NULL,
    net_rate numeric(15,2) NOT NULL,
    igst_rate numeric(15,2) NOT NULL,
    sgst_rate numeric(15,2) NOT NULL,
    cgst_rate numeric(15,2) NOT NULL,
    taxable_amount numeric(15,2) NOT NULL,
    mrp numeric(15,2) NOT NULL,
    retail_price numeric(15,3) NOT NULL,
    whole_sale_price numeric(15,3) NOT NULL,
    amount numeric(15,2) NOT NULL,
    total numeric(15,2) NOT NULL,
    gross_amount numeric(15,2) NOT NULL,
    hsn character varying(128),
    comments character varying(128),
    unit_type character varying(128),
    cgst_amount numeric(15,2) NOT NULL,
    sgst_amount numeric(15,2) NOT NULL,
    igst_amount numeric(15,2) NOT NULL,
    batch_id uuid,
    product_variant_id uuid,
    purchase_id uuid NOT NULL
);


ALTER TABLE public.purchase_item OWNER TO nexsme;

--
-- Name: purchase_item_id_seq; Type: SEQUENCE; Schema: public; Owner: nexsme
--

CREATE SEQUENCE public.purchase_item_id_seq
    START WITH 1
    INCREMENT BY 1
    NO MINVALUE
    NO MAXVALUE
    CACHE 1;


ALTER TABLE public.purchase_item_id_seq OWNER TO nexsme;

--
-- Name: purchase_item_id_seq; Type: SEQUENCE OWNED BY; Schema: public; Owner: nexsme
--

ALTER SEQUENCE public.purchase_item_id_seq OWNED BY public.purchase_item.id;


--
-- Name: purchase_order; Type: TABLE; Schema: public; Owner: nexsme
--

CREATE TABLE public.purchase_order (
    id uuid NOT NULL,
    auto_id integer NOT NULL,
    date_added timestamp with time zone NOT NULL,
    date_updated timestamp with time zone NOT NULL,
    is_deleted boolean NOT NULL,
    deleted_reason character varying(128),
    date timestamp with time zone NOT NULL,
    order_no integer,
    order_id character varying(128),
    product_total numeric(30,3) NOT NULL,
    round_off numeric(30,3) NOT NULL,
    discount numeric(30,3) NOT NULL,
    subtotal numeric(30,3) NOT NULL,
    add_gst boolean NOT NULL,
    is_updated boolean NOT NULL,
    is_partial boolean NOT NULL,
    is_purchased boolean NOT NULL,
    creator_id integer NOT NULL,
    purchase_id uuid,
    supplier_id uuid NOT NULL,
    updater_id integer,
    warehouse_id uuid,
    CONSTRAINT purchase_order_auto_id_check CHECK ((auto_id >= 0)),
    CONSTRAINT purchase_order_order_no_check CHECK ((order_no >= 0))
);


ALTER TABLE public.purchase_order OWNER TO nexsme;

--
-- Name: purchase_order_item; Type: TABLE; Schema: public; Owner: nexsme
--

CREATE TABLE public.purchase_order_item (
    id bigint NOT NULL,
    add_new_batch boolean NOT NULL,
    batch_number character varying(128),
    quantity numeric(15,3) NOT NULL,
    expire_date timestamp with time zone NOT NULL,
    manufacturing_date date NOT NULL,
    discount numeric(15,2) NOT NULL,
    igst_rate numeric(15,2) NOT NULL,
    sgst_rate numeric(15,2) NOT NULL,
    cgst_rate numeric(15,2) NOT NULL,
    taxable_amount numeric(15,2) NOT NULL,
    net_rate numeric(15,2) NOT NULL,
    mrp numeric(15,2) NOT NULL,
    retail_price numeric(15,3) NOT NULL,
    whole_sale_price numeric(15,3) NOT NULL,
    amount numeric(15,2) NOT NULL,
    hsn character varying(128),
    comments character varying(128),
    unit_type character varying(128),
    total numeric(15,2) NOT NULL,
    cgst_amount numeric(15,2) NOT NULL,
    sgst_amount numeric(15,2) NOT NULL,
    igst_amount numeric(15,2) NOT NULL,
    gross_amount numeric(15,2) NOT NULL,
    is_purchased boolean NOT NULL,
    batch_id uuid,
    product_variant_id uuid,
    purchase_order_id uuid NOT NULL
);


ALTER TABLE public.purchase_order_item OWNER TO nexsme;

--
-- Name: purchase_order_item_id_seq; Type: SEQUENCE; Schema: public; Owner: nexsme
--

CREATE SEQUENCE public.purchase_order_item_id_seq
    START WITH 1
    INCREMENT BY 1
    NO MINVALUE
    NO MAXVALUE
    CACHE 1;


ALTER TABLE public.purchase_order_item_id_seq OWNER TO nexsme;

--
-- Name: purchase_order_item_id_seq; Type: SEQUENCE OWNED BY; Schema: public; Owner: nexsme
--

ALTER SEQUENCE public.purchase_order_item_id_seq OWNED BY public.purchase_order_item.id;


--
-- Name: purchase_return; Type: TABLE; Schema: public; Owner: nexsme
--

CREATE TABLE public.purchase_return (
    id uuid NOT NULL,
    auto_id integer NOT NULL,
    date_added timestamp with time zone NOT NULL,
    date_updated timestamp with time zone NOT NULL,
    is_deleted boolean NOT NULL,
    deleted_reason character varying(128),
    date date NOT NULL,
    total numeric(15,2) NOT NULL,
    amount_returned numeric(15,2) NOT NULL,
    is_updated boolean NOT NULL,
    creator_id integer NOT NULL,
    purchase_id uuid,
    supplier_id uuid NOT NULL,
    updater_id integer,
    CONSTRAINT purchase_return_auto_id_check CHECK ((auto_id >= 0))
);


ALTER TABLE public.purchase_return OWNER TO nexsme;

--
-- Name: purchase_return_item; Type: TABLE; Schema: public; Owner: nexsme
--

CREATE TABLE public.purchase_return_item (
    id bigint NOT NULL,
    quantity numeric(15,3) NOT NULL,
    amount numeric(15,2) NOT NULL,
    total numeric(15,2) NOT NULL,
    status character varying(128) NOT NULL,
    is_deleted boolean NOT NULL,
    batch_id uuid,
    product_id uuid NOT NULL,
    product_variant_id uuid,
    purchase_item_id bigint NOT NULL,
    purchase_return_id uuid
);


ALTER TABLE public.purchase_return_item OWNER TO nexsme;

--
-- Name: purchase_return_item_id_seq; Type: SEQUENCE; Schema: public; Owner: nexsme
--

CREATE SEQUENCE public.purchase_return_item_id_seq
    START WITH 1
    INCREMENT BY 1
    NO MINVALUE
    NO MAXVALUE
    CACHE 1;


ALTER TABLE public.purchase_return_item_id_seq OWNER TO nexsme;

--
-- Name: purchase_return_item_id_seq; Type: SEQUENCE OWNED BY; Schema: public; Owner: nexsme
--

ALTER SEQUENCE public.purchase_return_item_id_seq OWNED BY public.purchase_return_item.id;


--
-- Name: registration_registrationprofile; Type: TABLE; Schema: public; Owner: nexsme
--

CREATE TABLE public.registration_registrationprofile (
    id bigint NOT NULL,
    activation_key character varying(64) NOT NULL,
    user_id integer NOT NULL,
    activated boolean NOT NULL
);


ALTER TABLE public.registration_registrationprofile OWNER TO nexsme;

--
-- Name: registration_registrationprofile_id_seq; Type: SEQUENCE; Schema: public; Owner: nexsme
--

CREATE SEQUENCE public.registration_registrationprofile_id_seq
    START WITH 1
    INCREMENT BY 1
    NO MINVALUE
    NO MAXVALUE
    CACHE 1;


ALTER TABLE public.registration_registrationprofile_id_seq OWNER TO nexsme;

--
-- Name: registration_registrationprofile_id_seq; Type: SEQUENCE OWNED BY; Schema: public; Owner: nexsme
--

ALTER SEQUENCE public.registration_registrationprofile_id_seq OWNED BY public.registration_registrationprofile.id;


--
-- Name: registration_supervisedregistrationprofile; Type: TABLE; Schema: public; Owner: nexsme
--

CREATE TABLE public.registration_supervisedregistrationprofile (
    registrationprofile_ptr_id bigint NOT NULL
);


ALTER TABLE public.registration_supervisedregistrationprofile OWNER TO nexsme;

--
-- Name: return_images; Type: TABLE; Schema: public; Owner: nexsme
--

CREATE TABLE public.return_images (
    id uuid NOT NULL,
    auto_id integer NOT NULL,
    date_added timestamp with time zone NOT NULL,
    date_updated timestamp with time zone NOT NULL,
    is_deleted boolean NOT NULL,
    deleted_reason character varying(128),
    image character varying(100),
    creator_id integer NOT NULL,
    product_return_id uuid NOT NULL,
    updater_id integer,
    CONSTRAINT return_images_auto_id_check CHECK ((auto_id >= 0))
);


ALTER TABLE public.return_images OWNER TO nexsme;

--
-- Name: salary_pay; Type: TABLE; Schema: public; Owner: nexsme
--

CREATE TABLE public.salary_pay (
    id uuid NOT NULL,
    auto_id integer NOT NULL,
    date_added timestamp with time zone NOT NULL,
    date_updated timestamp with time zone NOT NULL,
    is_deleted boolean NOT NULL,
    deleted_reason character varying(128),
    date date,
    leave_count numeric(15,2),
    half_leave_count numeric(15,2),
    salary numeric(15,0),
    is_paid boolean NOT NULL,
    paid_amount numeric(15,0),
    creator_id integer NOT NULL,
    staff_id uuid NOT NULL,
    updater_id integer,
    CONSTRAINT salary_pay_auto_id_check CHECK ((auto_id >= 0))
);


ALTER TABLE public.salary_pay OWNER TO nexsme;

--
-- Name: sale_return; Type: TABLE; Schema: public; Owner: nexsme
--

CREATE TABLE public.sale_return (
    id uuid NOT NULL,
    auto_id integer NOT NULL,
    date_added timestamp with time zone NOT NULL,
    date_updated timestamp with time zone NOT NULL,
    deleted_reason character varying(128),
    "time" timestamp with time zone NOT NULL,
    a_id integer NOT NULL,
    amount_returned numeric(15,2) NOT NULL,
    returnable_amount numeric(15,2),
    is_updated boolean NOT NULL,
    is_deleted boolean NOT NULL,
    creator_id integer NOT NULL,
    customer_id uuid,
    sale_id uuid NOT NULL,
    updater_id integer,
    warehouse_id uuid,
    CONSTRAINT sale_return_a_id_check CHECK ((a_id >= 0)),
    CONSTRAINT sale_return_auto_id_check CHECK ((auto_id >= 0))
);


ALTER TABLE public.sale_return OWNER TO nexsme;

--
-- Name: sale_return_item; Type: TABLE; Schema: public; Owner: nexsme
--

CREATE TABLE public.sale_return_item (
    id bigint NOT NULL,
    qty numeric(15,3) NOT NULL,
    price numeric(15,2) NOT NULL,
    cost numeric(15,2) NOT NULL,
    status character varying(128) NOT NULL,
    is_deleted boolean NOT NULL,
    batch_id uuid,
    product_id uuid NOT NULL,
    product_variant_id uuid,
    sale_item_id bigint NOT NULL,
    sale_return_id uuid NOT NULL
);


ALTER TABLE public.sale_return_item OWNER TO nexsme;

--
-- Name: sale_return_item_id_seq; Type: SEQUENCE; Schema: public; Owner: nexsme
--

CREATE SEQUENCE public.sale_return_item_id_seq
    START WITH 1
    INCREMENT BY 1
    NO MINVALUE
    NO MAXVALUE
    CACHE 1;


ALTER TABLE public.sale_return_item_id_seq OWNER TO nexsme;

--
-- Name: sale_return_item_id_seq; Type: SEQUENCE OWNED BY; Schema: public; Owner: nexsme
--

ALTER SEQUENCE public.sale_return_item_id_seq OWNED BY public.sale_return_item.id;


--
-- Name: sales; Type: TABLE; Schema: public; Owner: nexsme
--

CREATE TABLE public.sales (
    id uuid NOT NULL,
    auto_id integer NOT NULL,
    date_added timestamp with time zone NOT NULL,
    date_updated timestamp with time zone NOT NULL,
    is_deleted boolean NOT NULL,
    deleted_reason character varying(128),
    a_id integer NOT NULL,
    sale_no integer,
    tracking_no integer,
    sale_id character varying(128),
    tracking_id character varying(128),
    sale_date timestamp with time zone NOT NULL,
    shipment_date date,
    customer_address text,
    approval_status character varying(128) NOT NULL,
    sale_category character varying(128) NOT NULL,
    sale_type character varying(128) NOT NULL,
    payment_method character varying(123),
    credit_date date,
    transporter character varying(128),
    subtotal numeric(15,2) NOT NULL,
    round_off numeric(30,3) NOT NULL,
    total numeric(15,2) NOT NULL,
    paid numeric(15,2) NOT NULL,
    discount_rate numeric(15,2) NOT NULL,
    discount numeric(15,2) NOT NULL,
    special_discount numeric(15,2) NOT NULL,
    use_privilege_point boolean NOT NULL,
    privilege_point_used integer NOT NULL,
    privilege_point_amnt numeric(15,2) NOT NULL,
    privilege_points integer NOT NULL,
    customer_balance_type character varying(128),
    customer_balance numeric(15,2) NOT NULL,
    tax_amount numeric(15,2) NOT NULL,
    sale_taxable_amount numeric(15,2) NOT NULL,
    purchase_taxable_amount numeric(15,2) NOT NULL,
    total_commission numeric(15,2) NOT NULL,
    total_outstanding numeric(15,2) NOT NULL,
    add_gst boolean NOT NULL,
    is_updated boolean NOT NULL,
    creator_id integer NOT NULL,
    customer_id uuid,
    receipt_voucher_id uuid,
    sale_prefix_id uuid,
    updater_id integer,
    warehouse_id uuid,
    CONSTRAINT sales_a_id_check CHECK ((a_id >= 0)),
    CONSTRAINT sales_auto_id_check CHECK ((auto_id >= 0)),
    CONSTRAINT sales_sale_no_check CHECK ((sale_no >= 0)),
    CONSTRAINT sales_tracking_no_check CHECK ((tracking_no >= 0))
);


ALTER TABLE public.sales OWNER TO nexsme;

--
-- Name: sales_sale_item; Type: TABLE; Schema: public; Owner: nexsme
--

CREATE TABLE public.sales_sale_item (
    id bigint NOT NULL,
    comments character varying(128),
    return_qty numeric(15,2) NOT NULL,
    quantity numeric(15,3) NOT NULL,
    amount numeric(15,3) NOT NULL,
    mrp numeric(15,2) NOT NULL,
    total numeric(15,2) NOT NULL,
    sub_total numeric(15,2) NOT NULL,
    net_rate numeric(15,2) NOT NULL,
    discount_rate numeric(15,2) NOT NULL,
    discount numeric(15,2) NOT NULL,
    igst_rate numeric(15,2) NOT NULL,
    cgst_rate numeric(15,2) NOT NULL,
    sgst_rate numeric(15,2) NOT NULL,
    igst_amount numeric(15,2) NOT NULL,
    cgst_amount numeric(15,2) NOT NULL,
    sgst_amount numeric(15,2) NOT NULL,
    commission_amount numeric(15,2) NOT NULL,
    purchase_taxable_amount numeric(15,2) NOT NULL,
    sale_taxable_amount numeric(15,2) NOT NULL,
    batch_id uuid,
    product_variant_id uuid,
    sale_id uuid NOT NULL
);


ALTER TABLE public.sales_sale_item OWNER TO nexsme;

--
-- Name: sales_sale_item_id_seq; Type: SEQUENCE; Schema: public; Owner: nexsme
--

CREATE SEQUENCE public.sales_sale_item_id_seq
    START WITH 1
    INCREMENT BY 1
    NO MINVALUE
    NO MAXVALUE
    CACHE 1;


ALTER TABLE public.sales_sale_item_id_seq OWNER TO nexsme;

--
-- Name: sales_sale_item_id_seq; Type: SEQUENCE OWNED BY; Schema: public; Owner: nexsme
--

ALTER SEQUENCE public.sales_sale_item_id_seq OWNED BY public.sales_sale_item.id;


--
-- Name: setting; Type: TABLE; Schema: public; Owner: nexsme
--

CREATE TABLE public.setting (
    id uuid NOT NULL,
    counter integer NOT NULL,
    prefix character varying(128) NOT NULL,
    project_prefix character varying(128) NOT NULL,
    product_prefix character varying(128) NOT NULL,
    purchase_prefix character varying(128) NOT NULL,
    sale_prefix character varying(128) NOT NULL,
    payment_prefix character varying(128) NOT NULL,
    is_deleted boolean NOT NULL,
    CONSTRAINT setting_counter_check CHECK ((counter >= 0))
);


ALTER TABLE public.setting OWNER TO nexsme;

--
-- Name: special_variant; Type: TABLE; Schema: public; Owner: nexsme
--

CREATE TABLE public.special_variant (
    id uuid NOT NULL,
    auto_id integer NOT NULL,
    date_added timestamp with time zone NOT NULL,
    date_updated timestamp with time zone NOT NULL,
    is_deleted boolean NOT NULL,
    deleted_reason character varying(128),
    name character varying(128) NOT NULL,
    product_code character varying(128) NOT NULL,
    description text,
    actual_price numeric(15,2) NOT NULL,
    amount numeric(15,2) NOT NULL,
    quantity numeric(15,2) NOT NULL,
    created_variant_id uuid NOT NULL,
    creator_id integer NOT NULL,
    updater_id integer,
    CONSTRAINT special_variant_auto_id_check CHECK ((auto_id >= 0))
);


ALTER TABLE public.special_variant OWNER TO nexsme;

--
-- Name: special_variant_product_variant; Type: TABLE; Schema: public; Owner: nexsme
--

CREATE TABLE public.special_variant_product_variant (
    id bigint NOT NULL,
    specialvariant_id uuid NOT NULL,
    productvariant_id uuid NOT NULL
);


ALTER TABLE public.special_variant_product_variant OWNER TO nexsme;

--
-- Name: special_variant_product_variant_id_seq; Type: SEQUENCE; Schema: public; Owner: nexsme
--

CREATE SEQUENCE public.special_variant_product_variant_id_seq
    START WITH 1
    INCREMENT BY 1
    NO MINVALUE
    NO MAXVALUE
    CACHE 1;


ALTER TABLE public.special_variant_product_variant_id_seq OWNER TO nexsme;

--
-- Name: special_variant_product_variant_id_seq; Type: SEQUENCE OWNED BY; Schema: public; Owner: nexsme
--

ALTER SEQUENCE public.special_variant_product_variant_id_seq OWNED BY public.special_variant_product_variant.id;


--
-- Name: staff; Type: TABLE; Schema: public; Owner: nexsme
--

CREATE TABLE public.staff (
    id uuid NOT NULL,
    auto_id integer NOT NULL,
    date_added timestamp with time zone NOT NULL,
    date_updated timestamp with time zone NOT NULL,
    is_deleted boolean NOT NULL,
    deleted_reason character varying(128),
    staff_id character varying(128) NOT NULL,
    name character varying(128) NOT NULL,
    email character varying(254),
    phone character varying(128),
    gender character varying(40) NOT NULL,
    photo character varying(100),
    address text,
    staff_role character varying(40) NOT NULL,
    joining_date timestamp with time zone,
    staff_age text,
    current_salary numeric(8,2) NOT NULL,
    salary numeric(8,0) NOT NULL,
    bank_name character varying(128),
    branch character varying(128),
    bank_account_name character varying(128),
    ifsc_code character varying(128),
    account_num character varying(128),
    password character varying(60),
    is_currently_working boolean NOT NULL,
    normal_staff boolean NOT NULL,
    super_admin boolean NOT NULL,
    client_manager boolean NOT NULL,
    staff_manager boolean NOT NULL,
    advance_salary numeric(8,2),
    credit numeric(15,4) NOT NULL,
    debit numeric(15,4) NOT NULL,
    creator_id integer NOT NULL,
    designation_id uuid NOT NULL,
    updater_id integer,
    user_id integer,
    warehouse_id uuid,
    CONSTRAINT staff_auto_id_check CHECK ((auto_id >= 0))
);


ALTER TABLE public.staff OWNER TO nexsme;

--
-- Name: staff_attendence; Type: TABLE; Schema: public; Owner: nexsme
--

CREATE TABLE public.staff_attendence (
    id uuid NOT NULL,
    auto_id integer NOT NULL,
    date_added timestamp with time zone NOT NULL,
    date_updated timestamp with time zone NOT NULL,
    is_deleted boolean NOT NULL,
    deleted_reason character varying(128),
    date date NOT NULL,
    leave_count numeric(15,2),
    half_leave_count numeric(15,2),
    is_present boolean NOT NULL,
    is_leave boolean NOT NULL,
    is_halfday boolean NOT NULL,
    is_excuseleave boolean NOT NULL,
    is_holiday boolean NOT NULL,
    is_work_at_home boolean NOT NULL,
    creator_id integer NOT NULL,
    staff_id uuid NOT NULL,
    updater_id integer,
    CONSTRAINT staff_attendence_auto_id_check CHECK ((auto_id >= 0))
);


ALTER TABLE public.staff_attendence OWNER TO nexsme;

--
-- Name: staff_permission; Type: TABLE; Schema: public; Owner: nexsme
--

CREATE TABLE public.staff_permission (
    id bigint NOT NULL,
    staff_id uuid NOT NULL,
    permission_id bigint NOT NULL
);


ALTER TABLE public.staff_permission OWNER TO nexsme;

--
-- Name: staff_permission_id_seq; Type: SEQUENCE; Schema: public; Owner: nexsme
--

CREATE SEQUENCE public.staff_permission_id_seq
    START WITH 1
    INCREMENT BY 1
    NO MINVALUE
    NO MAXVALUE
    CACHE 1;


ALTER TABLE public.staff_permission_id_seq OWNER TO nexsme;

--
-- Name: staff_permission_id_seq; Type: SEQUENCE OWNED BY; Schema: public; Owner: nexsme
--

ALTER SEQUENCE public.staff_permission_id_seq OWNED BY public.staff_permission.id;


--
-- Name: staff_salary_allowance; Type: TABLE; Schema: public; Owner: nexsme
--

CREATE TABLE public.staff_salary_allowance (
    id uuid NOT NULL,
    auto_id integer NOT NULL,
    date_added timestamp with time zone NOT NULL,
    date_updated timestamp with time zone NOT NULL,
    deleted_reason character varying(128),
    date date NOT NULL,
    is_deleted boolean NOT NULL,
    description character varying(128),
    allowance_type character varying(128) NOT NULL,
    days numeric(15,2),
    hours numeric(15,2),
    rate_per_day numeric(15,2),
    rate_per_hour numeric(15,2),
    is_paid boolean NOT NULL,
    allowance numeric(15,2),
    creator_id integer NOT NULL,
    staff_id uuid,
    updater_id integer,
    CONSTRAINT staff_salary_allowance_auto_id_check CHECK ((auto_id >= 0))
);


ALTER TABLE public.staff_salary_allowance OWNER TO nexsme;

--
-- Name: stock_transfer; Type: TABLE; Schema: public; Owner: nexsme
--

CREATE TABLE public.stock_transfer (
    id uuid NOT NULL,
    auto_id integer NOT NULL,
    date_added timestamp with time zone NOT NULL,
    date_updated timestamp with time zone NOT NULL,
    is_deleted boolean NOT NULL,
    deleted_reason character varying(128),
    date timestamp with time zone NOT NULL,
    creator_id integer NOT NULL,
    to_warehouse_id uuid NOT NULL,
    updater_id integer,
    warehouse_id uuid NOT NULL,
    CONSTRAINT stock_transfer_auto_id_check CHECK ((auto_id >= 0))
);


ALTER TABLE public.stock_transfer OWNER TO nexsme;

--
-- Name: stock_transfer_items; Type: TABLE; Schema: public; Owner: nexsme
--

CREATE TABLE public.stock_transfer_items (
    id uuid NOT NULL,
    auto_id integer NOT NULL,
    date_added timestamp with time zone NOT NULL,
    date_updated timestamp with time zone NOT NULL,
    is_deleted boolean NOT NULL,
    deleted_reason character varying(128),
    retail_price numeric(15,3) NOT NULL,
    whole_sale_price numeric(15,3) NOT NULL,
    cost numeric(15,2) NOT NULL,
    mrp numeric(15,2) NOT NULL,
    quantity numeric(15,2) NOT NULL,
    manufacturing_date date NOT NULL,
    expire_date date NOT NULL,
    batch_id uuid,
    creator_id integer NOT NULL,
    product_variant_id uuid,
    stock_transfer_id uuid,
    updater_id integer,
    CONSTRAINT stock_transfer_items_auto_id_check CHECK ((auto_id >= 0))
);


ALTER TABLE public.stock_transfer_items OWNER TO nexsme;

--
-- Name: stock_update; Type: TABLE; Schema: public; Owner: nexsme
--

CREATE TABLE public.stock_update (
    id uuid NOT NULL,
    auto_id integer NOT NULL,
    date_added timestamp with time zone NOT NULL,
    date_updated timestamp with time zone NOT NULL,
    is_deleted boolean NOT NULL,
    deleted_reason character varying(128),
    date timestamp with time zone NOT NULL,
    description character varying(128) NOT NULL,
    update_type character varying(128) NOT NULL,
    creator_id integer NOT NULL,
    updater_id integer,
    warehouse_id uuid NOT NULL,
    CONSTRAINT stock_update_auto_id_check CHECK ((auto_id >= 0))
);


ALTER TABLE public.stock_update OWNER TO nexsme;

--
-- Name: stock_update_item; Type: TABLE; Schema: public; Owner: nexsme
--

CREATE TABLE public.stock_update_item (
    id bigint NOT NULL,
    add_new_batch boolean NOT NULL,
    batch_number character varying(128),
    expire_date date,
    manufacturing_date date,
    stock numeric(15,3) NOT NULL,
    mrp numeric(15,2) NOT NULL,
    cost numeric(15,2) NOT NULL,
    taxable_amount numeric(15,2) NOT NULL,
    retail_price numeric(15,3) NOT NULL,
    whole_sale_price numeric(15,3) NOT NULL,
    is_deleted boolean NOT NULL,
    batch_id uuid,
    product_variant_id uuid,
    stockupdate_id uuid NOT NULL
);


ALTER TABLE public.stock_update_item OWNER TO nexsme;

--
-- Name: stock_update_item_id_seq; Type: SEQUENCE; Schema: public; Owner: nexsme
--

CREATE SEQUENCE public.stock_update_item_id_seq
    START WITH 1
    INCREMENT BY 1
    NO MINVALUE
    NO MAXVALUE
    CACHE 1;


ALTER TABLE public.stock_update_item_id_seq OWNER TO nexsme;

--
-- Name: stock_update_item_id_seq; Type: SEQUENCE OWNED BY; Schema: public; Owner: nexsme
--

ALTER SEQUENCE public.stock_update_item_id_seq OWNED BY public.stock_update_item.id;


--
-- Name: students_registration_profile; Type: TABLE; Schema: public; Owner: nexsme
--

CREATE TABLE public.students_registration_profile (
    id uuid NOT NULL,
    auto_id integer NOT NULL,
    phone character varying(16) NOT NULL,
    date_added timestamp with time zone NOT NULL,
    is_deleted boolean NOT NULL,
    user_id integer NOT NULL,
    CONSTRAINT students_registration_profile_auto_id_check CHECK ((auto_id >= 0))
);


ALTER TABLE public.students_registration_profile OWNER TO nexsme;

--
-- Name: suppliers_supplier; Type: TABLE; Schema: public; Owner: nexsme
--

CREATE TABLE public.suppliers_supplier (
    id uuid NOT NULL,
    auto_id integer NOT NULL,
    date_added timestamp with time zone NOT NULL,
    date_updated timestamp with time zone NOT NULL,
    is_deleted boolean NOT NULL,
    deleted_reason character varying(128),
    name character varying(128) NOT NULL,
    address text NOT NULL,
    phone character varying(128) NOT NULL,
    email character varying(254),
    bank_name character varying(128),
    bank_account_name character varying(128),
    branch character varying(128),
    ifsc_code character varying(128),
    account_num character varying(20),
    opening_type character varying(128) NOT NULL,
    opening_balance numeric(15,2) NOT NULL,
    credit_limit numeric(15,2) NOT NULL,
    debit_limit numeric(15,2) NOT NULL,
    current_balance numeric(15,2) NOT NULL,
    state character varying(128) NOT NULL,
    district character varying(128),
    country character varying(128) NOT NULL,
    creator_id integer NOT NULL,
    updater_id integer,
    user_id integer,
    gst_number character varying(128),
    CONSTRAINT suppliers_supplier_auto_id_check CHECK ((auto_id >= 0))
);


ALTER TABLE public.suppliers_supplier OWNER TO nexsme;

--
-- Name: techpe_staff_record; Type: TABLE; Schema: public; Owner: nexsme
--

CREATE TABLE public.techpe_staff_record (
    id uuid NOT NULL,
    auto_id integer NOT NULL,
    date_added timestamp with time zone NOT NULL,
    date_updated timestamp with time zone NOT NULL,
    is_deleted boolean NOT NULL,
    deleted_reason character varying(128),
    leave_count numeric(15,2) NOT NULL,
    half_leave_count numeric(15,2) NOT NULL,
    salary numeric(15,0) NOT NULL,
    date timestamp with time zone NOT NULL,
    is_paid boolean NOT NULL,
    is_partially_paid boolean NOT NULL,
    paid_amount numeric(15,2) NOT NULL,
    payment_date date,
    creator_id integer NOT NULL,
    staff_id uuid NOT NULL,
    updater_id integer,
    CONSTRAINT techpe_staff_record_auto_id_check CHECK ((auto_id >= 0))
);


ALTER TABLE public.techpe_staff_record OWNER TO nexsme;

--
-- Name: tickets; Type: TABLE; Schema: public; Owner: nexsme
--

CREATE TABLE public.tickets (
    id uuid NOT NULL,
    auto_id integer NOT NULL,
    date_added timestamp with time zone NOT NULL,
    date_updated timestamp with time zone NOT NULL,
    is_deleted boolean NOT NULL,
    deleted_reason character varying(128),
    subject character varying(256),
    description text,
    status character varying(50) NOT NULL,
    priority character varying(50) NOT NULL,
    attachment character varying(100),
    reject_reason character varying(256),
    message character varying(256),
    creator_id integer NOT NULL,
    customer_id uuid NOT NULL,
    updater_id integer,
    CONSTRAINT tickets_auto_id_check CHECK ((auto_id >= 0))
);


ALTER TABLE public.tickets OWNER TO nexsme;

--
-- Name: users_cartitem; Type: TABLE; Schema: public; Owner: nexsme
--

CREATE TABLE public.users_cartitem (
    id uuid NOT NULL,
    date_added timestamp with time zone NOT NULL,
    is_deleted boolean NOT NULL,
    qty integer NOT NULL,
    customer_id uuid NOT NULL,
    product_variant_id uuid NOT NULL,
    warehouse_id uuid
);


ALTER TABLE public.users_cartitem OWNER TO nexsme;

--
-- Name: users_notification; Type: TABLE; Schema: public; Owner: nexsme
--

CREATE TABLE public.users_notification (
    id bigint NOT NULL,
    message character varying(128),
    "time" timestamp with time zone NOT NULL,
    is_read boolean NOT NULL,
    is_visited boolean NOT NULL,
    is_deleted boolean NOT NULL,
    is_active boolean NOT NULL,
    customer_id uuid,
    order_id uuid,
    subject_id bigint,
    user_id integer,
    who_id integer
);


ALTER TABLE public.users_notification OWNER TO nexsme;

--
-- Name: users_notification_id_seq; Type: SEQUENCE; Schema: public; Owner: nexsme
--

CREATE SEQUENCE public.users_notification_id_seq
    START WITH 1
    INCREMENT BY 1
    NO MINVALUE
    NO MAXVALUE
    CACHE 1;


ALTER TABLE public.users_notification_id_seq OWNER TO nexsme;

--
-- Name: users_notification_id_seq; Type: SEQUENCE OWNED BY; Schema: public; Owner: nexsme
--

ALTER SEQUENCE public.users_notification_id_seq OWNED BY public.users_notification.id;


--
-- Name: users_notification_subject; Type: TABLE; Schema: public; Owner: nexsme
--

CREATE TABLE public.users_notification_subject (
    id bigint NOT NULL,
    code character varying(128) NOT NULL,
    name character varying(128) NOT NULL
);


ALTER TABLE public.users_notification_subject OWNER TO nexsme;

--
-- Name: users_notification_subject_id_seq; Type: SEQUENCE; Schema: public; Owner: nexsme
--

CREATE SEQUENCE public.users_notification_subject_id_seq
    START WITH 1
    INCREMENT BY 1
    NO MINVALUE
    NO MAXVALUE
    CACHE 1;


ALTER TABLE public.users_notification_subject_id_seq OWNER TO nexsme;

--
-- Name: users_notification_subject_id_seq; Type: SEQUENCE OWNED BY; Schema: public; Owner: nexsme
--

ALTER SEQUENCE public.users_notification_subject_id_seq OWNED BY public.users_notification_subject.id;


--
-- Name: users_user_login; Type: TABLE; Schema: public; Owner: nexsme
--

CREATE TABLE public.users_user_login (
    id uuid NOT NULL,
    auto_id integer NOT NULL,
    date_added timestamp with time zone NOT NULL,
    ip inet NOT NULL,
    otp character varying(4) NOT NULL,
    status character varying(15) NOT NULL,
    failed_attempts integer NOT NULL,
    is_activated boolean NOT NULL,
    user_id integer NOT NULL,
    CONSTRAINT users_user_login_auto_id_check CHECK ((auto_id >= 0)),
    CONSTRAINT users_user_login_failed_attempts_check CHECK ((failed_attempts >= 0))
);


ALTER TABLE public.users_user_login OWNER TO nexsme;

--
-- Name: users_wishlistitem; Type: TABLE; Schema: public; Owner: nexsme
--

CREATE TABLE public.users_wishlistitem (
    id uuid NOT NULL,
    date_added timestamp with time zone NOT NULL,
    is_deleted boolean NOT NULL,
    customer_id uuid NOT NULL,
    product_variant_id uuid NOT NULL
);


ALTER TABLE public.users_wishlistitem OWNER TO nexsme;

--
-- Name: vendors_commission; Type: TABLE; Schema: public; Owner: nexsme
--

CREATE TABLE public.vendors_commission (
    id bigint NOT NULL,
    date date NOT NULL,
    commission_amount numeric(15,2) NOT NULL,
    is_paid boolean NOT NULL,
    order_item_id uuid,
    vendor_id uuid NOT NULL
);


ALTER TABLE public.vendors_commission OWNER TO nexsme;

--
-- Name: vendors_commission_id_seq; Type: SEQUENCE; Schema: public; Owner: nexsme
--

CREATE SEQUENCE public.vendors_commission_id_seq
    START WITH 1
    INCREMENT BY 1
    NO MINVALUE
    NO MAXVALUE
    CACHE 1;


ALTER TABLE public.vendors_commission_id_seq OWNER TO nexsme;

--
-- Name: vendors_commission_id_seq; Type: SEQUENCE OWNED BY; Schema: public; Owner: nexsme
--

ALTER SEQUENCE public.vendors_commission_id_seq OWNED BY public.vendors_commission.id;


--
-- Name: vendors_vendor; Type: TABLE; Schema: public; Owner: nexsme
--

CREATE TABLE public.vendors_vendor (
    id uuid NOT NULL,
    auto_id integer NOT NULL,
    date_added timestamp with time zone NOT NULL,
    date_updated timestamp with time zone NOT NULL,
    is_deleted boolean NOT NULL,
    deleted_reason character varying(128),
    name character varying(128) NOT NULL,
    vendor_type character varying(128),
    type_arabic character varying(128),
    arabic_name character varying(128),
    address text NOT NULL,
    phone character varying(128) NOT NULL,
    email character varying(254),
    bank_name character varying(128),
    bank_account_name character varying(128),
    branch character varying(128),
    ifsc_code character varying(128),
    account_num character varying(128),
    opening_type character varying(128) NOT NULL,
    opening_balance numeric(15,2) NOT NULL,
    country character varying(128) NOT NULL,
    current_balance numeric(15,2) NOT NULL,
    image character varying(100) NOT NULL,
    place character varying(128),
    commission_type character varying(128) NOT NULL,
    commission_percentage numeric(15,2) NOT NULL,
    location_arabic character varying(128),
    password character varying(128),
    creator_id integer NOT NULL,
    location_id uuid NOT NULL,
    updater_id integer,
    user_id integer,
    zone_id bigint NOT NULL,
    delivery_availability character varying(128) NOT NULL,
    CONSTRAINT vendors_vendor_auto_id_check CHECK ((auto_id >= 0))
);


ALTER TABLE public.vendors_vendor OWNER TO nexsme;

--
-- Name: vendors_vendor_deliverable_location; Type: TABLE; Schema: public; Owner: nexsme
--

CREATE TABLE public.vendors_vendor_deliverable_location (
    id bigint NOT NULL,
    vendor_id uuid NOT NULL,
    zone_id bigint NOT NULL
);


ALTER TABLE public.vendors_vendor_deliverable_location OWNER TO nexsme;

--
-- Name: vendors_vendor_deliverable_location_id_seq; Type: SEQUENCE; Schema: public; Owner: nexsme
--

CREATE SEQUENCE public.vendors_vendor_deliverable_location_id_seq
    START WITH 1
    INCREMENT BY 1
    NO MINVALUE
    NO MAXVALUE
    CACHE 1;


ALTER TABLE public.vendors_vendor_deliverable_location_id_seq OWNER TO nexsme;

--
-- Name: vendors_vendor_deliverable_location_id_seq; Type: SEQUENCE OWNED BY; Schema: public; Owner: nexsme
--

ALTER SEQUENCE public.vendors_vendor_deliverable_location_id_seq OWNED BY public.vendors_vendor_deliverable_location.id;


--
-- Name: warehouse; Type: TABLE; Schema: public; Owner: nexsme
--

CREATE TABLE public.warehouse (
    id uuid NOT NULL,
    auto_id integer NOT NULL,
    date_added timestamp with time zone NOT NULL,
    date_updated timestamp with time zone NOT NULL,
    is_deleted boolean NOT NULL,
    deleted_reason character varying(128),
    name character varying(128) NOT NULL,
    phone character varying(128) NOT NULL,
    address text NOT NULL,
    country character varying(128) NOT NULL,
    creator_id integer NOT NULL,
    location_id uuid NOT NULL,
    manager_id uuid,
    updater_id integer,
    zone_id bigint NOT NULL,
    CONSTRAINT warehouse_auto_id_check CHECK ((auto_id >= 0))
);


ALTER TABLE public.warehouse OWNER TO nexsme;

--
-- Name: warehouse_deliverable_location; Type: TABLE; Schema: public; Owner: nexsme
--

CREATE TABLE public.warehouse_deliverable_location (
    id bigint NOT NULL,
    warehouse_id uuid NOT NULL,
    zone_id bigint NOT NULL
);


ALTER TABLE public.warehouse_deliverable_location OWNER TO nexsme;

--
-- Name: warehouse_deliverable_location_id_seq; Type: SEQUENCE; Schema: public; Owner: nexsme
--

CREATE SEQUENCE public.warehouse_deliverable_location_id_seq
    START WITH 1
    INCREMENT BY 1
    NO MINVALUE
    NO MAXVALUE
    CACHE 1;


ALTER TABLE public.warehouse_deliverable_location_id_seq OWNER TO nexsme;

--
-- Name: warehouse_deliverable_location_id_seq; Type: SEQUENCE OWNED BY; Schema: public; Owner: nexsme
--

ALTER SEQUENCE public.warehouse_deliverable_location_id_seq OWNED BY public.warehouse_deliverable_location.id;


--
-- Name: warehouse_no_express_delivery; Type: TABLE; Schema: public; Owner: nexsme
--

CREATE TABLE public.warehouse_no_express_delivery (
    id bigint NOT NULL,
    warehouse_id uuid NOT NULL,
    zone_id bigint NOT NULL
);


ALTER TABLE public.warehouse_no_express_delivery OWNER TO nexsme;

--
-- Name: warehouse_no_express_delivery_id_seq; Type: SEQUENCE; Schema: public; Owner: nexsme
--

CREATE SEQUENCE public.warehouse_no_express_delivery_id_seq
    START WITH 1
    INCREMENT BY 1
    NO MINVALUE
    NO MAXVALUE
    CACHE 1;


ALTER TABLE public.warehouse_no_express_delivery_id_seq OWNER TO nexsme;

--
-- Name: warehouse_no_express_delivery_id_seq; Type: SEQUENCE OWNED BY; Schema: public; Owner: nexsme
--

ALTER SEQUENCE public.warehouse_no_express_delivery_id_seq OWNED BY public.warehouse_no_express_delivery.id;


--
-- Name: web_FeauturedCategory; Type: TABLE; Schema: public; Owner: nexsme
--

CREATE TABLE public."web_FeauturedCategory" (
    id uuid NOT NULL,
    auto_id integer NOT NULL,
    date_added timestamp with time zone NOT NULL,
    date_updated timestamp with time zone NOT NULL,
    is_deleted boolean NOT NULL,
    deleted_reason character varying(128),
    category_id uuid NOT NULL,
    creator_id integer NOT NULL,
    updater_id integer,
    CONSTRAINT "web_FeauturedCategory_auto_id_check" CHECK ((auto_id >= 0))
);


ALTER TABLE public."web_FeauturedCategory" OWNER TO nexsme;

--
-- Name: web_TrendingCategory; Type: TABLE; Schema: public; Owner: nexsme
--

CREATE TABLE public."web_TrendingCategory" (
    id uuid NOT NULL,
    auto_id integer NOT NULL,
    date_added timestamp with time zone NOT NULL,
    date_updated timestamp with time zone NOT NULL,
    is_deleted boolean NOT NULL,
    deleted_reason character varying(128),
    category_id uuid NOT NULL,
    creator_id integer NOT NULL,
    updater_id integer,
    CONSTRAINT "web_TrendingCategory_auto_id_check" CHECK ((auto_id >= 0))
);


ALTER TABLE public."web_TrendingCategory" OWNER TO nexsme;

--
-- Name: web_productreturn; Type: TABLE; Schema: public; Owner: nexsme
--

CREATE TABLE public.web_productreturn (
    id uuid NOT NULL,
    auto_id integer NOT NULL,
    date_added timestamp with time zone NOT NULL,
    date_updated timestamp with time zone NOT NULL,
    is_deleted boolean NOT NULL,
    deleted_reason character varying(128),
    return_id text,
    reason_for_return character varying(256) NOT NULL,
    return_type character varying(256) NOT NULL,
    return_specification text,
    status character varying(100) NOT NULL,
    payment_status character varying(100) NOT NULL,
    agent_status character varying(256),
    rejected_reason text,
    agent_rejected_reason text,
    amount numeric(15,2) NOT NULL,
    is_same_product boolean NOT NULL,
    is_damaged_product boolean NOT NULL,
    is_same_quantity boolean NOT NULL,
    damaged_reason text,
    serial_status character varying(256),
    extra_notes text,
    customer_name character varying(50),
    customer_phone character varying(10),
    customer_street character varying(128),
    customer_landmark character varying(128),
    customer_latitude text,
    customer_longitude text,
    reached_image character varying(100),
    is_handover_required boolean NOT NULL,
    creator_id integer NOT NULL,
    customer_account_id uuid,
    customer_address_id uuid,
    delivery_boy_id uuid,
    order_id uuid NOT NULL,
    order_item_id uuid NOT NULL,
    updater_id integer,
    CONSTRAINT web_productreturn_auto_id_check CHECK ((auto_id >= 0))
);


ALTER TABLE public.web_productreturn OWNER TO nexsme;

--
-- Name: web_productreview; Type: TABLE; Schema: public; Owner: nexsme
--

CREATE TABLE public.web_productreview (
    id uuid NOT NULL,
    auto_id integer NOT NULL,
    date_added timestamp with time zone NOT NULL,
    date_updated timestamp with time zone NOT NULL,
    is_deleted boolean NOT NULL,
    deleted_reason character varying(128),
    rating integer NOT NULL,
    review text,
    creator_id integer NOT NULL,
    product_variant_id uuid NOT NULL,
    updater_id integer,
    CONSTRAINT web_productreview_auto_id_check CHECK ((auto_id >= 0))
);


ALTER TABLE public.web_productreview OWNER TO nexsme;

--
-- Name: web_sociallinks; Type: TABLE; Schema: public; Owner: nexsme
--

CREATE TABLE public.web_sociallinks (
    id bigint NOT NULL,
    facebook_link character varying(200) NOT NULL,
    instagram_link character varying(200) NOT NULL,
    twitter_link character varying(200) NOT NULL,
    whatsapp_link character varying(200) NOT NULL
);


ALTER TABLE public.web_sociallinks OWNER TO nexsme;

--
-- Name: web_sociallinks_id_seq; Type: SEQUENCE; Schema: public; Owner: nexsme
--

CREATE SEQUENCE public.web_sociallinks_id_seq
    START WITH 1
    INCREMENT BY 1
    NO MINVALUE
    NO MAXVALUE
    CACHE 1;


ALTER TABLE public.web_sociallinks_id_seq OWNER TO nexsme;

--
-- Name: web_sociallinks_id_seq; Type: SEQUENCE OWNED BY; Schema: public; Owner: nexsme
--

ALTER SEQUENCE public.web_sociallinks_id_seq OWNED BY public.web_sociallinks.id;


--
-- Name: web_spotlightbanner; Type: TABLE; Schema: public; Owner: nexsme
--

CREATE TABLE public.web_spotlightbanner (
    id uuid NOT NULL,
    auto_id integer NOT NULL,
    date_added timestamp with time zone NOT NULL,
    date_updated timestamp with time zone NOT NULL,
    is_deleted boolean NOT NULL,
    deleted_reason character varying(128),
    offer_type character varying(100),
    banner_type character varying(100) NOT NULL,
    image character varying(100) NOT NULL,
    brand_id uuid,
    category_id uuid,
    creator_id integer NOT NULL,
    product_variant_id uuid,
    updater_id integer,
    CONSTRAINT web_spotlightbanner_auto_id_check CHECK ((auto_id >= 0))
);


ALTER TABLE public.web_spotlightbanner OWNER TO nexsme;

--
-- Name: zone; Type: TABLE; Schema: public; Owner: nexsme
--

CREATE TABLE public.zone (
    id bigint NOT NULL,
    name character varying(256) NOT NULL,
    municipality character varying(256) NOT NULL,
    district character varying(256) NOT NULL,
    state character varying(128) NOT NULL,
    taluk character varying(128) NOT NULL,
    latitude character varying(128),
    longitude character varying(128),
    pincode integer NOT NULL,
    CONSTRAINT zone_pincode_check CHECK ((pincode >= 0))
);


ALTER TABLE public.zone OWNER TO nexsme;

--
-- Name: zone_id_seq; Type: SEQUENCE; Schema: public; Owner: nexsme
--

CREATE SEQUENCE public.zone_id_seq
    START WITH 1
    INCREMENT BY 1
    NO MINVALUE
    NO MAXVALUE
    CACHE 1;


ALTER TABLE public.zone_id_seq OWNER TO nexsme;

--
-- Name: zone_id_seq; Type: SEQUENCE OWNED BY; Schema: public; Owner: nexsme
--

ALTER SEQUENCE public.zone_id_seq OWNED BY public.zone.id;


--
-- Name: app_update id; Type: DEFAULT; Schema: public; Owner: nexsme
--

ALTER TABLE ONLY public.app_update ALTER COLUMN id SET DEFAULT nextval('public.app_update_id_seq'::regclass);


--
-- Name: auth_group id; Type: DEFAULT; Schema: public; Owner: nexsme
--

ALTER TABLE ONLY public.auth_group ALTER COLUMN id SET DEFAULT nextval('public.auth_group_id_seq'::regclass);


--
-- Name: auth_group_permissions id; Type: DEFAULT; Schema: public; Owner: nexsme
--

ALTER TABLE ONLY public.auth_group_permissions ALTER COLUMN id SET DEFAULT nextval('public.auth_group_permissions_id_seq'::regclass);


--
-- Name: auth_permission id; Type: DEFAULT; Schema: public; Owner: nexsme
--

ALTER TABLE ONLY public.auth_permission ALTER COLUMN id SET DEFAULT nextval('public.auth_permission_id_seq'::regclass);


--
-- Name: auth_user id; Type: DEFAULT; Schema: public; Owner: nexsme
--

ALTER TABLE ONLY public.auth_user ALTER COLUMN id SET DEFAULT nextval('public.auth_user_id_seq'::regclass);


--
-- Name: auth_user_groups id; Type: DEFAULT; Schema: public; Owner: nexsme
--

ALTER TABLE ONLY public.auth_user_groups ALTER COLUMN id SET DEFAULT nextval('public.auth_user_groups_id_seq'::regclass);


--
-- Name: auth_user_user_permissions id; Type: DEFAULT; Schema: public; Owner: nexsme
--

ALTER TABLE ONLY public.auth_user_user_permissions ALTER COLUMN id SET DEFAULT nextval('public.auth_user_user_permissions_id_seq'::regclass);


--
-- Name: customers_userotpdata id; Type: DEFAULT; Schema: public; Owner: nexsme
--

ALTER TABLE ONLY public.customers_userotpdata ALTER COLUMN id SET DEFAULT nextval('public.customers_userotpdata_id_seq'::regclass);


--
-- Name: delivery_app_update id; Type: DEFAULT; Schema: public; Owner: nexsme
--

ALTER TABLE ONLY public.delivery_app_update ALTER COLUMN id SET DEFAULT nextval('public.delivery_app_update_id_seq'::regclass);


--
-- Name: django_admin_log id; Type: DEFAULT; Schema: public; Owner: nexsme
--

ALTER TABLE ONLY public.django_admin_log ALTER COLUMN id SET DEFAULT nextval('public.django_admin_log_id_seq'::regclass);


--
-- Name: django_content_type id; Type: DEFAULT; Schema: public; Owner: nexsme
--

ALTER TABLE ONLY public.django_content_type ALTER COLUMN id SET DEFAULT nextval('public.django_content_type_id_seq'::regclass);


--
-- Name: django_migrations id; Type: DEFAULT; Schema: public; Owner: nexsme
--

ALTER TABLE ONLY public.django_migrations ALTER COLUMN id SET DEFAULT nextval('public.django_migrations_id_seq'::regclass);


--
-- Name: fcm_django_fcmdevice id; Type: DEFAULT; Schema: public; Owner: nexsme
--

ALTER TABLE ONLY public.fcm_django_fcmdevice ALTER COLUMN id SET DEFAULT nextval('public.fcm_django_fcmdevice_id_seq'::regclass);


--
-- Name: finance_account_group id; Type: DEFAULT; Schema: public; Owner: nexsme
--

ALTER TABLE ONLY public.finance_account_group ALTER COLUMN id SET DEFAULT nextval('public.finance_account_group_id_seq'::regclass);


--
-- Name: finance_account_head id; Type: DEFAULT; Schema: public; Owner: nexsme
--

ALTER TABLE ONLY public.finance_account_head ALTER COLUMN id SET DEFAULT nextval('public.finance_account_head_id_seq'::regclass);


--
-- Name: mode id; Type: DEFAULT; Schema: public; Owner: nexsme
--

ALTER TABLE ONLY public.mode ALTER COLUMN id SET DEFAULT nextval('public.mode_id_seq'::regclass);


--
-- Name: offers_vouchercode_used_users id; Type: DEFAULT; Schema: public; Owner: nexsme
--

ALTER TABLE ONLY public.offers_vouchercode_used_users ALTER COLUMN id SET DEFAULT nextval('public.offers_vouchercode_used_users_id_seq'::regclass);


--
-- Name: permission id; Type: DEFAULT; Schema: public; Owner: nexsme
--

ALTER TABLE ONLY public.permission ALTER COLUMN id SET DEFAULT nextval('public.permission_id_seq'::regclass);


--
-- Name: privilege_point_history id; Type: DEFAULT; Schema: public; Owner: nexsme
--

ALTER TABLE ONLY public.privilege_point_history ALTER COLUMN id SET DEFAULT nextval('public.privilege_point_history_id_seq'::regclass);


--
-- Name: product_stock id; Type: DEFAULT; Schema: public; Owner: nexsme
--

ALTER TABLE ONLY public.product_stock ALTER COLUMN id SET DEFAULT nextval('public.product_stock_id_seq'::regclass);


--
-- Name: product_variation_type id; Type: DEFAULT; Schema: public; Owner: nexsme
--

ALTER TABLE ONLY public.product_variation_type ALTER COLUMN id SET DEFAULT nextval('public.product_variation_type_id_seq'::regclass);


--
-- Name: purchase_item id; Type: DEFAULT; Schema: public; Owner: nexsme
--

ALTER TABLE ONLY public.purchase_item ALTER COLUMN id SET DEFAULT nextval('public.purchase_item_id_seq'::regclass);


--
-- Name: purchase_order_item id; Type: DEFAULT; Schema: public; Owner: nexsme
--

ALTER TABLE ONLY public.purchase_order_item ALTER COLUMN id SET DEFAULT nextval('public.purchase_order_item_id_seq'::regclass);


--
-- Name: purchase_return_item id; Type: DEFAULT; Schema: public; Owner: nexsme
--

ALTER TABLE ONLY public.purchase_return_item ALTER COLUMN id SET DEFAULT nextval('public.purchase_return_item_id_seq'::regclass);


--
-- Name: registration_registrationprofile id; Type: DEFAULT; Schema: public; Owner: nexsme
--

ALTER TABLE ONLY public.registration_registrationprofile ALTER COLUMN id SET DEFAULT nextval('public.registration_registrationprofile_id_seq'::regclass);


--
-- Name: sale_return_item id; Type: DEFAULT; Schema: public; Owner: nexsme
--

ALTER TABLE ONLY public.sale_return_item ALTER COLUMN id SET DEFAULT nextval('public.sale_return_item_id_seq'::regclass);


--
-- Name: sales_sale_item id; Type: DEFAULT; Schema: public; Owner: nexsme
--

ALTER TABLE ONLY public.sales_sale_item ALTER COLUMN id SET DEFAULT nextval('public.sales_sale_item_id_seq'::regclass);


--
-- Name: special_variant_product_variant id; Type: DEFAULT; Schema: public; Owner: nexsme
--

ALTER TABLE ONLY public.special_variant_product_variant ALTER COLUMN id SET DEFAULT nextval('public.special_variant_product_variant_id_seq'::regclass);


--
-- Name: staff_permission id; Type: DEFAULT; Schema: public; Owner: nexsme
--

ALTER TABLE ONLY public.staff_permission ALTER COLUMN id SET DEFAULT nextval('public.staff_permission_id_seq'::regclass);


--
-- Name: stock_update_item id; Type: DEFAULT; Schema: public; Owner: nexsme
--

ALTER TABLE ONLY public.stock_update_item ALTER COLUMN id SET DEFAULT nextval('public.stock_update_item_id_seq'::regclass);


--
-- Name: users_notification id; Type: DEFAULT; Schema: public; Owner: nexsme
--

ALTER TABLE ONLY public.users_notification ALTER COLUMN id SET DEFAULT nextval('public.users_notification_id_seq'::regclass);


--
-- Name: users_notification_subject id; Type: DEFAULT; Schema: public; Owner: nexsme
--

ALTER TABLE ONLY public.users_notification_subject ALTER COLUMN id SET DEFAULT nextval('public.users_notification_subject_id_seq'::regclass);


--
-- Name: vendors_commission id; Type: DEFAULT; Schema: public; Owner: nexsme
--

ALTER TABLE ONLY public.vendors_commission ALTER COLUMN id SET DEFAULT nextval('public.vendors_commission_id_seq'::regclass);


--
-- Name: vendors_vendor_deliverable_location id; Type: DEFAULT; Schema: public; Owner: nexsme
--

ALTER TABLE ONLY public.vendors_vendor_deliverable_location ALTER COLUMN id SET DEFAULT nextval('public.vendors_vendor_deliverable_location_id_seq'::regclass);


--
-- Name: warehouse_deliverable_location id; Type: DEFAULT; Schema: public; Owner: nexsme
--

ALTER TABLE ONLY public.warehouse_deliverable_location ALTER COLUMN id SET DEFAULT nextval('public.warehouse_deliverable_location_id_seq'::regclass);


--
-- Name: warehouse_no_express_delivery id; Type: DEFAULT; Schema: public; Owner: nexsme
--

ALTER TABLE ONLY public.warehouse_no_express_delivery ALTER COLUMN id SET DEFAULT nextval('public.warehouse_no_express_delivery_id_seq'::regclass);


--
-- Name: web_sociallinks id; Type: DEFAULT; Schema: public; Owner: nexsme
--

ALTER TABLE ONLY public.web_sociallinks ALTER COLUMN id SET DEFAULT nextval('public.web_sociallinks_id_seq'::regclass);


--
-- Name: zone id; Type: DEFAULT; Schema: public; Owner: nexsme
--

ALTER TABLE ONLY public.zone ALTER COLUMN id SET DEFAULT nextval('public.zone_id_seq'::regclass);


--
-- Data for Name: app_update; Type: TABLE DATA; Schema: public; Owner: nexsme
--

COPY public.app_update (id, date_added, android_version, android_force_upgrade, android_recommended_upgrade, ios_version, ios_force_upgrade, ios_recommended_upgrade) FROM stdin;
\.


--
-- Data for Name: auth_group; Type: TABLE DATA; Schema: public; Owner: nexsme
--

COPY public.auth_group (id, name) FROM stdin;
1	customer_user
2	vendor_user
3	supplier_user
4	delivery_agent
5	warehouse_manager
6	normal_staff
7	billing_staff
\.


--
-- Data for Name: auth_group_permissions; Type: TABLE DATA; Schema: public; Owner: nexsme
--

COPY public.auth_group_permissions (id, group_id, permission_id) FROM stdin;
\.


--
-- Data for Name: auth_permission; Type: TABLE DATA; Schema: public; Owner: nexsme
--

COPY public.auth_permission (id, name, content_type_id, codename) FROM stdin;
1	Can add registration profile	1	add_registrationprofile
2	Can change registration profile	1	change_registrationprofile
3	Can delete registration profile	1	delete_registrationprofile
4	Can view registration profile	1	view_registrationprofile
5	Can add supervised registration profile	2	add_supervisedregistrationprofile
6	Can change supervised registration profile	2	change_supervisedregistrationprofile
7	Can delete supervised registration profile	2	delete_supervisedregistrationprofile
8	Can view supervised registration profile	2	view_supervisedregistrationprofile
9	Can add FCM device	3	add_fcmdevice
10	Can change FCM device	3	change_fcmdevice
11	Can delete FCM device	3	delete_fcmdevice
12	Can view FCM device	3	view_fcmdevice
13	Can add log entry	4	add_logentry
14	Can change log entry	4	change_logentry
15	Can delete log entry	4	delete_logentry
16	Can view log entry	4	view_logentry
17	Can add permission	5	add_permission
18	Can change permission	5	change_permission
19	Can delete permission	5	delete_permission
20	Can view permission	5	view_permission
21	Can add group	6	add_group
22	Can change group	6	change_group
23	Can delete group	6	delete_group
24	Can view group	6	view_group
25	Can add user	7	add_user
26	Can change user	7	change_user
27	Can delete user	7	delete_user
28	Can view user	7	view_user
29	Can add content type	8	add_contenttype
30	Can change content type	8	change_contenttype
31	Can delete content type	8	delete_contenttype
32	Can view content type	8	view_contenttype
33	Can add session	9	add_session
34	Can change session	9	change_session
35	Can delete session	9	delete_session
36	Can view session	9	view_session
37	Can add App update	10	add_appupdate
38	Can change App update	10	change_appupdate
39	Can delete App update	10	delete_appupdate
40	Can view App update	10	view_appupdate
41	Can add Delivery Application Update	11	add_deliveryappupdate
42	Can change Delivery Application Update	11	change_deliveryappupdate
43	Can delete Delivery Application Update	11	delete_deliveryappupdate
44	Can view Delivery Application Update	11	view_deliveryappupdate
45	Can add mode	12	add_mode
46	Can change mode	12	change_mode
47	Can delete mode	12	delete_mode
48	Can view mode	12	view_mode
49	Can add setting	13	add_settings
50	Can change setting	13	change_settings
51	Can delete setting	13	delete_settings
52	Can view setting	13	view_settings
53	Can add notification subject	14	add_notificationsubject
54	Can change notification subject	14	change_notificationsubject
55	Can delete notification subject	14	delete_notificationsubject
56	Can view notification subject	14	view_notificationsubject
57	Can add permission	15	add_permission
58	Can change permission	15	change_permission
59	Can delete permission	15	delete_permission
60	Can view permission	15	view_permission
61	Can add wishlist item	16	add_wishlistitem
62	Can change wishlist item	16	change_wishlistitem
63	Can delete wishlist item	16	delete_wishlistitem
64	Can view wishlist item	16	view_wishlistitem
65	Can add user login	17	add_userlogin
66	Can change user login	17	change_userlogin
67	Can delete user login	17	delete_userlogin
68	Can view user login	17	view_userlogin
69	Can add Registration Profile	18	add_registrationprofile
70	Can change Registration Profile	18	change_registrationprofile
71	Can delete Registration Profile	18	delete_registrationprofile
72	Can view Registration Profile	18	view_registrationprofile
73	Can add notification	19	add_notification
74	Can change notification	19	change_notification
75	Can delete notification	19	delete_notification
76	Can view notification	19	view_notification
77	Can add cart item	20	add_cartitem
78	Can change cart item	20	change_cartitem
79	Can delete cart item	20	delete_cartitem
80	Can view cart item	20	view_cartitem
81	Can add brand	21	add_brand
82	Can change brand	21	change_brand
83	Can delete brand	21	delete_brand
84	Can view brand	21	view_brand
85	Can add category	22	add_category
86	Can change category	22	change_category
87	Can delete category	22	delete_category
88	Can view category	22	view_category
89	Can add product_hsn_code	23	add_hsncodes
90	Can change product_hsn_code	23	change_hsncodes
91	Can delete product_hsn_code	23	delete_hsncodes
92	Can view product_hsn_code	23	view_hsncodes
93	Can add product	24	add_product
94	Can change product	24	change_product
95	Can delete product	24	delete_product
96	Can view product	24	view_product
97	Can add product_image	25	add_productimages
98	Can change product_image	25	change_productimages
99	Can delete product_image	25	delete_productimages
100	Can view product_image	25	view_productimages
101	Can add product_stock	26	add_productstock
102	Can change product_stock	26	change_productstock
103	Can delete product_stock	26	delete_productstock
104	Can view product_stock	26	view_productstock
105	Can add product_variant	27	add_productvariant
106	Can change product_variant	27	change_productvariant
107	Can delete product_variant	27	delete_productvariant
108	Can view product_variant	27	view_productvariant
109	Can add Product variation Type	28	add_variationtype
110	Can change Product variation Type	28	change_variationtype
111	Can delete Product variation Type	28	delete_variationtype
112	Can view Product variation Type	28	view_variationtype
113	Can add Unit measurement	29	add_unitofmeasurement
114	Can change Unit measurement	29	change_unitofmeasurement
115	Can delete Unit measurement	29	delete_unitofmeasurement
116	Can view Unit measurement	29	view_unitofmeasurement
117	Can add Proudct unit	30	add_unit
118	Can change Proudct unit	30	change_unit
119	Can delete Proudct unit	30	delete_unit
120	Can view Proudct unit	30	view_unit
121	Can add Sub category	31	add_subcategory
122	Can change Sub category	31	change_subcategory
123	Can delete Sub category	31	delete_subcategory
124	Can view Sub category	31	view_subcategory
125	Can add Special Variant	32	add_specialvariant
126	Can change Special Variant	32	change_specialvariant
127	Can delete Special Variant	32	delete_specialvariant
128	Can view Special Variant	32	view_specialvariant
129	Can add Special Category	33	add_specialcategory
130	Can change Special Category	33	change_specialcategory
131	Can delete Special Category	33	delete_specialcategory
132	Can view Special Category	33	view_specialcategory
133	Can add Location	34	add_location
134	Can change Location	34	change_location
135	Can delete Location	34	delete_location
136	Can view Location	34	view_location
137	Can add Zone	35	add_zone
138	Can change Zone	35	change_zone
139	Can delete Zone	35	delete_zone
140	Can view Zone	35	view_zone
141	Can add Warehouse	36	add_warehouse
142	Can change Warehouse	36	change_warehouse
143	Can delete Warehouse	36	delete_warehouse
144	Can view Warehouse	36	view_warehouse
145	Can add designation	37	add_designation
146	Can change designation	37	change_designation
147	Can delete designation	37	delete_designation
148	Can view designation	37	view_designation
149	Can add salary_pay	38	add_pay
150	Can change salary_pay	38	change_pay
151	Can delete salary_pay	38	delete_pay
152	Can view salary_pay	38	view_pay
153	Can add Salary Allowance	39	add_salaryallowance
154	Can change Salary Allowance	39	change_salaryallowance
155	Can delete Salary Allowance	39	delete_salaryallowance
156	Can view Salary Allowance	39	view_salaryallowance
157	Can add staff	40	add_staff
158	Can change staff	40	change_staff
159	Can delete staff	40	delete_staff
160	Can view staff	40	view_staff
161	Can add Techpe staff record	41	add_staffrecord
162	Can change Techpe staff record	41	change_staffrecord
163	Can delete Techpe staff record	41	delete_staffrecord
164	Can view Techpe staff record	41	view_staffrecord
165	Can add staff_attendance	42	add_staffattendance
166	Can change staff_attendance	42	change_staffattendance
167	Can delete staff_attendance	42	delete_staffattendance
168	Can view staff_attendance	42	view_staffattendance
169	Can add general_batch	43	add_batch
170	Can change general_batch	43	change_batch
171	Can delete general_batch	43	delete_batch
172	Can view general_batch	43	view_batch
173	Can add charge per kilometer	44	add_chargeperkilometer
174	Can change charge per kilometer	44	change_chargeperkilometer
175	Can delete charge per kilometer	44	delete_chargeperkilometer
176	Can view charge per kilometer	44	view_chargeperkilometer
177	Can add Charge Setting	45	add_chargesetting
178	Can change Charge Setting	45	change_chargesetting
179	Can delete Charge Setting	45	delete_chargesetting
180	Can view Charge Setting	45	view_chargesetting
181	Can add Damaged Product	46	add_damagedproducts
182	Can change Damaged Product	46	change_damagedproducts
183	Can delete Damaged Product	46	delete_damagedproducts
184	Can view Damaged Product	46	view_damagedproducts
185	Can add Delivery Charge	47	add_deliverycharge
186	Can change Delivery Charge	47	change_deliverycharge
187	Can delete Delivery Charge	47	delete_deliverycharge
188	Can view Delivery Charge	47	view_deliverycharge
189	Can add Invoice Design	48	add_invoicedesign
190	Can change Invoice Design	48	change_invoicedesign
191	Can delete Invoice Design	48	delete_invoicedesign
192	Can view Invoice Design	48	view_invoicedesign
193	Can add stock_transfer	49	add_stocktransfer
194	Can change stock_transfer	49	change_stocktransfer
195	Can delete stock_transfer	49	delete_stocktransfer
196	Can view stock_transfer	49	view_stocktransfer
197	Can add stock_transfer_item	50	add_stocktransferitem
198	Can change stock_transfer_item	50	change_stocktransferitem
199	Can delete stock_transfer_item	50	delete_stocktransferitem
200	Can view stock_transfer_item	50	view_stocktransferitem
201	Can add stock_update	51	add_stockupdate
202	Can change stock_update	51	change_stockupdate
203	Can delete stock_update	51	delete_stockupdate
204	Can view stock_update	51	view_stockupdate
205	Can add stock_update_item	52	add_stockupdateitem
206	Can change stock_update_item	52	change_stockupdateitem
207	Can delete stock_update_item	52	delete_stockupdateitem
208	Can view stock_update_item	52	view_stockupdateitem
209	Can add sale	53	add_sale
210	Can change sale	53	change_sale
211	Can delete sale	53	delete_sale
212	Can view sale	53	view_sale
213	Can add sale item	54	add_saleitem
214	Can change sale item	54	change_saleitem
215	Can delete sale item	54	delete_saleitem
216	Can view sale item	54	view_saleitem
217	Can add sale return	55	add_salereturn
218	Can change sale return	55	change_salereturn
219	Can delete sale return	55	delete_salereturn
220	Can view sale return	55	view_salereturn
221	Can add sale return item	56	add_salereturnitem
222	Can change sale return item	56	change_salereturnitem
223	Can delete sale return item	56	delete_salereturnitem
224	Can view sale return item	56	view_salereturnitem
225	Can add Purchase	57	add_purchase
226	Can change Purchase	57	change_purchase
227	Can delete Purchase	57	delete_purchase
228	Can view Purchase	57	view_purchase
229	Can add Purchase Item	58	add_purchaseitem
230	Can change Purchase Item	58	change_purchaseitem
231	Can delete Purchase Item	58	delete_purchaseitem
232	Can view Purchase Item	58	view_purchaseitem
233	Can add Purchase Order	59	add_purchaseorder
234	Can change Purchase Order	59	change_purchaseorder
235	Can delete Purchase Order	59	delete_purchaseorder
236	Can view Purchase Order	59	view_purchaseorder
237	Can add Purchase Return	60	add_purchasereturn
238	Can change Purchase Return	60	change_purchasereturn
239	Can delete Purchase Return	60	delete_purchasereturn
240	Can view Purchase Return	60	view_purchasereturn
241	Can add Purchase Return Item	61	add_purchasereturnitem
242	Can change Purchase Return Item	61	change_purchasereturnitem
243	Can delete Purchase Return Item	61	delete_purchasereturnitem
244	Can view Purchase Return Item	61	view_purchasereturnitem
245	Can add Purchase Order Item	62	add_purchaseorderitem
246	Can change Purchase Order Item	62	change_purchaseorderitem
247	Can delete Purchase Order Item	62	delete_purchaseorderitem
248	Can view Purchase Order Item	62	view_purchaseorderitem
249	Can add customer	63	add_customer
250	Can change customer	63	change_customer
251	Can delete customer	63	delete_customer
252	Can view customer	63	view_customer
253	Can add customer bank account	64	add_customeraccount
254	Can change customer bank account	64	change_customeraccount
255	Can delete customer bank account	64	delete_customeraccount
256	Can view customer bank account	64	view_customeraccount
257	Can add OTP Record	65	add_userotpdata
258	Can change OTP Record	65	change_userotpdata
259	Can delete OTP Record	65	delete_userotpdata
260	Can view OTP Record	65	view_userotpdata
261	Can add ticket	66	add_ticket
262	Can change ticket	66	change_ticket
263	Can delete ticket	66	delete_ticket
264	Can view ticket	66	view_ticket
265	Can add Privilege Point History	67	add_privilegepointhistory
266	Can change Privilege Point History	67	change_privilegepointhistory
267	Can delete Privilege Point History	67	delete_privilegepointhistory
268	Can view Privilege Point History	67	view_privilegepointhistory
269	Can add privilege_point	68	add_privilegepoint
270	Can change privilege_point	68	change_privilegepoint
271	Can delete privilege_point	68	delete_privilegepoint
272	Can view privilege_point	68	view_privilegepoint
273	Can add customer address	69	add_customeraddress
274	Can change customer address	69	change_customeraddress
275	Can delete customer address	69	delete_customeraddress
276	Can view customer address	69	view_customeraddress
277	Can add vendor	70	add_vendor
278	Can change vendor	70	change_vendor
279	Can delete vendor	70	delete_vendor
280	Can view vendor	70	view_vendor
281	Can add Vendor Commission	71	add_vendorcommission
282	Can change Vendor Commission	71	change_vendorcommission
283	Can delete Vendor Commission	71	delete_vendorcommission
284	Can view Vendor Commission	71	view_vendorcommission
285	Can add supplier	72	add_supplier
286	Can change supplier	72	change_supplier
287	Can delete supplier	72	delete_supplier
288	Can view supplier	72	view_supplier
289	Can add Account Group	73	add_accountgroup
290	Can change Account Group	73	change_accountgroup
291	Can delete Account Group	73	delete_accountgroup
292	Can view Account Group	73	view_accountgroup
293	Can add Account Head	74	add_accounthead
294	Can change Account Head	74	change_accounthead
295	Can delete Account Head	74	delete_accounthead
296	Can view Account Head	74	view_accounthead
297	Can add Account Head Opening	75	add_accountheadopening
298	Can change Account Head Opening	75	change_accountheadopening
299	Can delete Account Head Opening	75	delete_accountheadopening
300	Can view Account Head Opening	75	view_accountheadopening
301	Can add Bank Account	76	add_bankaccount
302	Can change Bank Account	76	change_bankaccount
303	Can delete Bank Account	76	delete_bankaccount
304	Can view Bank Account	76	view_bankaccount
305	Can add Credit note Voucher	77	add_creditnotevoucher
306	Can change Credit note Voucher	77	change_creditnotevoucher
307	Can delete Credit note Voucher	77	delete_creditnotevoucher
308	Can view Credit note Voucher	77	view_creditnotevoucher
309	Can add Debit note Voucher	78	add_debitnotevoucher
310	Can change Debit note Voucher	78	change_debitnotevoucher
311	Can delete Debit note Voucher	78	delete_debitnotevoucher
312	Can view Debit note Voucher	78	view_debitnotevoucher
313	Can add Financial Year	79	add_financialyear
314	Can change Financial Year	79	change_financialyear
315	Can delete Financial Year	79	delete_financialyear
316	Can view Financial Year	79	view_financialyear
317	Can add Invoice Prefix	80	add_invoiceprefix
318	Can change Invoice Prefix	80	change_invoiceprefix
319	Can delete Invoice Prefix	80	delete_invoiceprefix
320	Can view Invoice Prefix	80	view_invoiceprefix
321	Can add Journal Voucher	81	add_journalvoucher
322	Can change Journal Voucher	81	change_journalvoucher
323	Can delete Journal Voucher	81	delete_journalvoucher
324	Can view Journal Voucher	81	view_journalvoucher
325	Can add Journal Voucher Item	82	add_journalvoucheritem
326	Can change Journal Voucher Item	82	change_journalvoucheritem
327	Can delete Journal Voucher Item	82	delete_journalvoucheritem
328	Can view Journal Voucher Item	82	view_journalvoucheritem
329	Can add Payment Voucher	83	add_paymentvoucher
330	Can change Payment Voucher	83	change_paymentvoucher
331	Can delete Payment Voucher	83	delete_paymentvoucher
332	Can view Payment Voucher	83	view_paymentvoucher
333	Can add Subledger Opening	84	add_subledgeropening
334	Can change Subledger Opening	84	change_subledgeropening
335	Can delete Subledger Opening	84	delete_subledgeropening
336	Can view Subledger Opening	84	view_subledgeropening
337	Can add Receipt Voucher	85	add_receiptvoucher
338	Can change Receipt Voucher	85	change_receiptvoucher
339	Can delete Receipt Voucher	85	delete_receiptvoucher
340	Can view Receipt Voucher	85	view_receiptvoucher
341	Can add booking	86	add_booking
342	Can change booking	86	change_booking
343	Can delete booking	86	delete_booking
344	Can view booking	86	view_booking
345	Can add order item	87	add_orderitem
346	Can change order item	87	change_orderitem
347	Can delete order item	87	delete_orderitem
348	Can view order item	87	view_orderitem
349	Can add time slot	88	add_timeslot
350	Can change time slot	88	change_timeslot
351	Can delete time slot	88	delete_timeslot
352	Can view time slot	88	view_timeslot
353	Can add Order	89	add_orders
354	Can change Order	89	change_orders
355	Can delete Order	89	delete_orders
356	Can view Order	89	view_orders
357	Can add product return	90	add_productreturn
358	Can change product return	90	change_productreturn
359	Can delete product return	90	delete_productreturn
360	Can view product return	90	view_productreturn
361	Can add social links	91	add_sociallinks
362	Can change social links	91	change_sociallinks
363	Can delete social links	91	delete_sociallinks
364	Can view social links	91	view_sociallinks
365	Can add Trending Category	92	add_trendingcategory
366	Can change Trending Category	92	change_trendingcategory
367	Can delete Trending Category	92	delete_trendingcategory
368	Can view Trending Category	92	view_trendingcategory
369	Can add spotlight banner	93	add_spotlightbanner
370	Can change spotlight banner	93	change_spotlightbanner
371	Can delete spotlight banner	93	delete_spotlightbanner
372	Can view spotlight banner	93	view_spotlightbanner
373	Can add Return image	94	add_returnimage
374	Can change Return image	94	change_returnimage
375	Can delete Return image	94	delete_returnimage
376	Can view Return image	94	view_returnimage
377	Can add review	95	add_productreview
378	Can change review	95	change_productreview
379	Can delete review	95	delete_productreview
380	Can view review	95	view_productreview
381	Can add Feautured Category	96	add_feauturedcategory
382	Can change Feautured Category	96	change_feauturedcategory
383	Can delete Feautured Category	96	delete_feauturedcategory
384	Can view Feautured Category	96	view_feauturedcategory
385	Can add deal_of_day	97	add_dealofday
386	Can change deal_of_day	97	change_dealofday
387	Can delete deal_of_day	97	delete_dealofday
388	Can view deal_of_day	97	view_dealofday
389	Can add offer	98	add_offers
390	Can change offer	98	change_offers
391	Can delete offer	98	delete_offers
392	Can view offer	98	view_offers
393	Can add voucher code	99	add_vouchercode
394	Can change voucher code	99	change_vouchercode
395	Can delete voucher code	99	delete_vouchercode
396	Can view voucher code	99	view_vouchercode
397	Can add collected payment register	100	add_collectedpaymentregister
398	Can change collected payment register	100	change_collectedpaymentregister
399	Can delete collected payment register	100	delete_collectedpaymentregister
400	Can view collected payment register	100	view_collectedpaymentregister
401	Can add collected payment	101	add_collectpayment
402	Can change collected payment	101	change_collectpayment
403	Can delete collected payment	101	delete_collectpayment
404	Can view collected payment	101	view_collectpayment
405	Can add delivery agent	102	add_deliveryagents
406	Can change delivery agent	102	change_deliveryagents
407	Can delete delivery agent	102	delete_deliveryagents
408	Can view delivery agent	102	view_deliveryagents
409	Can add delivery agent location	103	add_deliveryagenttravel
410	Can change delivery agent location	103	change_deliveryagenttravel
411	Can delete delivery agent location	103	delete_deliveryagenttravel
412	Can view delivery agent location	103	view_deliveryagenttravel
413	Can add delivery agent trip	104	add_deliveryagenttrip
414	Can change delivery agent trip	104	change_deliveryagenttrip
415	Can delete delivery agent trip	104	delete_deliveryagenttrip
416	Can view delivery agent trip	104	view_deliveryagenttrip
417	Can add rating	105	add_deliveryrating
418	Can change rating	105	change_deliveryrating
419	Can delete rating	105	delete_deliveryrating
420	Can view rating	105	view_deliveryrating
\.


--
-- Data for Name: auth_user; Type: TABLE DATA; Schema: public; Owner: nexsme
--

COPY public.auth_user (id, password, last_login, is_superuser, username, first_name, last_name, email, is_staff, is_active, date_joined) FROM stdin;
50	pbkdf2_sha256$260000$e6F85yrOKsz4Wa8F82eDPr$DlYmTCI/gWhVPTaWb7KM6Vf2WeMNFPHA/jN9edoUuL0=	2023-11-30 04:36:01.101713+00	f	8089666456			afsalpp456@gmail.com	f	t	2023-11-30 04:18:44.317942+00
2	pbkdf2_sha256$260000$QfEx0VYq2WV5ACb6XGnrgY$YUV2XorxumkbBd4LXnlte7qMqUTql3ZY22YMCl9dZ6k=	\N	f	nikhil			nikil@example.com	f	t	2023-10-18 10:31:55.796817+00
3	pbkdf2_sha256$260000$cjfdrPEPlqJ6OZ0T0mnZKU$WndidMlvu7nmfssyv/ZuvBFGsb912QNnrtSc2Q/Htb0=	\N	f	afsalvr			muhammedafsalvr@gmail.com	f	t	2023-10-18 10:44:49.132978+00
18	pbkdf2_sha256$260000$GmqIYnyYjCP6nDrHyS7zy1$yx7S9dQL8sZf0p7GCZAlpTCHznftgiQ7w27fxW5gbcs=	\N	f	9746637812				f	t	2023-11-03 06:54:56.237573+00
31	pbkdf2_sha256$260000$OS3fxAO1F5M6wmbkjy44FD$liM7uEEEPhzp//fcUw1/pdcBNaSpYR8unhKCTb/Oyw8=	\N	f	9961315467				f	t	2023-11-03 11:04:28.575808+00
7	pbkdf2_sha256$260000$ZfJ2qr12d13A0PWY0qOHZs$rKnj0hBrRin4+tfB20ol3776991TETKest2r87gF6Cc=	2023-10-27 05:50:06.133398+00	f	8301887655			noufal@example.com	f	t	2023-10-21 09:50:07.403253+00
14	pbkdf2_sha256$260000$TKAl7sz4tAZQo81kxwy2ad$7707uN+dwbq9lUKHscm6+GA8ooMAL+TK4yADBU5Bvug=	\N	f	8765678456deleted			nithin@example.com	f	t	2023-10-31 06:18:11.21236+00
15	pbkdf2_sha256$260000$hy1TkbGVQfsPjVDDcxP16N$uJnt9MqQ84/4okGYFJU22G+/U01S0BvQ8tAEHehx6dk=	\N	f	9207875543			nithin@example.com	f	t	2023-10-31 06:19:04.183172+00
49	pbkdf2_sha256$260000$ks1iX2qCdHxjsbsoeI5mby$q7++KeReG3izyZVX+YhO9/QXqZF3zbWJH1chIFD2fWY=	\N	f	ashinleo				f	t	2023-11-29 12:01:16.949264+00
33	pbkdf2_sha256$260000$MIeiKBHQx1rpFR1gMDEFh3$JEz6azddqPjULWwFWeeJKb05CobclvLjjUv/dQThcE0=	\N	f	5656565656				f	t	2023-11-03 11:07:35.235709+00
20	pbkdf2_sha256$260000$FOnQW7TLpc4fTV6LvraOiw$eSEFjTKGq2hzlllq6ZWFEL/LPbD/0VW/bh0SSKArOtk=	2023-11-03 08:44:24.085058+00	f	9207846990			faisal@example.com	f	t	2023-11-03 08:44:07.352355+00
35	pbkdf2_sha256$260000$9XYzmbOkQxpoDrkK4Zq1nK$yzVckcwYvmHtXJg1WlRMCLpibyK9A8tTaHZQsoVaMsA=	\N	f	8787456467				f	t	2023-11-03 11:12:05.873726+00
37	pbkdf2_sha256$260000$tGWA6H6zyYwucRQKuykbAW$n/brXz0S682mEbvRCXCCKqKSGDHtTYE/5fSmCk1LysE=	\N	f	0135767868				f	t	2023-11-03 11:13:43.66849+00
38	pbkdf2_sha256$260000$8leskqPy5LLjBKgAjQKx21$aktswd/EhFSTxYsT77ReqJxWWBdN2Cip2vNhOaldM+I=	\N	f	0135767855				f	t	2023-11-03 11:14:52.833182+00
40	pbkdf2_sha256$260000$XXyZgoCmQxpInH7CYBHiD1$ksUawmew0ntnpa9Md3XbVgP+5bVTvbsHg46UgLU9zqM=	\N	f	4878787878				f	t	2023-11-03 11:15:54.688711+00
58	pbkdf2_sha256$260000$2EnW1NPlDog9gH2DwmmkAp$NYQZSeqCkvLeg0B18605TYrdWlpLYKdEnVE91tOcCPg=	\N	f	8089666422			safw@gmail.com	f	f	2023-12-02 15:50:59.607952+00
8	pbkdf2_sha256$260000$bEYVym0pHSv7JUyvHA4t6x$+eyjL+D0P2JrCeEVfg3j9o9Y604LatEh7Q5w+5D9P7Y=	\N	f	9746637811				f	t	2023-10-26 04:01:58.735617+00
5	pbkdf2_sha256$260000$UjiLp4SwWZBk9rBEODfxgJ$EK+NTpI+ZEmj4Kk8JTSg69zB/SfOU/7BQ3RfbeWY+Tw=	2023-10-20 09:53:00.114785+00	f	75948180			test@example.com	f	t	2023-10-20 09:52:27.569806+00
25	pbkdf2_sha256$260000$TqWuRe81N8kyH1E35g1mux$KsqafVnvZqlFMWjkf3ERYyqKhqojCs7dZ+1hZcjorTk=	\N	f	9898989889				f	t	2023-11-03 10:49:52.59556+00
17	pbkdf2_sha256$260000$6QEQmYsV6Pqq33v3VnEN2B$G4MCbmGK7aDrqLbfXLr6uUjNtdW+IOKT9eJfW5IpsL0=	\N	f	9745212222			vvv@gmail.com	f	f	2023-11-02 12:44:44.78375+00
6	pbkdf2_sha256$260000$9cMF9QEhcLt9KTxAvrdGeb$ytOacFhQfbi8nCF4gioQyoCKvT6xWVw0HFiqcBUqEJs=	2023-10-21 07:29:13.753348+00	f	75948165			martin@example.com	f	t	2023-10-21 07:28:18.660932+00
27	pbkdf2_sha256$260000$dSEfNroBmz6FCiwWlyLcmF$ky06gj4z+CUhG1fSor3fhoNt3Cmb4zHTcAKR+1Wr8Cg=	\N	f	8888888888				f	t	2023-11-03 10:56:46.385446+00
41	pbkdf2_sha256$260000$Hypcmrm6f50hdxGV83S9cU$LZkRC0Hf3FtkvWmKNT3u1LFxNzZXUElOeOrzjIo9OLg=	\N	f	0000000222				f	t	2023-11-03 11:18:40.052089+00
42	pbkdf2_sha256$260000$atSLO6kewe9iQI71Wk4svc$h3zHQAFNmYJHUb0lZIISfJQGrRNJLa0F7mIx/C85I18=	\N	f	9179792787				f	t	2023-11-03 11:21:12.611845+00
29	pbkdf2_sha256$260000$mGvn58g37nVHfpi1ojbaD8$21N7Zk7RCiy06NfmLZZOX1E3uoNFkNn2PxsNQewiemo=	\N	f	9961316468				f	t	2023-11-03 11:00:47.265526+00
9	pbkdf2_sha256$260000$F1B1OYHUvTj3u8iWoevXA9$ErWPfjfA4XQ4ea/aUdRXZOu224q+zXFniwmv9wU2sxw=	\N	f	7594833333			onaiza@example.com	f	f	2023-10-30 10:56:39.145509+00
10	pbkdf2_sha256$260000$bNlxVjzmVRx1W5hnaNHinE$GeYLBRcdxmaWgdJ/Xn1/Xtx6DEDmKJ0Ws4Hx4yH7As0=	\N	f	7594822222			test4@example.com	f	f	2023-10-30 10:58:00.398756+00
11	pbkdf2_sha256$260000$oEW2KDcGzyziWd6O4XHS3S$6dlLOkDks6Z0YyB13/1clXCxE9rbJHY1/SS75WWMCJY=	\N	f	7654324635			test@example.com	f	f	2023-10-30 12:07:44.7938+00
12	pbkdf2_sha256$260000$EjruG5bBAjDnaPfG1LTEH3$tX5FnNpKCkddwcIKTf+H+sYgOS1bILR91hXYf/tPIYk=	\N	f	7594877777			test2@example.com	f	f	2023-10-30 12:12:42.402777+00
43	pbkdf2_sha256$260000$mgaMQMLGxARv7QhQ1ltYRJ$3LsHdxqjZEP5yYkJtn+cFgEB0GydIRp0CIHL1W/FpMY=	\N	f	8878787003				f	t	2023-11-03 11:24:55.048892+00
44	pbkdf2_sha256$260000$ukjv5OnfOSKQ21WvKyNyyt$a/vv9RksD09pZ1UAdy3zXtw01TuCSKLd3VDtgGmt9vQ=	\N	f	4758784512				f	t	2023-11-03 11:27:09.138021+00
45	pbkdf2_sha256$260000$c9SXdF15sU3moQCMmxNqE9$XqHxkPf9LWBc4HdWJncYlPfGjxnzbBtXZXs537I40YI=	\N	f	8585858544				f	t	2023-11-03 11:33:10.277709+00
46	pbkdf2_sha256$260000$vX54dEBcyyoCfv6JthBfQZ$aEo3JFZU7+vld7bbLHOFeWnxBt8K52iKcKcprU9b8tw=	\N	f	5678909876				f	t	2023-11-03 11:34:29.331393+00
4	pbkdf2_sha256$260000$i0oPNXrf0YxNjSfDXNUuAn$IbxD7ZZSNaAw1fpB7zs5A1V1nSagz5W8DJDwZbJ/KAw=	2023-11-06 06:46:45.038986+00	f	65432100				f	t	2023-10-19 08:52:13+00
51	pbkdf2_sha256$260000$X7Xp0pWtDzyHybLhMR5SxM$s17hrUB1eMLzf+RE5sZvwMZgEVlIu6cno0fEtZs5gJ0=	\N	f	8606876276			afsalpp456@gmail.com	f	f	2023-11-30 04:48:18.263514+00
52	pbkdf2_sha256$260000$cT52W3aRgLqtwlflDTa0hj$o49FNxA+CstwWOcd+2IHNcas4A2o2CPGE11+7gKxr+Y=	\N	f	8606876278			afsalpp456@gmail.com	f	f	2023-11-30 04:51:17.338734+00
53	pbkdf2_sha256$260000$NUCpJuCMuvaToxidhnKLDF$eL0d31J0Q6gE9vQDSgxVMdgoShFCj4zDZ4vD9XW1XTM=	\N	f	1111111111			aman@example.com	f	f	2023-11-30 07:03:40.07963+00
16	pbkdf2_sha256$260000$SqFXMhtkNbMtJt93qAuqNV$58H1fSuQd1frBalqL2RfpB2bLvNwRJjfftyKwTIagyg=	2023-12-06 07:23:54.821599+00	f	ANANTHU1			arafamobiles111@gmail.com	f	t	2023-10-31 14:08:17.927909+00
54	pbkdf2_sha256$260000$xUBHm0uwvmljZCFltakMdO$RzRQO0QhWS+eL9Ub9Vxdrb1fa6D5qoBoJlmdPAwNAYw=	\N	f	8891660756			TestUser@example.com	f	f	2023-12-01 06:19:56.645663+00
55	pbkdf2_sha256$260000$iWXXJ7QrAqrX5nBQ30eaq6$Eggr5ZT9og8/xbDnliawSd89mPbF1Qdd+wMzmfV3yQY=	\N	f	6666666666			test4@example.com	f	f	2023-12-02 06:06:35.875114+00
13	pbkdf2_sha256$260000$bYPUBizZJTTYizgBRe7Hl0$FToVXfWPx2DUKcLDHD7/7gsP93JilUl3TomvJVdHjJY=	2023-11-18 04:55:58.577094+00	f	akhink				f	t	2023-10-31 05:55:14.647199+00
48	pbkdf2_sha256$260000$qZMCzGq8BxIk4O4XXCcElk$qZ/K3aI/Xg1kWb7z4i6eqZhvHwOjHWHG3ZmXaVpm63I=	\N	f	8089666444			afsalpp456@gmail.com	f	f	2023-11-29 11:59:10.215545+00
56	pbkdf2_sha256$260000$yrNQ0ff4iwg3OUREOf6OZe$9NXpJe2L6EDDgeFAs6+vGG3L5vdB/SgKPsZV7p6Yd/Y=	\N	f	0000000000			test4@example.com	f	f	2023-12-02 06:32:57.597212+00
57	pbkdf2_sha256$260000$85gXVawOhC6TofG9MM8KdI$hrrJqlx9lz9Iv8+v7WCAmaYbjbucZR4wu5c53Jfj0w4=	\N	f	7594800000			aman@example.com	f	f	2023-12-02 06:34:00.739652+00
1	pbkdf2_sha256$260000$Sx1fsXficp6DN8I7rsYv8Y$k/UYn7InrHWWrG38IqLyaQSy8bskJs+e4B5mgy2ynac=	2024-03-23 04:42:39.742314+00	t	nexsme_user				t	t	2023-10-18 10:21:21.315339+00
59	pbkdf2_sha256$260000$RU088wLGgvm33qjgdFmhZX$tkUkNjpkhT4OJYNMYNxiLeMo0ZGEt5S2zI/biQXHE4I=	\N	f	9898098978			TestUser@example.com	f	f	2023-12-02 16:01:10.449368+00
60	pbkdf2_sha256$260000$8ADSf2ordjmSggCvO3JRLL$FSmebbeFmXHFqvv53PuwfDbCOc3N5kp1m5SUqj/7rmc=	\N	f	6767686786			TestUser@example.com	f	f	2023-12-02 16:09:32.790936+00
82	pbkdf2_sha256$260000$5DoYaUFbaYkHUvYKyseTR3$Yqmeqq2KCZgDS7zIpS1GiTYz9B7AFxCHPK6kCzh9mkI=	\N	f	9898988888			558978	f	f	2024-03-12 07:08:31.158599+00
93	pbkdf2_sha256$260000$V1w5eeCbiEBe8Y2IGFPUKg$fYN+JXL1JQWyVpRCRFP+jx+pJwcb/mlP+JFj9A06xm8=	\N	f	8789789797			test@gmail.com	f	f	2024-03-20 06:44:20.016675+00
77	pbkdf2_sha256$260000$CJJfpbjbGvJbNZwTtth9J8$0O3o0Ip6vKwg5K8ipUfTtjAHFMKUhCqj06HRr4RcHEA=	2024-01-03 13:06:51.602936+00	f	vendor1				f	t	2024-01-03 12:54:49.646747+00
95	pbkdf2_sha256$260000$GDvt1NSNnCk4i2cEC8Cuqm$pyKaz6ll94ISGCglCTyTszwq4OEtuShXC4IJbZQ4qdk=	\N	f	test_username			test@gmail.com	f	t	2024-03-22 11:24:01.633186+00
83	pbkdf2_sha256$260000$sLWVepXSXpmjyfC12dOUMf$7jbltCNgbeC9k+SyWiMIn0nJEeysYF20OzOMnTue23M=	\N	f	9188030718			test@gmail.com	f	f	2024-03-13 04:17:24.456094+00
68	pbkdf2_sha256$260000$Gpyun96z6NMrdBpC26Mubw$04KHr9+YFzKSeCPVQd5S00xJmrG0iwh2ZeiS0qxXPoA=	\N	f	Abin				f	t	2023-12-16 05:12:56.034846+00
69	pbkdf2_sha256$260000$Z0CnyrDdWM8mlZ8dEazECb$WQykjIDYsSchVApjrkDZYWSd4+BgRqK8lANW7yD58X0=	\N	f	Akshay				f	t	2023-12-16 05:18:10.466035+00
19	pbkdf2_sha256$260000$CxeUqsRK7e9Y4iaRLa3C1b$qRO0PM+uraRlPPsvutAx1EN/Gt6mzJJJQeS3TRku6E4=	2024-03-23 04:57:37.519018+00	f	8765432100			amanmniyas@example.com	f	t	2023-11-03 08:29:09.358929+00
61	pbkdf2_sha256$260000$gHBM5pT26UTAvVrf8oFM4z$AxTLL9CmlwYdKdlW5JWxNFt4TEVHoCJzi4k/fBqR3Q8=	\N	f	8089666490			TestUser@example.com	f	f	2023-12-05 16:07:07.276167+00
62	pbkdf2_sha256$260000$uuGxe9Wo0mKA5i1QHgSZrd$Hij7q8KqyufmiVALGQTwq9KDZsuL1lngG/BqyayhQlo=	\N	f	8098989898			afsal.pp@talrop.com	f	f	2023-12-05 16:08:30.975301+00
85	pbkdf2_sha256$260000$rrpw6PePugZQVwi07glAyl$Q5p/usH7MfCaHPLCqVVszMwUPfNSogpFSKbhTbG20y4=	\N	f	Afsalpp			afsal.pp@talrop.com	f	t	2024-03-18 08:22:54.647849+00
63	pbkdf2_sha256$260000$Wqpke8IhaIRtJuUWhZSkKP$Lw3xGNwGBZUHqKou+A4XUxAp2iGjfqBzRqTPHnS5pNw=	\N	f	8009098890			afsalpp456@gmail.com	f	f	2023-12-06 04:20:25.580322+00
64	pbkdf2_sha256$260000$avXVnZlLwj4jqzRqu2v3EA$Wt5xWECVx92+7LbRURQ3HV4rli4EMgapkocs+rd+FMg=	\N	f	9898989878			afsalpp456@gmail.com	f	f	2023-12-06 05:00:29.347717+00
71	pbkdf2_sha256$260000$mPzO83t6Di4cMokdPCzwFh$zfPFgwUMOKNKkS36ZKwuSVIa1TVxiTwCLQM8gppCIrk=	\N	f	nishad				f	t	2023-12-19 12:11:54.356453+00
94	pbkdf2_sha256$260000$mGkagreZZsVgb6c3TDIgoy$8P0OlycQY0177QeHU3vwbVXUEBQw0QVF8tS87eJiZaI=	\N	f	chiefe			afsalpp45886@gmail.com	f	t	2024-03-21 11:17:07.190563+00
86	pbkdf2_sha256$260000$evuwmy0ATlhLy8rrO8jHac$2Vvp5hRHKqsEwA5fTQYPJcF/AdcUjKp5dNyZ4RSNYY8=	\N	f	Afsalpppp			afsal.ppp@talrop.com	f	t	2024-03-19 04:56:46.07987+00
87	pbkdf2_sha256$260000$FbkF8RUdf7pKsXsvVfVg0a$sHLdMZrLIaO361JDhGzhag27BBN5ftOf6Hkb3xO0LfI=	\N	f	Afii123			afsal.pap@talrop.com	f	t	2024-03-19 05:10:16.825237+00
65	pbkdf2_sha256$260000$CloW4Y8dWg5zDbxcnWTWc3$LcD4kCAgUfbCyIwHaxHIipcV5DWwP1pd6WWxnwyUjmI=	\N	f	0909090909			afsalpp456@gmail.com	f	f	2023-12-06 10:18:51.202889+00
78	pbkdf2_sha256$260000$uPcPAhpvnrs77NJrHU0MDo$m5OCRLaGqWmXVIIfxcjRDY44jeQHL0lf7peEYFSZle4=	2024-02-24 11:12:24.194717+00	f	8086635277			ummar@tegain.com	f	t	2024-02-24 10:12:26.403345+00
70	pbkdf2_sha256$260000$iDEioq3Ofp7tnk8efPAf7n$3zXAVF0cjotMYxOhLSJDjyrzZvV4dgBMevfjZUaRhuY=	2023-12-26 11:13:34.785344+00	f	noufal				f	t	2023-12-19 12:07:51.812629+00
72	pbkdf2_sha256$260000$k5AXJJhz4GxLdy8Aub4rj2$HHEvO66aX7tsGY+www8Y5c5tcPrFyzx1c9U9TosqgV8=	\N	f	9539496538			aswathygnair99@gmail.com	f	f	2023-12-26 12:20:02.500883+00
73	pbkdf2_sha256$260000$WKvMgsn9Xqh7hwOqafn6vS$deUiZZ8WqUiOD7Srhkc6kBmi/xnuhec78wIkj3wxLFg=	\N	f	9539496545			aswathygnair99@gmail.com	f	f	2023-12-26 12:23:25.87457+00
67	pbkdf2_sha256$260000$a3YTU4XVYv1A4FxUcbAG7l$PJdoAKkHyZpB14T2gfM1ZdkNL/BBevs6x3MGcUF9MUI=	\N	f	7293207753			tester2@example.com	f	f	2023-12-07 10:23:33.335092+00
74	pbkdf2_sha256$260000$NIsBwbwtC3qpmD1jlaKf4e$5g7VYOqVFxXTGRxAV9ULKQtTUjGk4WSC/2ezXmt24bA=	\N	f	6666666600			huytdrse@gmail.com	f	f	2023-12-26 12:26:23.266407+00
75	pbkdf2_sha256$260000$gGCNYZQi6r2jompGcnFUN6$3nB46bUZtW9Ww4559+euiVSWczMuVwPEdQZXV+ExScc=	\N	f	4556576879			ghy@gmail.com	f	f	2023-12-27 05:02:17.600789+00
84	pbkdf2_sha256$260000$of1njn15yynPc66CvuX0wT$pLEjrL2DOKoLvgfkOwInB5ZEjzS6fRIdf5yeKvZKRgA=	\N	f	9086635277			ummar@tegain.com	f	f	2024-03-13 06:17:02.832083+00
79	pbkdf2_sha256$260000$vL8hVoBUZVZMAB2z117B8m$vmn4tXIE9ZFCOAtSm0GEbLNPWDT/qxdmrlEYUFfgT38=	\N	f	9876543210			nabeel@example.com	f	t	2024-02-24 14:00:13.531387+00
80	pbkdf2_sha256$260000$uLIbSlj46pKsQelqewzXhM$HHKCHBN7MSwYvi0DUP8EeSDd72AlrDsuEGJZAUtnPLk=	\N	f	1234567890deleted			nithin@example.com	f	t	2024-03-04 04:03:03.806642+00
88	pbkdf2_sha256$260000$6GrMmmLsYl79wBAyMcd6bL$tF9J6TpHvgAK0RxbcV8v9nrPTkiUFEF838m8suaFoNQ=	\N	f	8089666450			afsal.ppi@talrop.com	f	t	2024-03-19 09:35:13.630285+00
89	pbkdf2_sha256$260000$QoghvmlVLLFmSu4PocdNEO$J+W8TlBRPWj4Y92w7LMSHTgkPda24ksftDcPwBvqWGM=	\N	f	8089668456			afsal.p545p@talrop.com	f	t	2024-03-19 09:40:14.953247+00
90	pbkdf2_sha256$260000$vVWyx9pl99rdXpOFGuoIgu$jMskO/UQX74iAI/d437l7VEIRJewGD8yNSAQmDatgPM=	\N	f	afsalp			afsalpp@gmail.com	f	t	2024-03-19 16:06:31.997785+00
76	pbkdf2_sha256$260000$RZosJTojmB7hMTPrDI1ov9$mKFaurWwk+x2ac8FV97FJmMLoDJORi2bqE3O9ZgXpj0=	\N	f	6876543456			test4@example.com	f	f	2023-12-28 07:27:45.965452+00
91	pbkdf2_sha256$260000$bK8Qp8sB3M66mBdnsMlngr$y/CImRtysefy0is9TuW5SpgTxyNOfYaZvb49THe+ZlA=	\N	f	admin23			afsalpp1@gmail.com	f	t	2024-03-19 16:09:42.219083+00
92	pbkdf2_sha256$260000$T9whrxvwZ2xenrDIRa91J6$jxHS8G4XDn3pyH7j8f7BhUBHnxgx/dplvArra0/3Fh0=	\N	f	salafiyya-admin			afsalpp21@gmail.com	f	t	2024-03-19 16:20:46.34167+00
81	pbkdf2_sha256$260000$Ik60rkJre7HRCinl8Ji8dr$FEl02CR5EQF7zWOOHFcapvTn6i3+PDu+WJv0RRddR/U=	\N	f	3421567895			ghy@gmail.com	f	f	2024-03-12 06:09:10.993908+00
66	pbkdf2_sha256$260000$By5hHe2KxLCla2jvwUvu4x$IxHMRNLoINZGA0vXYQWERaP4FJys/gInr6uvHKAedrM=	\N	f	6789654567			muhammedafsalvr@gmail.com	f	f	2023-12-07 10:19:05.521879+00
\.


--
-- Data for Name: auth_user_groups; Type: TABLE DATA; Schema: public; Owner: nexsme
--

COPY public.auth_user_groups (id, user_id, group_id) FROM stdin;
1	2	6
2	3	5
3	4	1
4	5	1
5	6	1
6	7	1
7	8	1
8	9	1
10	10	1
11	11	1
13	12	1
14	13	2
15	14	4
16	15	4
17	16	5
18	17	1
19	18	1
20	19	1
21	20	1
23	25	1
24	27	1
25	29	1
26	31	1
27	33	1
28	35	1
29	37	1
30	38	1
31	40	1
32	41	1
33	42	1
34	43	1
35	44	1
36	45	1
37	46	1
38	48	1
39	49	2
40	50	1
45	51	1
47	52	1
48	53	1
49	54	1
53	55	1
55	56	1
56	57	1
57	58	1
58	59	1
59	60	1
60	61	1
61	62	1
62	63	1
63	64	1
64	65	1
65	66	1
66	67	1
67	68	2
68	69	2
69	70	2
70	71	2
71	72	1
72	73	1
75	74	1
79	75	1
82	76	1
83	77	2
84	78	1
86	79	4
87	80	4
88	81	1
91	82	1
92	83	1
94	84	1
95	85	6
96	86	7
97	87	5
98	50	4
99	88	4
100	89	4
101	90	6
102	91	6
103	92	6
104	93	1
105	94	5
106	66	4
107	95	6
\.


--
-- Data for Name: auth_user_user_permissions; Type: TABLE DATA; Schema: public; Owner: nexsme
--

COPY public.auth_user_user_permissions (id, user_id, permission_id) FROM stdin;
\.


--
-- Data for Name: customer_bank_account; Type: TABLE DATA; Schema: public; Owner: nexsme
--

COPY public.customer_bank_account (id, date_added, is_deleted, bank_name, account_number, account_holder, swift_code, branch, iban, customer_id) FROM stdin;
\.


--
-- Data for Name: customers_customer; Type: TABLE DATA; Schema: public; Owner: nexsme
--

COPY public.customers_customer (id, auto_id, date_added, date_updated, is_deleted, deleted_reason, name, phone, email, gst_number, country, state, house, building, street, opening_type, opening_balance, current_balance, current_privilege_points, privilege_points, image, is_web_registered, creator_id, updater_id, user_id) FROM stdin;
619b61f4-f632-4148-86b4-a1f96e656084	20	2023-11-03 11:13:43.765184+00	2023-11-03 11:13:43.765204+00	f	\N	guest_0135767868	0135767868	\N	\N	India	Kerala	\N	\N	\N	debit	0.00	0.00	0	0		f	37	37	37
543cbcea-12ba-4c58-b14a-9bcdb0faf132	21	2023-11-03 11:14:52.931192+00	2023-11-03 11:14:52.931222+00	f	\N	guest_0135767855	0135767855	\N	\N	India	Kerala	\N	\N	\N	debit	0.00	0.00	0	0		f	38	38	38
7f00751d-9bd9-446e-9640-0ffa1cd47e54	22	2023-11-03 11:15:54.786758+00	2023-11-03 11:15:54.786781+00	f	\N	guest_4878787878	4878787878	\N	\N	India	Kerala	\N	\N	\N	debit	0.00	0.00	0	0		f	40	40	40
659891cf-85aa-4a28-9009-92e7ecc22451	4	2023-10-21 09:50:07.50658+00	2023-10-25 06:30:31.48693+00	f	\N	Noufal MN	8301887655	noufalmn@example.com	\N	India	Kerala	\N	\N	\N	debit	0.00	0.00	0	0	customers/images/wallpaperflare.com_wallpaper_11.jpg	t	7	7	7
be914bf6-e1e7-4cb4-b79d-c0f1cfb4526d	48	2023-12-07 10:23:33.441701+00	2023-12-07 10:23:33.441725+00	f	\N	afsal	7293207753	tester2@example.com	\N	India	Kerala	\N	\N	\N	debit	0.00	0.00	0	0		t	67	67	67
3f0df90d-514c-4035-a062-f2b982234019	23	2023-11-03 11:18:40.151717+00	2023-11-03 11:18:40.151738+00	f	\N	ssssisthe	0000000222	ss#fa@aa.com	\N	India	Kerala	\N	\N	\N	debit	0.00	0.00	0	0		f	41	41	41
ccdaf582-dd2b-4726-b01d-057f88df6d19	10	2023-10-30 12:12:42.502286+00	2023-10-30 12:12:42.502315+00	f	\N	Nexsme	7594877777	test2@example.com	\N	India	Kerala	\N	\N	\N	debit	0.00	0.00	0	0		t	12	12	12
9ee7f819-d30d-40b5-bdb1-afe8f819c84d	24	2023-11-03 11:21:12.722025+00	2023-11-03 11:21:12.722048+00	f	\N	guest_9179792787	9179792787	\N	\N	India	Kerala	\N	\N	\N	debit	0.00	0.00	0	0		f	42	42	42
927ffa63-cb90-4f36-81df-f79f63bbdf1f	11	2023-11-02 12:44:44.884557+00	2023-11-02 12:44:44.884587+00	f	\N	RIYAS	9745212222	vvv@gmail.com	\N	India	Kerala	\N	\N	\N	debit	0.00	0.00	0	0		t	17	17	17
628e915f-00ea-45ee-9deb-00f711232e11	25	2023-11-03 11:24:55.153987+00	2023-11-03 11:24:55.154011+00	f	\N	guest_8878787003	8878787003	\N	\N	India	Kerala	\N	\N	\N	debit	0.00	0.00	0	0		f	43	43	43
7497e9ca-96a3-482b-b065-87abd95953d9	26	2023-11-03 11:27:09.235483+00	2023-11-03 11:27:09.235505+00	f	\N	guest_4758784512	4758784512	\N	\N	India	Kerala	\N	\N	\N	debit	0.00	0.00	0	0		f	44	44	44
87732a3e-ea60-4613-bba0-9cb18255fba8	27	2023-11-03 11:33:10.381607+00	2023-11-03 11:33:10.381647+00	f	\N	guest_8585858544	8585858544	\N	\N	India	Kerala	\N	\N	\N	debit	0.00	0.00	0	0		f	45	45	45
12a33090-3ea4-422f-b2ce-e3fb52ef82bc	28	2023-11-03 11:34:29.433667+00	2023-11-03 11:34:29.433692+00	f	\N	guest_5678909876	5678909876	\N	\N	India	Kerala	\N	\N	\N	debit	0.00	0.00	0	0		f	46	46	46
000119c4-957d-4435-9424-fd3fa83f17f7	15	2023-11-03 08:44:07.464104+00	2023-11-03 08:44:07.464134+00	f	\N	Faisal	9207846990	faisal@example.com	\N	India	Kerala	\N	\N	\N	debit	0.00	0.00	0	0		t	20	20	20
74d37141-27f3-4e70-bf44-4f23a02d1235	7	2023-10-30 10:56:39.251428+00	2023-10-30 10:56:39.251454+00	f	\N	Test	7594833333	onaiza@example.com	\N	India	Kerala	\N	\N	\N	debit	0.00	0.00	0	0		t	9	9	9
76ef9fca-6c5e-4d32-a5a1-559afc6bf709	37	2023-12-02 06:32:57.689767+00	2023-12-02 06:32:57.689786+00	f	\N	Test	0000000000	test4@example.com	\N	India	Kerala	\N	\N	\N	debit	0.00	0.00	0	0		t	56	56	56
4c7ad875-7a36-4427-b763-87c5dd7b412e	17	2023-11-03 11:04:28.685994+00	2023-11-03 11:04:28.686021+00	f	\N	guest_9961315467	9961315467	\N	\N	India	Kerala	\N	\N	\N	debit	0.00	0.00	0	0		f	31	31	31
f2bb8ef7-4efa-4d90-94a5-9c1fd6a1d179	18	2023-11-03 11:07:35.345159+00	2023-11-03 11:07:35.345183+00	f	\N	guest_5656565656	5656565656	\N	\N	India	Kerala	\N	\N	\N	debit	0.00	0.00	0	0		f	33	33	33
e2bf8aab-8624-4ec7-a01a-42fda40ce3a7	19	2023-11-03 11:12:05.974391+00	2023-11-03 11:12:05.974412+00	f	\N	guest_8787456467	8787456467	\N	\N	India	Kerala	\N	\N	\N	debit	0.00	0.00	0	0		f	35	35	35
3b8b97eb-fd4b-4044-80ce-16ff8e2df9a3	31	2023-11-30 04:18:44.423606+00	2023-11-30 04:18:44.42363+00	f	\N	afsalpp	8089666456	afsalpp456@gmail.com	\N	India	Kerala	\N	\N	\N	debit	0.00	0.00	0	0		t	50	50	50
46c39d3d-3947-4bb4-bb51-7a54ab2a5135	32	2023-11-30 04:48:18.375175+00	2023-11-30 04:48:18.375198+00	f	\N	sahal	8606876276	afsalpp456@gmail.com	\N	India	Kerala	\N	\N	\N	debit	0.00	0.00	0	0		t	51	51	51
80fe049b-8bef-43f9-ae52-3c1c6beffbf9	33	2023-11-30 04:51:17.434883+00	2023-11-30 04:51:17.434905+00	f	\N	sahal	8606876278	afsalpp456@gmail.com	\N	India	Kerala	\N	\N	\N	debit	0.00	0.00	0	0		t	52	52	52
48f7bab5-a58a-4c0d-9b62-751302247531	29	2023-11-03 11:50:45.212282+00	2023-11-03 11:50:45.212304+00	f	\N	guest_9746637811	9746637811	\N	\N	India	Kerala	\N	\N	\N	debit	0.00	0.00	0	0		f	8	8	8
0cef6681-e323-4dc7-92f0-618eb37566fb	38	2023-12-02 06:34:00.864914+00	2023-12-02 06:34:00.864942+00	f	\N	Aman	7594800000	aman@example.com	\N	India	Kerala	\N	\N	\N	debit	0.00	0.00	0	0		t	57	57	57
4a1173a3-f640-40ec-a8fb-82e20e02ee28	39	2023-12-02 15:50:59.702409+00	2023-12-02 15:50:59.70243+00	f	\N	raam	8089666422	safw@gmail.com	\N	India	Kerala	\N	\N	\N	debit	0.00	0.00	0	0		t	58	58	58
086a190d-1aaa-4674-8bf7-3fe4f0dee29c	40	2023-12-02 16:01:10.550902+00	2023-12-02 16:01:10.550925+00	f	\N	afsalpp	9898098978	TestUser@Example.com	\N	India	Kerala	\N	\N	\N	debit	0.00	0.00	0	0		t	59	59	59
e5b0046b-dddf-4966-8e5d-2f33519a63bc	41	2023-12-02 16:09:32.89117+00	2023-12-02 16:09:32.891196+00	f	\N	afsalpp	6767686786	TestUser@Example.com	\N	India	Kerala	\N	\N	\N	debit	0.00	0.00	0	0		t	60	60	60
1b2991f9-3a4d-43b0-a2b4-ba9cf4e90fd0	34	2023-11-30 07:03:40.175888+00	2023-11-30 07:03:40.175919+00	f	\N	llllllllllllllllllllllllllllllllllllllllllllllllllllll	1111111111	aman@example.com	\N	India	Kerala	\N	\N	\N	debit	0.00	0.00	0	0		t	53	53	53
08d82371-0ee0-4a70-9fcc-0e65d9c04f34	30	2023-11-29 11:59:10.325663+00	2023-11-29 11:59:10.325687+00	f	\N	afsalpp	8089666444	afsalpp456@gmail.com	\N	India	Kerala	\N	\N	\N	debit	0.00	0.00	0	0		t	48	48	48
2e7e0417-2b58-4d2d-8ea9-172a5a1b28a9	42	2023-12-05 16:07:07.373758+00	2023-12-05 16:07:07.373781+00	f	\N	afsalpp	8089666490	TestUser@Example.com	\N	India	Kerala	\N	\N	\N	debit	0.00	0.00	0	0		t	61	61	61
c2557473-50c0-4670-8b2f-0dbfc3ff6fbf	43	2023-12-05 16:08:31.074555+00	2023-12-05 16:08:31.074577+00	f	\N	afsalpp	8098989898	afsal.pp@talrop.com	\N	India	Kerala	\N	\N	\N	debit	0.00	0.00	0	0		t	62	62	62
43bc1dca-dc4f-4637-b09d-89ad961fbf32	44	2023-12-06 04:20:25.676715+00	2023-12-06 04:20:25.676746+00	f	\N	afsalpp	8009098890	afsalpp456@gmail.com	\N	India	Kerala	\N	\N	\N	debit	0.00	0.00	0	0		t	63	63	63
68567734-4694-4bbe-81e8-44dd72a2431c	35	2023-12-01 06:19:56.757207+00	2023-12-01 06:19:56.757231+00	f	\N	afsalpp	8891660756	TestUser@Example.com	\N	India	Kerala	\N	\N	\N	debit	0.00	0.00	0	0		t	54	54	54
78c6a604-1e5c-4dc3-af42-4be7b6ed1296	45	2023-12-06 05:00:29.453879+00	2023-12-06 05:00:29.453903+00	f	\N	afsalpp	9898989878	afsalpp456@gmail.com	\N	India	Kerala	\N	\N	\N	debit	0.00	0.00	0	0		t	64	64	64
eeabf83c-5115-4f47-b5e7-2a8a994cc250	46	2023-12-06 10:18:51.302121+00	2023-12-06 10:18:51.302145+00	f	\N	afsalpp	0909090909	afsalpp456@gmail.com	\N	India	Kerala	\N	\N	\N	debit	0.00	0.00	0	0		t	65	65	65
52befd26-a4e2-45aa-a2d0-81c4e1c234b6	47	2023-12-07 10:19:05.648331+00	2023-12-07 10:19:05.648362+00	f	\N	Afsal	6789654567	muhammedafsalvr@gmail.com	\N	India	Kerala	\N	\N	\N	debit	0.00	0.00	0	0		t	66	66	66
557a35e1-a670-4a30-a05a-b1e84e4d0500	50	2023-12-26 12:23:25.977957+00	2023-12-26 12:23:25.977982+00	f	\N	ASWATHY	9539496545	aswathygnair99@gmail.com	\N	India	Kerala	\N	\N	\N	debit	0.00	0.00	0	0		t	73	73	73
ffbe9b8b-8ce7-4eab-8246-339b54543006	53	2023-12-28 07:27:46.082512+00	2023-12-28 07:27:46.082548+00	f	\N	Nexsme	6876543456	test4@example.com	\N	India	Kerala	\N	\N	\N	debit	0.00	0.00	0	0		t	76	76	76
93e66563-3ad2-4a4b-84cd-2b8987266fcf	36	2023-12-02 06:06:35.970601+00	2023-12-02 06:06:35.970627+00	f	\N	uyh	6666666666	test4@example.com	\N	India	Kerala	\N	\N	\N	debit	0.00	0.00	0	0		t	55	55	55
4dac5c32-d3b3-4eab-b78f-e8fec036dd93	51	2023-12-26 12:26:23.365915+00	2023-12-26 12:26:23.365939+00	f	\N	uyh	6666666600	huytdrse@gmail.com	\N	India	Kerala	\N	\N	\N	debit	0.00	0.00	0	0		t	74	74	74
1350d049-27cf-4cdc-923b-3d07e1b02a1a	52	2023-12-27 05:02:17.737746+00	2023-12-27 05:02:17.737777+00	f	\N	asws	4556576879	ghy@gmail.com	\N	India	Kerala	\N	\N	\N	debit	0.00	0.00	0	0		t	75	75	75
a6ab55f6-cb39-4293-8fbc-71f3f2d19506	49	2023-12-26 12:20:02.615201+00	2023-12-26 12:20:02.615232+00	f	\N	aswathy	9539496538	aswathygnair99@gmail.com	\N	India	Kerala	\N	\N	\N	debit	0.00	0.00	0	0		t	72	72	72
fdf363b3-f151-4ed5-ba74-392734abfc91	54	2024-02-24 10:12:26.510555+00	2024-02-24 11:14:14.143295+00	f	\N	ummar	8086635277	ummar@tegain.com	\N	India	Kerala	\N	\N	\N	debit	0.00	0.00	0	0		t	78	78	78
6d1ee4df-5327-47c7-8087-80dfbf0a20ae	1	2023-10-19 08:52:13.921674+00	2023-10-19 08:52:13.921697+00	t	Test	guest_65432100	65432100	\N	\N	India	Kerala	\N	\N	\N	debit	0.00	0.00	0	0		f	4	4	4
65eafbb1-7f09-496d-a0af-9d8e8980ff37	2	2023-10-20 09:52:27.677967+00	2023-10-20 09:52:27.677988+00	t	Test	Test	75948180	test@example.com	\N	India	Kerala	\N	\N	\N	debit	0.00	0.00	0	0		t	5	5	5
0d2c08f4-e368-4261-b40d-9af6a2dd03b6	3	2023-10-21 07:28:18.770447+00	2023-10-21 07:28:18.770483+00	t	Test	Martin	75948165	martin@example.com	\N	India	Kerala	\N	\N	\N	debit	0.00	0.00	0	0		t	6	6	6
6e64cf57-8473-4c07-8a0a-91e9bef3acc1	6	2023-10-27 05:38:58.628986+00	2024-03-22 05:34:46.697932+00	t	Test	Default Customer	8089666412	afsal.pp@talrop.com	\N	India	Kerala	ad	\N	\N	debit	0.00	0.00	0	0		f	1	1	\N
d1b286a7-2861-4ce1-8401-a9c1837bf3a1	8	2023-10-30 10:58:00.536151+00	2023-11-02 09:28:06.767566+00	f	\N	Aman	7594822222	test4@example.com	\N	India	Delhi	\N	\N	\N	debit	0.00	0.00	0	0		f	10	1	10
1e94098d-6f42-4b49-9eaf-4962d516ae90	55	2024-03-12 06:09:11.108285+00	2024-03-12 06:09:11.108318+00	f	\N	asws	3421567895	ghy@gmail.com	\N	India	Kerala	\N	\N	\N	debit	0.00	0.00	0	0		t	81	81	81
3a7a1f47-994a-4863-aa28-345d1ef572e6	56	2024-03-12 07:08:31.27136+00	2024-03-12 07:08:31.271391+00	f	\N	tuhhgeeeeeeeeeeeeeeeeeeeeeeeeeeeeeeeeeeeeeeeeeeeee	9898988888	558978	\N	India	Kerala	\N	\N	\N	debit	0.00	0.00	0	0		t	82	82	82
d89238ad-4d8a-4057-9041-7d9f9c6c5996	58	2024-03-13 06:17:02.95491+00	2024-03-13 06:17:02.954949+00	f	\N	ummar	9086635277	ummar@tegain.com	\N	India	Kerala	\N	\N	\N	debit	0.00	0.00	0	0		t	84	84	84
cb0df2dd-bc04-4601-8bc5-163ddc1b47df	16	2023-11-03 08:48:13.242847+00	2024-03-14 07:21:27.457075+00	f	\N	Aman M Niyas	8765432100	test100@example.com	\N	India	Kerala	\N	\N	\N	debit	0.00	0.00	0	0	customers/images/IMG_20230923_224633.png	f	19	19	19
8ce6d203-d063-4874-a142-a6f3e705143f	59	2024-03-19 09:07:22.186527+00	2024-03-19 09:07:22.186553+00	f	\N	afsalpp	8089666455	afsal.ppe@talrop.com	\N	India	KERALA	test	Test	Pallikandam Road	debit	0.00	0.00	0	0		f	1	1	\N
55f51367-b597-4cf0-bfe5-8014160b1a30	60	2024-03-19 09:15:47.627734+00	2024-03-19 09:15:47.627766+00	f	\N	Afsal	8089666909	afsal.pp@talrop12.com	\N	India	Kerala	test	\N	\N	debit	0.00	0.00	0	0		f	1	1	\N
c5b1ee84-7c7f-4d3b-a0da-25120aebc3f4	61	2024-03-20 05:54:23.94196+00	2024-03-20 05:54:23.941992+00	f	\N	test	9898798798	\N	\N	India	Kerala	\N	\N	\N	debit	0.00	0.00	0	0		f	1	1	\N
e7971bc5-44d0-4675-84bc-980e714e015e	62	2024-03-20 06:44:20.124669+00	2024-03-20 06:44:20.124695+00	f	\N	test	8789789797	test@gmail.com	\N	India	Kerala	\N	\N	\N	debit	0.00	0.00	0	0		t	93	93	93
cbb30350-9ee7-476e-86eb-d6ed9d1f56be	63	2024-03-20 06:44:28.153075+00	2024-03-20 06:44:28.153103+00	f	\N	afsalpp	8089666406	afsalpp4560@gmail.com	\N	India	KERALA	test	Test	Pallikandam Road	debit	0.00	0.00	0	0		f	1	1	\N
e2743743-c79f-437c-aa7d-23ba6d998c8d	64	2024-03-22 05:28:01.866254+00	2024-03-22 05:28:01.86629+00	f	\N	afsalpp	8089666496	afsal.pp55@talrop.com	\N	India	KERALA	test	Test	Pallikandam Road	debit	0.00	0.00	0	0		f	1	1	\N
bbc44b5b-6308-437c-83d9-84729ca3fee7	57	2024-03-13 04:17:24.587912+00	2024-03-13 04:17:24.587975+00	t	yes	vgfgfghhghg	9188030718	test@gmail.com	\N	India	Kerala	\N	\N	\N	debit	0.00	0.00	0	0		t	83	83	83
b966e33c-8d6d-495b-a935-bd29bb6433dc	9	2023-10-30 12:07:44.922405+00	2023-10-30 12:07:44.922426+00	f	\N	Aman	7654324635	test@example.com	\N	India	Kerala	\N	\N	\N	debit	0.00	0.00	0	0		t	11	11	11
\.


--
-- Data for Name: customers_customeraddress; Type: TABLE DATA; Schema: public; Owner: nexsme
--

COPY public.customers_customeraddress (id, date_added, is_deleted, address_type, name, phone, email, house_name, street, city, landmark, state, is_default, customer_id, location_id, zone_id) FROM stdin;
11e92ff4-6b8f-4207-8db1-2df1f9e0fc65	2023-10-20 10:03:50.534411+00	t	10	Afsal	8089666456	\N	bhjbjjnjnjnjjhukhjhjhghjgjgjghjghjghj	jhjjhjhjhjhjhjhjhjhjkhjkhjkhj           huujkhuukjhjjhkjhjkhjhjjhjkhkjhkjhjkhjhjhjhjhjhjhjkhhuhuhuhuihuihuhuhuihuhuhuhuhuhuhuhuhuhuihuihuhuihuihuhuhuh	\N	ghyghjghjghjghjghgghghjghjghghghjghjgh	\N	f	6d1ee4df-5327-47c7-8087-80dfbf0a20ae	afe46437-0647-497f-b8ad-6b24e1bbf897	240
6f91871c-e80e-4fe4-8a4c-2daba9047f34	2023-10-20 10:05:29.700197+00	t	10	afsalpp	8089666456	\N	12	Pallikandam Road	\N	21	\N	f	6d1ee4df-5327-47c7-8087-80dfbf0a20ae	afe46437-0647-497f-b8ad-6b24e1bbf897	1
1452d395-c273-4cee-ba35-452d01f5d85b	2023-10-20 10:15:36.936132+00	t	10	afsalpp	8089666456	afs2@gmail.com	CHERUVATHUR	CHERUVATHUR	\N	21	\N	f	6d1ee4df-5327-47c7-8087-80dfbf0a20ae	515443cb-5d38-4f9f-8b75-418790a0e452	3
f30709bf-d2d1-44d3-8c44-c722fbd98f1e	2023-10-25 04:13:03.288809+00	t	10	afsalppppp	8089666456	afsal.pp@talrop.com	12	123	\N	21	\N	f	6d1ee4df-5327-47c7-8087-80dfbf0a20ae	e65fdccb-f8e7-4e3d-a047-fd446b317c81	1
94185977-6058-4c6c-9e15-67b66df807cc	2023-10-25 15:51:30.786156+00	t	10	jjthtjnjnjnjnjbbbbbbbbbbbbbbbbbbbbbbbbbbbbbbbbbbbbbbbbbb	8089666456	afsal.pp@talrop.com	Pallikandam Road	Pallikandam Road	\N	dcd	\N	f	6d1ee4df-5327-47c7-8087-80dfbf0a20ae	1f756e58-80f7-436e-b2e7-ae1d5ca00002	1
3148a06b-4265-453e-af75-3bc4ca205a4e	2023-10-20 10:17:34.497677+00	t	10	afsalpp	8089666456	afsal.pp@talrop.com	CHERUVATHUR	2	\N	21	\N	f	6d1ee4df-5327-47c7-8087-80dfbf0a20ae	afe46437-0647-497f-b8ad-6b24e1bbf897	1
1949134a-cbcf-4fe6-854e-a65aaa5d1f64	2023-10-20 09:32:27.344525+00	t	10	45$%&*(+67887777778+)	#$%6*(fbfb	\N	Pallikandam Road	Pallikandam Road	\N	dcd	\N	f	6d1ee4df-5327-47c7-8087-80dfbf0a20ae	35f42ab6-739d-4e05-b1ae-92291cb2daf2	1
ce8f93cb-b5a1-4329-a5c9-af15c79db17a	2023-10-25 06:26:53.899584+00	t	10	Chase Kroll	9539291026	ashin@example.com	144/18010	Petercelly Street	\N	76543	\N	t	659891cf-85aa-4a28-9009-92e7ecc22451	e8e4e827-8455-43be-920b-31d7940d5f55	1
ec9503e9-3136-4ce7-8646-436c226d7ea7	2023-10-25 15:46:55.521489+00	t	10	afsalpp	8089666456	afsal.pp@talrop.com	Pallikandam Road	Pallikandam Road	\N	dcd	\N	f	6d1ee4df-5327-47c7-8087-80dfbf0a20ae	a8540006-8afa-442d-be2a-fb0d246a1415	1
cab4b148-e607-4c68-8199-58bbfec5eed4	2023-10-27 05:26:58.240227+00	t	10	afsalpp	8089666456	afsal.pp@talrop.com	CHERUVATHUR	Pallikandam Road	\N	ghyghjghjghjghjghgghghjghjghghghjghjgh	\N	f	6d1ee4df-5327-47c7-8087-80dfbf0a20ae	afe46437-0647-497f-b8ad-6b24e1bbf897	2
93e6de63-839d-486c-9bdf-42a9872eee08	2023-11-25 10:32:58.34715+00	t	10	Safwana	9846100100	example@example.com	13/10	marad	\N	12223	Kerala	f	cb0df2dd-bc04-4601-8bc5-163ddc1b47df	a99568f0-0cdb-494a-b39d-ba8294f32e85	2741
5cd584c2-a8c0-49e1-88cd-aa1af7b32731	2023-10-26 15:20:36.400193+00	t	10	afsalpp	8089666456	afsal.pp@talrop.com	Pallikandam Road	Pallikandam Road	\N	cheruvathur	\N	f	6d1ee4df-5327-47c7-8087-80dfbf0a20ae	afe46437-0647-497f-b8ad-6b24e1bbf897	1
1ff3fce5-7e2f-4014-9d78-3e696f2bf7ef	2023-10-25 15:49:34.891872+00	t	10	afifa1256	8089666456	afsal.pp@talrop.com	Pallikandam Road	Pallikandam Road	\N	dcd	\N	f	6d1ee4df-5327-47c7-8087-80dfbf0a20ae	82965d1f-ffec-4c39-a207-ffafdae4cf19	1
489db260-3142-4bf6-94f0-5f41a8520be5	2023-10-26 04:51:39.855288+00	t	10	TestAfi	8089666456	afsal.pp@talrop.com	Kottappuram	Pallikandam Road	\N	dcdc	\N	f	6d1ee4df-5327-47c7-8087-80dfbf0a20ae	64c7790a-77f8-48ea-b6ff-37d1dc52d8a4	1
262c44fb-8f96-4d89-90a8-280071a41387	2023-10-27 05:22:16.380657+00	t	10	afsalpp	8089666456	afsalpp456@gmail.com	CHERUVATHUR	Pallikandam Road	\N	dcdc	\N	f	6d1ee4df-5327-47c7-8087-80dfbf0a20ae	37ee0256-ff75-4363-b507-e44906c8cede	1
88590a04-34e2-4247-adb8-750550073186	2023-10-26 12:02:47.496639+00	t	10	Ken Gibbs	9539291024	ken@example.com	144/18010	Baker Street	\N	1401	\N	f	6d1ee4df-5327-47c7-8087-80dfbf0a20ae	e8e4e827-8455-43be-920b-31d7940d5f55	1
17c2cb80-7419-49be-9742-659b6f7b0cf9	2023-10-26 11:59:22.49929+00	t	10	Ken Gibbs	9539291020	ken@example.com	144/18010	Baker Street	\N	1401	\N	f	6d1ee4df-5327-47c7-8087-80dfbf0a20ae	ab55b65e-f092-4236-bb66-dafb2bc4b6f8	1
938c95a6-a69d-4cce-b1bf-fa5601effdac	2023-10-26 15:54:21.456856+00	t	10	afsalpp	8089666456	afsal.pp@talrop.com	Pallikandam Road	Pallikandam Road	\N	dcdc	\N	f	6d1ee4df-5327-47c7-8087-80dfbf0a20ae	afe46437-0647-497f-b8ad-6b24e1bbf897	1
7a45482f-3f2e-4960-8c10-205d1ec7bc01	2023-10-27 05:09:18.072008+00	t	20	afsalpp	8089666456	afsalpp456@gmail.com	Pallikandam Road	CHERUVATHUR	\N	21	\N	f	6d1ee4df-5327-47c7-8087-80dfbf0a20ae	9cb3e5eb-95de-4fe9-a5d9-8d8faa595db7	1
0c90de22-b3c5-4f91-9e91-87902532bc2a	2023-10-26 15:13:58.761975+00	t	10	afsalpp	8089666456	afsal.pp@talrop.com	Pallikandam Road	Pallikandam Road	\N	dcd	\N	f	6d1ee4df-5327-47c7-8087-80dfbf0a20ae	afe46437-0647-497f-b8ad-6b24e1bbf897	1
f2fdf8b8-c4e3-4474-92c9-f92036f058b8	2023-10-27 16:10:43.367982+00	t	10	afsalpp	8089666456	\N	Pallikandam Road	Pallikandam Road	\N	dcdc	\N	f	6d1ee4df-5327-47c7-8087-80dfbf0a20ae	1cd9ec18-7463-4927-8aa7-7692b51c80b6	1
3389cd51-8188-4d93-8d71-a73fab003c34	2023-10-26 16:40:23.101391+00	t	20	Afsal	8089666456	afsalpp456@gmail.com	1#	12	\N	12	\N	f	6d1ee4df-5327-47c7-8087-80dfbf0a20ae	9cb3e5eb-95de-4fe9-a5d9-8d8faa595db7	1
5d69b4bd-148f-42b2-8f73-6f54e115f0d1	2023-10-27 05:04:03.071366+00	t	20	afsalpp	8089666456	afsalpp456@gmail.com	Pallikandam Road	Kottappuram	\N	21	\N	f	6d1ee4df-5327-47c7-8087-80dfbf0a20ae	afe46437-0647-497f-b8ad-6b24e1bbf897	1
6d414392-d1a8-431c-a6e5-bb7c14ceb4d8	2023-10-27 05:17:20.573905+00	t	10	afsalpp	8089666456	afsal.pp@talrop.com	Pallikandam Road	CHERUVATHUR	\N	ghyghjghjghjghjghgghghjghjghghghjghjgh	\N	f	6d1ee4df-5327-47c7-8087-80dfbf0a20ae	afe46437-0647-497f-b8ad-6b24e1bbf897	1
84ad2d94-f9c1-486b-be9a-e5f3059b7588	2023-10-27 05:20:38.487457+00	t	10	afsalpp	8089666456	afsalpp456@gmail.com	Pallikandam Road	Pallikandam Road	\N	dcd	\N	f	6d1ee4df-5327-47c7-8087-80dfbf0a20ae	afe46437-0647-497f-b8ad-6b24e1bbf897	1
7bb7f0a7-2371-49d8-a335-3949f8f49a2b	2023-11-03 13:32:30.24025+00	f	10	Aman	7654324635	test@example.com	14/12833	432	\N	567	\N	f	b966e33c-8d6d-495b-a935-bd29bb6433dc	ab55b65e-f092-4236-bb66-dafb2bc4b6f8	2
f37f1c1e-0510-4adf-8c7c-e06c516cd3a2	2023-11-03 05:23:43.337893+00	f	10	Nexsme	7594877777	test2@example.com	12/4573 A	1012	\N	1401	\N	f	ccdaf582-dd2b-4726-b01d-057f88df6d19	141e77b6-4494-46a2-aa0b-89135d4f1543	1
80df709f-a284-4c01-b119-ace6ea3e1922	2023-10-28 06:53:17.73161+00	t	20	Nikhil Antony	9744099520	nikhil@gmail.com	13/1033	marad lane	\N	12223	\N	f	6d1ee4df-5327-47c7-8087-80dfbf0a20ae	e8e4e827-8455-43be-920b-31d7940d5f55	3
427fd1ab-ffa0-4a01-89fc-13251afd8f1f	2023-11-03 10:31:23.43247+00	t	10	Harrisonbbjjkkllllmdnkdldndkdksksksksm	7809876545	ford@example.com	Harri	Ford	\N	Santa Cruz Basilica	Kerala	f	cb0df2dd-bc04-4601-8bc5-163ddc1b47df	e8e4e827-8455-43be-920b-31d7940d5f55	2741
f5f5c0f5-7d03-4f69-8391-a05cdc57af69	2023-11-03 12:00:58.673337+00	f	20	jas	1525698755	\N	44	66	\N	\N	\N	t	48f7bab5-a58a-4c0d-9b62-751302247531	e8e4e827-8455-43be-920b-31d7940d5f55	1
4c586b14-5d0b-4837-a581-04e4f4d614f0	2023-11-06 06:55:35.239913+00	f	10	afsal	7293207753	nikil@example.com	13/1033	marad lane	\N	12223	\N	t	6d1ee4df-5327-47c7-8087-80dfbf0a20ae	3b3cd727-2f1e-4e72-a3af-92f1c0b1b120	1
415fde82-3531-47f9-88c6-07d0a07b03fd	2023-11-04 08:48:17.949242+00	t	10	aman	7293207753	muhammedafsalvr@gmail.com	13/1033	marad lane	\N	12223	\N	f	6d1ee4df-5327-47c7-8087-80dfbf0a20ae	f885a9ab-bcf3-4322-ae24-921eda73dbe9	1
a0972293-7713-4c68-860d-223e06c67aa3	2023-11-08 13:36:32.256146+00	t	10	Jas	9746666666	\N	22	44	\N	\N	\N	f	cb0df2dd-bc04-4601-8bc5-163ddc1b47df	92afd23d-ca19-4c22-8146-274719467c49	1
eaeedf1b-4037-4502-91c7-3f90960fd3bb	2023-11-11 12:16:35.686331+00	t	10	John Doe	9886445777	johndoe@example.com	John Doe Villa	Petercelly Street	\N	Nexsme Super Market	Kerala	f	cb0df2dd-bc04-4601-8bc5-163ddc1b47df	ab55b65e-f092-4236-bb66-dafb2bc4b6f8	1
b8260b27-cc25-4300-9991-a663fb675cb3	2023-11-27 08:58:02.92457+00	t	10	Vava Suresh	9207846227	example@example.com	13/1033	mittai theruvu	\N	12223	Kerala	f	cb0df2dd-bc04-4601-8bc5-163ddc1b47df	ab55b65e-f092-4236-bb66-dafb2bc4b6f8	1
67995eca-fcf9-4562-98dd-b9f078e2fb38	2023-11-22 06:56:59.010478+00	t	10	kannan	9846100234	example@example.com	nsra 36	kawdiar	\N	mla hostel	Kerala	f	cb0df2dd-bc04-4601-8bc5-163ddc1b47df	a18bc490-0558-4a7e-ab9c-4550e95a2a23	4786
a3eb62da-6805-4849-81b2-bb9853be2ad1	2023-11-30 15:11:26.399005+00	t	10	afsalpp	8089666456	afsal.pp@talrop.com	Pallikandam Road	Pallikandam Road	\N	dcd	KERALA	f	cb0df2dd-bc04-4601-8bc5-163ddc1b47df	afe46437-0647-497f-b8ad-6b24e1bbf897	1
ca332a61-a103-475b-bfe6-edb5ea91b533	2023-12-01 10:16:09.340667+00	t	10	afsalpp	8089666456	afsalpp456@gmail.com	Pallikandam Road	Kottappuram	\N	dcdc	KERALA	f	cb0df2dd-bc04-4601-8bc5-163ddc1b47df	afe46437-0647-497f-b8ad-6b24e1bbf897	1
e2b64b74-8b1b-4cee-bece-24e8abde7413	2023-12-02 16:46:30.299684+00	t	20	afsal	8089666456	afsal.pp@talrop.com	Pallikandam Road	Pallikandam Road	\N	cheruvathur	KERALA	f	cb0df2dd-bc04-4601-8bc5-163ddc1b47df	2fa777b7-90ab-4afd-ab08-23b34475f528	1
8224d51d-5de4-4ce7-909c-2ad4b3290a74	2023-11-09 05:33:25.651242+00	t	10	Jasd	5555555555	\N	44	66	\N	\N	\N	f	cb0df2dd-bc04-4601-8bc5-163ddc1b47df	1b63420b-0d15-47cf-a07f-57e30a5dc92b	1
2c41c17f-e2ea-4e61-bcd2-d66042084968	2023-12-02 04:49:04.866438+00	t	10	afsalpp	8089666456	afsal.pp@talrop.com	Fathima manzil	Pallikandam Road	\N	cheruvathur	KERALA	f	cb0df2dd-bc04-4601-8bc5-163ddc1b47df	afe46437-0647-497f-b8ad-6b24e1bbf897	1
10acf346-35df-4de7-9891-33bd9df479af	2023-11-30 09:31:43.939658+00	t	10	Afsalpppppp	8089666456	Afsalpp456@gmail.com	Fathima manzil	Bsjs	\N	Cheruvathur	Kerala	f	cb0df2dd-bc04-4601-8bc5-163ddc1b47df	72bbbf54-59c9-46db-83ca-705bd9c32b2a	7
5741d281-9e2e-445c-910c-b523579a91bb	2023-11-07 10:26:56.201881+00	t	10	Jaswin	9999999999	\N	88	99	\N	\N	\N	f	cb0df2dd-bc04-4601-8bc5-163ddc1b47df	1aebea0d-e264-4b7c-ba71-f1827ef621a6	373
7eae1b39-c998-4642-a187-081d8ec99b09	2023-11-30 14:57:41.828337+00	t	10	Aman M Niyas	8765432100	cibise1455@exirinc.com	Mallappilly House	Thevanjery Lane	\N	Salafi Juma masjid	Kerala	f	cb0df2dd-bc04-4601-8bc5-163ddc1b47df	c4290b30-7b1f-413d-a9ea-0df87c0285a9	2
4a2e4b58-b16f-45b7-83eb-e5708ec5e82d	2023-11-30 06:35:48.202438+00	t	10	jjbhfbvh	8089666456	nvnf@gmail.com	Pallikandam Road	Pallikandam Road	\N	dcdc	KERALA	f	cb0df2dd-bc04-4601-8bc5-163ddc1b47df	f89c315c-eed0-4a15-a64f-f54eef158006	2
907321f9-599e-4ddf-a62e-b33bd802b13d	2023-11-28 09:20:31.714869+00	t	20	Chase Kroll	9999567843	test4@example.com	Test Villa	Street name	\N	Test Landmark	Kerala	f	cb0df2dd-bc04-4601-8bc5-163ddc1b47df	ab55b65e-f092-4236-bb66-dafb2bc4b6f8	1
bfe60b86-8b65-413e-a88f-d9c80a3efd05	2023-11-30 05:37:37.67697+00	t	10	afsalpp	8089666456	afsalpp456@gmail.com	Pallikandam Road	Pallikandam Road	\N	cheruvathur	KERALA	f	cb0df2dd-bc04-4601-8bc5-163ddc1b47df	e461ca1a-67ec-4876-b959-58315bd2d939	628
0ebbf19a-0550-44b7-b46d-5bcdf3778551	2023-12-01 11:46:15.605589+00	t	10	afsalpp	8089666456	afsal.pp@talrop.com	Kottappuram	Pallikandam Road	\N	dcdc	KERALA	f	cb0df2dd-bc04-4601-8bc5-163ddc1b47df	afe46437-0647-497f-b8ad-6b24e1bbf897	3
9cd8f45a-3ba7-4b52-9bba-6d3a7a115735	2023-11-30 14:56:55.598957+00	t	10	Ramesh P Sharadi	8765432100	cibise1455@exirinc.com	Mallappilly House	Thevanjery Lane	\N	Salafi Juma masjid	Kerala	f	cb0df2dd-bc04-4601-8bc5-163ddc1b47df	3cb1e8ac-5b86-40c1-bde3-2324d5b756d1	1
636fd4ab-9cab-4735-8253-f2e8d5479720	2023-11-30 10:24:31.721706+00	t	10	afsalpp	8089666456	afsalpp456@gmail.com	Pallikandam Road	Pallikandam Road	\N	cheruvathur	KERALA	f	cb0df2dd-bc04-4601-8bc5-163ddc1b47df	33901cc2-adf9-4232-8a28-3a8947df1ce3	1
cdb9db2f-507e-4c35-9aa9-c679ab161769	2023-11-30 09:31:46.540875+00	t	10	Afsalpppppp	8089666456	Afsalpp456@gmail.com	Fathima manzil	Bsjs	\N	Cheruvathur	Kerala	f	cb0df2dd-bc04-4601-8bc5-163ddc1b47df	72bbbf54-59c9-46db-83ca-705bd9c32b2a	15
82ca8746-01c5-4140-8e7c-80f6071706f2	2023-11-30 09:20:21.171255+00	t	10	Aman M Niyas	9999567877	aman@example.com	Test House Name	Petercelly Street	\N	Salafi juma Masjid	Kerala	f	cb0df2dd-bc04-4601-8bc5-163ddc1b47df	ab55b65e-f092-4236-bb66-dafb2bc4b6f8	1
cb5551bd-b3c1-4f92-8bbf-e62fd400788a	2023-11-30 10:25:44.597132+00	t	10	jjthtjnjnjnjnjbbbbbbbbbbbbbbbbbbbbbbbbbbbbbbbbbbbb	8089666456	afsalpp456@gmail.com	Kottappuram	CHERUVATHUR	\N	21	KERALA	f	cb0df2dd-bc04-4601-8bc5-163ddc1b47df	351f8bff-8cf6-415b-868b-0bcc27d29941	3
98b5dda6-cd4f-4fb1-a012-7a85bdfe8e5b	2023-11-28 09:24:03.610869+00	t	10	Aman M Niyas	9999567843	aman@example.com	Test Villa	Petercelly Street	\N	Near Queens Hospital	Kerala	f	cb0df2dd-bc04-4601-8bc5-163ddc1b47df	870ad21f-19f4-4761-9090-07765a42e0ad	1
c69c0116-3065-4b02-8e71-bfdda0e132a1	2023-12-02 04:20:25.190971+00	t	10	Muhammed Afsal	7293207753	muhammedafsalvr@gmail.com	13/1033	marad lane	\N	lps school	Kerala	f	cb0df2dd-bc04-4601-8bc5-163ddc1b47df	ab55b65e-f092-4236-bb66-dafb2bc4b6f8	1
e8d9b4bc-422a-4798-86b3-c897abe4d8d1	2024-02-24 11:15:52.476875+00	f	10	Ummar	8086635277	ummar@tegain.com	kp	malapuram	\N	chendi	Kerala	t	fdf363b3-f151-4ed5-ba74-392734abfc91	0db3bf42-cd9f-46a7-b2f9-713dc1d56414	1
72b7a0e9-9c27-4baf-a7f6-474bb68c9288	2024-03-14 09:03:48.90214+00	f	20	test	9188030718	test@gmail.com	Talrop's Techies Park at NAHER Arts and Science Co	Talrop's Techies Park at NAHER Arts and Science College	\N	test	KERALA	f	cb0df2dd-bc04-4601-8bc5-163ddc1b47df	bef9f66c-b807-465f-9000-d0c7e5ea2b67	2
dca6bd5d-c17f-4a9f-8a9c-a490dab24c99	2024-02-15 10:07:46.945137+00	t	10	Ken Gibbs	9539291027	test4@example.com	Test House Name	Baker Street	\N	Near Queens Hospital	Kerala	f	cb0df2dd-bc04-4601-8bc5-163ddc1b47df	d479b880-e20b-4999-ae75-39d5a1b7e129	1
45887079-b94f-4cd3-899b-058d28360ee6	2024-03-12 09:21:44.777511+00	f	10	test	9999999999	aswathy@gmail.com	67890	6543	\N	4535678	Kerala	f	cb0df2dd-bc04-4601-8bc5-163ddc1b47df	6f7c6d13-f53c-46de-96b4-ca24b5693d4b	3
3a6b92ba-006e-4222-8738-aaf85b408302	2023-12-05 11:40:59.551484+00	t	10	afsalpp	8089666456	afsal.pp@talrop.com	Pallikandam Road	Pallikandam Road	\N	dcd	KERALA	f	cb0df2dd-bc04-4601-8bc5-163ddc1b47df	afe46437-0647-497f-b8ad-6b24e1bbf897	1
ffe528c9-1641-40d7-84f6-74aa37267f79	2024-03-12 09:26:14.789226+00	t	10	test	8714085414	aswathi@talrop.com	67890	6543	\N	4535678	Kerala	f	cb0df2dd-bc04-4601-8bc5-163ddc1b47df	12546f45-efa7-40b6-b3eb-463e9cfbf275	3
e18c39d7-db0f-4879-b5b8-7434220009ef	2024-03-13 06:24:01.0039+00	t	10	Aswathy G	9539496538	aswathy@gmail.com	67890	6543	\N	4535678	Kerala	f	cb0df2dd-bc04-4601-8bc5-163ddc1b47df	ec0d0c65-c299-4af2-a5cb-7a6991daa3c2	1
521a7254-7e74-4fc6-aba0-a00100741252	2024-03-12 09:24:58.248307+00	t	10	test	9898989897	aswathi@talrop.com	67890	6543	\N	4535678	Kerala	f	cb0df2dd-bc04-4601-8bc5-163ddc1b47df	dd529d4d-6cd8-45f0-b3e8-e41ab579c94b	3
b5526301-1d3c-471e-a122-0ab08d7bf8f7	2024-03-02 07:43:36.896245+00	t	20	Avad Ali	9207446403	muhammedafsalvr@gmail.com	208, 2nd Floor, HiLITE Platino, Road, Shankar Naga	208, 2nd Floor, HiLITE Platino, Road, Shankar Nagar, Jaya Nagar, Maradu, Kochi, Ernakulam, Kerala	\N	\N	Kerala	f	cb0df2dd-bc04-4601-8bc5-163ddc1b47df	910878d5-2f05-4476-8843-cf7b1c718181	5
61932553-886e-4064-b61a-9df812ab7aee	2024-03-20 05:39:57.421112+00	f	10	Faisal	9207846990	faisal@example.com	test	test	\N	\N	Kerala	f	000119c4-957d-4435-9424-fd3fa83f17f7	f86250fd-92ce-4fca-bf8d-f5cb50430b4f	5
1b5cafaf-a02e-4e02-bbec-7b650b8edb50	2024-03-13 08:50:02.853814+00	f	20	test	9188030718	test@gmail.com	Talrop's Techies Park at NAHER Arts and Science Co	Talrop's Techies Park at NAHER Arts and Science College	\N	\N	KERALA	f	cb0df2dd-bc04-4601-8bc5-163ddc1b47df	bef9f66c-b807-465f-9000-d0c7e5ea2b67	2
daaae871-f30a-499a-a4dc-a3daa70de6d1	2023-11-30 09:17:14.466492+00	t	10	Aman M Niyas	9539291028	aman@example.com	Test House Name	Petercelly Street	\N	Salafi juma Masjid	Kerala	f	cb0df2dd-bc04-4601-8bc5-163ddc1b47df	ab55b65e-f092-4236-bb66-dafb2bc4b6f8	1
35f75081-dfd7-4790-a1a7-41cc1b3d5597	2024-03-12 09:25:33.463116+00	t	10	test	8714085414	aswathi@talrop.com	67890	6543	\N	4535678	Kerala	f	cb0df2dd-bc04-4601-8bc5-163ddc1b47df	12546f45-efa7-40b6-b3eb-463e9cfbf275	3
15fc9e99-f911-4c65-a764-6055e9164ff8	2024-03-20 05:56:46.939162+00	f	10	sahal	8606876278	afsalpp456@gmail.com	ffhfhfhfh	7676786868	\N	\N	Kerala	f	80fe049b-8bef-43f9-ae52-3c1c6beffbf9	f2a6d04e-d951-4a03-9255-11efd5b34477	2
46640ba4-8819-4e92-96cb-293844d27aeb	2024-03-12 10:37:53.851573+00	t	10	mm	3333333333	\N	67890	6543	\N	4535678	Kerala	f	cb0df2dd-bc04-4601-8bc5-163ddc1b47df	fd952f53-83c4-42bd-91cd-d65ee9709865	3
f493e061-ad73-4376-b10d-298c489f19db	2024-03-14 04:42:21.978048+00	t	10	test	9234567890	test@gmail.com	tes	test	\N	test	Kerala	f	cb0df2dd-bc04-4601-8bc5-163ddc1b47df	bef9f66c-b807-465f-9000-d0c7e5ea2b67	2
9118ae41-e37c-49f5-bf3e-b2d5c5e3c78a	2023-12-06 05:10:55.979082+00	t	10	Afsalpp	8089666456	afsalpp456@gmail.com	Pallikandam Road	Pallikandam Road	\N	21	KERALA	f	cb0df2dd-bc04-4601-8bc5-163ddc1b47df	afe46437-0647-497f-b8ad-6b24e1bbf897	2
1bdd5a00-8e7f-42df-8486-d0495ebbefd2	2023-12-05 10:39:07.839019+00	t	10	Aman M Niyas	9539291028	aman@example.com	Test House Name	Petercelly Street	\N	Near Queens Hospital	Kerala	f	cb0df2dd-bc04-4601-8bc5-163ddc1b47df	b56c4c8e-16b0-4d09-afbd-f00c4a451ec6	2741
e51e7ec1-0891-4d20-9a10-b50afcc53c89	2023-11-30 06:34:30.168106+00	t	10	afsalpp	8089666456	afsal.pp@talrop.com	Pallikandam Road	Kottappuram	\N	dcdc	KERALA	f	cb0df2dd-bc04-4601-8bc5-163ddc1b47df	fbf3656b-a731-4dad-98da-9903f03f3ae1	628
724474c6-7df4-4f4e-a0cd-0e3759380efc	2024-03-20 07:43:51.922751+00	f	10	testdata	2432423423	test@gmail.com	dsfsdf	dsfsdf	\N	sdfdsfdsf	Kerala	t	cb0df2dd-bc04-4601-8bc5-163ddc1b47df	4655f663-5bbd-4c81-9916-0276b17abdee	11
dcd550f8-8ceb-4d78-9d7f-bbd6d06ead95	2023-12-01 10:16:09.40147+00	t	10	afsalpp	8089666456	afsalpp456@gmail.com	Pallikandam Road	Kottappuram	\N	Railway station	KERALA	f	cb0df2dd-bc04-4601-8bc5-163ddc1b47df	afe46437-0647-497f-b8ad-6b24e1bbf897	1
ea3b6223-23f5-4d28-8f6a-90b82eac259f	2023-12-18 12:07:30.210705+00	t	10	Ashin	9999567877	ashin@example.com	Test House Name	Baker Street	\N	Near Queens Hospital	Kerala	f	cb0df2dd-bc04-4601-8bc5-163ddc1b47df	af6b25c2-0328-46f7-b634-fe1201b9aac8	1
30a3a114-e1b8-44d4-9980-c7e161b16890	2023-12-27 09:10:48.155151+00	t	20	Aswathy G	9539496538	baketorimailinator@gmail.com	67890	6543	\N	4535678	Kerala	f	cb0df2dd-bc04-4601-8bc5-163ddc1b47df	815297b9-8da7-4685-b510-d8940be011af	1
\.


--
-- Data for Name: customers_userotpdata; Type: TABLE DATA; Schema: public; Owner: nexsme
--

COPY public.customers_userotpdata (id, name, phone, otp, attempts, resend_otp_index, is_deleted, password) FROM stdin;
25	9961315467	9961315467	5145	1	f	f	gAAAAABlRNO8FCtkp2qPyuPn1o-hcrYmvuHjG2c8VGoeNvmVjeAkRxBI2AzEs2qN1rRJfd1E-TmucLAOH4vU-S3HZ12p-WAXrw==
2	Test	75948180	6925	1	f	f	gAAAAABlMk3bav_uQD6ideCmOGBn7v4tQxFcoi5QcFtV91UoxPrWARnFGzwoO7ad4qM0L85ni87FQJ_hURbF8IpkzlxDdckQ_g==
49	Test	0000000000	8885	1	f	f	gAAAAABlas-ZP2ro0y4ZalyiPBlxPSPWHMEMy1-zsWW3aBSrXeuVjBjqlm8WZJ3MMxUj9g-CtBslpPcKFijnQps6_OK4xyCR7A==
3	Martin	75948165	7537	1	f	f	gAAAAABlM32SMbCnyZVdK6_hoCGWTKwEs9G1UFgGXlnRaN-5JtrgWc76KLrvIw-QFoqWDeYfWuqsP2xdMHj38cSN9ICHwSbPCQ==
9	Nexsme	7594877777	1558	1	f	f	gAAAAABlP526dPxlhwBHeX7RvkHfFymgfc8YRVUR6IVNA3NZiLonwOFXZRdaX2W_OV5I-D_d3znKA69t8__5ZrZ0gNZe3s_jSQ==
26	5656565656	5656565656	6008	1	f	f	gAAAAABlRNR3WXv-S4l7YbbfDemrS2XT8FJQsLca6pj6XMPjMYKeSjI8NFKn6wI_n_JKaDtUtIt7iHiYAFOaAW4HYwGNmScvFQ==
50	Aman	7594800000	8932	1	f	f	gAAAAABlas_Y1F8FNPCEhWqLg70O73DXVAsarZphITQ-Tw8LlvTuRAOmkPTwC4IEoAhAC5I8QlKWfnZTpuBjPKCNAGUNnRb97Q==
27	8787456467	8787456467	1795	1	f	f	gAAAAABlRNWF80T6BlZq96i6zENswHM8dlNBsw4sTiHTNhjZcTJYwicLBVgDlkeNyMcQmlSTCDr-cfUuUC0e14vwIdCDEkCBzA==
55	afsalpp	8098989898	481	1	f	f	gAAAAABlb0r-6Uc5nFxmfHJwCyN3k_vzqUYlob1fsVXmk2uXynzcBuD2o3ahs9eBBiCYOhYe5IbpwXY83G_E5ffiwrlIg9U5uA==
51	raam	8089666422	5568	1	f	f	gAAAAABla1Jj2ZT5XdZ1PHxuSqEohIleyTBK0HDTBR8E1kJhZOyaduZ4wpgEJLjnsyPPWNYEaDGgh71Ljo1L0eugKXtkoFbrRQ==
14	65	65	1370	1	f	f	\N
15	1234567890	1234567890	9769	1	f	f	\N
28	0135767868	0135767868	1033	1	f	f	gAAAAABlRNXnEYhiB3oI-M-_zyQFreDAVtW2OX8kWG8jSkTmXtbTz_9NBXfwYPyi1il9vof_iIGoFxkpPBuZNWil8ilSBNd6-w==
42	afsalpp	8089666444	6614	1	f	f	gAAAAABlZyeO3MzGAO8F5hhOq1I5RYJn_t0V1GIQZ_6DWPHAZAHBWcz6C3IwqxsHYPTCtQGjHZsvdMs8_4J1MV7n13m789v-nw==
29	0135767855	0135767855	3187	1	f	f	gAAAAABlRNYsSfko2iPVpTlm5ke4FUw5AoMp3XeEg6ffItOx0sm0fAeNU54MTCIGWT_MN_uIB4Gje4HSEMrIXca-aEST5rDvdg==
52	afsalpp	9898098978	1715	1	f	f	gAAAAABla1TGvL4GpMseNC0uU6SyYfAkLZaMgD5TA4ObKcXdvAMT9CA4eoTe7MqUmnxhx55HyFnc_4N9vcxCQkBB9REFxIMITA==
53	afsalpp	6767686786	6490	1	f	f	gAAAAABla1a8_2Pf0L2ETAn3tQh6LAuSZkitdhBgeNGzgCBHNlLRE660gdU5PsTJ2nUkPGw4UMTe9JmrSriNFK-x_Km55dYfPA==
7	Aman	7594822222	2864	1	f	f	gAAAAABlP4w4xC-_W_Tu5nDcP83DCCyNQBedPumTbcrkCbJkrpJj3e85GqH2sVErDw8JMnTEoTXhKiGz0d1m41_yvZ0Ptk6G4Q==
8	Aman	7654324635	8959	1	f	f	gAAAAABlP5yQbmHgYHR2R5GCzwC8U6oErQk0tQw00wsFeHSLFMtI_4e6KS_2dIlMLX_dv2Rhu1H4CGd7slQWyhxu-a85ixW25w==
30	4878787878	4878787878	2239	1	f	f	gAAAAABlRNZq0t6qFMnJ9243d1MNWrAVlpIR3-ECjOgIMjqCkATNPJ44J82xK49FbxT9qQRveGuyttRzOWBK_VQ-qBZS7utqIA==
4	Noufal	8301887655	185	1	f	f	gAAAAABlM57PjvmoGDWcjmXKfLK1Va_R9LPZYL5dty_0m1dgapxss5IiqDTeY39ondeIU4APEXKmP8bhnr5yTnP0Zpmq3obHrw==
31	8885656598	8885656598	84	1	f	f	\N
57	afsalpp	9898989878	8415	1	f	f	gAAAAABlb__tG1uasDMPEsGujGCLsLBjD3-RysZNyIMSjuICtPGJK0B0yPsMVmbwO4UeRmrTx3o881mR88EujSjXKLJ2_K42Sg==
32	0000000222	0000000222	5755	1	f	f	gAAAAABlRNcQnBkHvpTxvEhC46CwDwKdJj2f_nyc-BQ4soISMehQGXrEqXdRP6cnmPo-_l85rzXM_BysMCR_6Wl6iQLX5RijPQ==
16	Faisal	9207846990	1338	1	f	f	gAAAAABlRLLX4_WsX_boaDjvhk1v7gGBOFARHm4cQzptzkdppsSLYTzAF6IcXJyyN0T-Px2xJH2N5pVzHfg78I1NHkBKQ3oQPw==
17	Aman	8765432100	2736	1	f	f	gAAAAABlRLPN0rAUVQavw2XJ4qIBW8w5RIogKw3gniYQ7bfFrx-hekeDT_Yp9qHUkWlWwD5DkRRifRWz0cwqD_dv0qXpLytWfA==
33	9179792787	9179792787	9351	1	f	f	gAAAAABlRNeozkWpGLHDS52klFFwdZZwidf0DuKA8vzOszhM1i_a-_UCybXzvx8eJQ-445pvzgXMcXLX0P6lQHkIW0keG8LNww==
34	8878787003	8878787003	8809	1	f	f	gAAAAABlRNiHgpMR99C7zREEtu9-2-XFAvmmN-hCYg0W-HMIq95gcxS2j60jxBBhPqdy1ovGkAK-8PZy-AoBfZjhsu47d1bVxw==
38	9746637811	9746637811	1937	1	f	f	gAAAAABlRN6V_4VJe6m3kI0YWFPUvRhBeEAEKco5MdNNzgvP-GQw7ILGgbgiUMnTDbrqS-xGkmTe_doWpDEFZg_SN37S0zb3UQ==
35	4758784512	4758784512	8048	1	f	f	gAAAAABlRNkN0gNYQf0IuRMDNcXs2RSClUO4vI4aV5vS0_F0G5SFf8RnSLEkabBcZ3mgcDv-IfXr-MViik_9qIpYGvI1xE41Sg==
36	8585858544	8585858544	1746	1	f	f	gAAAAABlRNp2ilR7clVDHFRTBJvv-9ZGk9SMavg20OFq4HkAwBp2vAbTVFJjnx65-V9WqVfH9wlryRoEq8_3XMSTJXhq1LpwaQ==
58	afsalpp	0909090909	5163	1	f	f	gAAAAABlcEqLxgo9brZ2fnCS4GquQkRHclkXsMWo2FQsf_Lry83r8t2kygIHWZBbkY4anQmBxvrP7LUxuRVW1Wd-qvKvVXPkcw==
37	5678909876	5678909876	9403	1	f	f	gAAAAABlRNrFLvIa2wyNPX1A2FlGes-zHPXriv-4auaIDL6ilLJuPhCDhvRZcuwheV6JjQLIX3FTfCCGk4_-AzF4RQLuNo4-qw==
56	afsalpp	8009098890	4700	1	f	f	gAAAAABlb_aJlPw8vcG2i5lJr8aQIEDueCDb5QkGs_Wtm2ealPwvkK5jg05pbv9D7QFldI18yGwQwuqHjTwPvS-hQas69eGcqA==
1	65432100	65432100	9081	1	f	f	gAAAAABlMO49benP0OiKz0M2GwJDKry9UZkdTdNEhmHHibrI5BZ5fmxNdcKgzDb7MQME6Cwzvz5eBWJDmJOg5fJlGd4Qi6aZ5Q==
47	afsalpp	8891660756	7699	1	f	f	gAAAAABlaXsM_Gh8pEteyPCuKST72lMpVpSS2wt0FLgxWdcXwjthPEz_RtvlhAkbW_P_Y8E0paYZzB3fWiCuiowbaVaXT2HraA==
44	sahal	8606876276	963	1	f	f	gAAAAABlaBQS4nMC4AClwqM5qiQqitLAr3TYRvtVnw0A3N__U97WE50C2xEtMoYocxQqKL3qDeKDiO8PDLfuKT8Bf-olluPrPw==
41	8765432188	8765432188	5147	1	f	f	\N
40	8765432108	8765432108	7067	1	f	f	\N
45	sahal	8606876278	9113	1	f	f	gAAAAABlaBTFigtgh5L8Lo-RIPBsZveo--4qdn1JrASQYlFnUrimyS-46B7aherssZEbkO7jJDCGvoX_Kbbqphd7qAtsJ42E0A==
46	llllllllllllllllllllllllllllllllllllllllllllllllllllll	1111111111	9162	1	f	f	gAAAAABlaDPMBfZWHNLEBNyo-UtYLCPW_qhKOeAPRQYyfsO0-hvFZscGPh1umhpKUGMB0jCG91g06xfx-Ma4QvA7-X5QMNbDZw==
6	Nexsme	7594833333	5996	1	f	f	gAAAAABlP4vn2r7CSEBuQlkPwVacTNdIPv8SweezmKD2-Uu1ournsAJxLU8-SkyIqCihYRJbr9oDwWXSMyhUPEasSBCFu_Wu7w==
54	afsalpp	8089666490	1225	1	f	f	gAAAAABlb0qrKabbaQn89soOYGezh7yXfiVfh3KOptD4e9rrbi1TwFJAGQFRIq_MnFz-ZYaoCzU77U_SDdOylobgtCSanP012Q==
60	afsal	7293207753	2010	1	f	f	gAAAAABlcZ0lA9_0fj5a6ZKDX_8KYhbHtH03iqJm6SqTPfHu0aaFzseWYBRsKAUy6dOU6KjL4NjVeEf2vNfe8x0EKqq6jbcsSA==
10	RIYAS	9745212222	2246	1	f	f	gAAAAABlQ5m8JE-nYgNJsfYXG7LH1YrEUxBVGJR11upwPahlqN7251AYG4imtoQEb3Eav9LrE07ljo-eiL8JzCKq_M4e7yXgcA==
48	Nexsme	6666666666	5182	1	f	f	gAAAAABlaslrkffDIlorJsrAgKXm_QHWYnVFtA_i7APygECnfjuTK-LtaKhdtd8ABDiKpSU-RsOe8Z7Wi9_rj8M1s2-SnSjMNw==
39	8765423100	8765423100	2700	1	f	f	\N
43	afsalpp	8089666456	1048	1	f	f	gAAAAABl-Vuep3ExfQlPc7aDB8n0ZBOgdXOZj3a3fikD6_EXm5-KYAdwMwB6Ev6FXrPVTV_Xylea2Uol5xl4GqHW2s-yT3ngcQ==
59	Afsal	6789654567	7249	1	f	f	gAAAAABl_CU-O7WzzKgE7X_GP3EcRK8aCCtNBp_Ayj4p8MZBeqEN43pFoI0Pz6QAcGN6Kb6KsGNI9VF_WJtvNqBo7re6dlfvKg==
62	ASWATHY	9539496545	3860	1	f	f	gAAAAABlisW9WjPLrOsJnyHXZAHw0z7WjggtRC08Xt7IY1Ly8IpQVQHWXv2oCIlt5ta5SyRK7U43l6qOkV3A8E9h3zFQKi0lNg==
63	uyh	6666666600	868	1	f	f	gAAAAABlisZvXQIlDJ8zNK9wu4or3dUN471wqY-iMAxpzFKsWYRMqs6h-Jwg_oxNPv2ChQeR9eEIQXsk8ZgGvgO_aYe0nSXNXQ==
64	asws	4556576879	1617	1	f	f	gAAAAABli6_Z8kK5yefCKqB1qpm08zekPYcBQ0Pen9ZxW_V1nArkzNa-NPmDoDw3NeOnyy4WFeHrSviVNRv0Jdvq0TzzvKT1CQ==
61	ASWATHY	9539496538	5507	1	f	f	gAAAAABlisTyC0IUHcxEWqq2cklpY__JOjeHb0Be-NmXsbOQCRsazMHExg341pY4dsmjkLDVE8qVyP3yZIaW7XFMd-RKvFOBwA==
65	Nexsme	6876543456	429	1	f	f	gAAAAABljSNx3mD9ck0L8Jl5AIaovyhOkTDfxwoSm7--yclKxyg_8hApY5cn9lk2mrREQ17-6yiElNPekkhIefEbd_b0jCODqw==
66	8606061045	8606061045	2842	1	f	f	\N
68	9765432100	9765432100	216	1	f	f	\N
70	9846677592	9846677592	6649	1	f	f	\N
69	9876543210	9876543210	1161	1	f	f	\N
71	aswathy	3421567895	5263	1	f	f	gAAAAABl7_GGCll2XKro93pvqXYgbPsvYYyHCYiViioDLj7mb-uGAEMjNXRHmO8cS7d4Os0SMXWyjq6KE-m1xrVbXd5Clq-71g==
72	tuhhgeeeeeeeeeeeeeeeeeeeeeeeeeeeeeeeeeeeeeeeeeeeee	9898988888	5195	1	f	f	gAAAAABl7_9vyq0BZgpD5rWVA_2Khy8odbA0Okg2VwVqEUHcYAeALHuIwZ80PYqk71h7dEIiq6Kud1k5Q2_AAdxNyq6tOOU29Q==
73	vgfgfghhghghghghghghghghhgghghg	9188030718	9856	1	f	f	gAAAAABl8SjUvUQQz52YMTGr5B2ZqkWg4RMG4f0grEkM3n2N3pHrtsAXFySDGFzZ0oBkb1xCXGV7WPw0acGMYkNZ-GPzWBilRQ==
74	ummar	9086635277	6560	1	f	f	gAAAAABl8UTeRJpJdzQRVrHP56eZcZSbTEUKgscWEB3BkSeNo-VbVjCRAywy9GouYMMtRWzBoBueQV11TKYC7ZJdFIopL0CTsg==
67	ummar	8086635277	8120	1	f	f	gAAAAABl2cEKGnX3yYasqrsJjig_HBmfaijyYGeD0JS7KT97WZc_rSEmGk--eMpAlnGF3BiQdKn0mL6D3uQGSEPN5C3ct6vVoA==
75	test	8789789797	7438	1	f	f	gAAAAABl-oXEQKJ3sam_r2wZ7k2HDn5J7nbbOmI-mK6x-2xZ5NqrLOoFfd4H8HaUJ3AmE_otGRhb6SmbzlgoaZLaij_Bo_Kk4w==
\.


--
-- Data for Name: deal_of_day; Type: TABLE DATA; Schema: public; Owner: nexsme
--

COPY public.deal_of_day (id, auto_id, date_added, date_updated, is_deleted, deleted_reason, offer_percentage, deal_date, creator_id, product_variant_id, updater_id, warehouse_id) FROM stdin;
039993c0-7e95-4104-b782-631779108866	1	2024-03-20 05:18:43.553291+00	2024-03-20 05:18:43.553323+00	t	Test	10.00	2024-03-20	1	8279cc39-e667-4292-a079-1106c59cd471	1	575471ba-a8a4-4701-bb08-247366b15565
3746c9ba-597e-4f25-bad7-45cfe3f0e468	2	2024-03-20 05:23:33.784558+00	2024-03-20 05:23:33.784589+00	f	\N	0.00	2024-03-20	1	e114c011-d263-4bd7-a058-4b16056a7111	1	575471ba-a8a4-4701-bb08-247366b15565
\.


--
-- Data for Name: delivery_agent_collectedpaymentregister; Type: TABLE DATA; Schema: public; Owner: nexsme
--

COPY public.delivery_agent_collectedpaymentregister (id, auto_id, date_added, date_updated, is_deleted, deleted_reason, collected_payments, collected_amount, is_approved, is_declined, declined_reason, payment_medium, image, creator_id, delivery_agent_id, updater_id) FROM stdin;
\.


--
-- Data for Name: delivery_agent_collectpayment; Type: TABLE DATA; Schema: public; Owner: nexsme
--

COPY public.delivery_agent_collectpayment (id, auto_id, date_added, date_updated, is_deleted, deleted_reason, name, collected_amount, is_transferred, creator_id, delivery_agent_id, order_id, updater_id) FROM stdin;
\.


--
-- Data for Name: delivery_agent_delivery_agent; Type: TABLE DATA; Schema: public; Owner: nexsme
--

COPY public.delivery_agent_delivery_agent (id, auto_id, date_added, date_updated, is_deleted, deleted_reason, name, phone1, phone2, email, password, active_time, is_active, image, id_proof, license, license_expiry_date, company_id, company_id_expiry_date, creator_id, updater_id, user_id, warehouse_id) FROM stdin;
5a35a688-887a-4921-94d5-e5a2253b0690	2	2023-10-31 06:19:04.30682+00	2023-11-20 11:44:57.38371+00	f	\N	Nipin RP	9207875543	8737653289	nithin@example.com	gAAAAABlQJxY_q0mVBHYyVgKYjYp-hwd-DrHTwdcj8GQNIQyLN7tOIAw37bwoj_a-HI8JSYLA_7FFxPWdnWPo5QAcWsJbuhuHg==	2024-03-14 09:09:20.653693+00	t	customers/images/photo_BSqZSEJ	delivery_agents/proofs/proof_nWaaQlo.png	delivery_agents/proofs/license/license_V4a9SX8.jpg	2034-12-12	delivery_agents/proofs/company_id/company_id_GUNcShT.jpg	2025-12-12	1	1	15	d9403eb0-6359-43b6-977d-27cc2d3b8c59
208a8d52-ef9e-44f5-b800-ffc56f44fd46	3	2024-02-24 14:00:13.644011+00	2024-03-12 10:10:28.113289+00	f	\N	Nabeel	9876543210	7654321098	nabeel@example.com	gAAAAABl2fZt-JC2NK8jRryJyv4molBuTAD6Ci0GlASthYVueUUQkIMPLp297zq4yuWrpDEwR3DLAXfEtVnYKOJoqyWoa5ayag==	2024-03-15 11:48:51.979787+00	t	customers/images/photo_YxSBazM	delivery_agents/proofs/aadhaar-card-.png	delivery_agents/proofs/license/license_osSblL4.jpg	2032-11-19	delivery_agents/proofs/company_id/Screenshot_from_2024-02-24_19-30-00.png	2025-06-04	1	1	79	d9403eb0-6359-43b6-977d-27cc2d3b8c59
89947508-0922-43ca-9fcd-517f483c9f01	4	2024-03-19 09:32:14.752143+00	2024-03-19 09:32:14.752175+00	f	\N	Afsal	8089666456	8089666456	afsal.pp@talrop.com	gAAAAABl-VueuTQDRTLj9MYB7LinmQBCkksdRY_hRBIpJbFpn5sj2XlDmIN1OIDO1PcJIFgGOIp9RfnSyvP50XwBSekVroJV-w==	\N	\N	customers/images/WhatsApp_Image_2024-03-16_at_4.34.30_PM_1.jpeg	delivery_agents/proofs/WhatsApp_Image_2024-03-16_at_4.41.09_PM.jpeg	delivery_agents/proofs/license/WhatsApp_Image_2024-03-16_at_4.08.26_PM_2.jpeg	2024-03-19	delivery_agents/proofs/company_id/WhatsApp_Image_2024-03-16_at_4.34.30_PM_1.jpeg	2024-03-19	1	1	50	d9403eb0-6359-43b6-977d-27cc2d3b8c59
b0d04cff-b070-43b0-aa8a-6b33ebbf9ec6	5	2024-03-19 09:35:13.739145+00	2024-03-19 09:36:58.211109+00	f	\N	afsalpp	8089666450	8089666459	afsal.ppi@talrop1.com	gAAAAABl-VxR2nOidAWKoVllckVhoukNOgNcAdbCjYjKAiO31T0Cp1briESbMAjkV1pl5DVF91FTWTKAw4YdTWmyw5f6uvcKvw==	\N	\N	customers/images/WhatsApp_Image_2024-03-16_at_4.08.26_PM_2.jpeg	delivery_agents/proofs/WhatsApp_Image_2024-03-16_at_4.41.09_PM_VEQXwwW.jpeg	delivery_agents/proofs/license/WhatsApp_Image_2024-03-16_at_4.34.30_PM_1.jpeg	2024-03-19	delivery_agents/proofs/company_id/WhatsApp_Image_2024-03-16_at_4.36.45_PM.jpeg	2024-03-19	1	1	88	d9403eb0-6359-43b6-977d-27cc2d3b8c59
24964f68-3541-4f03-8e60-a05cc49b5bca	7	2024-03-21 12:17:02.48579+00	2024-03-21 12:17:02.485819+00	f	\N	Afsal	6789654567	\N	muhammedafsalvr@gmail.com	gAAAAABl_CU-URfU-LBUkiOgWHCc_Yrm7J44TJ8Ku0siMoeadRmhnVWft4QyHKvvaJNqPxeL9zIk2bsh5XHp062DHMQyROxgCw==	\N	\N	customers/images/Screenshot_2024-03-16_at_2.35.11_PM.png	delivery_agents/proofs/Screenshot_2024-03-16_at_2.28.37_PM.png	delivery_agents/proofs/license/Screenshot_2024-03-16_at_2.40.45_PM.png	2024-01-01	delivery_agents/proofs/company_id/Screenshot_2024-03-16_at_3.41.07_PM.png	2024-03-27	1	1	66	575471ba-a8a4-4701-bb08-247366b15565
ba922420-b6b4-4a57-a4e7-095be691a2aa	6	2024-03-19 09:40:15.0678+00	2024-03-22 05:46:43.420942+00	f	\N	Test	8089668456	8989666456	afsal.p545p@talrop.com	gAAAAABl-V1_tz2xRAAlhEIEYhRBW9yZow0Mwk5Kqf8f-TYxeT9_PG8w23CylU_J2ghdiN4qvAomrNCKfQG1pyY2R5KNOS8pPg==	\N	\N	customers/images/WhatsApp_Image_2024-03-16_at_4.34.30_PM_1_Q7xzEXa.jpeg	delivery_agents/proofs/WhatsApp_Image_2024-03-16_at_4.34.30_PM.jpeg	delivery_agents/proofs/license/WhatsApp_Image_2024-03-16_at_4.34.30_PM.jpeg	2024-03-19	delivery_agents/proofs/company_id/WhatsApp_Image_2024-03-16_at_4.34.30_PM_1_AKj46Yh.jpeg	2024-03-19	1	1	89	575471ba-a8a4-4701-bb08-247366b15565
\.


--
-- Data for Name: delivery_agent_deliveryrating; Type: TABLE DATA; Schema: public; Owner: nexsme
--

COPY public.delivery_agent_deliveryrating (id, date_added, is_deleted, rating, customer_id, delivery_agent_id, order_id) FROM stdin;
\.


--
-- Data for Name: delivery_agent_travel; Type: TABLE DATA; Schema: public; Owner: nexsme
--

COPY public.delivery_agent_travel (id, date_added, is_deleted, origin_latitude, origin_longitude, pickup_latitude, pickup_longitude, delivery_latitude, delivery_longitude, pickup_distance, delivery_distance, pickup_distance_text, delivery_distance_text, delivery_agent_id, delivery_trip_id, order_id) FROM stdin;
941b38e7-4e5d-41f0-ab2c-c6935d5b595f	2024-03-04 09:40:19.098007+00	f	\N	\N	\N	\N	\N	\N	0.00	0.00	\N	\N	5a35a688-887a-4921-94d5-e5a2253b0690	\N	f789e66e-d6f9-40ac-a78d-ed635fde607d
8747a76d-34b6-470c-a550-03b0d72add18	2024-03-12 11:08:14.991436+00	f	25.6543456	75.765434	\N	\N	\N	\N	0.00	0.00	\N	\N	208a8d52-ef9e-44f5-b800-ffc56f44fd46	\N	2f651fbe-4515-4bbb-8b18-e72ece63a18b
\.


--
-- Data for Name: delivery_agent_trip; Type: TABLE DATA; Schema: public; Owner: nexsme
--

COPY public.delivery_agent_trip (id, date_added, is_deleted, title, start_time, end_time, distance_covered, distance_covered_text, is_active, delivery_agent_id) FROM stdin;
e6a91aaa-d35a-431f-b6d2-532c7b1213b1	2024-03-04 11:15:49.688376+00	f	TRIPID03042024164549	2024-03-04 11:15:49.688413+00	\N	0	\N	t	5a35a688-887a-4921-94d5-e5a2253b0690
e65dc17d-4685-4c1e-bdb0-17058626bfed	2024-03-15 11:55:29.0072+00	f	TRIPID03152024172529	2024-03-15 11:55:29.00726+00	\N	0	\N	t	208a8d52-ef9e-44f5-b800-ffc56f44fd46
\.


--
-- Data for Name: delivery_app_update; Type: TABLE DATA; Schema: public; Owner: nexsme
--

COPY public.delivery_app_update (id, date_added, android_version, android_force_upgrade, android_recommended_upgrade, ios_version, ios_force_upgrade, ios_recommended_upgrade) FROM stdin;
\.


--
-- Data for Name: designation; Type: TABLE DATA; Schema: public; Owner: nexsme
--

COPY public.designation (id, auto_id, date_added, date_updated, is_deleted, deleted_reason, name, creator_id, updater_id) FROM stdin;
f9ddacb6-796f-4215-8434-e7968e7d12d6	1	2023-10-18 10:28:55.710802+00	2023-10-18 10:28:55.710818+00	f	\N	Staff	1	1
41667002-ed64-4f3d-bec6-3f9f8aab5bb6	2	2023-10-18 10:29:08.429131+00	2023-10-18 10:29:08.42915+00	f	\N	Warehouse manager	1	1
6157aa89-5dbe-4112-ad9e-183f21702a42	3	2023-10-18 10:29:22.433316+00	2023-10-18 10:29:22.433331+00	f	\N	Delivery agent	1	1
\.


--
-- Data for Name: django_admin_log; Type: TABLE DATA; Schema: public; Owner: nexsme
--

COPY public.django_admin_log (id, action_time, object_id, object_repr, action_flag, change_message, content_type_id, user_id) FROM stdin;
1	2023-10-18 12:45:33.363356+00	e6d5dc7c-8aa3-432a-abc4-690d89e779cb	3	3		93	1
2	2023-10-18 12:45:33.365804+00	28c2bcda-1d31-4068-b4f4-3cbf38f098a1	4	3		93	1
3	2023-10-18 13:12:54.185856+00	a64077f0-aea4-4048-8ad1-d58d649f59ee	1	2	[{"changed": {"fields": ["Brand", "Offer type"]}}]	93	1
4	2023-10-18 13:13:45.132769+00	3c2ed4e7-545d-417c-b330-eddf47a5c587	2	2	[{"changed": {"fields": ["Brand", "Offer type"]}}]	93	1
5	2023-10-18 13:15:21.339414+00	a64077f0-aea4-4048-8ad1-d58d649f59ee	1	3		93	1
6	2023-10-18 13:15:21.341949+00	3c2ed4e7-545d-417c-b330-eddf47a5c587	2	3		93	1
7	2023-10-18 13:18:57.479667+00	ff806d4b-8a51-4f06-aaa1-4531a888728e	1	2	[{"changed": {"fields": ["Banner type"]}}]	93	1
8	2023-10-18 13:19:17.338165+00	ff806d4b-8a51-4f06-aaa1-4531a888728e	1	2	[{"changed": {"fields": ["Banner type"]}}]	93	1
9	2023-10-19 04:40:50.456642+00	542d4e20-884a-4b49-8512-7caf6bf6ffba	2	3		93	1
10	2023-10-19 05:41:00.393427+00	82380f73-8a5a-4b3c-883b-2027c2db7a11	2	3		93	1
11	2023-10-19 05:41:00.395769+00	5df9de2f-3d76-4273-ae56-ed01ee5074fd	3	3		93	1
12	2023-10-19 05:41:59.450374+00	ff806d4b-8a51-4f06-aaa1-4531a888728e	1	2	[{"changed": {"fields": ["Brand", "Offer type"]}}]	93	1
13	2023-10-19 05:43:26.466346+00	ff806d4b-8a51-4f06-aaa1-4531a888728e	1	3		93	1
14	2023-10-19 11:51:52.966042+00	6253384e-f0e9-42bb-8531-3ee64d24ea7b	LG Air Conditioner Air Conditioner	2	[{"changed": {"fields": ["Current rating"]}}]	27	1
15	2023-10-19 11:54:07.668068+00	6253384e-f0e9-42bb-8531-3ee64d24ea7b	LG Air Conditioner Air Conditioner	2	[]	27	1
16	2023-10-21 09:46:00.623228+00	4	65432100	2	[{"changed": {"fields": ["Email address", "Last login"]}}]	7	1
17	2023-10-21 09:48:42.890777+00	4	65432100	2	[{"changed": {"fields": ["Email address"]}}]	7	1
18	2023-10-31 05:01:06.799208+00	feb5dde8-08f9-41d1-95c3-25825e87b0c7	Luggage Trolley Bag	3		24	1
19	2023-11-01 04:59:58.415478+00	373e3341-aa93-442b-8d27-fd5dcff7a7ac	guest_65432100 - afsal	3		66	1
20	2023-11-01 04:59:58.418445+00	3bf824e8-1969-4da1-851b-49dfc605ecd7	guest_65432100 - afsalpp	3		66	1
21	2023-11-01 04:59:58.420333+00	540b2811-900c-4621-b169-b4ae404d8e96	guest_65432100 - dfd	3		66	1
22	2023-11-01 04:59:58.42161+00	8347df20-547b-4ae1-bdcd-f9ae98703147	guest_65432100 - test	3		66	1
23	2023-11-01 04:59:58.422525+00	a1238bdf-50ae-4a10-b964-f336de80f467	guest_65432100 - hjhjhjhjh	3		66	1
24	2023-11-01 04:59:58.423444+00	59f2bf9d-d3b1-4621-b043-6e7a51aafa74	guest_65432100 - kjkjjk	3		66	1
25	2023-11-01 04:59:58.42483+00	35e516aa-bf2f-4097-950b-1d011fb52d5b	guest_65432100 - mkjmjkjmkmkmkmkmkkkkkkkkkkkkkkkkkkkkkkkkkkkkkkkkkkkkkkkkkkkkkkkkknknjnjnjjnjnjnjnjnjnjnjnnjnjnjnjnjnnjn	3		66	1
26	2023-11-01 04:59:58.426024+00	198c1710-88e2-44ac-a305-306faa01eb01	guest_65432100 - jgibjigjbigjibj bgjijgin	3		66	1
27	2023-11-01 04:59:58.426901+00	c3c1d790-4dc4-43f2-a417-d20c7eed0386	guest_65432100 - ഹലോൺ	3		66	1
28	2023-11-01 05:15:07.076632+00	b9a0359c-c85e-444f-a896-343ffe565aff	guest_65432100 - Ticket Issue	3		66	1
29	2023-11-01 05:15:07.079863+00	162e9e74-e70c-4ef3-b1dc-47fe49566fca	guest_65432100 - Ticket Issue	3		66	1
30	2023-11-03 06:54:13.983804+00	eda486c4-00a9-4f1f-897f-4a163baac29e	5 - guest - 9746637811	3		63	1
31	2023-11-03 06:55:11.231375+00	5	9746637811	3		65	1
32	2023-11-03 08:28:04.746251+00	30cefe98-63df-46a7-82f0-1697101b767d	13 - jas - 9746637811	3		63	1
33	2023-11-03 08:46:20.633387+00	13	8765432100	3		65	1
34	2023-11-03 08:46:52.722762+00	3dbafa7b-d7a9-4ac7-b631-a487a38dde97	13 - Aman M Niyas - 8765432100	3		63	1
35	2023-11-03 10:26:32.663496+00	b95479dc-9764-450f-8ba4-58b5d80d6a1d	14 - guest_9746637811 - 9746637811	3		63	1
36	2023-11-03 10:26:32.666945+00	01b3754d-80bc-46d1-b082-c72f215c5b48	12 - guest_9746637812 - 9746637812	3		63	1
37	2023-11-03 10:27:21.01841+00	12	9746637811	3		65	1
38	2023-11-03 10:27:21.020724+00	11	9746637812	3		65	1
39	2023-11-03 10:28:35.12821+00	951820a2-5f63-4fc3-aad8-95cf3959c88f	17 - guest_9746637811 - 9746637811	3		63	1
40	2023-11-03 10:37:16.798882+00	3f02aca3-33d4-4432-aa0c-820316c01e32	17 - guest - 9746637811	3		63	1
41	2023-11-03 10:37:26.508363+00	18	9746637811	3		65	1
42	2023-11-03 10:39:46.698641+00	19	9746637811	3		65	1
43	2023-11-03 10:39:54.99931+00	6ae4159d-61de-40d8-96e3-9c464a34c232	17 - guest_9746637811 - 9746637811	3		63	1
44	2023-11-03 10:43:17.39582+00	ee5b6e2f-9fc3-4aa0-bd31-5d0219f7873f	17 - guest_9746637811 - 9746637811	3		63	1
45	2023-11-03 10:43:32.202227+00	20	9746637811	3		65	1
46	2023-11-03 10:48:09.284811+00	9d1f1be7-b79e-461d-89b6-8212518fb7b5	17 - guest_9746637811 - 9746637811	3		63	1
47	2023-11-03 10:48:20.224962+00	21	9746637811	3		65	1
48	2023-11-03 10:55:48.800605+00	105b57ac-69bc-4985-a116-60a5b949e6de	17 - guest_9898989889 - 9898989889	3		63	1
49	2023-11-03 10:56:12.840694+00	22	9898989889	3		65	1
50	2023-11-03 10:59:26.071698+00	23	8888888888	3		65	1
51	2023-11-03 10:59:42.486061+00	28007724-89aa-4cc7-842a-d1e7d0c06f32	17 - guest_8888888888 - 8888888888	3		63	1
52	2023-11-03 11:03:20.796051+00	d10d2fad-6b21-4120-8f24-d9c3482b7103	17 - Abi - 9961316468	3		63	1
53	2023-11-03 11:03:30.184117+00	24	9961316468	3		65	1
54	2023-11-20 05:16:25.27787+00	bb5586ab-9296-47cc-81a6-8972a02cf890	Aman	1	[{"added": {}}]	105	1
55	2023-11-20 11:41:22.167545+00	fb877a2d-7148-4403-91e4-94a928284b19	Skybags Luggage Bags trolley bag - 1 - guest_65432100 - 65432100	3		87	1
56	2023-11-20 11:41:22.170653+00	fa63ff47-47f8-44aa-a3ab-48ed16f0f753	Adidas Running Shoes Shoes - 16 - Aman - 8765432100	3		87	1
57	2023-11-20 11:41:22.172098+00	fa40af10-8ce2-4110-8b56-0ed8319afdb8	Eureka Forbes  Vaccum Cleaner vaccum cleaner - 1 - guest_65432100 - 65432100	3		87	1
58	2023-11-20 11:41:22.173212+00	f38e3fb6-05f0-4a79-9466-76c09317a9c2	Skybags Luggage Bags trolley bag - 1 - guest_65432100 - 65432100	3		87	1
59	2023-11-20 11:41:22.174209+00	f13ede94-5a45-4aa1-8c93-864bae3c9038	Adidas Running Shoes Shoes - 16 - Aman - 8765432100	3		87	1
60	2023-11-20 11:41:22.175167+00	f083dba8-a7c6-4bb4-b7aa-875d81f17f90	Godrej Protekt Germ Fighter Handwash Godrej Protekt Germ Fighter Handwash Hand Care - 1 - guest_65432100 - 65432100	3		87	1
61	2023-11-20 11:41:22.176177+00	ef6d5c24-959d-45f5-847c-3739095bd7dc	Refrigerator Samsung Refrigerator - 16 - Aman - 8765432100	3		87	1
62	2023-11-20 11:41:22.177194+00	eeb03897-1d62-4e5b-aa8e-6f8118ff8f83	Adidas Running Shoes Shoes - 1 - guest_65432100 - 65432100	3		87	1
63	2023-11-20 11:41:22.178117+00	ece87ff4-5c3f-40c6-8389-781721b11805	Skybags Backpacks Backpack - 16 - Aman - 8765432100	3		87	1
64	2023-11-20 11:41:22.179042+00	eb50a6d7-1351-4ddf-810f-85212ee345cf	Refrigerator Samsung Refrigerator - 1 - guest_65432100 - 65432100	3		87	1
65	2023-11-20 11:41:22.180101+00	ea07ab9e-bb16-4996-a6ed-43d723d9402c	Listrine Oral Hygiene Oral Hygiene - 1 - guest_65432100 - 65432100	3		87	1
66	2023-11-20 11:41:22.180994+00	e9be7514-3c3a-410c-8628-1e3d153228cd	Asus Laptop Asus - 16 - Aman - 8765432100	3		87	1
67	2023-11-20 11:41:22.182483+00	e8ddaa9d-5821-4f61-b22d-0d4d9719cf40	LG Air Conditioner Air Conditioner - 1 - guest_65432100 - 65432100	3		87	1
68	2023-11-20 11:41:22.183497+00	e7d8d639-2356-483d-85e4-87d0e4634b1d	Sandals and Slippers Sandals - 1 - guest_65432100 - 65432100	3		87	1
69	2023-11-20 11:41:22.184468+00	e7a6891c-7307-41e6-a60a-bcda46f90385	Adidas Running Shoes Shoes - 16 - Aman - 8765432100	3		87	1
70	2023-11-20 11:41:22.1855+00	e6400df3-e29c-4d8d-82db-6407cd115815	Mitowermi Luggage Trolly Bag Blue 28" - 16 - Aman - 8765432100	3		87	1
71	2023-11-20 11:41:22.186542+00	e546f017-d177-43a7-8507-266748b001a8	Adidas Running Shoes Shoes - 16 - Aman - 8765432100	3		87	1
72	2023-11-20 11:41:22.187352+00	e43c43ba-f33b-47ca-a978-a2291c07ce32	Adidas Running Shoes Shoes - 16 - Aman - 8765432100	3		87	1
73	2023-11-20 11:41:22.188259+00	e1dda7bf-a102-4014-ac47-ddbfe9c70fdd	LG Air Conditioner Air Conditioner - 1 - guest_65432100 - 65432100	3		87	1
74	2023-11-20 11:41:22.189035+00	e019e4a6-184c-46e3-b6ae-b8b393c73833	Adidas Running Shoes Shoes - 1 - guest_65432100 - 65432100	3		87	1
75	2023-11-20 11:41:22.189804+00	dd4190d0-b2e7-466c-9f6b-37604b376f55	LG Air Conditioner Air Conditioner - 16 - Aman - 8765432100	3		87	1
76	2023-11-20 11:41:22.19065+00	dce599b9-6728-4d47-9957-2beab36eeb49	Coffee Machine Coffee Machine coffee machine - 1 - guest_65432100 - 65432100	3		87	1
77	2023-11-20 11:41:22.191477+00	dbcb1c1f-646d-4c09-b6b7-e1c50e35ab15	LG Air Conditioner Air Conditioner - 1 - guest_65432100 - 65432100	3		87	1
78	2023-11-20 11:41:22.192371+00	daf46fd5-86cb-45a2-8cbc-106faddad2a8	Refrigerator Samsung Refrigerator - 1 - guest_65432100 - 65432100	3		87	1
79	2023-11-20 11:41:22.193117+00	da887a1b-54a5-4d9d-be8d-6675e9969eaa	LG Air Conditioner Air Conditioner - 1 - guest_65432100 - 65432100	3		87	1
80	2023-11-20 11:41:22.193874+00	da0facb4-df0a-4935-9477-7c535a954834	Coffee Machine Coffee Machine coffee machine - 1 - guest_65432100 - 65432100	3		87	1
81	2023-11-20 11:41:22.194591+00	d9a1d617-c49f-46cb-b23f-d1821629cd7f	Adidas Running Shoes Shoes - 1 - guest_65432100 - 65432100	3		87	1
82	2023-11-20 11:41:22.195345+00	d8b6e103-f211-4074-9759-12dc948ab8a0	Adidas Running Shoes Shoes - 16 - Aman - 8765432100	3		87	1
83	2023-11-20 11:41:22.196204+00	d3710b42-a835-4098-9b07-691565d8d39a	Sony Led Smart TV LED TV - 1 - guest_65432100 - 65432100	3		87	1
84	2023-11-20 11:41:22.19702+00	d16711e0-f8f8-4667-9e95-2154180cbe21	Coffee Machine Coffee Machine coffee machine - 1 - guest_65432100 - 65432100	3		87	1
85	2023-11-20 11:41:22.197857+00	cff61b75-b2e7-4623-9b99-5c00c52a7808	Coffee Machine Coffee Machine coffee machine - 16 - Aman - 8765432100	3		87	1
86	2023-11-20 11:41:22.1989+00	cf28f1ee-2dde-4d54-ae56-181b77002d8b	Adidas Running Shoes Shoes - 16 - Aman - 8765432100	3		87	1
87	2023-11-20 11:41:22.199793+00	cefc108a-3cd4-4ad0-b066-c9eba513e0d6	Skybags Luggage Bags trolley bag - 16 - Aman - 8765432100	3		87	1
88	2023-11-20 11:41:22.200667+00	cbea7f56-15ac-4278-baa4-093127be5ce5	Adidas Running Shoes Shoes - 16 - Aman - 8765432100	3		87	1
89	2023-11-20 11:41:22.201544+00	c5631b2c-ea97-442f-a19f-df3b00b77a7b	Skybags Backpacks Backpack - 16 - Aman - 8765432100	3		87	1
90	2023-11-20 11:41:22.202416+00	c28486f5-5f0c-4fb6-8549-293687dc0c19	Adidas Running Shoes Shoes - 16 - Aman - 8765432100	3		87	1
91	2023-11-20 11:41:22.203256+00	be1d0085-923f-4342-b625-52efc7d13784	Coffee Machine Coffee Machine coffee machine - 1 - guest_65432100 - 65432100	3		87	1
92	2023-11-20 11:41:22.204113+00	bd48558d-3628-4add-8495-40cc178d68a1	Skybags Luggage Bags trolley bag - 1 - guest_65432100 - 65432100	3		87	1
93	2023-11-20 11:41:22.204942+00	bc07f9d2-e781-426e-9661-2aa4e2174c24	Coffee Machine Coffee Machine coffee machine - 1 - guest_65432100 - 65432100	3		87	1
94	2023-11-20 11:41:22.205945+00	bbc578f2-9fbd-4189-99f8-1d2466d77381	Godrej Protekt Germ Fighter Handwash Godrej Protekt Germ Fighter Handwash Hand Care - 1 - guest_65432100 - 65432100	3		87	1
95	2023-11-20 11:41:22.206899+00	b98ba266-8a38-4970-b9da-f0a63382e52b	Skybags Luggage Bags trolley bag - 1 - guest_65432100 - 65432100	3		87	1
96	2023-11-20 11:41:22.208064+00	b7290a88-84ea-4666-8686-6a0cd730a2a9	LG Air Conditioner Air Conditioner - 16 - Aman - 8765432100	3		87	1
97	2023-11-20 11:41:22.209282+00	af2dce04-9cf7-4478-b9eb-afb3b394e428	Mitowermi Luggage Trolly Bag Pink 28" - 16 - Aman - 8765432100	3		87	1
98	2023-11-20 11:41:22.210514+00	ade78fbe-159a-46af-9745-870f85c4c022	HP HP Pavillion Gaming Laptop Laptop - 16 - Aman - 8765432100	3		87	1
99	2023-11-20 11:41:22.211697+00	a78fd8bb-729e-4102-bd80-9b86bc7910a1	LG Air Conditioner Air Conditioner - 1 - guest_65432100 - 65432100	3		87	1
100	2023-11-20 11:41:22.213283+00	a602da6d-3fd3-4fe9-9344-c6cfd615d3b6	Coffee Machine Coffee Machine coffee machine - 1 - guest_65432100 - 65432100	3		87	1
101	2023-11-20 11:41:22.214896+00	a566eb77-bad6-454b-aed8-99cbb0d77207	Skybags Luggage Bags trolley bag - 16 - Aman - 8765432100	3		87	1
102	2023-11-20 11:41:22.2163+00	9f8f4c89-1b89-4793-b492-629a35647beb	Listrine Oral Hygiene Oral Hygiene - 1 - guest_65432100 - 65432100	3		87	1
103	2023-11-20 11:41:22.217397+00	9f0ac0b1-9113-436e-90bf-a6ac2b68940b	Godrej Protekt Germ Fighter Handwash Godrej Protekt Germ Fighter Handwash Hand Care - 1 - guest_65432100 - 65432100	3		87	1
104	2023-11-20 11:41:22.218386+00	9e2520d8-0b5b-4213-b1a7-c015a06ff966	Godrej Protekt Germ Fighter Handwash Godrej Protekt Germ Fighter Handwash Hand Care - 16 - Aman - 8765432100	3		87	1
105	2023-11-20 11:41:22.219388+00	9d78e4da-db58-4a87-9202-99cd2f673c82	Coffee Machine Coffee Machine coffee machine - 16 - Aman - 8765432100	3		87	1
106	2023-11-20 11:41:22.220546+00	9b9d6f80-5d9f-4d35-8732-27ec04f702ed	Adidas Running Shoes Shoes - 16 - Aman - 8765432100	3		87	1
107	2023-11-20 11:41:22.221673+00	99e003f5-9502-4783-b11e-cfb0cc7aa83e	Godrej Protekt Germ Fighter Handwash Godrej Protekt Germ Fighter Handwash Hand Care - 16 - Aman - 8765432100	3		87	1
108	2023-11-20 11:41:22.222616+00	976958d3-41b7-423d-9a63-5259519cddd6	Listrine Oral Hygiene Oral Hygiene - 16 - Aman - 8765432100	3		87	1
109	2023-11-20 11:41:22.223595+00	937932b3-00db-4694-9a4e-351c07193e63	LG Air Conditioner Air Conditioner - 16 - Aman - 8765432100	3		87	1
110	2023-11-20 11:41:22.224578+00	931b57c7-4725-4bf9-aad0-aa6a442b6999	Adidas Running Shoes Shoes - 16 - Aman - 8765432100	3		87	1
111	2023-11-20 11:41:22.225608+00	90f72ed9-55c6-4311-8d1a-ef56fe23a363	Coffee Machine Coffee Machine coffee machine - 16 - Aman - 8765432100	3		87	1
112	2023-11-20 11:41:22.226468+00	90f6ca06-2679-43e6-8416-3e091dcc6a5f	Refrigerator Samsung Refrigerator - 29 - guest_9746637811 - 9746637811	3		87	1
113	2023-11-20 11:41:22.227376+00	9007f120-97f8-42cd-803b-2505217533e0	Adidas Running Shoes Shoes - 16 - Aman - 8765432100	3		87	1
114	2023-11-20 11:41:22.228433+00	8de4b5b4-e6d4-4146-9b5c-c70814deed46	Coffee Machine Coffee Machine coffee machine - 1 - guest_65432100 - 65432100	3		87	1
115	2023-11-20 11:41:22.229292+00	8aa2e5d3-46b6-42d0-b63b-5ddeb447ca78	Adidas Running Shoes Shoes - 1 - guest_65432100 - 65432100	3		87	1
116	2023-11-20 11:41:22.230238+00	8a9576d3-6369-4545-96a5-47715d693ef3	Adidas Running Shoes Shoes - 16 - Aman - 8765432100	3		87	1
117	2023-11-20 11:41:22.231342+00	868b6e79-3be1-454e-adc9-29d535024941	Adidas Running Shoes Shoes - 1 - guest_65432100 - 65432100	3		87	1
118	2023-11-20 11:41:22.232399+00	81f859ad-a447-431b-b373-4cccf2a3e981	Mitowermi Luggage Trolly Bag Blue 24" - 16 - Aman - 8765432100	3		87	1
119	2023-11-20 11:41:22.233245+00	809a2295-25b3-43ce-a46c-f4eb36ad010b	Skybags Luggage Bags trolley bag - 1 - guest_65432100 - 65432100	3		87	1
120	2023-11-20 11:41:22.234064+00	7fe48628-c925-47bc-aa14-c9d3b146e289	Adidas Running Shoes Shoes - 1 - guest_65432100 - 65432100	3		87	1
121	2023-11-20 11:41:22.234913+00	754b2103-d76b-4d1f-babc-db4a2e566088	Adidas Running Shoes Shoes - 1 - guest_65432100 - 65432100	3		87	1
122	2023-11-20 11:41:22.23588+00	745323fd-2d2a-4883-bb85-ee544ddc92f1	Adidas Running Shoes Shoes - 1 - guest_65432100 - 65432100	3		87	1
123	2023-11-20 11:41:22.236949+00	74435813-ddd5-4484-97f5-f3544f3c7a96	Mitowermi Luggage Trolly Bag Pink Set of 3 - 1 - guest_65432100 - 65432100	3		87	1
124	2023-11-20 11:41:22.237823+00	702f2fee-9c97-4208-8cff-3b8f57e5f2f4	Skybags Backpacks Backpack - 1 - guest_65432100 - 65432100	3		87	1
125	2023-11-20 11:41:22.238755+00	6f51ccac-50d2-4fd0-beda-08ebbe4eadf8	Godrej Protekt Germ Fighter Handwash Godrej Protekt Germ Fighter Handwash Hand Care - 16 - Aman - 8765432100	3		87	1
126	2023-11-20 11:41:22.239835+00	6c74ccbd-de60-4e59-97f7-86accb9af1ef	LG Air Conditioner Air Conditioner - 1 - guest_65432100 - 65432100	3		87	1
127	2023-11-20 11:41:22.240964+00	6775c727-979e-4f31-ae1f-50989aca0d98	Godrej Protekt Germ Fighter Handwash Godrej Protekt Germ Fighter Handwash Hand Care - 1 - guest_65432100 - 65432100	3		87	1
128	2023-11-20 11:41:22.241877+00	672a83dd-0c42-487a-8ab6-5d10f15ad83a	Coffee Machine Coffee Machine coffee machine - 1 - guest_65432100 - 65432100	3		87	1
129	2023-11-20 11:41:22.242782+00	66f96723-bb1f-42b1-9811-ca3b4ab5da55	Adidas Running Shoes Shoes - 16 - Aman - 8765432100	3		87	1
130	2023-11-20 11:41:22.243661+00	63273547-6bb7-421a-b5f7-32813491c730	Adidas Running Shoes Shoes - 1 - guest_65432100 - 65432100	3		87	1
131	2023-11-20 11:41:22.244767+00	614c4c4a-1b41-48dc-9cbe-9b608dbf4040	Adidas Running Shoes Shoes - 16 - Aman - 8765432100	3		87	1
132	2023-11-20 11:41:22.245983+00	5ece71d6-add2-4a61-ab43-044bc3c91388	Refrigerator Samsung Refrigerator - 1 - guest_65432100 - 65432100	3		87	1
133	2023-11-20 11:41:22.246836+00	5d91114d-54ca-42e9-9466-e6166666f8b4	Refrigerator Samsung Refrigerator - 16 - Aman - 8765432100	3		87	1
134	2023-11-20 11:41:22.247844+00	5c817085-1078-460a-8f33-48673d4055b3	Refrigerator Samsung Refrigerator - 1 - guest_65432100 - 65432100	3		87	1
135	2023-11-20 11:41:22.248765+00	581a5768-5a50-49f9-b751-cf50916139a2	LG Air Conditioner Air Conditioner - 16 - Aman - 8765432100	3		87	1
136	2023-11-20 11:41:22.249537+00	569adb87-00ec-43b3-8fab-699395023085	Coffee Machine Coffee Machine coffee machine - 1 - guest_65432100 - 65432100	3		87	1
137	2023-11-20 11:41:22.250347+00	55b8e774-f40e-471a-ae14-88ad59762c06	Skybags Luggage Bags trolley bag - 1 - guest_65432100 - 65432100	3		87	1
138	2023-11-20 11:41:22.251285+00	537cb605-caef-4566-a426-c06abd668df1	Coffee Machine Coffee Machine coffee machine - 16 - Aman - 8765432100	3		87	1
139	2023-11-20 11:41:22.252409+00	525218d5-5d48-4e22-8be1-e87179f953f7	Skybags Backpacks Backpack - 1 - guest_65432100 - 65432100	3		87	1
140	2023-11-20 11:41:22.253161+00	4f4c419d-7aaa-4982-b76b-5ca444f4b049	Sandals and Slippers Sandals - 1 - guest_65432100 - 65432100	3		87	1
141	2023-11-20 11:41:22.254059+00	4e5cf671-e652-4245-a536-6383b567cd5e	Skybags Backpacks Backpack - 1 - guest_65432100 - 65432100	3		87	1
142	2023-11-20 11:41:22.25479+00	4daa36d8-773d-41b7-8ff1-df69c9ad85fb	Listrine Oral Hygiene Oral Hygiene - 16 - Aman - 8765432100	3		87	1
143	2023-11-20 11:41:22.255562+00	4c791b13-6611-47cc-969a-38ec0c580702	Adidas Running Shoes Shoes - 16 - Aman - 8765432100	3		87	1
144	2023-11-20 11:41:22.256692+00	410b67d9-c0df-4c3e-914c-4dc111a65811	Listrine Oral Hygiene Oral Hygiene - 1 - guest_65432100 - 65432100	3		87	1
145	2023-11-20 11:41:22.257602+00	4038bc57-cd09-4f51-8adc-052a350a9e38	Skybags Luggage Bags trolley bag - 1 - guest_65432100 - 65432100	3		87	1
146	2023-11-20 11:41:22.258514+00	3cfc480f-16b4-4b5b-930b-25c3e9a84983	Adidas Running Shoes Shoes - 1 - guest_65432100 - 65432100	3		87	1
147	2023-11-20 11:41:22.259574+00	3b3213e3-7dee-479f-8870-8560d8cae96f	Sony Led Smart TV LED TV - 1 - guest_65432100 - 65432100	3		87	1
148	2023-11-20 11:41:22.260583+00	3a3a9770-4755-4479-b024-805a742d650d	Coffee Machine Coffee Machine coffee machine - 16 - Aman - 8765432100	3		87	1
149	2023-11-20 11:41:22.261457+00	36d56752-6152-4898-a646-05915d6bc523	Godrej Protekt Germ Fighter Handwash Godrej Protekt Germ Fighter Handwash Hand Care - 16 - Aman - 8765432100	3		87	1
150	2023-11-20 11:41:22.262254+00	323735e8-7221-4684-9895-c6c02e023a31	Skybags Luggage Bags trolley bag - 1 - guest_65432100 - 65432100	3		87	1
151	2023-11-20 11:41:22.263071+00	3151c9ef-c620-4bce-ad69-6bcf4e6370fc	HP HP Pavillion Gaming Laptop Laptop - 16 - Aman - 8765432100	3		87	1
152	2023-11-20 11:41:22.26402+00	31031549-8d88-47d0-9615-d6e8d88c41b4	Skybags Luggage Bags trolley bag - 1 - guest_65432100 - 65432100	3		87	1
153	2023-11-20 11:41:22.264888+00	2e497a3d-1ef9-4f2b-a7d6-2271501eda58	Adidas Running Shoes Shoes - 16 - Aman - 8765432100	3		87	1
154	2023-11-20 11:41:22.265774+00	2d5fffed-bc7c-456a-a59f-69578026e8a0	Skybags Backpacks Backpack - 1 - guest_65432100 - 65432100	3		87	1
155	2023-11-20 11:41:36.899321+00	d7689a4d-dfa0-4750-bca5-e4e4f50254df	NEXOR2023000065 - 16 - Aman - 8765432100 - 40	3		89	1
156	2023-11-20 11:41:36.901781+00	8b3f10bd-c9d4-47cb-ba9b-63c867647850	NEXOR2023000064 - 16 - Aman - 8765432100 - 10	3		89	1
157	2023-11-20 11:41:36.902965+00	d43114e5-d7ea-498e-9521-3d8f902ac886	NEXOR2023000063 - 16 - Aman - 8765432100 - 10	3		89	1
158	2023-11-20 11:41:36.904038+00	11b2e310-0f55-42df-bfc1-edb3b3c9aa94	NEXOR2023000062 - 16 - Aman - 8765432100 - 40	3		89	1
159	2023-11-20 11:41:36.905146+00	212ebf47-76ed-4ffb-aee0-a05f013fd1a1	NEXOR2023000061 - 16 - Aman - 8765432100 - 40	3		89	1
160	2023-11-20 11:41:36.906268+00	521bf74c-4aa3-4166-9e2e-aa20784eb770	NEXOR2023000060 - 16 - Aman - 8765432100 - 10	3		89	1
161	2023-11-20 11:41:36.907273+00	ab43abb7-186c-4774-98f2-d4a8b3d5c4f7	NEXOR2023000059 - 16 - Aman - 8765432100 - 10	3		89	1
162	2023-11-20 11:41:36.914568+00	46a94890-37c1-4da9-b7bd-2f1aab8ae258	NEXOR2023000058 - 16 - Aman - 8765432100 - 40	3		89	1
163	2023-11-20 11:41:36.917068+00	566b3594-a0ae-437b-bbae-104e7d77b341	NEXOR2023000057 - 16 - Aman - 8765432100 - 40	3		89	1
164	2023-11-20 11:41:36.9186+00	9cf10cc8-51bd-4c66-a953-7c46a6583bba	NEXOR2023000056 - 16 - Aman - 8765432100 - 40	3		89	1
165	2023-11-20 11:41:36.920036+00	abe1a75e-fe15-4206-bb51-b78ed4598e8f	NEXOR2023000055 - 16 - Aman - 8765432100 - 10	3		89	1
166	2023-11-20 11:41:36.9221+00	fa634ff2-b3e8-4575-969b-91b5b7c908de	NEXOR2023000054 - 16 - Aman - 8765432100 - 40	3		89	1
167	2023-11-20 11:41:36.923061+00	18a278ad-abc4-4a42-9e04-6c10ba85442a	NEXOR2023000053 - 16 - Aman - 8765432100 - 40	3		89	1
168	2023-11-20 11:41:36.924199+00	3b4a4894-dd16-45fa-a99f-0b049d3d0b06	NEXOR2023000052 - 16 - Aman - 8765432100 - 10	3		89	1
169	2023-11-20 11:41:36.925268+00	7ad04c04-4cd2-4361-8c2f-3938e653028e	NEXOR2023000051 - 16 - Aman - 8765432100 - 10	3		89	1
170	2023-11-20 11:41:36.92616+00	ca248277-a501-46ee-bd12-ef18b7f6492f	NEXOR2023000050 - 16 - Aman - 8765432100 - 10	3		89	1
171	2023-11-20 11:41:36.927023+00	f48b9130-9d32-4b83-8b99-24b73cadb2bd	NEXOR2023000049 - 16 - Aman - 8765432100 - 10	3		89	1
172	2023-11-20 11:41:36.928017+00	6507beb6-8935-40ad-a358-47dc0fc09c8f	NEXOR2023000048 - 16 - Aman - 8765432100 - 10	3		89	1
173	2023-11-20 11:41:36.928956+00	fc8776a5-7555-49d0-acf4-e81f11743c01	NEXOR2023000047 - 16 - Aman - 8765432100 - 40	3		89	1
174	2023-11-20 11:41:36.929861+00	5619c008-fa2b-404a-87e2-b07bb0333f96	NEXOR2023000046 - 1 - guest_65432100 - 65432100 - 40	3		89	1
175	2023-11-20 11:41:36.931092+00	aff0015d-5da5-4400-b4c6-3e95c8784562	NEXOR2023000045 - 1 - guest_65432100 - 65432100 - 40	3		89	1
176	2023-11-20 11:41:36.932199+00	bd165509-1524-4f9a-8707-9b6b4127e87a	NEXOR2023000044 - 16 - Aman - 8765432100 - 10	3		89	1
177	2023-11-20 11:41:36.93319+00	5a80a24d-a9c0-493c-aa96-e75404edba86	NEXOR2023000043 - 16 - Aman - 8765432100 - 10	3		89	1
178	2023-11-20 11:41:36.934135+00	9dd2ce49-6d69-4180-8496-00f7367421ac	NEXOR2023000042 - 1 - guest_65432100 - 65432100 - 10	3		89	1
179	2023-11-20 11:41:36.935211+00	e93d26f6-8bd2-4b30-9e00-2f7531eab195	NEXOR2023000041 - 16 - Aman - 8765432100 - 40	3		89	1
180	2023-11-20 11:41:36.936279+00	c3081f85-467d-4098-b268-e04b3efe18d3	NEXOR2023000040 - 16 - Aman - 8765432100 - 40	3		89	1
181	2023-11-20 11:41:36.937183+00	667b6fda-20bf-4866-a7b1-3bc678d7fc61	NEXOR2023000039 - 16 - Aman - 8765432100 - 40	3		89	1
182	2023-11-20 11:41:36.938158+00	db929ed0-70ec-42af-8fbf-cf022109042d	NEXOR2023000038 - 16 - Aman - 8765432100 - 40	3		89	1
183	2023-11-20 11:41:36.939004+00	1e65d18c-1820-4705-9377-416b37402baa	NEXOR2023000037 - 16 - Aman - 8765432100 - 40	3		89	1
184	2023-11-20 11:41:36.940017+00	feb1e8e9-5ecf-43b7-a9b1-fd2e4cad9e09	NEXOR2023000036 - 16 - Aman - 8765432100 - 40	3		89	1
185	2023-11-20 11:41:36.941024+00	f8488daa-b031-43fd-a4f6-269e53d22558	NEXOR2023000035 - 16 - Aman - 8765432100 - 40	3		89	1
186	2023-11-20 11:41:36.941923+00	c8d2340a-c570-4df1-9456-88bd1aedd338	NEXOR2023000034 - 16 - Aman - 8765432100 - 40	3		89	1
187	2023-11-20 11:41:36.942861+00	1287a406-ac4e-4943-bc1d-838187dc95d1	NEXOR2023000033 - 16 - Aman - 8765432100 - 40	3		89	1
188	2023-11-20 11:41:36.943835+00	51daf4bc-3af9-43dd-811d-c0c4a95a81f9	NEXOR2023000032 - 16 - Aman - 8765432100 - 40	3		89	1
189	2023-11-20 11:41:36.944832+00	ed27e83e-308c-4c63-a363-ebdfa7a37fd8	NEXOR2023000031 - 16 - Aman - 8765432100 - 40	3		89	1
190	2023-11-20 11:41:36.945767+00	61114228-a88e-4ce1-b1b9-fb69d1f88e96	NEXOR2023000030 - 16 - Aman - 8765432100 - 40	3		89	1
191	2023-11-20 11:41:36.946876+00	6adf9e90-37f7-4e99-b2fb-11dc690bfcda	NEXOR2023000029 - 1 - guest_65432100 - 65432100 - 10	3		89	1
192	2023-11-20 11:41:36.948395+00	63486c07-89ab-4130-8a0a-3e2b21b59571	NEXOR2023000028 - 1 - guest_65432100 - 65432100 - 10	3		89	1
193	2023-11-20 11:41:36.949598+00	c9cea1e2-9a45-4f9c-95cc-d7a2715cb10d	NEXOR2023000027 - 1 - guest_65432100 - 65432100 - 10	3		89	1
194	2023-11-20 11:41:36.950627+00	93ff76e4-6ee1-47e0-a932-db97687aecb2	NEXOR2023000026 - 16 - Aman - 8765432100 - 40	3		89	1
195	2023-11-20 11:41:36.952277+00	97863994-70d0-4c32-9441-e6c500756ce6	NEXOR2023000025 - 16 - Aman - 8765432100 - 40	3		89	1
196	2023-11-20 11:41:36.953736+00	ff14e313-b0b2-4547-a67a-5018e2127d1e	NEXOR2023000024 - 16 - Aman - 8765432100 - 40	3		89	1
197	2023-11-20 11:41:36.954981+00	834a2dad-8749-42d6-b4b1-b331586f8b58	NEXOR2023000023 - 16 - Aman - 8765432100 - 40	3		89	1
198	2023-11-20 11:41:36.956467+00	f97df3c1-71d8-4171-ae41-8432d5625081	NEXOR2023000022 - 1 - guest_65432100 - 65432100 - 10	3		89	1
199	2023-11-20 11:41:36.957945+00	65d27ccf-47d4-43c6-a255-1fe01a5e758d	NEXOR2023000021 - 1 - guest_65432100 - 65432100 - 10	3		89	1
200	2023-11-20 11:41:36.959204+00	98fa87aa-14e8-49f3-a41e-84e1d4b0db8b	NEXOR2023000020 - 16 - Aman - 8765432100 - 40	3		89	1
201	2023-11-20 11:41:36.960545+00	1097128b-de50-4279-81e2-cdfeb9007407	NEXOR2023000019 - 29 - guest_9746637811 - 9746637811 - 40	3		89	1
202	2023-11-20 11:41:36.961759+00	a6525f86-4e20-43d6-8ffd-709b2c8dc45e	NEXOR2023000018 - 1 - guest_65432100 - 65432100 - 10	3		89	1
203	2023-11-20 11:41:36.962739+00	bc9c8e57-96dd-4a38-96a6-d2d7eb226b0a	NEXOR2023000017 - 1 - guest_65432100 - 65432100 - 10	3		89	1
204	2023-11-20 11:41:36.963782+00	b4fdcd19-fcf5-4be5-a504-4b47998cda92	NEXOR2023000016 - 1 - guest_65432100 - 65432100 - 10	3		89	1
205	2023-11-20 11:41:36.964772+00	a1eb3cc3-ac97-4322-92a0-a25af840cccc	NEXOR2023000015 - 9 - Aman - 7654324635 - 10	3		89	1
206	2023-11-20 11:41:36.965712+00	8ec78497-21c8-4bf2-b3f1-0e799a120571	NEXOR2023000014 - 16 - Aman - 8765432100 - 40	3		89	1
207	2023-11-20 11:41:36.966969+00	fae7ef0c-0d5e-496e-9144-ecf886f599ae	NEXOR2023000013 - 1 - guest_65432100 - 65432100 - 40	3		89	1
208	2023-11-20 11:41:36.968005+00	0de382de-6acb-41ae-9bfa-4f650337e503	NEXOR2023000012 - 1 - guest_65432100 - 65432100 - 10	3		89	1
209	2023-11-20 11:41:36.968928+00	0dc73d6a-5d36-4743-b638-4903e99dc7e1	NEXOR2023000011 - 1 - guest_65432100 - 65432100 - 10	3		89	1
210	2023-11-20 11:41:36.969865+00	6a35393e-7b5e-4202-a887-d343a40abd2c	NEXOR2023000010 - 1 - guest_65432100 - 65432100 - 10	3		89	1
211	2023-11-20 11:41:36.970735+00	34743c6c-b7cf-4716-a63b-7c6ae6754193	NEXOR2023000009 - 1 - guest_65432100 - 65432100 - 40	3		89	1
212	2023-11-20 11:41:36.971636+00	3de3778a-2318-47f5-bfc9-d7426ab8d68e	NEXOR2023000008 - 1 - guest_65432100 - 65432100 - 10	3		89	1
213	2023-11-20 11:41:36.972704+00	c83b6d2b-e35d-4c0f-b1ff-86b1b9880fa9	NEXOR2023000007 - 1 - guest_65432100 - 65432100 - 10	3		89	1
214	2023-11-20 11:41:36.974167+00	6607d37b-495c-4a0e-bd24-80ce8f1a73e2	NEXOR2023000006 - 1 - guest_65432100 - 65432100 - 10	3		89	1
215	2023-11-20 11:41:36.975428+00	9861c57c-5499-4fc2-8b7e-5acdde5f8cc9	NEXOR2023000005 - 1 - guest_65432100 - 65432100 - 10	3		89	1
216	2023-11-20 11:41:36.976438+00	42941090-87e3-4df8-9ed0-e1ca002c52b2	NEXOR2023000004 - 1 - guest_65432100 - 65432100 - 40	3		89	1
217	2023-11-20 11:41:36.977295+00	a13b6ae5-3a6a-45a0-adc3-8c9ffe195247	NEXOR2023000003 - 1 - guest_65432100 - 65432100 - 10	3		89	1
218	2023-11-20 11:41:36.978227+00	26cde406-88a1-4299-89ea-1d609eb508d8	NEXOR2023000002 - 1 - guest_65432100 - 65432100 - 10	3		89	1
219	2023-11-20 11:41:36.979066+00	e36d1b01-712d-4934-973e-9bfb1a594813	NEXOR2023000001 - 1 - guest_65432100 - 65432100 - 40	3		89	1
220	2023-11-20 11:41:36.980067+00	1a369927-7c52-413e-8754-bb288a346fc3	NONE - 1 - guest_65432100 - 65432100 - 40	3		89	1
221	2023-11-20 11:41:36.981276+00	ef5c72cf-e837-4c01-b76c-4ca74c3ae600	NONE - 1 - guest_65432100 - 65432100 - 40	3		89	1
222	2023-11-20 11:41:36.982556+00	83e39cb0-0e3e-49c4-abbf-d0e9e435fe0b	NONE - 1 - guest_65432100 - 65432100 - 10	3		89	1
223	2023-11-20 11:41:36.983916+00	55579bb3-b511-4646-8847-e61f920a7234	NONE - 1 - guest_65432100 - 65432100 - 10	3		89	1
224	2023-11-20 11:41:36.985089+00	c19f87a7-5bf7-401e-9ca4-61d829f8372a	NONE - 1 - guest_65432100 - 65432100 - 40	3		89	1
225	2023-11-20 11:41:36.986197+00	facdd28e-8e9e-4abe-aedf-9a97b08a8b4f	NONE - 1 - guest_65432100 - 65432100 - 10	3		89	1
226	2023-11-20 11:41:36.987008+00	d7ae8ef0-3125-4b6f-9dc8-16594b1c23b8	NONE - 1 - guest_65432100 - 65432100 - 10	3		89	1
227	2023-11-20 11:41:36.987982+00	2cc964d2-e3fe-43b4-8fd0-3446198aca0d	NONE - 1 - guest_65432100 - 65432100 - 10	3		89	1
228	2023-11-20 11:41:36.98891+00	29229974-7b49-492f-abc4-c802d5395c3d	NONE - 1 - guest_65432100 - 65432100 - 10	3		89	1
229	2023-11-20 11:41:36.989776+00	96f8a34c-b920-40e2-83cb-66882c3653bf	NONE - 1 - guest_65432100 - 65432100 - 10	3		89	1
230	2023-11-20 11:41:36.990594+00	ec5e3ba5-d174-4e4e-8096-48cffcf1df68	NONE - 1 - guest_65432100 - 65432100 - 10	3		89	1
231	2023-11-20 11:41:36.991434+00	e1249ce1-8958-4a32-b1cd-4c5129481fd8	NONE - 1 - guest_65432100 - 65432100 - 10	3		89	1
232	2023-11-20 11:41:36.992448+00	b8569c31-11c0-4e51-9879-18785e6906c9	NONE - 1 - guest_65432100 - 65432100 - 10	3		89	1
233	2023-11-20 11:41:36.99352+00	2ef876e5-cd8a-4ddc-83a2-e9b5307e147b	NONE - 1 - guest_65432100 - 65432100 - 10	3		89	1
234	2023-11-20 11:41:36.994486+00	889a8db3-ca3f-4edb-b160-77d3189bf781	NONE - 1 - guest_65432100 - 65432100 - 10	3		89	1
235	2023-11-20 11:41:36.995483+00	cf6c5cfa-b4be-46dd-a986-4bfb47767711	NONE - 1 - guest_65432100 - 65432100 - 10	3		89	1
236	2023-11-20 11:41:36.996693+00	dd1e2bc8-df93-45bb-805a-70dfb909da55	NONE - 1 - guest_65432100 - 65432100 - 10	3		89	1
237	2023-11-20 11:41:36.997664+00	1243f43c-c82d-4d60-a139-d0a4f0a5d395	NONE - 1 - guest_65432100 - 65432100 - 10	3		89	1
238	2023-11-20 11:41:36.998449+00	a073f819-f009-4b12-b33b-08cd1af0d15b	NONE - 1 - guest_65432100 - 65432100 - 10	3		89	1
239	2023-11-20 11:41:36.999524+00	e6255071-f187-4ae9-8eb7-2f42007ed9c2	NONE - 1 - guest_65432100 - 65432100 - 10	3		89	1
240	2023-11-20 11:41:37.000618+00	086fc2d4-a869-402f-9c91-5bf90e1aeca5	NONE - 1 - guest_65432100 - 65432100 - 10	3		89	1
241	2023-11-24 09:21:52.283899+00	fe74b2c5-0804-40b0-9451-0d8aebdba748	NEXOR2023000007 - 16 - Aman - 8765432100 - 10	3		89	1
242	2023-11-24 09:21:52.286814+00	014691c0-2412-4539-a89f-695b57b629f7	NEXOR2023000006 - 16 - Aman - 8765432100 - 10	3		89	1
243	2023-11-24 09:21:52.287841+00	84b26e25-2dd7-4aa2-be4a-e641fedc230b	NEXOR2023000005 - 16 - Aman - 8765432100 - 10	3		89	1
244	2023-11-24 09:21:52.288775+00	3af59040-9d82-4a84-8349-d24b91a39d61	NEXOR2023000004 - 16 - Aman - 8765432100 - 40	3		89	1
245	2023-11-24 09:21:52.290002+00	86aea701-e063-4535-908a-91558d57739a	NEXOR2023000003 - 16 - Aman - 8765432100 - 40	3		89	1
246	2023-11-24 09:21:52.290966+00	1633b0f6-66c6-4d38-b921-75b65900b16e	NEXOR2023000002 - 16 - Aman - 8765432100 - 40	3		89	1
247	2023-11-24 09:21:52.2923+00	1a3f7ced-41e4-4ba0-946d-ac6e7c28ce7b	NEXOR2023000001 - 16 - Aman - 8765432100 - 40	3		89	1
248	2023-11-24 09:23:46.137147+00	59067710-918c-489b-8a95-c53b037e9a3b	Adidas Running Shoes Running shoes	2	[{"changed": {"fields": ["Product", "Current rating"]}}]	27	1
249	2023-11-24 09:23:59.386548+00	e114c011-d263-4bd7-a058-4b16056a7111	Coffee Machine Coffee Machine coffee machine	2	[{"changed": {"fields": ["Current rating"]}}]	27	1
250	2023-11-24 09:24:11.13315+00	b030d13d-03ad-4efc-b1db-b592ba0f8f41	Refrigerator Samsung Refrigerator	2	[{"changed": {"fields": ["Current rating"]}}]	27	1
251	2023-11-24 09:24:24.577684+00	309559c0-a6d7-4dde-bba7-7bc6c9adbec5	Listrine Oral Hygiene Oral Hygiene	2	[{"changed": {"fields": ["Current rating"]}}]	27	1
252	2023-11-30 12:23:18.939678+00	dda8731c-3895-4d2b-8d8c-b9a71ee4062a	Aman - Ticket Issue	2	[{"changed": {"fields": ["Description"]}}]	66	1
253	2023-12-20 05:17:57.723041+00	cc4db1a5-75b5-4be4-8bcc-f9d05e6a5584	Nishad	2	[{"changed": {"fields": ["Is deleted"]}}]	70	1
254	2023-12-20 05:18:08.019094+00	55dd9dd5-febd-4f9f-9724-ae454652e136	Abin	2	[{"changed": {"fields": ["Is deleted"]}}]	70	1
255	2023-12-20 05:20:31.331707+00	cc4db1a5-75b5-4be4-8bcc-f9d05e6a5584	Nishad	2	[{"changed": {"fields": ["Is deleted"]}}]	70	1
256	2023-12-20 05:20:39.262373+00	55dd9dd5-febd-4f9f-9724-ae454652e136	Abin	2	[{"changed": {"fields": ["Is deleted"]}}]	70	1
257	2023-12-20 05:21:28.790133+00	9ba81d34-6984-4c58-9db3-912717fe5a68	Akhin	2	[{"changed": {"fields": ["Is deleted"]}}]	70	1
258	2023-12-20 05:57:12.285027+00	cc4db1a5-75b5-4be4-8bcc-f9d05e6a5584	Nishad	2	[{"changed": {"fields": ["Is deleted"]}}]	70	1
259	2023-12-20 05:57:33.500139+00	9ba81d34-6984-4c58-9db3-912717fe5a68	Akhin	2	[{"changed": {"fields": ["Is deleted"]}}]	70	1
260	2023-12-20 05:57:45.049952+00	55dd9dd5-febd-4f9f-9724-ae454652e136	Abin	2	[{"changed": {"fields": ["Is deleted"]}}]	70	1
261	2023-12-20 06:02:52.849447+00	cc4db1a5-75b5-4be4-8bcc-f9d05e6a5584	Nishad	2	[{"changed": {"fields": ["Is deleted"]}}]	70	1
262	2023-12-20 06:03:03.724969+00	9ba81d34-6984-4c58-9db3-912717fe5a68	Akhin	2	[{"changed": {"fields": ["Is deleted"]}}]	70	1
263	2023-12-20 06:03:11.883229+00	5f5fa95c-afa9-4320-bbd0-3c4897313a74	Ashin	2	[{"changed": {"fields": ["Is deleted"]}}]	70	1
264	2023-12-20 06:03:24.397873+00	55dd9dd5-febd-4f9f-9724-ae454652e136	Abin	2	[{"changed": {"fields": ["Is deleted"]}}]	70	1
265	2023-12-20 06:29:39.827267+00	5b0236d4-b84e-433b-9722-64e1d57ee2a7	Daily Needs	2	[{"changed": {"fields": ["Is deleted"]}}]	22	1
266	2023-12-20 06:31:10.41812+00	423dc754-b88c-4806-84e2-40a22cc68638	Kitchen and Dining	2	[{"changed": {"fields": ["Is deleted"]}}]	22	1
267	2023-12-20 06:31:38.176799+00	fe32edbe-ea04-476f-826f-1aa3343b1611	Laptops and Computers	2	[{"changed": {"fields": ["Is deleted"]}}]	22	1
268	2023-12-20 06:31:58.027357+00	2ff59a23-b831-40d7-841f-4c37bbb2efb3	Mobile and Accessories	2	[{"changed": {"fields": ["Is deleted"]}}]	22	1
269	2023-12-20 06:32:13.476918+00	bc98136d-3984-4215-9e18-f87ee7cfb119	Monitor and TV	2	[{"changed": {"fields": ["Is deleted"]}}]	22	1
270	2023-12-20 06:32:32.370761+00	f4a0b7f0-da64-4786-b712-74394654ecb8	Multimedia	2	[{"changed": {"fields": ["Is deleted"]}}]	22	1
271	2023-12-20 06:32:50.089658+00	c4f29e89-1ae5-40a0-8740-ef8c73623126	Personal Care	2	[{"changed": {"fields": ["Is deleted"]}}]	22	1
272	2023-12-20 06:33:08.86988+00	9fea2359-44ee-4640-bf62-130bd4766e3e	Shoes	2	[{"changed": {"fields": ["Is deleted"]}}]	22	1
273	2023-12-20 06:33:29.705068+00	f7333c2e-e0e4-4be8-ae89-0fac17498ea4	Smart Watches	2	[{"changed": {"fields": ["Is deleted"]}}]	22	1
274	2023-12-20 06:33:39.783747+00	9b307b04-5575-417c-9e5e-89df2a4591ab	Stationary	2	[{"changed": {"fields": ["Is deleted"]}}]	22	1
275	2023-12-20 06:37:04.127427+00	5b0236d4-b84e-433b-9722-64e1d57ee2a7	Daily Needs	2	[{"changed": {"fields": ["Is deleted"]}}]	22	1
276	2023-12-20 06:37:29.602735+00	fe32edbe-ea04-476f-826f-1aa3343b1611	Laptops and Computers	2	[{"changed": {"fields": ["Is deleted"]}}]	22	1
277	2023-12-20 06:37:43.376371+00	9b307b04-5575-417c-9e5e-89df2a4591ab	Stationary	2	[{"changed": {"fields": ["Is deleted"]}}]	22	1
278	2023-12-20 06:37:50.022675+00	f7333c2e-e0e4-4be8-ae89-0fac17498ea4	Smart Watches	2	[{"changed": {"fields": ["Is deleted"]}}]	22	1
279	2023-12-20 06:38:16.518952+00	f7333c2e-e0e4-4be8-ae89-0fac17498ea4	Smart Watches	2	[{"changed": {"fields": ["Is deleted"]}}]	22	1
280	2023-12-20 06:38:54.231915+00	5b0236d4-b84e-433b-9722-64e1d57ee2a7	Daily Needs	2	[{"changed": {"fields": ["Is deleted"]}}]	22	1
281	2023-12-20 06:45:50.965646+00	5b0236d4-b84e-433b-9722-64e1d57ee2a7	Daily Needs	2	[{"changed": {"fields": ["Is deleted"]}}]	22	1
282	2023-12-20 06:46:16.417318+00	423dc754-b88c-4806-84e2-40a22cc68638	Kitchen and Dining	2	[{"changed": {"fields": ["Is deleted"]}}]	22	1
283	2023-12-20 06:46:23.229303+00	28051c9a-929b-4173-8242-96faebc7943c	Lagguage Bags and Backpacks_deleted_11	2	[{"changed": {"fields": ["Is deleted"]}}]	22	1
284	2023-12-20 06:46:31.631165+00	e7d2f4e2-1108-4889-be98-f5e23f8f0329	Lagguage Bags and Backpacks_deleted_12	2	[{"changed": {"fields": ["Is deleted"]}}]	22	1
285	2023-12-20 06:46:50.506361+00	2b2821d4-3c6d-4f8e-9ef4-9841ec254b00	Men_deleted_1	2	[{"changed": {"fields": ["Is deleted"]}}]	22	1
286	2023-12-20 06:47:04.127838+00	2ff59a23-b831-40d7-841f-4c37bbb2efb3	Mobile and Accessories	2	[{"changed": {"fields": ["Is deleted"]}}]	22	1
287	2023-12-20 06:47:18.956043+00	bc98136d-3984-4215-9e18-f87ee7cfb119	Monitor and TV	2	[{"changed": {"fields": ["Is deleted"]}}]	22	1
288	2023-12-20 06:47:35.841345+00	70d591a6-982b-4a9e-b3e4-a85c906eb727	Monitor and TV_deleted_13	2	[{"changed": {"fields": ["Is deleted"]}}]	22	1
289	2023-12-20 06:47:51.056492+00	f4a0b7f0-da64-4786-b712-74394654ecb8	Multimedia	2	[{"changed": {"fields": ["Is deleted"]}}]	22	1
290	2023-12-20 06:48:20.013835+00	c4f29e89-1ae5-40a0-8740-ef8c73623126	Personal Care	2	[{"changed": {"fields": ["Is deleted"]}}]	22	1
291	2023-12-20 06:48:34.445945+00	9fea2359-44ee-4640-bf62-130bd4766e3e	Shoes	2	[{"changed": {"fields": ["Is deleted"]}}]	22	1
292	2023-12-20 06:48:47.174355+00	8b1323e1-e776-4300-a667-199a8bb047ad	Shoes_deleted_9	2	[{"changed": {"fields": ["Is deleted"]}}]	22	1
293	2023-12-20 06:48:54.248074+00	f7333c2e-e0e4-4be8-ae89-0fac17498ea4	Smart Watches	2	[{"changed": {"fields": ["Is deleted"]}}]	22	1
294	2023-12-20 06:52:38.79271+00	28051c9a-929b-4173-8242-96faebc7943c	Lagguage Bags and Backpacks_deleted_11	3		22	1
295	2023-12-20 06:52:38.795754+00	e7d2f4e2-1108-4889-be98-f5e23f8f0329	Lagguage Bags and Backpacks_deleted_12	3		22	1
296	2023-12-20 06:52:38.796992+00	2b2821d4-3c6d-4f8e-9ef4-9841ec254b00	Men_deleted_1	3		22	1
297	2023-12-20 06:52:38.797947+00	70d591a6-982b-4a9e-b3e4-a85c906eb727	Monitor and TV_deleted_13	3		22	1
298	2023-12-20 06:52:54.195508+00	5b0236d4-b84e-433b-9722-64e1d57ee2a7	Daily Needs	2	[{"changed": {"fields": ["Is featured"]}}]	22	1
299	2023-12-20 06:53:41.08583+00	8b1323e1-e776-4300-a667-199a8bb047ad	Shoes_deleted_9	3		22	1
300	2023-12-20 06:54:02.495435+00	5b0236d4-b84e-433b-9722-64e1d57ee2a7	Daily Needs	2	[{"changed": {"fields": ["Is featured"]}}]	22	1
301	2023-12-20 06:54:13.048857+00	b2e9a285-d0a4-4f53-a392-0b9133499dc2	Electronics	2	[{"changed": {"fields": ["Is featured"]}}]	22	1
302	2023-12-20 06:54:43.03397+00	5b0236d4-b84e-433b-9722-64e1d57ee2a7	Daily Needs	2	[{"changed": {"fields": ["Is featured"]}}]	22	1
303	2023-12-20 06:55:43.878906+00	b2e9a285-d0a4-4f53-a392-0b9133499dc2	Electronics	2	[{"changed": {"fields": ["Is featured"]}}]	22	1
304	2023-12-20 06:56:29.287711+00	b2e9a285-d0a4-4f53-a392-0b9133499dc2	Electronics	2	[{"changed": {"fields": ["Is featured"]}}]	22	1
305	2023-12-20 06:56:39.382638+00	2ff59a23-b831-40d7-841f-4c37bbb2efb3	Mobile and Accessories	2	[{"changed": {"fields": ["Is featured"]}}]	22	1
306	2023-12-20 07:00:16.475188+00	cc4db1a5-75b5-4be4-8bcc-f9d05e6a5584	Nishad	2	[{"changed": {"fields": ["Is deleted"]}}]	70	1
307	2023-12-20 07:00:24.747626+00	9ba81d34-6984-4c58-9db3-912717fe5a68	Akhin	2	[{"changed": {"fields": ["Is deleted"]}}]	70	1
308	2023-12-20 07:00:34.210709+00	5f5fa95c-afa9-4320-bbd0-3c4897313a74	Ashin	2	[{"changed": {"fields": ["Is deleted"]}}]	70	1
309	2024-02-24 13:50:23.319551+00	39	8765423100	2	[{"changed": {"fields": ["Otp"]}}]	65	1
310	2024-02-27 09:07:31.446581+00	15d98af2-0b9a-439c-80b5-26e71b2b573d	NEXOR2023000066 - 16 - Aman - 8765432100 - 40	3		89	1
311	2024-02-27 09:07:31.45046+00	dd302381-df19-40f3-9485-ba1814c008eb	NEXOR2023000065 - 16 - Aman - 8765432100 - 10	3		89	1
312	2024-02-27 09:07:31.451635+00	183f640d-3a9d-4a52-bea9-d07aba3a6984	NEXOR2023000064 - 16 - Aman - 8765432100 - 10	3		89	1
313	2024-02-27 09:07:31.45268+00	a45b9ed4-6c30-4061-bec9-549f59077ed6	NEXOR2023000063 - 16 - Aman - 8765432100 - 10	3		89	1
314	2024-02-27 09:07:31.453729+00	a5d176e1-d09e-42b3-98f9-2bd56574c331	NEXOR2023000062 - 16 - Aman - 8765432100 - 10	3		89	1
315	2024-02-27 09:07:31.454721+00	4cddceb2-33ff-4924-af2f-bef7fd16c2e8	NEXOR2023000061 - 16 - Aman - 8765432100 - 10	3		89	1
316	2024-02-27 09:07:31.455802+00	d8699a50-ce8d-4717-8700-6bd8d9f69211	NEXOR2023000060 - 16 - Aman - 8765432100 - 10	3		89	1
317	2024-02-27 09:07:31.456844+00	c849cf14-d0b3-4e06-a0c3-6389932a5016	NEXOR2023000059 - 16 - Aman - 8765432100 - 10	3		89	1
318	2024-02-27 09:07:31.457767+00	bc87a3b0-fcb3-4d69-9b33-0e72024191e3	NEXOR2023000058 - 16 - Aman - 8765432100 - 10	3		89	1
319	2024-02-27 09:07:31.45867+00	64742ad2-8e2d-4826-952d-2ccf2bd1ca8b	NEXOR2023000057 - 16 - Aman - 8765432100 - 10	3		89	1
320	2024-02-27 09:07:31.459851+00	74558ea3-da32-47e2-9872-ff4a56dc9437	NEXOR2023000056 - 16 - Aman - 8765432100 - 40	3		89	1
321	2024-02-27 09:07:31.460829+00	531955ca-a158-4a98-9325-5f93094f0194	NEXOR2023000055 - 16 - Aman - 8765432100 - 10	3		89	1
322	2024-02-27 09:07:31.461745+00	83704cd5-b735-47e1-9206-6d806a8ca10c	NEXOR2023000054 - 16 - Aman - 8765432100 - 10	3		89	1
323	2024-02-27 09:07:31.462878+00	ca45fbe3-5b65-47a0-9ded-2fabae8adcf3	NEXOR2023000053 - 16 - Aman - 8765432100 - 10	3		89	1
324	2024-02-27 09:07:31.463872+00	c7c6a700-2a24-4558-b5f7-3496bd5d7168	NEXOR2023000052 - 16 - Aman - 8765432100 - 10	3		89	1
325	2024-02-27 09:07:31.466605+00	6915d77c-a509-428f-8480-e32290ab1ff9	NEXOR2023000051 - 16 - Aman - 8765432100 - 10	3		89	1
326	2024-02-27 09:07:31.46771+00	e5d8c47a-5535-4985-899f-db349544cf23	NEXOR2023000050 - 16 - Aman - 8765432100 - 40	3		89	1
327	2024-02-27 09:07:31.470647+00	0e517890-d3b8-4ad9-81c7-744f767b6797	NEXOR2023000049 - 16 - Aman - 8765432100 - 10	3		89	1
328	2024-02-27 09:07:31.471889+00	383cb652-1bb1-4b7c-a36a-6d8fc1cf1c42	NEXOR2023000048 - 16 - Aman - 8765432100 - 10	3		89	1
329	2024-02-27 09:07:31.47289+00	61f62d91-c4ba-45c1-a9f5-9d94834a7d04	NEXOR2023000047 - 16 - Aman - 8765432100 - 40	3		89	1
330	2024-02-27 09:07:31.474127+00	d296b5b1-7b73-40d6-8535-d4a435e2a9d9	NEXOR2023000046 - 16 - Aman - 8765432100 - 10	3		89	1
331	2024-02-27 09:07:31.475086+00	e125885c-94bc-42ff-bea1-274520a55c85	NEXOR2023000045 - 16 - Aman - 8765432100 - 10	3		89	1
332	2024-02-27 09:07:31.476057+00	c6ca2a49-efe1-4a37-872d-d43416f14236	NEXOR2023000044 - 16 - Aman - 8765432100 - 10	3		89	1
333	2024-02-27 09:07:31.476997+00	2215e280-e89f-492c-a0e9-54955d67a095	NEXOR2023000043 - 16 - Aman - 8765432100 - 10	3		89	1
334	2024-02-27 09:07:31.477853+00	e20990a2-1b6f-49c6-9374-0f0e985d222e	NEXOR2023000042 - 16 - Aman - 8765432100 - 10	3		89	1
335	2024-02-27 09:07:31.478723+00	0379b574-4279-46df-af5e-61c4be0394b9	NEXOR2023000041 - 16 - Aman - 8765432100 - 10	3		89	1
336	2024-02-27 09:07:31.479834+00	aa98b6b8-6768-4245-81a9-395ed85291a9	NEXOR2023000040 - 16 - Aman - 8765432100 - 40	3		89	1
337	2024-02-27 09:07:31.480749+00	ae82e496-0541-4550-ac86-f330a3a88fed	NEXOR2023000039 - 16 - Aman - 8765432100 - 10	3		89	1
338	2024-02-27 09:07:31.482125+00	6c91f09c-ca9f-4ec0-87b6-17d3876d0b38	NEXOR2023000038 - 16 - Aman - 8765432100 - 10	3		89	1
339	2024-02-27 09:07:31.482942+00	451d58dd-0dce-4b5c-ae12-903fd6065868	NEXOR2023000037 - 16 - Aman - 8765432100 - 10	3		89	1
340	2024-02-27 09:07:31.484057+00	883b5dee-2bea-447c-9aa6-b6483d579535	NEXOR2023000036 - 16 - Aman - 8765432100 - 10	3		89	1
341	2024-02-27 09:07:31.485002+00	a1c2a6d0-4656-495a-ab57-a70ce65753ac	NEXOR2023000035 - 16 - Aman - 8765432100 - 10	3		89	1
342	2024-02-27 09:07:31.485929+00	fc55ea97-abb8-4c5e-b5fd-b6347c6f82d5	NEXOR2023000034 - 16 - Aman - 8765432100 - 40	3		89	1
343	2024-02-27 09:07:31.486894+00	ff7ed855-2d6f-4785-b3aa-138d17577f17	NEXOR2023000033 - 16 - Aman - 8765432100 - 40	3		89	1
344	2024-02-27 09:07:31.48797+00	776b49bc-8bb0-4c3f-b815-5d48b261c39f	NEXOR2023000032 - 16 - Aman - 8765432100 - 40	3		89	1
345	2024-02-27 09:07:31.488957+00	763b8964-2a91-4a24-a4e7-4888007b986d	NEXOR2023000031 - 16 - Aman - 8765432100 - 40	3		89	1
346	2024-02-27 09:07:31.489949+00	80fdccf5-3f8f-4c2b-bd4e-9c394d79c357	NEXOR2023000030 - 16 - Aman - 8765432100 - 10	3		89	1
347	2024-02-27 09:07:31.49089+00	35cdc927-24cd-4dd6-8f4b-639d4ef02eb7	NEXOR2023000029 - 16 - Aman - 8765432100 - 40	3		89	1
348	2024-02-27 09:07:31.491894+00	e26b42a9-610f-440e-b9ef-4c0349c6edcc	NEXOR2023000028 - 16 - Aman - 8765432100 - 40	3		89	1
349	2024-02-27 09:07:31.492874+00	f0659aa4-4f1b-4b70-b41c-af9505836ae9	NEXOR2023000027 - 16 - Aman - 8765432100 - 40	3		89	1
350	2024-02-27 09:07:31.493751+00	005129f5-8b4d-4c3e-a316-4b7601c7d516	NEXOR2023000026 - 16 - Aman - 8765432100 - 40	3		89	1
351	2024-02-27 09:07:31.494769+00	a50a5145-ff1b-49bf-b72d-04f3eaa2f55d	NEXOR2023000025 - 16 - Aman - 8765432100 - 10	3		89	1
352	2024-02-27 09:07:31.495837+00	0a6859c2-225e-489c-86d7-f0d0c7984c53	NEXOR2023000024 - 16 - Aman - 8765432100 - 40	3		89	1
353	2024-02-27 09:07:31.496826+00	64a4625b-5e99-4256-8d6d-0f8c1c45ac43	NEXOR2023000023 - 16 - Aman - 8765432100 - 40	3		89	1
354	2024-02-27 09:07:31.497745+00	957b86cb-45e7-4ba0-871c-d6c0e64b0a04	NEXOR2023000022 - 16 - Aman - 8765432100 - 40	3		89	1
355	2024-02-27 09:07:31.4987+00	c614e07c-bc5d-4fdf-8548-5850ead5052a	NEXOR2023000021 - 16 - Aman - 8765432100 - 40	3		89	1
356	2024-02-27 09:07:31.499703+00	bda8fac9-c891-4d82-9874-cc78180ea041	NEXOR2023000020 - 16 - Aman - 8765432100 - 10	3		89	1
357	2024-02-27 09:07:31.500717+00	ac32a364-d07d-437f-8732-549fa1c3c199	NEXOR2023000019 - 16 - Aman - 8765432100 - 10	3		89	1
358	2024-02-27 09:07:31.501768+00	76587d0b-0201-4e2a-8d18-d81ef6a9013a	NEXOR2023000018 - 16 - Aman - 8765432100 - 10	3		89	1
359	2024-02-27 09:07:31.502703+00	10fb9d33-5f82-41ac-8f2c-25c3b858c999	NEXOR2023000017 - 16 - Aman - 8765432100 - 10	3		89	1
360	2024-02-27 09:07:31.503711+00	72c9033c-398d-47be-ba90-723a71afd8fc	NEXOR2023000016 - 16 - Aman - 8765432100 - 10	3		89	1
361	2024-02-27 09:07:31.50463+00	e335e369-2162-421f-b438-60301f034da2	NEXOR2023000015 - 16 - Aman - 8765432100 - 10	3		89	1
362	2024-02-27 09:07:31.505694+00	08847e3e-0154-4bf8-90d7-4164f8ff552d	NEXOR2023000014 - 16 - Aman - 8765432100 - 10	3		89	1
363	2024-02-27 09:07:31.506708+00	64275c28-709b-4085-b7e1-2f3ba13a336d	NEXOR2023000013 - 16 - Aman - 8765432100 - 10	3		89	1
364	2024-02-27 09:07:31.507815+00	bdb5d74a-daf5-418c-8adb-79869a83e822	NEXOR2023000012 - 16 - Aman - 8765432100 - 10	3		89	1
365	2024-02-27 09:07:31.508815+00	ab11a175-2839-45dd-9b0c-874cde20be22	NEXOR2023000011 - 16 - Aman - 8765432100 - 10	3		89	1
366	2024-02-27 09:07:31.509693+00	dad8fe3b-647b-4d59-8957-9eda041fb0c6	NEXOR2023000010 - 16 - Aman - 8765432100 - 10	3		89	1
367	2024-02-27 09:07:31.510552+00	c714f16a-0aac-4d3e-910d-d4d20827087a	NEXOR2023000009 - 16 - Aman - 8765432100 - 40	3		89	1
368	2024-02-27 09:07:31.51186+00	07b9a610-c5e0-4e0b-9d99-c68fb6034834	NEXOR2023000008 - 16 - Aman - 8765432100 - 40	3		89	1
369	2024-02-27 09:07:31.512911+00	da1a371b-065e-4041-b5b1-2e57f7c9c41d	NEXOR2023000007 - 16 - Aman - 8765432100 - 40	3		89	1
370	2024-02-27 09:07:31.51387+00	727bb181-bafd-4c64-9dff-cf43cfe90125	NEXOR2023000006 - 16 - Aman - 8765432100 - 40	3		89	1
371	2024-02-27 09:07:31.515059+00	e354ebaa-c326-42ec-9a1f-b453f296bebf	NEXOR2023000005 - 16 - Aman - 8765432100 - 40	3		89	1
372	2024-02-27 09:07:31.516143+00	a02ef97a-8a69-49a1-bb4a-e2f84ef02131	NEXOR2023000004 - 16 - Aman - 8765432100 - 40	3		89	1
373	2024-02-27 09:07:31.517138+00	72379c0c-f7a2-4ec0-b758-9a258e06c9dc	NEXOR2023000003 - 16 - Aman - 8765432100 - 40	3		89	1
374	2024-02-27 09:07:31.518603+00	18b91600-814e-4a81-9b82-b4627895ec0f	NEXOR2023000002 - 16 - Aman - 8765432100 - 40	3		89	1
375	2024-02-27 09:07:31.519783+00	4c047581-58e8-40a9-9235-d2e12ba2ca3f	NEXOR2023000001 - 16 - Aman - 8765432100 - 40	3		89	1
376	2024-03-04 09:24:47.895551+00	4e476c17-34fa-40bd-8b36-1893ff021fda	Agent	3		102	1
377	2024-03-04 09:24:47.900822+00	0653e7db-26a9-4da0-98db-bbb8b2535d93	NIthin	3		102	1
\.


--
-- Data for Name: django_content_type; Type: TABLE DATA; Schema: public; Owner: nexsme
--

COPY public.django_content_type (id, app_label, model) FROM stdin;
1	registration	registrationprofile
2	registration	supervisedregistrationprofile
3	fcm_django	fcmdevice
4	admin	logentry
5	auth	permission
6	auth	group
7	auth	user
8	contenttypes	contenttype
9	sessions	session
10	main	appupdate
11	main	deliveryappupdate
12	main	mode
13	main	settings
14	users	notificationsubject
15	users	permission
16	users	wishlistitem
17	users	userlogin
18	users	registrationprofile
19	users	notification
20	users	cartitem
21	products	brand
22	products	category
23	products	hsncodes
24	products	product
25	products	productimages
26	products	productstock
27	products	productvariant
28	products	variationtype
29	products	unitofmeasurement
30	products	unit
31	products	subcategory
32	products	specialvariant
33	products	specialcategory
34	warehouses	location
35	warehouses	zone
36	warehouses	warehouse
37	staffs	designation
38	staffs	pay
39	staffs	salaryallowance
40	staffs	staff
41	staffs	staffrecord
42	staffs	staffattendance
43	general	batch
44	general	chargeperkilometer
45	general	chargesetting
46	general	damagedproducts
47	general	deliverycharge
48	general	invoicedesign
49	general	stocktransfer
50	general	stocktransferitem
51	general	stockupdate
52	general	stockupdateitem
53	sales	sale
54	sales	saleitem
55	sales	salereturn
56	sales	salereturnitem
57	purchases	purchase
58	purchases	purchaseitem
59	purchases	purchaseorder
60	purchases	purchasereturn
61	purchases	purchasereturnitem
62	purchases	purchaseorderitem
63	customers	customer
64	customers	customeraccount
65	customers	userotpdata
66	customers	ticket
67	customers	privilegepointhistory
68	customers	privilegepoint
69	customers	customeraddress
70	vendors	vendor
71	vendors	vendorcommission
72	suppliers	supplier
73	finance	accountgroup
74	finance	accounthead
75	finance	accountheadopening
76	finance	bankaccount
77	finance	creditnotevoucher
78	finance	debitnotevoucher
79	finance	financialyear
80	finance	invoiceprefix
81	finance	journalvoucher
82	finance	journalvoucheritem
83	finance	paymentvoucher
84	finance	subledgeropening
85	finance	receiptvoucher
86	orders	booking
87	orders	orderitem
88	orders	timeslot
89	orders	orders
90	web	productreturn
91	web	sociallinks
92	web	trendingcategory
93	web	spotlightbanner
94	web	returnimage
95	web	productreview
96	web	feauturedcategory
97	offers	dealofday
98	offers	offers
99	offers	vouchercode
100	delivery_agent	collectedpaymentregister
101	delivery_agent	collectpayment
102	delivery_agent	deliveryagents
103	delivery_agent	deliveryagenttravel
104	delivery_agent	deliveryagenttrip
105	delivery_agent	deliveryrating
\.


--
-- Data for Name: django_migrations; Type: TABLE DATA; Schema: public; Owner: nexsme
--

COPY public.django_migrations (id, app, name, applied) FROM stdin;
1	contenttypes	0001_initial	2023-10-18 10:19:02.267277+00
2	auth	0001_initial	2023-10-18 10:19:02.359542+00
3	admin	0001_initial	2023-10-18 10:19:02.388656+00
4	admin	0002_logentry_remove_auto_add	2023-10-18 10:19:02.398206+00
5	admin	0003_logentry_add_action_flag_choices	2023-10-18 10:19:02.406471+00
6	contenttypes	0002_remove_content_type_name	2023-10-18 10:19:02.422672+00
7	auth	0002_alter_permission_name_max_length	2023-10-18 10:19:02.431584+00
8	auth	0003_alter_user_email_max_length	2023-10-18 10:19:02.440444+00
9	auth	0004_alter_user_username_opts	2023-10-18 10:19:02.448703+00
10	auth	0005_alter_user_last_login_null	2023-10-18 10:19:02.458711+00
11	auth	0006_require_contenttypes_0002	2023-10-18 10:19:02.460919+00
12	auth	0007_alter_validators_add_error_messages	2023-10-18 10:19:02.468508+00
13	auth	0008_alter_user_username_max_length	2023-10-18 10:19:02.480675+00
14	auth	0009_alter_user_last_name_max_length	2023-10-18 10:19:02.489217+00
15	auth	0010_alter_group_name_max_length	2023-10-18 10:19:02.498832+00
16	auth	0011_update_proxy_permissions	2023-10-18 10:19:02.508999+00
17	auth	0012_alter_user_first_name_max_length	2023-10-18 10:19:02.519853+00
18	staffs	0001_initial	2023-10-18 10:19:02.652735+00
19	warehouses	0001_initial	2023-10-18 10:19:02.779115+00
20	customers	0001_initial	2023-10-18 10:19:02.974535+00
21	customers	0002_initial	2023-10-18 10:19:03.198831+00
22	finance	0001_initial	2023-10-18 10:19:03.537812+00
23	delivery_agent	0001_initial	2023-10-18 10:19:03.668318+00
24	orders	0001_initial	2023-10-18 10:19:03.838662+00
25	delivery_agent	0002_initial	2023-10-18 10:19:04.257644+00
26	delivery_agent	0003_initial	2023-10-18 10:19:04.550327+00
27	fcm_django	0001_initial	2023-10-18 10:19:04.609792+00
28	fcm_django	0002_auto_20160808_1645	2023-10-18 10:19:04.769871+00
29	fcm_django	0003_auto_20170313_1314	2023-10-18 10:19:04.795645+00
30	fcm_django	0004_auto_20181128_1642	2023-10-18 10:19:04.821046+00
31	fcm_django	0005_auto_20170808_1145	2023-10-18 10:19:04.855833+00
32	fcm_django	0006_alter_fcmdevice_id	2023-10-18 10:19:04.898887+00
33	suppliers	0001_initial	2023-10-18 10:19:04.975343+00
34	products	0001_initial	2023-10-18 10:19:05.909549+00
35	general	0001_initial	2023-10-18 10:19:06.037199+00
36	general	0002_initial	2023-10-18 10:19:06.359528+00
37	sales	0001_initial	2023-10-18 10:19:06.53854+00
38	purchases	0001_initial	2023-10-18 10:19:07.010601+00
39	finance	0002_initial	2023-10-18 10:19:10.730356+00
40	vendors	0001_initial	2023-10-18 10:19:10.919337+00
41	general	0003_initial	2023-10-18 10:19:13.809648+00
42	main	0001_initial	2023-10-18 10:19:13.851026+00
43	offers	0001_initial	2023-10-18 10:19:13.97158+00
44	offers	0002_initial	2023-10-18 10:19:14.943681+00
45	offers	0003_initial	2023-10-18 10:19:15.459828+00
46	orders	0002_initial	2023-10-18 10:19:16.452795+00
47	products	0002_initial	2023-10-18 10:19:18.970239+00
48	purchases	0002_initial	2023-10-18 10:19:20.064188+00
49	registration	0001_initial	2023-10-18 10:19:20.288875+00
50	registration	0002_registrationprofile_activated	2023-10-18 10:19:20.355213+00
51	registration	0003_migrate_activatedstatus	2023-10-18 10:19:20.437709+00
52	registration	0004_supervisedregistrationprofile	2023-10-18 10:19:20.526199+00
53	registration	0005_activation_key_sha256	2023-10-18 10:19:20.613494+00
54	registration	0006_alter_registrationprofile_id	2023-10-18 10:19:20.855459+00
55	sales	0002_initial	2023-10-18 10:19:22.03236+00
56	sessions	0001_initial	2023-10-18 10:19:22.052513+00
57	users	0001_initial	2023-10-18 10:19:22.668159+00
58	staffs	0002_initial	2023-10-18 10:19:24.188738+00
59	web	0001_initial	2023-10-18 10:19:25.116252+00
60	warehouses	0002_alter_warehouse_country	2023-10-30 06:02:38.12565+00
61	purchases	0003_auto_20231109_1122	2023-11-09 08:22:42.818598+00
62	suppliers	0002_alter_supplier_state	2023-11-09 08:22:42.954889+00
63	orders	0003_auto_20231124_1500	2023-11-24 09:30:32.260856+00
64	warehouses	0002_alter_zone_district	2023-12-05 08:53:49.858934+00
65	vendors	0002_alter_vendor_country	2023-12-22 11:54:36.603668+00
66	customers	0003_alter_customer_phone	2024-02-26 11:21:38.067776+00
67	delivery_agent	0004_auto_20240226_1651	2024-02-26 11:21:38.407384+00
68	general	0004_auto_20240226_1651	2024-02-26 11:21:38.622807+00
69	staffs	0003_alter_staff_joining_date	2024-02-26 11:21:38.879045+00
70	suppliers	0002_alter_supplier_account_num	2024-02-26 11:21:38.994015+00
71	vendors	0003_auto_20240226_1651	2024-02-26 11:21:39.199008+00
72	customers	0004_alter_customeraddress_state	2024-03-12 09:40:07.043593+00
73	orders	0004_auto_20240312_1509	2024-03-12 09:40:12.411559+00
74	finance	0003_alter_bankaccount_account_number	2024-03-13 06:45:33.758037+00
75	sales	0003_auto_20240313_1215	2024-03-13 06:45:34.117711+00
76	staffs	0004_auto_20240313_1215	2024-03-13 06:45:34.357802+00
77	finance	0004_alter_paymentvoucher_transfer_type	2024-03-13 12:17:58.703708+00
78	orders	0005_alter_orders_time_slot	2024-03-13 12:17:58.924598+00
79	offers	0004_auto_20240314_1706	2024-03-14 11:36:09.530338+00
80	staffs	0005_auto_20240314_1706	2024-03-14 11:36:09.745193+00
81	customers	0005_alter_customer_email	2024-03-21 11:53:45.38626+00
82	finance	0005_alter_paymentvoucher_transfer_type	2024-03-21 11:53:45.594594+00
83	products	0003_auto_20240321_1723	2024-03-21 11:53:45.812046+00
84	sales	0004_auto_20240321_1723	2024-03-21 11:53:46.258071+00
85	staffs	0006_auto_20240321_1723	2024-03-21 11:53:46.446414+00
86	suppliers	0003_auto_20240321_1723	2024-03-21 11:53:46.815981+00
87	vendors	0004_alter_vendor_delivery_availability	2024-03-21 11:53:46.906127+00
88	customers	0006_alter_customer_state	2024-03-22 05:24:28.213285+00
\.


--
-- Data for Name: django_session; Type: TABLE DATA; Schema: public; Owner: nexsme
--

COPY public.django_session (session_key, session_data, expire_date) FROM stdin;
8rq7ifch7dotmsbumpmn7c3u1no52sbe	eyJ6b25lIjoiMSJ9:1rFYkQ:bi_45AhzkrgLQjl2TfiOGYCv_PdhoC6BaKI8kB2BNzU	2024-01-02 11:58:54.298709+00
59wyy2mj8m5aug3d3expzzu1qj1mhnqe	.eJxVjEEOwiAQRe_C2pABtIBL9z0DmRlAqgaS0q6Md7dNutDte-__twi4LiWsPc1hiuIqlDj9MkJ-prqL-MB6b5JbXeaJ5J7Iw3Y5tphet6P9OyjYy7YevOaLcchgjWLrBrQuU85m46RjSuA8IUKKhvzZKw9kCHRmQGY0LD5f7Lk4sg:1qt3hU:ElNiexkj98tLPNWdRzHfQEH8EQosR39BiF0eKCRwT9g	2023-11-01 10:22:52.772596+00
5ucogizpn0kvvfq8cdwia2f1at9p0rz5	.eJxVjMEOwiAQBf-FsyGAhYJH7_0GsiyLVA0kpb1o_Hdp0oNe38ybN_OwrdlvjRY_R3ZhAzv9bgHwQWUH8Q7lVjnWsi5z4LvCD9r4VCM9r4f7F8jQcn-D0yOBkGCkFRijCQ4JAkEaZQdaqIEAEIVBHW1SXUrWJdGRPQOFHn3VQr2kBPt8AdtaPIE:1qvxOf:8IUtrWvwRYIqtfKcj1T_kWG4W55MJ8-MOqSw9gZXBcg	2023-11-09 10:15:25.665223+00
wby32khgmgspxj3ood3knh442b0i3lvj	.eJxVjEEOwiAQRe_C2pABtIBL9z0DmRlAqgaS0q6Md7dNutDte-__twi4LiWsPc1hiuIqlDj9MkJ-prqL-MB6b5JbXeaJ5J7Iw3Y5tphet6P9OyjYy7YevOaLcchgjWLrBrQuU85m46RjSuA8IUKKhvzZKw9kCHRmQGY0LD5f7Lk4sg:1qt4EC:wXoHgkPZoLcRHVy2EQBXU2V5q6QZxb6uZxJmWllnjr4	2023-11-01 10:56:40.387853+00
eo9kp3shc41dm36wp1zk85z2ff0g4x94	eyJ6b25lIjoxfQ:1rerqT:mCMnZeJnW0lkwXXGZzmkby9YYygSuZTQa-_gXBA9jrQ	2024-03-12 07:25:45.367104+00
xzl67fusq2brpeej60oi9efacdomrc3n	.eJxVjEEOwiAQRe_C2pABtIBL9z0DmRlAqgaS0q6Md7dNutDte-__twi4LiWsPc1hiuIqlDj9MkJ-prqL-MB6b5JbXeaJ5J7Iw3Y5tphet6P9OyjYy7YevOaLcchgjWLrBrQuU85m46RjSuA8IUKKhvzZKw9kCHRmQGY0LD5f7Lk4sg:1qtLll:R5LbCeXb77O-1GO_HXkWXxe8y7hMRzvtItL6tG2Eugo	2023-11-02 05:40:29.327016+00
ssdwk7bit2ef9n4mz0l3qbyogcr9aixd	.eJxVjEEOwiAQRe_C2pABtIBL9z0DmRlAqgaS0q6Md7dNutDte-__twi4LiWsPc1hiuIqlDj9MkJ-prqL-MB6b5JbXeaJ5J7Iw3Y5tphet6P9OyjYy7YevOaLcchgjWLrBrQuU85m46RjSuA8IUKKhvzZKw9kCHRmQGY0LD5f7Lk4sg:1qtLqN:ebQTOd4Y4jOI2d82Heki-ei6aFjBIxiAmpUcunzPXVo	2023-11-02 05:45:15.685315+00
9xj4dehneavsjakd0d7e8adgx6cffik3	eyJ6b25lIjoiMSJ9:1r0HLb:sJhWVaFjgq5aeEhvSyhJEOfDwqRbYKfuoUvMKolY-6g	2023-11-21 08:22:07.466123+00
x1jzigxz0u175v0dxwxgfeu5mtoiu7t8	.eJxVjEEOwiAQRe_C2pABtIBL9z0DmRlAqgaS0q6Md7dNutDte-__twi4LiWsPc1hiuIqlDj9MkJ-prqL-MB6b5JbXeaJ5J7Iw3Y5tphet6P9OyjYy7YevOaLcchgjWLrBrQuU85m46RjSuA8IUKKhvzZKw9kCHRmQGY0LD5f7Lk4sg:1qtM26:BcmWayOfGkU31Lvt5rj5GFlu4NuPxrMWoR03Cpnn-FU	2023-11-02 05:57:22.428655+00
6h6eg44wcwyybv2j8tqkccda4zmtdcvg	eyJ6b25lIjozNzN9:1r0Jly:biuWRhQRt_4L9tBLReAgiTHkUJepOFIfqSOZ82Zb1aw	2023-11-21 10:57:30.943061+00
96dfyzkou2qalxfrowfn78lp96cjf8z0	.eJxVjEEOwiAQRe_C2pABtIBL9z0DmRlAqgaS0q6Md7dNutDte-__twi4LiWsPc1hiuIqlDj9MkJ-prqL-MB6b5JbXeaJ5J7Iw3Y5tphet6P9OyjYy7YevOaLcchgjWLrBrQuU85m46RjSuA8IUKKhvzZKw9kCHRmQGY0LD5f7Lk4sg:1qtRVE:SV252BADMDTKplv4KPU-Tq0yCMBZygBowFVXoqpFuOo	2023-11-02 11:47:48.736777+00
2nsl5zsuafjrajw7gwr72q7a7hzzrgpq	eyJ6b25lIjo2fQ:1qtRhH:BTHOgZbnLfWa-77pEfjK6cn-FRAKmSFzuKKDNlG18k0	2023-11-02 12:00:15.015724+00
3s26brmk486ogps3y249t61qouufwj3z	eyJ6b25lIjoxfQ:1r0edc:Obwyc6rS461AHGrPw8y31mXKweTpco_7Zx5s5Xbkt6w	2023-11-22 09:14:16.183216+00
ir088li697rjesjhdms1w1wkbx80wh36	.eJxVjEEOwiAQRe_C2pABtIBL9z0DmRlAqgaS0q6Md7dNutDte-__twi4LiWsPc1hiuIqlDj9MkJ-prqL-MB6b5JbXeaJ5J7Iw3Y5tphet6P9OyjYy7YevOaLcchgjWLrBrQuU85m46RjSuA8IUKKhvzZKw9kCHRmQGY0LD5f7Lk4sg:1qwFds:yHjP1MpO9bL2h2Z198h72R_uFNhwtXDHCEUyd4YlREs	2023-11-10 05:44:20.384264+00
7udowpjamvtrvet3ktebrlmrznr6nkrx	.eJxVjDsOwjAQBe_iGlnrOP5R0ucM1sbexQHkSHFSIe5OIqWA9s28eYuI21ri1miJUxZX4cTldxsxPakeID-w3meZ5rou0ygPRZ60yWHO9Lqd7l-gYCv7WztvqGNlOZvOktYBggblA6jeAxvLvXccwBEg7Fmy3nJAZOeSSmDF5wu4HDcr:1qwFjS:mdFuoTWGwelxAYr-bvL_JotCgbHuzHiotVeMxwD-Wc0	2023-11-10 05:50:06.136429+00
gklslg9q0jknrgozvwsg2srcvueuwo3n	.eJxVjMsOwiAQRf-FtSFD0QIu3fsNzcwwSNVA0sdG479Lky50e869560GXJc8rLNMwxjVWRl1-GWE_JCyiXjHcquaa1mmkfQ20bud9bVGeV727V8g45zbuw8dn6xHBmcNO9-j84lSso1TF0XAB0IEiZbCMZgAZAm6xIDMaLlFX7VIK4H6fAFs2zuM:1qxmeI:lMz6ukCNV0McLg8-dKbKPVeF_bmDwK0iRsNe5XHtSKU	2023-11-14 11:11:06.681281+00
uwc1nd9rfls6fntp656jiusa8xyhht40	eyJ6b25lIjoxfQ:1qthGI:g7rJ0nRqWh4tc6Pi1kGH91J6B1WGSCCbdNgeHyTA4mo	2023-11-03 04:37:26.345715+00
9wvncjocnn2d6ous87bb2gh7gzn69y59	.eJxljMsOwiAQRf-FtSE8tIBL934DmRkGqRpISrvR-O-2STfG7Tnn3rd4tcriLLQ4iAjLXOLSeYpj-mcI9OC6iXSHemuSWp2nEeWWyN12eW2Jn5e9_Tko0Mu6HoKhk_VAyllNzg_gfMac7crRJGblAwIoThbDMeig0KIymRQQgSXx-QLrZjuN:1qxp4g:fJpft6IpeBy3opohTWzCsxf3d7owdDPNYlnfSnxBrMc	2023-11-14 13:46:30.433229+00
m67nf3rbtvke867fz9p4ov87zwgz3hiy	.eJxVzEEOwiAQheG7sDYEaqHg0r1nIMPMIFUDSWlXxrtLky50O9__5i0CbGsOW-MlzCQuYhSn31sEfHLZgR5Q7lViLesyR7kn8tAmb5X4dT3avwcZWu5r8GZiUBqsdgqJbPTIEBnSpDsYNYwMgKgsGnJp6FFyPqlO7gwcxecLFp45dQ:1qthSD:YrvhCynuxygSrFSCQYqbCKnIpWzJQ8LAj6dCnpvNDd8	2023-11-03 04:49:45.347634+00
7d49dkzlfvnrk22l06vg67eg69fd55hu	eyJ6b25lIjozMTl9:1qti13:wfAC1V4aNi-wc3a_y3CpFC0APkxUYYBOCpbqTmdO6uY	2023-11-03 05:25:45.885053+00
lpcxdnze6ibhbjyoti2x45our125vgh6	eyJ6b25lIjo2fQ:1qtiUs:FqlBuHGtY08iF9bK2gBD0EznvU0wC3FU80kH59N_3Bk	2023-11-03 05:56:34.209179+00
zxwpp291q0yntke7cw0wu8fiyakla4xk	eyJ6b25lIjozfQ:1qynP1:gDi9EQ3yTmiU9JUM_nzX9NZEuoe5DiauyVtmZK1JMBM	2023-11-17 06:11:31.766226+00
dg7q4uydbj9450k1f4r06gmnti2a80dp	.eJxVjEEOwiAQRe8ya0OglhZcuu8ZyDAMUjWQlHaj8e7SpJtu33v_f-FTMsMNFFzA4bYmt1Ve3Bwa68_MI7047yI8MT-KoJLXZfZiT8Rhq5hK4Pf9aE8HCWtqa7R6ZJQKB2UkhTB4S4yeMY6qCS27nhGJ5EA6mNi1KBobZVPmiuzh9wcVSzxQ:1qwbH4:4vcSYtJFz7mG_VR7X6y1djVycqvY_2qp_f9B2WXYluA	2023-11-11 04:50:14.989128+00
chl5cqsi2t3pw3qn4ohsqvzeicw5798j	eyJ6b25lIjoyNzQxfQ:1qtmQj:2kdK7YJlA81uVfODV3eokth2YIRfOHAhwRIX3gXNkMo	2023-11-03 10:08:33.204912+00
56yj5lm4m4dkb3qe2gj16hdj92747204	.eJxVjEEOwiAQRe_C2hCohYJL9z1DMwyDVA0kpd1ovLvTpAvd_vf-e4sJtjVPW6NlmqO4iF6cfrcA-KCyg3iHcqsSa1mXOchdkQdtcqyRntfD_QtkaJnf4M1AoDRY7RTGaINHgkCQBs3AqK4nAERl0USXOpaS80kxcmegwNFXLcQlLT5fnxU8UA:1qu8Y4:9IDM_wGZbeqLLjvAgHiqupkGsfsCBzH21YWKLzIjzo8	2023-11-04 09:45:36.209476+00
87y9920lf7urnkgcy08684n5at44weyh	eyJ6b25lIjo4fQ:1qu8d3:Gq8Gswc7HIdRbELtb_kDBZuMOzkRrYJ4oYEDFocySpc	2023-11-04 09:50:45.789949+00
wujgkbnn7wp4ihg3n3jj3tyh15m7bj3b	.eJxVjDsOwjAQBe_iGlnrOP5R0ucM1sbexQHkSHFSIe5OIqWA9s28eYuI21ri1miJUxZX4cTldxsxPakeID-w3meZ5rou0ygPRZ60yWHO9Lqd7l-gYCv7WztvqGNlOZvOktYBggblA6jeAxvLvXccwBEg7Fmy3nJAZOeSSmDF5wu4HDcr:1qu8dV:f5kkHC4Kiz3E5_hwRSyECzFRsU-qPQuuDkubQ-il2tU	2023-11-04 09:51:13.778358+00
ut1ugxvzlvfy170uwb75xol7coxmhs8r	.eJxVjEEOwiAQRe_C2pABtIBL9z0DmRlAqgaS0q6Md7dNutDte-__twi4LiWsPc1hiuIqlDj9MkJ-prqL-MB6b5JbXeaJ5J7Iw3Y5tphet6P9OyjYy7YevOaLcchgjWLrBrQuU85m46RjSuA8IUKKhvzZKw9kCHRmQGY0LD5f7Lk4sg:1qxKsY:BFUuARs7Iy9ytxrOVRMgvSTBb3Lbc6koh1uleQKCC7o	2023-11-13 05:31:58.226665+00
xpdnxg1gnztnbrabwaiwnrzch1amrjmx	.eJxVjEEOwiAQRe_C2pABtIBL9z0DmRlAqgaS0q6Md7dNutDte-__twi4LiWsPc1hiuIqlDj9MkJ-prqL-MB6b5JbXeaJ5J7Iw3Y5tphet6P9OyjYy7YevOaLcchgjWLrBrQuU85m46RjSuA8IUKKhvzZKw9kCHRmQGY0LD5f7Lk4sg:1qxKse:X-sQt-OLDwZHRu55ArXreDeS9oTe1fS3ksqxfDHVYL0	2023-11-13 05:32:04.506309+00
ye363ecm5ng0ltkc1gusnor5b5kkljlc	eyJ6b25lIjoyMzc4fQ:1qvrc8:Em0eA4Yt2QIOiduMrAwMwX7PZLj8pUicDyy-uS30Zbk	2023-11-09 04:04:56.746276+00
j3e794n7ga90mcvjt3adivtjcd98t8vu	.eJxVjEEOwiAQRe_C2pABtIBL9z0DmRlAqgaS0q6Md7dNutDte-__twi4LiWsPc1hiuIqlDj9MkJ-prqL-MB6b5JbXeaJ5J7Iw3Y5tphet6P9OyjYy7YevOaLcchgjWLrBrQuU85m46RjSuA8IUKKhvzZKw9kCHRmQGY0LD5f7Lk4sg:1qvtxH:vcrUAuqDHCgHqfil8yXuHorqUWpOGBJ5pIjQEcSGYqk	2023-11-09 06:34:55.738852+00
kazmt7vlurnjvqr9ynyp0f0ijeafnavc	eyJ6b25lIjoxfQ:1qxOTe:I7bJEW83A2CSdPtSlyqPYUGxB7SNhRui5idbkeKWeUU	2023-11-13 09:22:30.289069+00
5tjksbxy34551s6u0h291py0fw36ux38	.eJxVjMsOwiAQRf-FtSHlIQMu3fcbyAwMUjU0Ke3K-O_apAvd3nPOfYmI21rj1nmJUxYXoYw4_Y6E6cFtJ_mO7TbLNLd1mUjuijxol-Oc-Xk93L-Dir1-a3AlaWswUyDHoQTwlowCKBTOyKCMRu0tmsFpz8lZbQE1cFEDkyUv3h8G9zfh:1qxhrc:43SFolkt5ayypJlZXsk8oTj4GpgLsclQW7lKCiVF4aI	2023-11-14 06:04:32.584695+00
7epxtjcfdh3lazkfpfuvrosngzkox0ib	.eJxVjEEOwiAQRe_C2pABtIBL9z0DmRlAqgaS0q6Md7dNutDte-__twi4LiWsPc1hiuIqlDj9MkJ-prqL-MB6b5JbXeaJ5J7Iw3Y5tphet6P9OyjYy7YevOaLcchgjWLrBrQuU85m46RjSuA8IUKKhvzZKw9kCHRmQGY0LD5f7Lk4sg:1qxOXu:R9QfxIIGos_SDIhA7DiSMpWZCRXWnaID0rwnrrXWo6c	2023-11-13 09:26:54.357777+00
53597dy400ztdal27n28vkkw8ptpszlu	.eJxVjEEOwiAQRe_C2pABtIBL9z0DmRlAqgaS0q6Md7dNutDte-__twi4LiWsPc1hiuIqlDj9MkJ-prqL-MB6b5JbXeaJ5J7Iw3Y5tphet6P9OyjYy7YevOaLcchgjWLrBrQuU85m46RjSuA8IUKKhvzZKw9kCHRmQGY0LD5f7Lk4sg:1r4wmq:xhMleysHVZZEXprYtuU0GzDtgHfIMDfSb5oorLipdo8	2023-12-04 05:25:32.942466+00
vgvxjys61p35rk5nzi61wh64io74lo3z	eyJ6b25lIjoxfQ:1r0aoX:VwzOqiafbDSuwn8nHI-Y0br-zrL-ecDBJQKia1M011s	2023-11-22 05:09:17.555118+00
2xgyd3epb2m0oqt2pml2ljuzwh3a33cp	eyJ6b25lIjoxfQ:1r0cw2:ICaWaAu5Ht0Qp7jGqNw9oyMbwBMX_sd54uo3R_ahCyg	2023-11-22 07:25:10.04774+00
fx27xc26u035sr0odml66fp500orb0s2	.eJxljMsOwiAQRf-FtSE8tIBL934DmRkGqRpISrvR-O-2STfG7Tnn3rd4tcriLLQ4iAjLXOLSeYpj-mcI9OC6iXSHemuSWp2nEeWWyN12eW2Jn5e9_Tko0Mu6HoKhk_VAyllNzg_gfMac7crRJGblAwIoThbDMeig0KIymRQQgSXx-QLrZjuN:1qxl9E:FRTbas6pfwQuovrWCTcbnXjpbromfqFgqXb0UjXQU-U	2023-11-14 09:34:56.990318+00
m82p82ltbjjh37ibdk1w3y7bu5loz5bs	eyJ6b25lIjoxfQ:1r0gHI:gymrhTVTTfg1-BKCImAsp_STUJr9VEVBBFDUdP2GUGk	2023-11-22 10:59:20.906538+00
33uv6kkoay3xzuwpdb8c4o0vh1e7hech	eyJ6b25lIjoxfQ:1r0idd:sr6Q0E-wczPyMd5-e2wYwGeZJIxzzjiIvFB6hVx3Qmw	2023-11-22 13:30:33.396944+00
a9apjhfsfcyxurjrqmjptv8gqvl5kv0n	eyJ6b25lIjoxfQ:1r0wCU:_hNjMOlHN8csdowJYWUjlxiMvLuS_GkQ37nzZAA-xC8	2023-11-23 03:59:26.575755+00
eo4vvqwu1bj0d4xumdbfwrkguxumh5so	eyJ6b25lIjoxfQ:1qy3cg:abwYF81Np16yekrD_EEsMJQIIuDK_WvBShclcrZ214Q	2023-11-15 05:18:34.032463+00
tr2n00otlmmk3x5c2rg4b7xrsasiuwke	eyJ6b25lIjoxfQ:1r1I8q:VHqQQ8bm36rB6NvRucWnLDqE1_-4Tn2vcBISgn-Hgyc	2023-11-24 03:25:08.009779+00
7bxdffza76iq9xds9kh80th37xsq2r4e	eyJ6b25lIjoxfQ:1r1KNO:Zebn2JcDmzuXKcmhZ78AtLetAJLwjbNVBUs3gF1Zvw0	2023-11-24 05:48:18.083388+00
jf0ysou1vahbr1z4kyti0gl61kctdrx2	.eJxVjEEOwiAQRe_C2pABtIBL9z0DmRlAqgaS0q6Md7dNutDte-__twi4LiWsPc1hiuIqlDj9MkJ-prqL-MB6b5JbXeaJ5J7Iw3Y5tphet6P9OyjYy7YevOaLcchgjWLrBrQuU85m46RjSuA8IUKKhvzZKw9kCHRmQGY0LD5f7Lk4sg:1qyOvq:OGgL8B1o9U6durV2z4Cm1HSSEmbwy8R_TpvJWoskElM	2023-11-16 04:03:46.064631+00
6whfxrepzv4pmegb4324osp3s2ml0jod	eyJ6b25lIjoiNDAifQ:1r1M4s:rbVgf2s1-qTL3kXK1FGVXaprrzWLdeC9yel0NWlYbHA	2023-11-24 07:37:18.031436+00
lpje0sgulkq5fez1843bhxl8tk3o5zr0	eyJ6b25lIjoxfQ:1r1N52:XgWU7h_LUCbEgyjdzRAagxLyIwD8u1wCMz0lWFizDjU	2023-11-24 08:41:32.606935+00
xuniuzlt01wy2lwh1njld1toorb3elgq	.eJxVjEEOwiAQRe_C2pABtIBL9z0DmRlAqgaS0q6Md7dNutDte-__twi4LiWsPc1hiuIqlDj9MkJ-prqL-MB6b5JbXeaJ5J7Iw3Y5tphet6P9OyjYy7YevOaLcchgjWLrBrQuU85m46RjSuA8IUKKhvzZKw9kCHRmQGY0LD5f7Lk4sg:1qymcM:exwxYQkBwV5IN2dn8Xfp4Ybh7Hi0ZKAuKXK493fSdio	2023-11-17 05:21:14.84712+00
f6ye5fefe50my9lv1kmjj97dzffvcpk3	eyJ6b25lIjozfQ:1qynPj:6hvjw0QPh9xkngPuu-mWOnS58me88c7zeF_r9UdNWMI	2023-11-17 06:12:15.498722+00
35y27y0e3qpmms1q5ztfi4p445btp0pt	.eJxVjEEOwiAQRe_C2pABtIBL9z0DmRlAqgaS0q6Md7dNutDte-__twi4LiWsPc1hiuIqlDj9MkJ-prqL-MB6b5JbXeaJ5J7Iw3Y5tphet6P9OyjYy7YevOaLcchgjWLrBrQuU85m46RjSuA8IUKKhvzZKw9kCHRmQGY0LD5f7Lk4sg:1qynQu:2_17aBPEVhVxfhVb2F0LKr2tWBSQGDa8u5dXjHd3qCw	2023-11-17 06:13:28.930465+00
zucgxtuxwjfv5oa8uu0kepva8c41bm5h	eyJ6b25lIjoxfQ:1r1OyJ:JmEAzbkCbzTauhnNRKLuszZgiRX1mVQ2HogZ3piRId0	2023-11-24 10:42:43.770134+00
abwzdii2fpocytfd0b6d2x3bxrl0bfjx	eyJ6b25lIjoxfQ:1r1QIu:37WBNGB_34yTxMNp1WwtS32wmoLvht1EWBYJqUlmyao	2023-11-24 12:08:04.145131+00
1cm2w1tf5koocgizyx6ynzstmshcrocg	eyJ6b25lIjoxfQ:1r1QXy:3tXq_DRPXa4QqX9Z3Dr9osQYsCqc28r5ch_LzKACqnM	2023-11-24 12:23:38.543027+00
yfn1tu1y321n0vjmt6mvfuc6luprch87	.eJxVjEEOwiAQRe_C2hCohYJL9z1DMwyDVA0kpd1ovLvTpAvd_vf-e4sJtjVPW6NlmqO4iF6cfrcA-KCyg3iHcqsSa1mXOchdkQdtcqyRntfD_QtkaJnf4M1AoDRY7RTGaINHgkCQBs3AqK4nAERl0USXOpaS80kxcmegwNFXLcQlLT5fnxU8UA:1qyoPr:mT-hV76GaPE8I0vVx7ewkD2dCxW5Y1g_rCxkDZHbYiY	2023-11-17 07:16:27.408488+00
2u2lvodf2fynbmda2twx3bxim0vgvg78	eyJ6b25lIjoxfQ:1qyplr:_HY6u8fuU-GWakb2NUhPLApyilWu6buUg_Xbq_qyB-Q	2023-11-17 08:43:15.279611+00
dr0trovw0aqzju6mdnd86fvmpis1loh1	.eJxVjEEOwiAQRe_C2pABtIBL9z0DmRlAqgaS0q6Md7dNutDte-__twi4LiWsPc1hiuIqlDj9MkJ-prqL-MB6b5JbXeaJ5J7Iw3Y5tphet6P9OyjYy7YevOaLcchgjWLrBrQuU85m46RjSuA8IUKKhvzZKw9kCHRmQGY0LD5f7Lk4sg:1r1Rcv:Lo9WeVHjhPYoeNRLOCaw44BpI8ojYoX54BWARlJ4Ptg	2023-11-24 13:32:49.177476+00
wp4z2txuelobtqi7c6ei5f1si6tqcr6e	.eJxVjsEOwiAQRP-FsyFuhaV49O43NLuw2KqBpLQXjf9uSXrQ67yZl3mrgdZlHNYq8zBFdVbg1eE3ZAoPyY3EO-Vb0aHkZZ5Yt4readXXEuV52bt_gpHquK0R-JQMsotGkvVoEXo6GjG9jymAc54RO-LoeaMe-oAGhBN0Tiwlt0lfJUt7qD5feqc62g:1qypv9:IZO4JAaHnH2ZbJO6_IYTKZvnrXdgWIS2yVYbAKzin5U	2023-11-17 08:52:51.783204+00
mrlfjt6ghpii7sup1wdh90k3gjns2wtr	.eJxVjsEOwiAQRP-FsyFuhaV49O43NLuw2KqBpLQXjf9uSXrQ67yZl3mrgdZlHNYq8zBFdVbg1eE3ZAoPyY3EO-Vb0aHkZZ5Yt4readXXEuV52bt_gpHquK0R-JQMsotGkvVoEXo6GjG9jymAc54RO-LoeaMe-oAGhBN0Tiwlt0lfJUt7qD5feqc62g:1r1hFM:g7mQc9y1pHvvoRBi66dAi0iw1haS50b8midOXScGHgE	2023-11-25 06:13:32.893812+00
tk2yy7xm1arm42bo95vra5l6kqx10fkf	.eJxVjEEOwiAQRe_C2pABtIBL9z0DmRlAqgaS0q6Md7dNutDte-__twi4LiWsPc1hiuIqlDj9MkJ-prqL-MB6b5JbXeaJ5J7Iw3Y5tphet6P9OyjYy7YevOaLcchgjWLrBrQuU85m46RjSuA8IUKKhvzZKw9kCHRmQGY0LD5f7Lk4sg:1qyrMV:f7ghyZ0C8mxnW00HSwaldzS81qIY-HFhOTNFBQu0e7s	2023-11-17 10:25:11.384256+00
at99whsh0xf6jr1vav9yr1041aqfnyeb	eyJ6b25lIjoxfQ:1qyruX:mhnDa2sA5Gz1Aeeh7Awnmz1vM01JGC0BVm4Tu7wJzY8	2023-11-17 11:00:21.55428+00
9kwr1l7zory9oka53f0sypde8gbuucqu	eyJ6b25lIjoxfQ:1qyt7H:ZFMUkrQXiS2p3-52C-9EtuaIEQn6POI6YhMveRJBnmc	2023-11-17 12:17:35.094724+00
l85mjlt9fhnywuutocq2fak6geycpzoi	eyJ6b25lIjoxfQ:1qz8V4:WlCVo7ipHlEneoK7cOnDu9EMzf8m0tS0XNPaG-GG3G8	2023-11-18 04:43:10.67653+00
3hh2rrsvxn3z3xj6ey56jn1om6dxfdny	eyJ6b25lIjoxfQ:1qzpoY:ozr9cW084eLP9cvrAlG6XCoQH_2v2GZGwnscYEmK9u4	2023-11-20 02:58:10.903431+00
ok65ezpmlp7ejzj98z03cykdh8qacmit	.eJxVjEEOwiAQRe_C2pABtIBL9z0DmRlAqgaS0q6Md7dNutDte-__twi4LiWsPc1hiuIqlDj9MkJ-prqL-MB6b5JbXeaJ5J7Iw3Y5tphet6P9OyjYy7YevOaLcchgjWLrBrQuU85m46RjSuA8IUKKhvzZKw9kCHRmQGY0LD5f7Lk4sg:1r2SfH:BFb4c7_6MIokJP9fm6hrwZyMc6xOZuAhwHzT34enjAQ	2023-11-27 08:51:27.885208+00
nl4q4k7zn3y5tztxw3xlprnf7t8i4cke	.eJxVjsEOwiAQRP-FsyFuhaV49O43NLuw2KqBpLQXjf9uSXrQ67yZl3mrgdZlHNYq8zBFdVbg1eE3ZAoPyY3EO-Vb0aHkZZ5Yt4readXXEuV52bt_gpHquK0R-JQMsotGkvVoEXo6GjG9jymAc54RO-LoeaMe-oAGhBN0Tiwlt0lfJUt7qD5feqc62g:1r2UpI:NhFW2bFnf2NxhRRBgyu93EjrTgbwLIWg7oCnJ8jCKLk	2023-11-27 11:09:56.690186+00
bh8weqo0aktf0ap7u7qtj24yaxlnxstu	eyJ6b25lIjoiMSJ9:1r3D42:GRWFkRfm7XDPpqejI2pBE4EWBLrXERkl62DGR1Xflio	2023-11-29 10:24:06.978785+00
45rylh7vdhyewa1900dv80grhsjqinol	.eJxVjEEOwiAQRe_C2pABtIBL9z0DmRlAqgaS0q6Md7dNutDte-__twi4LiWsPc1hiuIqlDj9MkJ-prqL-MB6b5JbXeaJ5J7Iw3Y5tphet6P9OyjYy7YevOaLcchgjWLrBrQuU85m46RjSuA8IUKKhvzZKw9kCHRmQGY0LD5f7Lk4sg:1r3UmG:yNHAPcJGRJL_faxkMe1iXzO3O3_Mrs_JbW7gfJ5Liks	2023-11-30 05:18:56.622548+00
tef81f7baxeo8xe1st64cb67dsipnxnl	eyJ6b25lIjoiMCJ9:1r3VCA:T3T2pqS81apyGSjtMsdqXsFa7L5flwVatNvY_pstcfc	2023-11-30 05:45:42.43221+00
f86mm11uux286jnarzy97frua8q6cm76	.eJxVjEEOwiAQRe_C2pABtIBL9z0DmRlAqgaS0q6Md7dNutDte-__twi4LiWsPc1hiuIqlDj9MkJ-prqL-MB6b5JbXeaJ5J7Iw3Y5tphet6P9OyjYy7YevOaLcchgjWLrBrQuU85m46RjSuA8IUKKhvzZKw9kCHRmQGY0LD5f7Lk4sg:1r3rCa:kWdbTYfnJQ6Na4e2T3-OPGkykQYqNoWAy4MyMsOD2ws	2023-12-01 05:15:36.391196+00
e0qjvlp255bdwp0bpfwxvc2gs82bpurn	.eJxVjEEOwiAQRe_C2pABtIBL9z0DmRlAqgaS0q6Md7dNutDte-__twi4LiWsPc1hiuIqlDj9MkJ-prqL-MB6b5JbXeaJ5J7Iw3Y5tphet6P9OyjYy7YevOaLcchgjWLrBrQuU85m46RjSuA8IUKKhvzZKw9kCHRmQGY0LD5f7Lk4sg:1r4DGm:w2jGsBMgrM4VVta59rgBYTkKaV2-rdQ9kUlqaHUGMrc	2023-12-02 04:49:24.00461+00
turf721ghuc273b5ycio2z2zzx45w43w	.eJxVjEEOwiAQRe_C2pABtIBL9z0DmRlAqgaS0q6Md7dNutDte-__twi4LiWsPc1hiuIqlDj9MkJ-prqL-MB6b5JbXeaJ5J7Iw3Y5tphet6P9OyjYy7YevOaLcchgjWLrBrQuU85m46RjSuA8IUKKhvzZKw9kCHRmQGY0LD5f7Lk4sg:1r4xLy:Ha5MxRm-2PVKBm_TwjaSZSsIKCsZyPd0PDG0055Ji-Q	2023-12-04 06:01:50.373464+00
7jr4hevlilno8nwm65qn6onc2z8j75c2	.eJxVjDsOwjAQBe_iGlmbOIltSnrOEO2u1ziAbCmfBsTdcaQ0aWfmva_6lCzqqjoLvbqoEbc1jdsi8ziFipszI-SX5F2EJ-ZH0VzyOk-k90QfdtH3EuR9O9rTQcIl1fXgW-6NQwZrGrZuQOsixWgqpzaIgPOECBIM-c43HsgQtJEBmdGw-v0BYKo8LA:1resxI:QFu_6rmaueElSV_2GMzZFxuUHs2c8QATAqtPv_EHKoI	2024-03-12 08:36:52.798067+00
1ghy8ldbbsi1kqi9yv12vgwiqdrt1uhd	.eJxVjsEOwiAQRP-FsyFuhaV49O43NLuw2KqBpLQXjf9uSXrQ67yZl3mrgdZlHNYq8zBFdVbg1eE3ZAoPyY3EO-Vb0aHkZZ5Yt4readXXEuV52bt_gpHquK0R-JQMsotGkvVoEXo6GjG9jymAc54RO-LoeaMe-oAGhBN0Tiwlt0lfJUt7qD5feqc62g:1retG4:NXTpih6uf81n-OqwS3BxMcgBfztj_oV0A3ORVxrhIuk	2024-03-12 08:56:16.289093+00
ya54e6mief9zc5883g5ax15nyp8fied8	.eJxVjEEOwiAQRe_C2pABtIBL9z0DmRlAqgaS0q6Md7dNutDte-__twi4LiWsPc1hiuIqlDj9MkJ-prqL-MB6b5JbXeaJ5J7Iw3Y5tphet6P9OyjYy7YevOaLcchgjWLrBrQuU85m46RjSuA8IUKKhvzZKw9kCHRmQGY0LD5f7Lk4sg:1r5Kp1:75cFtYRrQdLQNCrvqTwLFrFSrujacnMquXAHYzK6o0w	2023-12-05 07:05:23.580079+00
rbezvn9g3xun7bepw1d48s54z6tdotzy	.eJxVjEEOwiAQRe_C2hCnwlBcuvcMZAYGWzWQlHaj8e62STfdvvf-_6pPLaKuCtRJBVrmISxNpjCmjfkjZIovKZtJTyqPqmMt8zSy3hK926bvNcn7treHg4HasK4R-JINsktGsvVoEXo6GzG9TzmCc54RO-LkebUe-ogGhDN0Tixlp35_A8o62g:1revw6:BiBCsLSz9HrYAQKXAND2qWbZB7ys0PwnoiiWfyobqMk	2024-03-12 11:47:50.187379+00
g7q9v4sz72qmqzt1wkeszqhg0vj7wmuu	.eJxVjDsOwjAQBe_iGlnrZP2jpOcMkddekwCypThpQNydREoB7Zt58xZDWJdxWBvPw5TEWSgjTr8jhfjgspN0D-VWZaxlmSeSuyIP2uS1Jn5eDvcvMIY2bm9grxJpzMkql0EB9oldNtQxMnFgzhE7z0o7yh5RR7CBeiQLGozRW_RVC28l9BrE5wtTaDvi:1r3rlX:JOjH6T4quNfEpW_w8JXzhdR0ZxfMz-PWCbqLFDMPoow	2023-12-01 05:51:43.588549+00
0hq9vzjqtw9gruvwzffyne6i4prnkozi	.eJxVjEEOwiAQRe_C2hCnwlBcuvcMZAYGWzWQlHaj8e62STfdvvf-_6pPLaKuCtRJBVrmISxNpjCmjfkjZIovKZtJTyqPqmMt8zSy3hK926bvNcn7treHg4HasK4R-JINsktGsvVoEXo6GzG9TzmCc54RO-LkebUe-ogGhDN0Tixlp35_A8o62g:1rfLQD:9SmBKZovY8VZ-0L7p9ulLrBhAx0lLTjB7DhghRpSdXM	2024-03-13 15:00:37.154999+00
pg2mdbjnb06ruvz2cs7ww94ts3is4zce	.eJxVjsEOwiAQRP-FsyGU1QIevfcbmt1lsVUDSWkvGv_d1vSg1zczL_NSPS7z0C9Vpn6M6qwadfhlhHyXvAXxhvlaNJc8TyPpraL3tOquRHlc9u6fYMA6rOs2WD6BRzYOGna-RecTpQQrJxtFjA-EaCQChWNogiEgYxMbZEbgVfosWb4H3x9s3juN:1r41Kg:_qw7vSvC52p4kZlQ2cS3J27ZWwqCSdGHotuhWtZXPPs	2023-12-01 16:04:38.368018+00
r7mzqbkkwytar2ugu4x55n6j1b09nkiz	.eJxVjEEOwiAQRe_C2pABtIBL9z0DmRlAqgaS0q6Md7dNutDte-__twi4LiWsPc1hiuIqlDj9MkJ-prqL-MB6b5JbXeaJ5J7Iw3Y5tphet6P9OyjYy7YevOaLcchgjWLrBrQuU85m46RjSuA8IUKKhvzZKw9kCHRmQGY0LD5f7Lk4sg:1rfu9I:fpMmMycB8scT4ms_NPXymjsyhA1bpSR-HV0d6aY4l6g	2024-03-15 04:05:28.768488+00
qot4grhljtd5x49jo0bt2ee5eqbiqjt1	.eJxVjEEOwiAQRe_C2hCnwlBcuvcMZAYGWzWQlHaj8e62STfdvvf-_6pPLaKuCtRJBVrmISxNpjCmjfkjZIovKZtJTyqPqmMt8zSy3hK926bvNcn7treHg4HasK4R-JINsktGsvVoEXo6GzG9TzmCc54RO-LkebUe-ogGhDN0Tixlp35_A8o62g:1r9ME4:-DfDC-WnIYVpgdIjHXFt9HQS9NOqL4zdhDT-Ers-roU	2023-12-16 09:23:52.661896+00
ko4drgkmn67gwg857avq4a17h1lzvxfd	.eJxVjEEOwiAQRe_C2pABtIBL9z0DmRlAqgaS0q6Md7dNutDte-__twi4LiWsPc1hiuIqlDj9MkJ-prqL-MB6b5JbXeaJ5J7Iw3Y5tphet6P9OyjYy7YevOaLcchgjWLrBrQuU85m46RjSuA8IUKKhvzZKw9kCHRmQGY0LD5f7Lk4sg:1r6oml:gBqZglOtDhoYdp5WC_8SNETwOnhTTzRDxYcvQWf7Q0g	2023-12-09 09:17:11.756381+00
djmibcpgiwu5fq0yt7k62mznc6vibn45	eyJ6b25lIjoiMSJ9:1rkNI1:aM37UM-nPeGDHRe-6oSLLxa4nRawGxzi05v8Wbm0ES8	2024-03-27 12:00:57.439551+00
dicvtbi33mw3w981upxma6d9hl8u76jk	.eJxVjEEOwiAQRe_C2hCnwlBcuvcMZAYGWzWQlHaj8e62STfdvvf-_6pPLaKuCtRJBVrmISxNpjCmjfkjZIovKZtJTyqPqmMt8zSy3hK926bvNcn7treHg4HasK4R-JINsktGsvVoEXo6GzG9TzmCc54RO-LkebUe-ogGhDN0Tixlp35_A8o62g:1r7VKt:oyDAP9S2_oj5zB5djjvjoUe_ZAmCjfUB8YK992mPoug	2023-12-11 06:43:15.414472+00
jkynl4rpvo3q0vlc39gojli1aq47hga8	.eJxVjsEOwiAQRP-FsyFuhaV49O43NLuw2KqBpLQXjf9uSXrQ67yZl3mrgdZlHNYq8zBFdVbg1eE3ZAoPyY3EO-Vb0aHkZZ5Yt4readXXEuV52bt_gpHquK0R-JQMsotGkvVoEXo6GjG9jymAc54RO-LoeaMe-oAGhBN0Tiwlt0lfJUt7qD5feqc62g:1rJSRY:LumiI2BC3giKFXhXqVIVIN0UOjqRogTPWqencFgaGng	2024-01-13 06:03:32.323856+00
egic70x7lyuv9ok32lcaqpgbebvjci9w	.eJxVjsEOwiAQRP-FsyGU1QIevfcbmt1lsVUDSWkvGv_d1vSg1zczL_NSPS7z0C9Vpn6M6qwadfhlhHyXvAXxhvlaNJc8TyPpraL3tOquRHlc9u6fYMA6rOs2WD6BRzYOGna-RecTpQQrJxtFjA-EaCQChWNogiEgYxMbZEbgVfosWb4H3x9s3juN:1r9sdX:Xyhr5c0LBA2YtK5JBI-HuFyeQ70gDut_9i4izf3DWg8	2023-12-17 20:00:19.296442+00
f5j39vpwdlcpjifja210i3epe90z6axz	.eJxVjEEOwiAQRe_C2pABtIBL9z0DmRlAqgaS0q6Md7dNutDte-__twi4LiWsPc1hiuIqlDj9MkJ-prqL-MB6b5JbXeaJ5J7Iw3Y5tphet6P9OyjYy7YevOaLcchgjWLrBrQuU85m46RjSuA8IUKKhvzZKw9kCHRmQGY0LD5f7Lk4sg:1rh4Wr:-IZaqFCIVTtXZ7zJRIJkXU35XHjAnjmYOq2eUXDAINY	2024-03-18 09:22:37.72385+00
hkqrgydwoc6dk21p0jpb8o8l33adtg6e	eyJ6b25lIjoiNDg2MCJ9:1rL04Q:2Q2V81bB0hGOn4z-utj2YfRXfE4XS9LcQDVVaLEfttk	2024-01-17 12:10:02.489341+00
ra2fip12v5er1gutwsrm0wc5oh4z19qe	.eJxVjEEOwiAQRe_C2pABtIBL9z0DmRlAqgaS0q6Md7dNutDte-__twi4LiWsPc1hiuIqlDj9MkJ-prqL-MB6b5JbXeaJ5J7Iw3Y5tphet6P9OyjYy7YevOaLcchgjWLrBrQuU85m46RjSuA8IUKKhvzZKw9kCHRmQGY0LD5f7Lk4sg:1rjctA:beOM7bTjEvgtCttIf-IeoAEakWsVJ7vKfaJ7wCGuskQ	2024-03-25 10:28:12.067042+00
6ez7lu1mmh9jof2x1hcrkqp8r11ccc2e	.eJxVjEEOwiAQRe_C2hCnwlBcuvcMZAYGWzWQlHaj8e62STfdvvf-_6pPLaKuCtRJBVrmISxNpjCmjfkjZIovKZtJTyqPqmMt8zSy3hK926bvNcn7treHg4HasK4R-JINsktGsvVoEXo6GzG9TzmCc54RO-LkebUe-ogGhDN0Tixlp35_A8o62g:1rAXTq:ZrFDvEVh83W1L2aLqYCJf9P9ZX5-c-2OkQthYoCmgr8	2023-12-19 15:37:02.246497+00
1s4ra24fdao7p4df5vubb72ve325fsnq	.eJxVjEEOwiAQRe_C2pABtIBL9z0DmRlAqgaS0q6Md7dNutDte-__twi4LiWsPc1hiuIqlDj9MkJ-prqL-MB6b5JbXeaJ5J7Iw3Y5tphet6P9OyjYy7YevOaLcchgjWLrBrQuU85m46RjSuA8IUKKhvzZKw9kCHRmQGY0LD5f7Lk4sg:1rEMtg:f7X3YAfzb_R18iB7xCP7wZpDT2CYtDEfLazA-Jp2O1E	2023-12-30 05:07:32.03363+00
raz09jbsz9gt27020j9offeix52vxvfi	.eJxVjEEOwiAQRe_C2pABtIBL9z0DmRlAqgaS0q6Md7dNutDte-__twi4LiWsPc1hiuIqlDj9MkJ-prqL-MB6b5JbXeaJ5J7Iw3Y5tphet6P9OyjYy7YevOaLcchgjWLrBrQuU85m46RjSuA8IUKKhvzZKw9kCHRmQGY0LD5f7Lk4sg:1rF7BZ:Ua_6Q60rALcNWgXnXlgi0FiFzbgj6Ky2GyalxMYD5qs	2024-01-01 06:33:05.5264+00
pw88ybqoksskk8rh5ed5gmyd9sgchkcn	.eJxVjDsOwjAQBe_iGlnrOMQ2JX3OEO2u1ySAbCmfBsTdcaQU0M68N2814LaOw7bIPExRXZRRp19GyA_Ju4h3zLeiueR1nkjvE33YRfclyvN6bP8CIy5jfXeh4bP1yOCsYec7dD5RSrZyaqII-ECIINFSaIMJQJagSQzIjJZr9FWy1FLrO1CfLyBJPC4:1rL1br:CnOYlPKkbFE-hNLjBP1jOY3WmKlybv4MpxGLPI_ifF0	2024-01-17 13:48:39.463509+00
zxkummd21fhzgj9z1ivz13aybaiozf2j	.eJxVjEEOwiAQRe_C2pABtIBL9z0DmRlAqgaS0q6Md7dNutDte-__twi4LiWsPc1hiuIqlDj9MkJ-prqL-MB6b5JbXeaJ5J7Iw3Y5tphet6P9OyjYy7YevOaLcchgjWLrBrQuU85m46RjSuA8IUKKhvzZKw9kCHRmQGY0LD5f7Lk4sg:1rODZJ:7zwdjEeFMWjNJUBRldaTXCOoREhO2em1pJeu4vTzoGg	2024-01-26 09:11:13.207168+00
hc71c9l8saycie03wbg0nj9gjgk3j8i1	.eJxVjEEOwiAQRe_C2pABtIBL9z0DmRlAqgaS0q6Md7dNutDte-__twi4LiWsPc1hiuIqlDj9MkJ-prqL-MB6b5JbXeaJ5J7Iw3Y5tphet6P9OyjYy7YevOaLcchgjWLrBrQuU85m46RjSuA8IUKKhvzZKw9kCHRmQGY0LD5f7Lk4sg:1rcOHT:_233sjVCRyilfOyvW66oY_6mnrgp04l-9HsjQZpZjZA	2024-03-05 11:27:23.951674+00
ctiex4krdwhbqvtilhlel02l0zglhilx	.eJxVjsEOwiAQRP-FsyFuhaV49O43NLuw2KqBpLQXjf9uSXrQ67yZl3mrgdZlHNYq8zBFdVbg1eE3ZAoPyY3EO-Vb0aHkZZ5Yt4readXXEuV52bt_gpHquK0R-JQMsotGkvVoEXo6GjG9jymAc54RO-LoeaMe-oAGhBN0Tiwlt0lfJUt7qD5feqc62g:1rdquk:RM6oXFXk35WEUlzLF1FKAjJ--IXmI_7iUyLHCdAxdB8	2024-03-09 12:13:58.676565+00
1xinwhwc2wvp0jgdax6jjleqqvxfgl18	eyJ6b25lIjoiMSJ9:1reUEv:GA32q3Lkb4z1fCpxmKhGa9xuQb7CnzroeGHkchLaDxs	2024-03-11 06:13:25.34051+00
jv2l91pjwvaz0yrmi4i627nd9c7k96j8	.eJxVjEEOwiAQRe_C2hCnwlBcuvcMZAYGWzWQlHaj8e62STfdvvf-_6pPLaKuCtRJBVrmISxNpjCmjfkjZIovKZtJTyqPqmMt8zSy3hK926bvNcn7treHg4HasK4R-JINsktGsvVoEXo6GzG9TzmCc54RO-LkebUe-ogGhDN0Tixlp35_A8o62g:1reUkT:SmLmH5RlS4MTYB_UxK_YyuzchWXf47I8WwHiwV7rjJ4	2024-03-11 06:46:01.343023+00
h9vxbgoand587npix8a15f9e8zmvbyed	.eJxVjEEOwiAQRe_C2pABtIBL9z0DmRlAqgaS0q6Md7dNutDte-__twi4LiWsPc1hiuIqlDj9MkJ-prqL-MB6b5JbXeaJ5J7Iw3Y5tphet6P9OyjYy7YevOaLcchgjWLrBrQuU85m46RjSuA8IUKKhvzZKw9kCHRmQGY0LD5f7Lk4sg:1r4JDG:kJ3s95PcPQ-CZ5NY7QDLYlDBaHdetjTD0FE5cZmIUbM	2023-12-02 11:10:10.501095+00
456yx29sq0axeykewzn7owjo1enr8sjx	.eJxVjEEOwiAQRe_C2pABtIBL9z0DmRlAqgaS0q6Md7dNutDte-__twi4LiWsPc1hiuIqlDj9MkJ-prqL-MB6b5JbXeaJ5J7Iw3Y5tphet6P9OyjYy7YevOaLcchgjWLrBrQuU85m46RjSuA8IUKKhvzZKw9kCHRmQGY0LD5f7Lk4sg:1r4xyv:qmOZSv8uOKCHJYeavDIUWsXV3Qv90wNncDf85bsj6BM	2023-12-04 06:42:05.828779+00
0qmt6h39d4xw2t28tf0wougwdiv658vd	.eJxVjsEOwiAQRP-FsyFuhaV49O43NLuw2KqBpLQXjf9uSXrQ67yZl3mrgdZlHNYq8zBFdVbg1eE3ZAoPyY3EO-Vb0aHkZZ5Yt4readXXEuV52bt_gpHquK0R-JQMsotGkvVoEXo6GjG9jymAc54RO-LoeaMe-oAGhBN0Tiwlt0lfJUt7qD5feqc62g:1r4JbD:6DA1oxLAuMx0MeXbOAF5akmWwzRHwuPGAa0Y2Fx3tBk	2023-12-02 11:34:55.302918+00
t7teqx0cnboznwqgvw217zmgdx46qku0	.eJxVjEEOwiAQRe_C2pABtIBL9z0DmRlAqgaS0q6Md7dNutDte-__twi4LiWsPc1hiuIqlDj9MkJ-prqL-MB6b5JbXeaJ5J7Iw3Y5tphet6P9OyjYy7YevOaLcchgjWLrBrQuU85m46RjSuA8IUKKhvzZKw9kCHRmQGY0LD5f7Lk4sg:1rFox6:hj4rj4aHa3vK7Cjj2oLZ_lwbV4AVokh7CO-DcJOUZ6s	2024-01-03 05:17:04.07639+00
kgs5hh7c86shhie6z0s53y9tgmgn6wpu	.eJxVjEEOgjAQRe_StWnajkDr0j1nIDPTqaCmTShsNN5dSNiwfe_9_1WfkkXdVKMuasB1GYe1yjxMcWP2zAj5JXkX8Yn5UTSXvMwT6T3Rh626L1He96M9HYxYx23dBscNeGTTgeXOt9j5RCnBxslFEeMDIRqJQOEabDAEZFxig8wIrH5_7ho7kQ:1r4L0V:mTnwyAF79MO7BRYecipnQTkEXdHFRw2OVFpGMeWueOI	2023-12-02 13:05:07.633357+00
hntlyrbp4ahhak1bxlzc1cykk503r96f	.eJxVjEEOwiAQRe_C2hCnwlBcuvcMZAYGWzWQlHaj8e62STfdvvf-_6pPLaKuCtRJBVrmISxNpjCmjfkjZIovKZtJTyqPqmMt8zSy3hK926bvNcn7treHg4HasK4R-JINsktGsvVoEXo6GzG9TzmCc54RO-LkebUe-ogGhDN0Tixlp35_A8o62g:1revu1:rSid3XGNRXKqGuAU6UKnn0voBYju9q1qUoha5sE80tc	2024-03-12 11:45:41.834023+00
4bmlbwguidb534whxgkfvke5gwgnjzql	.eJxVjsEOwiAQRP-FsyFuhaV49O43NLuw2KqBpLQXjf9uSXrQ67yZl3mrgdZlHNYq8zBFdVbg1eE3ZAoPyY3EO-Vb0aHkZZ5Yt4readXXEuV52bt_gpHquK0R-JQMsotGkvVoEXo6GjG9jymAc54RO-LoeaMe-oAGhBN0Tiwlt0lfJUt7qD5feqc62g:1rFuSs:DW_tuss090tAc1p017BV3bizIc3E43ASY-5eUsjDS1o	2024-01-03 11:10:14.344383+00
dap2c4hyrdydxgncmkhdx928bsirnml5	.eJxVjEEOwiAQRe_C2pABtIBL9z0DmRlAqgaS0q6Md7dNutDte-__twi4LiWsPc1hiuIqlDj9MkJ-prqL-MB6b5JbXeaJ5J7Iw3Y5tphet6P9OyjYy7YevOaLcchgjWLrBrQuU85m46RjSuA8IUKKhvzZKw9kCHRmQGY0LD5f7Lk4sg:1r5MN2:YPO14cYpN2vb2CkoYGRoF6d5vEKNSPUpWxfoghUMBVU	2023-12-05 08:44:36.569655+00
fj86vpus1jej8bgydghs258kddvn2zqi	.eJxVjMsOwiAQRf-FtSEOwlBcuvcbmhkYbNVA0sdG479Lky50e8-55616WpehX2eZ-jGps4KgDr8jU3xI2Ui6U7lVHWtZppH1puidzvpakzwvu_sXGGge2huBT9ki-2Qlu4AOoaOjFduFlCN4HxjREKfAjQboIloQzmC8OMq-RV-1SCsZb5z6fAEr5zt5:1rfDis:rPa_yHGo-Q0AFvqznnchrYCa8LEhM4FaNq3CgjgJGHQ	2024-03-13 06:47:22.064366+00
f9132h0gj9y8olqwsg5hm055bhsr6dd7	eyJ6b25lIjoxfQ:1rfH42:yGddIElkNO0s8POmRjEmqALJGGEi7JD_T1JfcYkjx4I	2024-03-13 10:21:26.796036+00
d95crnzoclqhcgj3g5purrroac01068j	eyJ6b25lIjoyNzQxfQ:1r6rHZ:E5Ed9n2VMEDuMK9H8A5DJUFXGjxkoKRiyNF39GnZunA	2023-12-09 11:57:09.197513+00
x8r7fujjy028ppp6r410lgc0hdr7nix4	eyJ6b25lIjoiMSJ9:1r7UDi:Bwp2V9udpEnPVrRqbAwVhKDbI-t3bgrHewtlNQJNE9A	2023-12-11 05:31:46.529942+00
mdld4osha85397mq0ald8znxxdyzqeim	.eJxVjEEOgjAQRe_StWkcLFPq0j1nIDOdqaCmTSisjHcXEha6_e-9_zYDrcs4rFXnYRJzNRDM6Xdkik_NO5EH5XuxseRlntjuij1otX0Rfd0O9-9gpDpuNQJfkkP24jS1AVuEjs5OXRckRfA-MGJDLIE3GqCL6EA5QeO1peTN5wsCQjf_:1r7V4d:-9n9KylWU60RSZLP_p1g1cEiBwCahaJssGWHyOCiKNc	2023-12-11 06:26:27.855061+00
fk3eo4aoglthtl2k1bk09zcvu86wpq3b	.eJxVjEEOwiAQRe_C2pABtIBL9z0DmRlAqgaS0q6Md7dNutDte-__twi4LiWsPc1hiuIqlDj9MkJ-prqL-MB6b5JbXeaJ5J7Iw3Y5tphet6P9OyjYy7YevOaLcchgjWLrBrQuU85m46RjSuA8IUKKhvzZKw9kCHRmQGY0LD5f7Lk4sg:1r8J3C:-0jzPLTyrDgl5tE1mChpkyD-L2omwvF6PsTUk6yjT_M	2023-12-13 11:48:18.968561+00
1u1niyoilhruozn8r5u0hykpe1lxsgfx	.eJxVjEEOwiAQRe_C2pABtIBL9z0DmRlAqgaS0q6Md7dNutDte-__twi4LiWsPc1hiuIqlDj9MkJ-prqL-MB6b5JbXeaJ5J7Iw3Y5tphet6P9OyjYy7YevOaLcchgjWLrBrQuU85m46RjSuA8IUKKhvzZKw9kCHRmQGY0LD5f7Lk4sg:1r8a6G:sDKGX002jXIfR3kKR9kpmNr6HmMVezWysXNDobHCYU8	2023-12-14 06:00:36.653233+00
lq3h5eqmqt5469kvqxxzf5uunzl40ppa	eyJ6b25lIjoyNzQxfQ:1rMN2V:KxToL1KAldUGHQJhhshhzoyxrV2cmsXvpxx1rexG1xY	2024-01-21 06:53:43.382249+00
rjmthpd4s4j0buvev4xzq4kit726awik	.eJxVjEEOwiAQRe_C2pABtIBL9z0DmRlAqgaS0q6Md7dNutDte-__twi4LiWsPc1hiuIqlDj9MkJ-prqL-MB6b5JbXeaJ5J7Iw3Y5tphet6P9OyjYy7YevOaLcchgjWLrBrQuU85m46RjSuA8IUKKhvzZKw9kCHRmQGY0LD5f7Lk4sg:1rA1A4:t_LYWuTZ7e2OdLMwdz3IOIb3uBPazAduDF3PeC_aRKo	2023-12-18 05:06:28.705539+00
kmawm4jxp6ywpa8re5mc2a5bpnbv8ny6	.eJxVjMsOwiAQRf-FtSFOhQFcuvcbmhkYbNVA0sdG479Lky50e8-55616WpehX2eZ-jGps4KgDr8jU3xI2Ui6U7lVHWtZppH1puidzvpakzwvu_sXGGge2huBT9kgu2Qk24AWwdPRiPEh5QjOBUbsiFPgRgP4iAaEM3ROLGXXoq9apJU69fkCeqo62w:1rBqFo:8gO1OC7TCPChr3QOjvVYtcr8bP1_CUvkP8IRlOM4elw	2023-12-23 05:51:56.600522+00
9qpufc6n6glnm9umxfbd2u2csl2ncjcl	.eJxVjEEOwiAQRe_C2pABtIBL9z0DmRlAqgaS0q6Md7dNutDte-__twi4LiWsPc1hiuIqlDj9MkJ-prqL-MB6b5JbXeaJ5J7Iw3Y5tphet6P9OyjYy7YevOaLcchgjWLrBrQuU85m46RjSuA8IUKKhvzZKw9kCHRmQGY0LD5f7Lk4sg:1rUfoP:8YFfWdTnbYoNDyK-Jz67z-qlVBqsOB7h3s3YdXkyj9U	2024-02-13 04:33:29.954363+00
hspn0r073phm8w5f57o0h5i26azwgvdp	.eJxVjEEOwiAQRe_C2pABtIBL9z0DmRlAqgaS0q6Md7dNutDte-__twi4LiWsPc1hiuIqlDj9MkJ-prqL-MB6b5JbXeaJ5J7Iw3Y5tphet6P9OyjYy7YevOaLcchgjWLrBrQuU85m46RjSuA8IUKKhvzZKw9kCHRmQGY0LD5f7Lk4sg:1ra76D:Krsrt3bgQ07FSb9_iAW0MmA0MTf91FJThE2m_NxZZfc	2024-02-28 04:42:21.505773+00
17u68m3w306fkm4jomio7npi3j75fcor	.eJxVjMsOwiAQRf-FtSFOhQFcuvcbmhkYbNVA0sdG479Lky50e8-55616WpehX2eZ-jGps4KgDr8jU3xI2Ui6U7lVHWtZppH1puidzvpakzwvu_sXGGge2huBT9kgu2Qk24AWwdPRiPEh5QjOBUbsiFPgRgP4iAaEM3ROLGXXoq9apJU69fkCeqo62w:1rhr4D:a7pYwkX-UNc2WItEOd5Vuk5Qt2hEeBplhTEMybzmWho	2024-03-20 13:12:17.864325+00
o7g122fubjybzpksw8lmu3d6iy5pcjfu	eyJ6b25lIjoiNCJ9:1rE5uk:nH7g6aBTnRQ-1u8XERHiBt6RBwSMot3vhULbvZ0fwV4	2023-12-29 10:59:30.359715+00
ggpl01y26v4h4rm4foqipgpivivflbxk	.eJxVjEEOwiAQRe_C2pABtIBL9z0DmRlAqgaS0q6Md7dNutDte-__twi4LiWsPc1hiuIqlDj9MkJ-prqL-MB6b5JbXeaJ5J7Iw3Y5tphet6P9OyjYy7YevOaLcchgjWLrBrQuU85m46RjSuA8IUKKhvzZKw9kCHRmQGY0LD5f7Lk4sg:1rFS5Y:H5Az6TiK5Z8qJB3K152zBg8oQoDOvKx0FG7KC6K6c3E	2024-01-02 04:52:16.564984+00
z39yiwv6qx31o2bfxzvz664g4ednf2aa	.eJxVjEEOwiAQRe_C2pABtIBL9z0DmRlAqgaS0q6Md7dNutDte-__twi4LiWsPc1hiuIqlDj9MkJ-prqL-MB6b5JbXeaJ5J7Iw3Y5tphet6P9OyjYy7YevOaLcchgjWLrBrQuU85m46RjSuA8IUKKhvzZKw9kCHRmQGY0LD5f7Lk4sg:1rcOMt:oqprdxQVt1aPJMUzfmUgVU3KTvp6J4AJSau8InNCsGY	2024-03-05 11:32:59.297732+00
ctath3t8up68zhudwguo3mck50fdei86	.eJxVjEEOwiAQRe_C2pABtIBL9z0DmRlAqgaS0q6Md7dNutDte-__twi4LiWsPc1hiuIqlDj9MkJ-prqL-MB6b5JbXeaJ5J7Iw3Y5tphet6P9OyjYy7YevOaLcchgjWLrBrQuU85m46RjSuA8IUKKhvzZKw9kCHRmQGY0LD5f7Lk4sg:1rds6w:uepAOuK4PjI5gSNMCa7nEjXJH_jJ2Z2PNlDYFynHmqQ	2024-03-09 13:30:38.912989+00
clf1wko8ew96p8p8adldchdtti3e6307	eyJ6b25lIjo0MzI2fQ:1reWEF:8y25euteBrRHHy1TemYT3d-ojusnLmP-6j_sQY9dr00	2024-03-11 08:20:51.436847+00
mllsqv8ndigs9tx91c1g3spx397orz91	.eJxVjEEOwiAQRe_C2pABtIBL9z0DmRlAqgaS0q6Md7dNutDte-__twi4LiWsPc1hiuIqlDj9MkJ-prqL-MB6b5JbXeaJ5J7Iw3Y5tphet6P9OyjYy7YevOaLcchgjWLrBrQuU85m46RjSuA8IUKKhvzZKw9kCHRmQGY0LD5f7Lk4sg:1rjyVj:0ZSjpFsX3veH-DnQ7SdaJdMEGPZ0PC0TGpVwUbcvZ7I	2024-03-26 09:33:27.33811+00
4w96htkw34xygsjza5yh0hoie8rvbna8	.eJxVjEEOwiAQRe_C2pABtIBL9z0DmRlAqgaS0q6Md7dNutDte-__twi4LiWsPc1hiuIqlDj9MkJ-prqL-MB6b5JbXeaJ5J7Iw3Y5tphet6P9OyjYy7YevOaLcchgjWLrBrQuU85m46RjSuA8IUKKhvzZKw9kCHRmQGY0LD5f7Lk4sg:1r4vwZ:PG_-dnLb6bbAsC0SZRcLwVjSgzWNvt9g4CvEYixBsnE	2023-12-04 04:31:31.751443+00
oefylidtufhuzhwhclmiyjpaqk88w0s6	eyJ6b25lIjoiMSJ9:1rFqLt:DnFZsoINctyndRI5cPUoilE3r9iieuHpLrTH-gCza8s	2024-01-03 06:46:45.682115+00
ohrysnzdkge6st1e0180a7b5xqforbtw	.eJxVjsEOwiAQRP-FsyFuhaV49O43NLuw2KqBpLQXjf9uSXrQ67yZl3mrgdZlHNYq8zBFdVbg1eE3ZAoPyY3EO-Vb0aHkZZ5Yt4readXXEuV52bt_gpHquK0R-JQMsotGkvVoEXo6GjG9jymAc54RO-LoeaMe-oAGhBN0Tiwlt0lfJUt7qD5feqc62g:1rkHyu:dUV-aFxlTv8ccWxu-8a09jspn2OzSf6Waym85zNd8Vo	2024-03-27 06:20:52.540842+00
pex65864tqp52rbbhl3jjaorre04xuzs	.eJxVjEEOwiAQRe_C2hCnwlBcuvcMZAYGWzWQlHaj8e62STfdvvf-_6pPLaKuCtRJBVrmISxNpjCmjfkjZIovKZtJTyqPqmMt8zSy3hK926bvNcn7treHg4HasK4R-JINsktGsvVoEXo6GzG9TzmCc54RO-LkebUe-ogGhDN0Tixlp35_A8o62g:1r4w6Z:GotgEgB51avjEYSaOFj1cU6vv15VnL4-SHi1vzsMx7c	2023-12-04 04:41:51.002085+00
hexh9zp1o3us7j9v0w2v89hjshxqank8	.eJxVjEEOgjAQRe_StWkcLFPq0j1nIDOdqaCmTSisjHcXEha6_e-9_zYDrcs4rFXnYRJzNRDM6Xdkik_NO5EH5XuxseRlntjuij1otX0Rfd0O9-9gpDpuNQJfkkP24jS1AVuEjs5OXRckRfA-MGJDLIE3GqCL6EA5QeO1peTN5wsCQjf_:1r4wki:GQBSuoAyKK3hsVl68ofzpVQOwwYtBMxib1JW7oDeof4	2023-12-04 05:23:20.714214+00
7az8iaqery23ckn35savxvkdaz91b9n2	.eJxVjEEOwiAQRe_C2pChHSi4dO8ZGgYGqRpISrvReHfbpJtu33v_f8WnFhZXgU6DuIjRr0se18bzOMUNK3OG5MOLy27i05dHlaGWZZ5I7ok8bJP3Gvl9O9rTQfYtb2tgpyJpTHFQNoEC7CPbZKhjZGLPnAJ2jpW2lByiDjB46pEG0GCMFr8_nM874g:1rAmGA:UrayN6bBKlJBJPLbBijxMAzfuboGwpLN1dLBQCVTd2Y	2023-12-20 07:23:54.824503+00
gayt20ydre247hzhm1vbqqj0s9qg2jvk	eyJ6b25lIjoiMSJ9:1rHSH4:WtsAaP7yuHQQneBUX97pTNdbXsHEB5TsLR-FmaVj-3c	2024-01-07 17:28:26.747613+00
vu87la3ij9ij7nzzgubqb4znzqj5h2h6	.eJxVjDsOwjAQBe_iGlm7_oeSnjNY6x8OIFuKkwpxd4iUAto3M-_FPG1r9dvIi58TOzML7PQ7BoqP3HaS7tRuncfe1mUOfFf4QQe_9pSfl8P9O6g06rd2gFHRNEkrAELWUNCQduiMQZVBxBKMBml1ASEkBi0VRaWkQRQikmbvD87fNl8:1rI5NO:E-74kpQOf_wP_aIck9kIwBVme-FfNqgfFnOtA8I_rxg	2024-01-09 11:13:34.789161+00
ctxwe005kc13m9k8q6h61zi5kz7ejkvq	.eJxVjEEOwiAQRe_C2pABtIBL9z0DmRlAqgaS0q6Md7dNutDte-__twi4LiWsPc1hiuIqlDj9MkJ-prqL-MB6b5JbXeaJ5J7Iw3Y5tphet6P9OyjYy7YevOaLcchgjWLrBrQuU85m46RjSuA8IUKKhvzZKw9kCHRmQGY0LD5f7Lk4sg:1rIN1g:cKvIkWaSDhMSnrfYuGs6EuylgI4WvA0xmYHFnXcl7tk	2024-01-10 06:04:20.086137+00
2ycyj4c00xlgch2r2o5peo1n471l32j9	.eJxVjEEOwiAQRe_C2hCnwlBcuvcMZAYGWzWQlHaj8e62STfdvvf-_6pPLaKuCtRJBVrmISxNpjCmjfkjZIovKZtJTyqPqmMt8zSy3hK926bvNcn7treHg4HasK4R-JINsktGsvVoEXo6GzG9TzmCc54RO-LkebUe-ogGhDN0Tixlp35_A8o62g:1r6Pd4:WUHYPGCy-tEI2Kq-vpvojO7H2J5U9QUy9yllSTJnObw	2023-12-08 06:25:30.068325+00
2b4mq96ru38vcau14dvobt8m8qhz8ufv	.eJxVjEEOwiAQRe_C2pABtIBL9z0DmRlAqgaS0q6Md7dNutDte-__twi4LiWsPc1hiuIqlDj9MkJ-prqL-MB6b5JbXeaJ5J7Iw3Y5tphet6P9OyjYy7YevOaLcchgjWLrBrQuU85m46RjSuA8IUKKhvzZKw9kCHRmQGY0LD5f7Lk4sg:1rgKDp:-26S2t5i_KKNBVCCJVRDVkjs-QgZHxO2YNtXu1RMusY	2024-03-16 07:55:53.824051+00
eeg63qke71sfesbgeymxqvhe19qsp2pk	.eJxVjEEOwiAQRe_C2pABtIBL9z0DmRlAqgaS0q6Md7dNutDte-__twi4LiWsPc1hiuIqlDj9MkJ-prqL-MB6b5JbXeaJ5J7Iw3Y5tphet6P9OyjYy7YevOaLcchgjWLrBrQuU85m46RjSuA8IUKKhvzZKw9kCHRmQGY0LD5f7Lk4sg:1rkKeC:tNUqube8msvmkAnG5A-9se3C46EJVikkwzJsPcsoRmk	2024-03-27 09:11:40.15352+00
2tbmsj5epm2lvzlacy3eq98cnnt1yarj	.eJxVjEEOwiAQRe_C2pABtIBL9z0DmRlAqgaS0q6Md7dNutDte-__twi4LiWsPc1hiuIqlDj9MkJ-prqL-MB6b5JbXeaJ5J7Iw3Y5tphet6P9OyjYy7YevOaLcchgjWLrBrQuU85m46RjSuA8IUKKhvzZKw9kCHRmQGY0LD5f7Lk4sg:1rgyzT:_Q_ebZJOne2yoCZYhKNGv3dLwH9geqG-pk7nk0eaPRA	2024-03-18 03:27:47.217077+00
mi9gir8ig8v0orxhwtbr72gxxx1ym6bh	.eJxVjEEOwiAQRe_C2pABtIBL9z0DmRlAqgaS0q6Md7dNutDte-__twi4LiWsPc1hiuIqlDj9MkJ-prqL-MB6b5JbXeaJ5J7Iw3Y5tphet6P9OyjYy7YevOaLcchgjWLrBrQuU85m46RjSuA8IUKKhvzZKw9kCHRmQGY0LD5f7Lk4sg:1rhlWG:mTjZl_z6iwLruMX4OnMt73OpoNXij4d7ZqC8DCuLw4c	2024-03-20 07:16:52.034149+00
d13uzhrfpncmd2zsmxglspoo31pbxh6c	eyJ6b25lIjoiIn0:1rISOa:hnmsn1tS4GThfiD6Bs1ddrOQorJwib5Yai7MkZgEtHA	2024-01-10 11:48:20.062306+00
vtt7c77rcokhkot511g3i3hmtkxg8wg6	.eJxVjEEOwiAQRe_C2pABtIBL9z0DmRlAqgaS0q6Md7dNutDte-__twi4LiWsPc1hiuIqlDj9MkJ-prqL-MB6b5JbXeaJ5J7Iw3Y5tphet6P9OyjYy7YevOaLcchgjWLrBrQuU85m46RjSuA8IUKKhvzZKw9kCHRmQGY0LD5f7Lk4sg:1riA7J:r3UZC1250FjclpomVc-334etStXK0CF280aHJEt6R6g	2024-03-21 09:32:45.897767+00
pyk3921xkcwarij9qos7rqlqg3xv605c	.eJxVjEsOwjAMBe-SNYpwSZ2aJXvOUNmJQwsokfrZgLg7qdQFbN_Mm7fpeV2Gfp116sdozgbIHH5H4fDQvJF453wrNpS8TKPYTbE7ne21RH1edvcvMPA81DeCnJJD8dFpaglbhI6PTl1HMQXwngSxYYkklRJ0AR2oJGi8tpx8jb5K1loiMJ8vtZU7Ew:1rAOOk:lyzz_yBSFxEQNIDFieqMHu3H-S6McxzCUbDzZaREz6E	2023-12-19 05:55:10.853421+00
kruq5aendgo1ki4nace322o1cj4xrikj	.eJxVjEEOwiAQRe_C2hCnwlBcuvcMZAYGWzWQlHaj8e62STfdvvf-_6pPLaKuCtRJBVrmISxNpjCmjfkjZIovKZtJTyqPqmMt8zSy3hK926bvNcn7treHg4HasK4R-JINsktGsvVoEXo6GzG9TzmCc54RO-LkebUe-ogGhDN0Tixlp35_A8o62g:1rFSBK:tzwKxf-U1zhm9HlPjJwR2JnKpgYO4srAuUd-9aHOtss	2024-01-02 04:58:14.657432+00
z81o1f72v4cs6iu9s46hdxn8hk4rcfdj	.eJxVjEEOwiAQRe_C2pABtIBL9z0DmRlAqgaS0q6Md7dNutDte-__twi4LiWsPc1hiuIqlDj9MkJ-prqL-MB6b5JbXeaJ5J7Iw3Y5tphet6P9OyjYy7YevOaLcchgjWLrBrQuU85m46RjSuA8IUKKhvzZKw9kCHRmQGY0LD5f7Lk4sg:1rKyWN:Aqdgl_gt_ZEyhg_qCvq63vXYOsbtf8MPfRLeC0EJ3iU	2024-01-17 10:30:47.454872+00
l6pk1fracu5ck9z7cud7p2pmbfz603ux	.eJxVjEEOwiAQRe_C2hAKtoBL9z1DMzMMUjWQlHaj8e7SpAvdvvf_e4sJtjVNW-VlmoO4iE6cfhkCPTjvItwh34qkktdlRrlP5GGrHEvg5_XY_gUS1NTeg9fUGwekrOnIugGsixijaRx1YFbOI4DiYNCffecVGlQ6kgIiMNSir5K5lbTVvfh8ASA3PCw:1rFYhw:2rCffFyN90PFJA3VlGZbZbQunakjPLTpcIbOuMOQ9DM	2024-01-02 11:56:20.820197+00
dj1ajxawfafp1289y82u0km9cfj2jh4n	.eJxVjEEOgjAQRe_StWkcLFPq0j1nIDOdqaCmTSisjHcXEha6_e-9_zYDrcs4rFXnYRJzNRDM6Xdkik_NO5EH5XuxseRlntjuij1otX0Rfd0O9-9gpDpuNQJfkkP24jS1AVuEjs5OXRckRfA-MGJDLIE3GqCL6EA5QeO1peTN5wsCQjf_:1rkfFq:NQGv7itvZKalmFa1OCAZzp-GlNtiDLUU3HAx8Un7UrA	2024-03-28 07:11:54.012994+00
s986qbfxm9jod6ee5m0g1ew4fjyjjbqp	.eJxVjsEOwiAQRP-FsyFuhaV49O43NLuw2KqBpLQXjf9uSXrQ67yZl3mrgdZlHNYq8zBFdVbg1eE3ZAoPyY3EO-Vb0aHkZZ5Yt4readXXEuV52bt_gpHquK0R-JQMsotGkvVoEXo6GjG9jymAc54RO-LoeaMe-oAGhBN0Tiwlt0lfJUt7qD5feqc62g:1rjzJj:3t80VsN_tnva8tstE_0IHQbmPUlabiCP__sS9t5Gr7o	2024-03-26 10:25:07.728098+00
pje15agb6bgwdrei4en6l5tghbxseq8l	.eJxVjEEOwiAQRe_C2pABtIBL9z0DmRlAqgaS0q6Md7dNutDte-__twi4LiWsPc1hiuIqlDj9MkJ-prqL-MB6b5JbXeaJ5J7Iw3Y5tphet6P9OyjYy7YevOaLcchgjWLrBrQuU85m46RjSuA8IUKKhvzZKw9kCHRmQGY0LD5f7Lk4sg:1rcJkO:qRDeLgXZbm7mFOg4CtAhGBXkvM3yGZIh2N5soT7e34k	2024-03-05 06:36:56.070562+00
ekoob6elhymzz8xxmo6fzetf720ps9jm	.eJxVjEEOwiAQRe_C2pABtIBL9z0DmRlAqgaS0q6Md7dNutDte-__twi4LiWsPc1hiuIqlDj9MkJ-prqL-MB6b5JbXeaJ5J7Iw3Y5tphet6P9OyjYy7YevOaLcchgjWLrBrQuU85m46RjSuA8IUKKhvzZKw9kCHRmQGY0LD5f7Lk4sg:1rcjBD:d9TqHrS0I-JqKW54SccehRjMqMP1F1A1fJXHqjBD0T0	2024-03-06 09:46:19.208744+00
mc292j3vzh8657ebp482pps8x045dwn6	.eJxVjEEOwiAQRe_C2hCnwlBcuvcMZAYGWzWQlHaj8e62STfdvvf-_6pPLaKuCtRJBVrmISxNpjCmjfkjZIovKZtJTyqPqmMt8zSy3hK926bvNcn7treHg4HasK4R-JINsktGsvVoEXo6GzG9TzmCc54RO-LkebUe-ogGhDN0Tixlp35_A8o62g:1rdmQK:s1pEbTDpAOYPNNiNrntYVtihEDTutarxF3I3740Py-U	2024-03-09 07:26:16.80188+00
9d2vpgx83odpvujc6nxu95hshp8kbuh9	.eJxVjMsOwiAQRf-FtSFOpQO4dO83kBkYpGog6WOj8d9tk266Pefc-1WfVkVdVadOKtAyl7BMMoYhrQz8ETLFl9TNpCfVR9Ox1XkcWG-J3u2k7y3J-7a3h4NCU1nXCHzJBtkmI7n32CM4OhsxzqccwVrPiB1x8rxaDy6iAeEMnZWeslW_PwR4Ots:1rkgrF:-GwvimPxCDVvYXsqAycNWbzSiqZr8VnW3pjcvKoVVRQ	2024-03-28 08:54:37.215393+00
k2v9cmv2r72r03lwdfr7loi4nvobs1n0	eyJ6b25lIjoiMiJ9:1rkguJ:-qXcdXr1JJBCeBNeha6RPVgrVx7bXO3zXzIbLNTCfb4	2024-03-28 08:57:47.455665+00
qajkqrsadve7wc7cw739b2i6l60tpj1b	.eJxljMsOwiAQRf-FtSE8tIBL934DmRkGqRpISrvR-O-2STfG7Tnn3rd4tcriLLQ4iAjLXOLSeYpj-mcI9OC6iXSHemuSWp2nEeWWyN12eW2Jn5e9_Tko0Mu6HoKhk_VAyllNzg_gfMac7crRJGblAwIoThbDMeig0KIymRQQgSXx-QLrZjuN:1rkk5Y:hxFGZq1bpgerPAO76B5hxe-BpdV9H2KHGOpVG1zlO6s	2024-03-28 12:21:36.118812+00
zysag24dv8ahsn9p8wh22y8vt51eyyma	.eJxVjEEOwiAQRe_C2pABtIBL9z0DmRlAqgaS0q6Md7dNutDte-__twi4LiWsPc1hiuIqlDj9MkJ-prqL-MB6b5JbXeaJ5J7Iw3Y5tphet6P9OyjYy7YevOaLcchgjWLrBrQuU85m46RjSuA8IUKKhvzZKw9kCHRmQGY0LD5f7Lk4sg:1rl65G:S7SQ-GiDlOFBREGGspyFIozsy21c7Ndw7YlhwABG_QA	2024-03-29 11:50:46.396777+00
7rp0dtwq92mr83t3h6itz0eqe62pqghu	.eJxVjEEOwiAQRe_C2pABtIBL9z0DmRlAqgaS0q6Md7dNutDte-__twi4LiWsPc1hiuIqlDj9MkJ-prqL-MB6b5JbXeaJ5J7Iw3Y5tphet6P9OyjYy7YevOaLcchgjWLrBrQuU85m46RjSuA8IUKKhvzZKw9kCHRmQGY0LD5f7Lk4sg:1rlO19:a4sZpi3lQ9va73iuE-i7twKgVSOjMrlKq5VjL0ZEmPg	2024-03-30 06:59:43.573353+00
tk648cjbr8y11bfv8tvu7cn00gu5fr2g	.eJxVjEEOwiAQRe_C2pABtIBL9z0DmRlAqgaS0q6Md7dNutDte-__twi4LiWsPc1hiuIqlDj9MkJ-prqL-MB6b5JbXeaJ5J7Iw3Y5tphet6P9OyjYy7YevOaLcchgjWLrBrQuU85m46RjSuA8IUKKhvzZKw9kCHRmQGY0LD5f7Lk4sg:1rlPTU:OUp7oyexIkaLhwCKZgHdYxxlBCmgZLYz9y5I7-BhvR4	2024-03-30 08:33:04.314244+00
3vdnbmy5t9042qjg1faeiblovbxn0ces	eyJ6b25lIjoiMjcyNSJ9:1rlQkR:oFUH7BH4peQGlVOmSRO_0d6W6yllIc_gusl3vx4uCtg	2024-03-30 09:54:39.097337+00
j7t9qvyxc2lsavkls1rth5n63txg4cyr	.eJxVjMsOwiAQRf-FtSEOwlBcuvcbmhkYbNVA0sdG479Lky50e8-55616WpehX2eZ-jGps4KgDr8jU3xI2Ui6U7lVHWtZppH1puidzvpakzwvu_sXGGge2huBT9ki-2Qlu4AOoaOjFduFlCN4HxjREKfAjQboIloQzmC8OMq-RV-1SCsZb5z6fAEr5zt5:1rm6e9:iGWgRsFEw8Px1naZAR5Jibw_AiV-45mEUMP9F2Jpt9M	2024-04-01 06:38:57.596926+00
9vhfhiqeqzu953exiud6ksjcix3biub6	.eJxVjMsOwiAQRf-FtSFOhQFcuvcbmhkYbNVA0sdG479Lky50e8-55616WpehX2eZ-jGps4KgDr8jU3xI2Ui6U7lVHWtZppH1puidzvpakzwvu_sXGGge2huBT9kgu2Qk24AWwdPRiPEh5QjOBUbsiFPgRgP4iAaEM3ROLGXXoq9apJU69fkCeqo62w:1rmR7a:7nmokyQlUJ6qp6OGH0jNm_PCxWtvR10qQ4ofpCl_fbg	2024-04-02 04:30:42.264539+00
bygfilkyhd99c0zpnr5zcw9xgvxbk9f0	.eJxVjMsOwiAQRf-FtSFOhQFcuvcbmhkYbNVA0sdG479Lky50e8-55616WpehX2eZ-jGps4KgDr8jU3xI2Ui6U7lVHWtZppH1puidzvpakzwvu_sXGGge2huBT9kgu2Qk24AWwdPRiPEh5QjOBUbsiFPgRgP4iAaEM3ROLGXXoq9apJU69fkCeqo62w:1rmpwM:yhtATQ0TtTaOegJfYtI7nPZCRtBzC_4M02dd1RZZXQY	2024-04-03 07:00:46.414959+00
6lcxrutx7ca2d1n2a91keyubtgmywau6	.eJxVjEEOwiAQRe_C2pABtIBL9z0DmRlAqgaS0q6Md7dNutDte-__twi4LiWsPc1hiuIqlDj9MkJ-prqL-MB6b5JbXeaJ5J7Iw3Y5tphet6P9OyjYy7YevOaLcchgjWLrBrQuU85m46RjSuA8IUKKhvzZKw9kCHRmQGY0LD5f7Lk4sg:1rmq2s:je4n3NX_yj62bv4e7ZKEjNuYJeRz-L3czpyl3gyjd08	2024-04-03 07:07:30.292993+00
ve8hu8rk570zaqahrkxri3cc4dfknw69	.eJxVjsEOwiAQRP-FsyFuhaV49O43NLuw2KqBpLQXjf9uSXrQ67yZl3mrgdZlHNYq8zBFdVbg1eE3ZAoPyY3EO-Vb0aHkZZ5Yt4readXXEuV52bt_gpHquK0R-JQMsotGkvVoEXo6GjG9jymAc54RO-LoeaMe-oAGhBN0Tiwlt0lfJUt7qD5feqc62g:1rmsJr:e5_nCq0X7OW6e_ip3xRx8vKwjTBvxaxaQ87PQ1y9CK4	2024-04-03 09:33:11.854306+00
zmkxa5oymi6d49le12rmq73gxhl432ms	.eJxVjMsOwiAQRf-FtSFOpQO4dO83kBkYpGog6WOj8d9tk266Pefc-1WfVkVdVadOKtAyl7BMMoYhrQz8ETLFl9TNpCfVR9Ox1XkcWG-J3u2k7y3J-7a3h4NCU1nXCHzJBtkmI7n32CM4OhsxzqccwVrPiB1x8rxaDy6iAeEMnZWeslW_PwR4Ots:1rnEhv:UbZxENggH8nnXpuV51F03zGe38DY-vz4sP63cmp-XHk	2024-04-04 09:27:31.200129+00
35t8n7xtcmjc5f0cg78somk1zkso6ndd	.eJxVjEEOwiAQRe_C2pABtIBL9z0DmRlAqgaS0q6Md7dNutDte-__twi4LiWsPc1hiuIqlDj9MkJ-prqL-MB6b5JbXeaJ5J7Iw3Y5tphet6P9OyjYy7YevOaLcchgjWLrBrQuU85m46RjSuA8IUKKhvzZKw9kCHRmQGY0LD5f7Lk4sg:1rnXD2:LQ4HAlMn1_u9LuqaUlb0YUtpsbMmRb6O-8LzsqcnxLM	2024-04-05 05:12:52.76149+00
z0yjrs9dmebj6j638f7xq879escdp5kg	.eJxVjEEOwiAQRe_C2pABtIBL9z0DmRlAqgaS0q6Md7dNutDte-__twi4LiWsPc1hiuIqlDj9MkJ-prqL-MB6b5JbXeaJ5J7Iw3Y5tphet6P9OyjYy7YevOaLcchgjWLrBrQuU85m46RjSuA8IUKKhvzZKw9kCHRmQGY0LD5f7Lk4sg:1rntDL:PqZE1qR19BUQnHdT4V9SrI-EOGTcK2omGL3U5BvP1Wk	2024-04-06 04:42:39.746068+00
aptypbxr90oys9jfw6rho5j3c54jcm1e	.eJxVjsEOwiAQRP-FsyFuhaV49O43NLuw2KqBpLQXjf9uSXrQ67yZl3mrgdZlHNYq8zBFdVbg1eE3ZAoPyY3EO-Vb0aHkZZ5Yt4readXXEuV52bt_gpHquK0R-JQMsotGkvVoEXo6GjG9jymAc54RO-LoeaMe-oAGhBN0Tiwlt0lfJUt7qD5feqc62g:1rntRy:ZptTLgKtv2ip-y9az3QDCEGksqYo2vgT3JSclROCjWo	2024-04-06 04:57:46.08179+00
\.


--
-- Data for Name: fcm_django_fcmdevice; Type: TABLE DATA; Schema: public; Owner: nexsme
--

COPY public.fcm_django_fcmdevice (id, name, active, date_created, device_id, registration_id, type, user_id) FROM stdin;
35	user	t	2023-11-06 10:21:42.397742+00	\N	exofIJcMRDapVbpIBVMbKq:APA91bFvMuHbdcnyoKgviNvzbl__1Wu4bZRVOy44u3gzQJgJuEVT61HZEHAFGl_YwuAYgzGA8oFSjxBUP3LSpLS_1ncnnIwTLow0oVlez1VEZMBJ_PdNtPrTKcYIYT3Fy0LeFjfqgSV0	android	\N
3	Name	t	2023-10-19 10:27:11.414915+00	\N	fQ7Km0noXbzphKKptaO6rz:APA91bHZb6oZPUSs2CQjLsqB5mXp87AGlDMUfYaA1dph5gSdSmbDuXwBgbPNv4YpUPl_wyiPAtrzd1BV7eIgfnZajDE5IO_RNJswM7OtnillUohK_9-jhcIeKHDpcN5lg4rz6fgsDJYm	web	\N
9	user	t	2023-10-20 05:55:56.888494+00	\N	eH7ObG6lStqq_gC4TsJ9Ml:APA91bGt-VzDyh7v0oNs0BdLYGFyGothkUMsKlXN57_dukp-3_SjbVmy_Os3EW9gEcJ_bSVhfUTFEvX8cDfEOoQA5N1k_Q-mEoFpJ01-0WnhmD2109N31xOHZnUTzWHZzzt4mQVg3t9I	android	4
1	user	t	2023-10-19 08:43:29.735711+00	\N	crI5TtrbQP2IYDY922OjQz:APA91bFNHdiRGWv0jDRPCJps3HyfSkhu28vOftgVYiX7OvRWGGg8xS-3wtRrgsCKHStPNcswnMxF__Uqdn-VYfNXG95wglCtjUmk8Ku9iCNHCn57JExg8O0hoM_PYw7EJpctlg4S3-TM	android	4
2	user	t	2023-10-19 10:09:01.944173+00	\N	eG-xrBt6R16UQ-GT5neFjG:APA91bG2kGgW4nnEBoU3Qmgwy8sDfNvLdEmuCmUTF2MJRLntRhEQtpPAe-o9PD0iICXKEzUxISKy0KWhpaMVVCzY7vOOnoNrT3Lsc40UwDpWsg-NNU1yGUvCJqWZpdlpffL2j3s9x4mE	android	\N
4	Name	t	2023-10-19 11:48:03.565515+00	\N	d9Ti8Jmwq8IKKbKp-eQslZ:APA91bF2kb7LnEKaXZzDHkDZsrhy7gL45q1Vs4K2mnqxt7QXeH61lznE63nVO3hhRO5RZ7m5obCD-b3i5KL-GTiw2fmdtF6ODJWtdsh6kEnv5ljCrMarQUgQDaugaEQW-wwYQL_IZFjn	web	\N
23	user	t	2023-11-02 08:28:14.316458+00	\N	e3hQDBciRPmcuW2udgXoLe:APA91bGxJnOxFWoZF7ZRBAv6loxLJlHz_2GdFnOwXAYAkwiHx_baBpZ9EptuPEzipwJIPJPsmvpPMz9EaKTlp8noj9WHoPu32SloLh4cvEg3iR7YXwg0v1Pp6nXGSOvIH6IFGOz461nN	android	\N
17	Name	t	2023-10-26 10:04:00.333466+00	\N	e7usbT-JFY_es3V9ShOUip:APA91bFV7RLQTF3ioU3cNU7_xaD4KFDiF0DOZ-UL7H1JxnotVEOHEWCTFqQSU5cBh_0KMWtC3DyGaQUPeSEdeUMt9ZGU_MfL0NuxGsRBX6e2fcfFGHx2RyUeg79YCvLtQMZe95ClQKk0	web	\N
5	user	t	2023-10-19 11:56:57.53798+00	\N	eiawxSLvS8-oPcA3m1Fx-6:APA91bH0GqVLH1SNr9OFg2Jkfo0zykMSqFd4FHCLudYSWorytF_5Vla-HIdVMKFTvUlR3Q17Icxy3Bug-jffW7-JkAgJ4A65gcp2dryBLGaz1PpPqm59Wqi8ZseyxFqoJErDg66w31hE	android	4
16	user	t	2023-10-26 03:49:55.632833+00	\N	dM3O622iRKSSxPg4XgSIpX:APA91bGr_FYkpf6iKDyOdJqFgOFH9AFoXR_sSXlDHb124nK47DrGrcpvbteHDHZ4ORHOOF6yYeMfjURoo6SSz-A_uKTboW1oP0w4aC2gcePc4urlRwCtYnTCpCfp8Oxgne64QPta-QMU	android	8
7	user	t	2023-10-20 04:35:08.637412+00	\N	dU1LYIrgQNeN4vzI97HML4:APA91bGIhnAZ9yEm41-a1ic19IBz5H6P4I237rGXal56RSL6IvxwvXqRR9uOkomhtHDvDJDU2s4lfHjWw9B5L3cVhNAL5jK9wOlWbjsgt1ZgfiP0uXknScugcCyZRXfnFvSeFjsdke1S	android	4
8	user	t	2023-10-20 05:24:28.934391+00	\N	fkH4oJIdQGOt6EfznqTroS:APA91bGmgodS3tSl6P0wihMprI_GcfogVlBqJZzdEQTbu3RO5d46Y-suy6lrwiUWah0RYo-v2HZEAuzuPcfq0TgdtdwMY3TbzYKmmPcCdufvlGb5WDgFoTtXxo4gqtvICmfqTDh4yGb3	android	\N
6	Name	t	2023-10-20 04:34:24.988658+00	\N	cOOX1zL4RgfE52FDUzSwt7:APA91bEcqLCImtljEgKkmoWVwchO_tlaiRXKxjdQP_fmvfW5HRCupjVdEJLpzCOYlFhKJYP_Hu0gOfwaSJbg7w60fqDaY_11hqL8QK1K1n7etuyGq7-vhsDkmKQSAHlrX7DBGIqK0Hx7	web	\N
18	Name	t	2023-10-30 08:52:36.083196+00	\N	eEn0RDTsnItCWuNbMm67KP:APA91bGdr-3zziQ8ZRwfQsBvAe_ysoalrZhovN9NQ4BWDbtTO2FYGj-ozHTuFb-hErlHHo2u5Z21mZt8qoqt9BivOmSJ8L9dKUHKhbq9eTdyeFpNElMhFsA03XCmFy1WQpYfDu0viCVX	web	\N
10	user	t	2023-10-20 10:04:58.735619+00	\N	f-B4J1fITWmrCH4ugcCeA5:APA91bGUfRqM-gf6I_-_WVm4w25mg6SCBzH4Ie18s2MJh7zUFhHzyu0ogE-r8FIpZDI-IBGSxwMoeEf8YStbTq-8XIXUNQF1KtACDv-0eOWl3MxLy8UYIStzRfqSqEtrN5ij69Rh0Rzt	android	4
11	user	t	2023-10-21 09:05:05.788843+00	\N	cTFaC8i3QkCBYYF49QHrLy:APA91bEM9yeYSHPmmPV4uzyKnMW3mQzFDqKGyWOd4Kp_0Ll4RR4S5mU5kIFO7oMnFytjPrTVyLpN8iuWGOXo7Mb6MB55u5j26tGUYNn5D4TrMCOmQFo24Gh3ozPbSbupvmNWk8ibYDZG	android	\N
12	user	t	2023-10-21 09:50:03.744787+00	\N	cVNQEPjURiWkJ_Uk2kVCmm:APA91bHUtwEUQfhr_I3Z0PtH-AVnBXa5mAC3zLNVJ40P1czkjf1KO6oNKXSmwfpBb1MPzqsmwLMvlEANJT_h9iO-9utU0ndviM5w8s0ddeqrinqeO3EvK-VuuCjxuAN-FhPrpk1dStrS	android	4
13	user	t	2023-10-25 04:39:40.038542+00	\N	fyZELC5GTM6_WUqenI7Mx2:APA91bGt3r4Vt_kMx1__obzE3Bp4c6MjAjYWbINt4v7CHg_O4JfFMdSpto1Wu9biepE9235KG_cusCiBgB6XYadpRfuQ8b-FG50LC97zdXqA_TxFY8WlnbxGhNhoBgp9_sqFgvtOmgt1	android	\N
14	user	t	2023-10-25 09:36:16.383671+00	\N	dpjWFAp7QTGPrrwm5pGnMR:APA91bEXWSp0G3Sibmq4ooBSmyRawCuXS5s_49JUw7oubu6SHEhFx_eZnBaMZEuN6W5vbB9R8gkGT1Jt92npOWufLNfwZdiz7Dsl_uEbfxv2jQhmx2ApI9pIEKIrfJ0KmqVY6gzmiYAU	android	\N
15	user	t	2023-10-25 09:57:14.044847+00	\N	dCxlm2wuT8uBLXLKGPEdL-:APA91bEPtw_OhHeK5VBfPp8pAh202f43zaoElIn9M14urMoPj34Frfqb7hdgAtPXKWav2OSsoG2lTAf_KbENSqPKZQbTUGSHxdHxj9oLXPWPc7fKLMGhQ8bVgqWfJlfPguaJcCSOSquL	android	\N
21	Name	t	2023-10-31 05:53:05.292828+00	\N	cBhTMZ70UWoY0iUNWw2EKn:APA91bFAT0c6aiIhOaABdp_ct2OBy4pfs4mB2VtD2h1G7IMtqlo1_mweB-aALazaJPxlpjGi9dwFKtskrUCxFxabGe7KNg1peF9mL2of0LBW8SOoTDF88m_oAftYYvZsBdzDk3YzTYZq	web	\N
24	user	t	2023-11-02 14:06:05.738523+00	\N	fF3Aw57tSfSHRA_tRMLTbS:APA91bF0cSCwqfVPXi9eQOFJuB_nbung1TrhwGK5eql6pa7cLe-Yha4KqOOJtM53DRNeVGgLqaPszqvWnfPP9vwbujSCdM4_BsRDjEBzxuTupXyvAiwgOGouKd1tJZWTsxk3t0FjZ4Jh	android	\N
20	Name	t	2023-10-30 09:26:57.524783+00	\N	fViSZ0jsvOGZ5JefzLI82Q:APA91bEOAQdjGzX6NE5n5mXw_FZfDt9VkQLGdeIuNZRwmFoy31CDqNLj3vgj08bk08BP8QiFERNXFIAvUk34kvBXUVLJVMce9KUL-ipXB_HgQ1SztVibkkh3zXgBw8WVfc_E-qTNG4E8	web	\N
22	user	t	2023-11-01 05:17:26.556988+00	\N	er6gjYAHTNCehcCqFqS_HD:APA91bGPd9jIV5OZ4nF0ex3Bgu8wxyGXA6__4MVn5BdV3_IiW-HbDv5q20UZtqGmRkPKs7PN6MSXrc5zLFVm-AGP7PVRvFBOqmJwArMrC052LjkpDW7NbfogOWmEUhXSJrXK9tgtcj1U	android	4
19	user	t	2023-10-30 09:18:23.001312+00	\N	dWb3WX2iSDeV-Cq0pNos6c:APA91bFLrofN0oX8048Ak_CRW4FZzaRNvcs0cI96N0MkKXF2NOQYqRcIDH9RF-7k4gKrv2ZHneKM6ndY_xz4L0KsT5Gs1c-FMb4riQ0LzEz0gGrq55jrM7sHQy613ISK1B7AOgdMpoZV	android	4
31	user	t	2023-11-04 04:46:05.778226+00	\N	eJxGwyhOSmG-rjbVVYltL5:APA91bHNbMI3pJjFMejojI1i0QB-4JVvW9UThYiwoAs8bX4LlRbrLOAYaX5EJAZ2ZW285wf0PudHh4UhuGkOUqtXFRi9iq35fCg5ptVy-53zD54nQdQ3ftXXE_1amNwzwZPfa-QKuNTs	android	\N
25	user	t	2023-11-03 06:08:12.675889+00	\N	d--c2UYARACM9t4eklLHuk:APA91bFN2dbeLjB6kAIzW7SuF_7Wkd5YWVfA0-lFU9npc9HHUxYFFVlBNP79Bm0ImyF41u9QA6ouevhhgbY8AXP6WeY-9x9U4DBbcJrIs7Kd3hZfXABwlYjhPSZgiNzRhMz_M91lJblV	android	4
29	user	t	2023-11-03 12:16:47.568382+00	\N	eOeUh0V6QuCxlVKONfNL5O:APA91bET24FR5_LLlpvDDx5XuUn9DE8A5FCi3wYnBV1H1-38ODGBKToT37H4hE4qN-6YOPMyDwyi_dwrge_lNpzhTmDI1c_ajNApuGuzDyKBQQjzyz2a4u29HLT4_AjVtjsixxMAK7gY	android	8
28	user	t	2023-11-03 09:28:31.63562+00	\N	dWRuGhzRTrSQRQGs_4nxoW:APA91bHfAET70mJ7VOtkwKKA0OrHKeoUBavIo7o1e02yET1TK-gbcQAQ-NmhaxBDyO-4zoyxXqMe0Tz6c3UIhd1aE6GoB254BDFdzB87WEwMFf8QW_rSe_i13ddCMwi52_ldzcvGsOBY	android	8
26	user	t	2023-11-03 06:12:06.868842+00	\N	fpFDPFNEQuecE-YTv35LpX:APA91bE8C6tVrObh77V5vq2_lgNxWeQgKJ6LN3hJNLvJUgGDzrKxiqU2bgT-kDZsIAS4PB0xh9j26oGbJ_Akj5mg7H4t4LZ7JEX2gnDTqFWY6L9-qqz9O5Uvt9RXcwcCj0ymrElt1NaR	android	4
30	user	t	2023-11-04 04:42:07.74731+00	\N	eYeSRdKwQPK2GFOHGK5ksH:APA91bEUhAanJVfIwTuaOs3y3lpVPtjXwvD7csruZzMwY0Gt9rhNe2UsDPCry8uWPH4ncw34eLoQhZI8r9ucpYTLd_9UCAGQxYNALjnVGp9cnXkIuqDAysZHrYhy6DKg52cDt1W8_Hwg	android	8
27	user	t	2023-11-03 07:18:40.652268+00	\N	dxxfQpP7Tq-7mS93EmBccM:APA91bEIRfNzsQ3d04cJ6KY-fEKekwlKhdpn1fAuj-cahLygk5Y5K8ut-sRZxrHTNCicPlmkWA-OY5-pCiw38GBF7USfN8j4D4wCuxXwi50VS9zJfmgzwkS965MP_1o_SqXLfZq8wGbk	android	8
32	user	t	2023-11-04 10:08:40.278866+00	\N	d2aDptYtTp2YzcotoyT_MJ:APA91bHakdsFAxODSvQfIdkQn0NKO6uFLrypCdYwWW-6FmYdh1oCQkwQAqwPNh_OfW2cSyV1y3bSvQRZxzar7I5VrBjxzqkpKi-9itSzl0fJZkreQLZzRb8Nn6kmJbtIyJZyPtDQLnj4	android	\N
33	user	t	2023-11-04 11:11:48.931528+00	\N	dMHK7N2kQn-kx-ExIVaIVY:APA91bHZS63i3-owcdq6GHGTrkHkDQkOPIzDiXfRzHKHlWkNie1Z8KP77G7otw3J_oaTH17vWC5Jc3gY0kcR8ZUk_CR3bPRKDsgzKFRqWKfAqn3d79ep_hjTTyXKByntBX3yvhr-e90V	android	\N
39	user	t	2023-11-07 05:31:08.463857+00	\N	eC9srdFdTvuEJ6VLvLBFZ-:APA91bHTg31rBAeUrbtYXRAkmDh5oMgZxG9MpEnF8DhMPhx3Q-Gdoesefv5Arg0IcAYGKgAEnygkBrYNzTCzTBBz9nVXDtHzOaKNiTCbpR33sDWKYe5W2geLW_bQ04YOABNCOXKgYJHg	android	\N
36	user	t	2023-11-06 10:21:48.841681+00	\N	dnE9u3yOS_2l6OrS7pbQzv:APA91bEGucFkZbtuRiDqz_PSXD6Qz9b9csdJlo2p3R002Vxq4eGbTwgCyGQMecNjZ9dncq_w_pqx6FmPIwEmfYoMBtcVpsxjrP7SZS7bj6AxHXgFl1wxz_u4Jp9EzoBe_kfGoe_S66Jw	android	\N
67	user	t	2023-11-10 06:26:36.655692+00	\N	c9Wzs9DeSpWczHr465iN8C:APA91bGxZprYwt6ONZsmzfsbxxblzT3YVLcPPCVI39BWN1PC9JVDDy0nRc9Uvpk9eoKJgEpVAfaOcKOywCk5XoN44zGq2nQkrT6SvRUk2_ZujVupOcsiYHBPmAmx_9cGEeJaHI28QvHw	android	\N
37	user	t	2023-11-06 10:25:56.618718+00	\N	eE5qcvIWQ2SnR4XyCtRSjI:APA91bGiXEOw1gKoeRLFLxvwJ5ta2IntlN6RPyCYQyhxdk4p4FoV0zuapaRTnrTUscjwLG8Dpu3KLzza2_OkU1z6w9fQxTHWxZG3ZlkTfd4KaFzyWja9cU80BDflVKfWlxGfjbWSzPvd	android	\N
69	user	t	2023-11-10 10:01:26.568086+00	\N	d_ZfuuWzRL6H-0oMGlslUt:APA91bHpogDoVoicQ6GfVsKtyF41uSF6fIjZ2R_Hy5c0JoFldlozoIE5rxFlCoegEuWLK5Q7mU7qp3Z9KbsLypuNh8JCldtEIQpO8TZrGG4T0JWhw6NMnrgecybC3NsUvUv0YCzGWfV5	android	\N
41	user	t	2023-11-07 05:47:07.330032+00	\N	chezKvsETKmx3xxRFGekwd:APA91bGsP_fAJRKDs22WRQG52FVEMOgjb4wxgdKu0R1NX08S_1NHYMXcY-6s21Nhw7j6OAuAtQEuAunOgoAeuQ-RcPL4dw1tY-wkHJ95njnsNoApr9ejyNmz_A_32FxhxOWFjnvluqs4	android	\N
45	user	t	2023-11-08 08:22:55.102162+00	\N	d7S6v5uNRyy9LkalaUqORN:APA91bHh9UnP89bwZZN-inuHsiwW1bLcdlGYJLOZCe2c6Ig4G33dv8xBy2o918hxbY1olgdLXlgCPc-MBxOG6HjfkIvVkcQVegwPKnj2QW2s6v3tsqeJy4zDpva8Py7Xa0RLSmCQftMY	android	\N
40	user	t	2023-11-07 05:45:59.011797+00	\N	fYRPdF9tQ46lvWasJ3RBxt:APA91bHYJLax0l7iRJNkg792NEIJPyERla23bjZt9kJ3L6fo3C60lDqjeoo9TK5pR3XORrrTf6fbp2ajgMUvQk_DhQ3SQOQW01skFzlqcbd5SB17JC8MKz8eEKjyVB7AxSLf692m6dEr	android	19
46	user	t	2023-11-08 08:38:50.94422+00	\N	dyGkucs0RVGki887M-Ekko:APA91bFGd8ZsVnp8HrHWqUnm_GNH45WL6gtcPHXk1uZJ6_lABX8apM4gI2-ZQPp41FuR8Cms3rMn1sV1HcHBbbHVt2arkOGrGDOxgLEIGv-1LMRO0IeQ7hn_CATv9jqoQryv3S7eLVYO	android	\N
56	user	t	2023-11-10 03:44:10.029485+00	\N	ejXfMv4YQQ6O4gGPNk4plu:APA91bGbWiUhxZRNrQlzgIq70N3hzWLhqCin2HNi3CW1cfJ1PDrWa2JEhec7rMIYoeL5LNukabLtW8UELENL5lhYTZdwm_7W8mqtauwxCklS2UyFbkuing6eo8Wm_Glqvty4sJkY1-K_	android	19
34	user	t	2023-11-04 11:12:14.274313+00	\N	do-dp5wrQl6Tyqn_i5bCIH:APA91bFYgpMU9WDYDb2Zf_qOoftQ9K8_JEvbDP4ycCPkOnNu6hW4Thbf7lO4a7d2vryndEMmRSEw_Tl7WJXKNQL2rAvRZLEiHZyN4TfyGX4bp_q0zl5_k-RNtVHJdBQCFfHSeQSHdQP2	android	8
38	user	t	2023-11-07 05:30:47.608692+00	\N	eElSdjb_SxSX8GI82yfZw7:APA91bE0DJuuaTxZLEx4H6FojeLUoVggFjGdMgZuWA4kxYhQ1CbdTTtMnMok56yugDAK4H1Zu4qDQvxQDJVXu67ObMIXsgVtbaQul1Y2hwrIpLd6IlX1E_Qh9mHgnIMp8tWNwQuwyWpK	android	\N
62	user	t	2023-11-10 04:19:06.986035+00	\N	dDZDNtCHT_etzj8yFULeNs:APA91bGH5SNyo1c0S1kVS2dOEl7cifVdUU21UKYmE0Uhla279uawjXvwAw-h5QjXwuY83cJ01qji2FRXhfeSRJKibBecA1t_W1mvQoEIUaDN3w97uh0JQc9-oA5LPem7a2pspLyiDVvA	android	\N
43	user	t	2023-11-08 07:24:17.16215+00	\N	eiHK2fV3TCC1RaGCFF4ai1:APA91bEFt34RWTgfniM_CGTPDta5YLhcXJ5CvGEFPX-SecWovrYs37mJAXMe_Nio3wilbG-IvOvO5WOf92SSGwPZINB5S7N_CnjhJ43mHYNOlotroxvTah-3FwWZbt9Yhq_TEkDmXbcN	android	19
63	user	t	2023-11-10 05:33:42.753705+00	\N	cXTzXlvDQ2G2zVRzMlNaAy:APA91bEUJaYUIu6ipGKvBC-CF8-JDyrlldp7OEefVZpjAL2pTu12yYagaywvaARgNt33542K0Cp3-tmBL3X4EHh8_UB8EMDeQlo9cKg9ha2izRbjUpbxCR7Xwr0_bvMHDCWwZEKakZDp	android	\N
47	user	t	2023-11-08 09:04:33.174236+00	\N	fC5QtrLETEqebJvFKnWzuU:APA91bFjzp7peCj2LQ6v5XtnTp1x-mwXYkA1UhCtZkzyLSuc-cj_iU6rgFE2FxYy9hw1eBMr9-8uQd29J1rjGP9bQESKZ8UYAPA_siW0DJtsrsAYp2unVurIH31Ed7Kceb21jJampxo8	android	\N
42	user	t	2023-11-07 06:26:39.387059+00	\N	eU4H_2TGSdWmhwkvYb4vA9:APA91bH0O2jEpdA1gO9nmjAXxvGUrn40SLXfysJYc7tT6xZrWPYTtEDKioQ6vkRZBgU7FOGqrs8_PFZqxxsp_rOY-Wo4GfkkMwcBWqqYaxvVF_4Cfeki4vgl1OyESEVgXIRGmTzKwU_f	android	19
57	user	t	2023-11-10 03:48:03.049743+00	\N	cBqA4ptTQqWLkk6qSpVO4q:APA91bGon-TKih25rtS-hFUfcBnrky7I6TYo1fGru9URdf_lSDe8CA31-G20bJ4jS-XfBS-3qZo3H00BMMDt-1mIm49hBbQYmaL_fC_r8D8eeXJDtPSSRn42BmDLcBP8OWN8Rm2a3vIT	android	19
64	user	t	2023-11-10 05:39:09.069176+00	\N	e82ycMrvQPKeBuV3fn7YVU:APA91bF2i99-06nAHcLc3oo3wZTI4feHOLNIwLibDeiPM954yt8uygKerOEt-Giyyq7hEvMUp8v4BNByHgq_-pLRgr3fxq8jZSFMEECwECS7rRRZ0pgX8f9HkSyg2yk7rEkF2hWfBURn	android	19
49	user	t	2023-11-09 03:10:23.594396+00	\N	d2u3TL53TLKao02-I-4_ZY:APA91bEbaClA5s1mbu7_xlRntr2nG9Xi4O_JzDI70icqiuHA6ro44OZ_IsSNMlPcQgfko7giP_6XaL0KvEMSj343ES8PubCWyaR7SZb2e_M2-AlFwoV9YLgJkToxO8IUEh3cahrnLsZC	android	\N
50	user	t	2023-11-10 03:24:30.269666+00	\N	cWUrLvphS92j-8wRNvg5jH:APA91bHgBiAlihBFhOegNuI4RB9btIWttUiEX5z2Cw8M2ZUzlyIcp_uXDpyuzScORBsf5CpgACxkkfoG455VYVjRfTCTHbXHt_f0flOzB-FOCc1208cR4gO1PHXZX1o0TGgKn3Px4dvu	android	\N
51	user	t	2023-11-10 03:31:55.328128+00	\N	cC_DgmVsSqS1Xc-xLPvM-p:APA91bGDfbmHrtdgaAIiU2q1rRPCIXB_Udqg3hFE8F8dELYadYLyriSU4pV6kYnLtId4R8dcrUnY4IonXYPCoJHjNn7UGR6lSjyRd3dU4cHh--WsXLhodsxyRkUMGy0wedJaU282Rf5F	android	19
44	user	t	2023-11-08 08:03:12.025554+00	\N	emiFXYMLRPSVdWXiolH0Wz:APA91bHE0uwUuMOLWccozn3t8YEtIMBhtWgq8r-2ah8mUaTEd-T-w15646M-quAFu3ZD6kNqHc8Y049ZY06fAI9wgk2fxiSyKBirSm7HYdJ4xya39GBstXh0DmU_GoXaMMGrmpz2RoKc	android	19
52	user	t	2023-11-10 03:33:47.907397+00	\N	cEDuXj8oQZKiQzWh8VzcNq:APA91bEE_5KD_GoODT8ZbnuhBjNYqeZpK-RtpbxMXpU2eOiLQ9nVTu6NRQvB9nfzBmwx9H4Qb_DiapYAFC4EdbPKF9f-V_yfMBTUIgSL9qXW6kEUAOYe0M1qu7uIaTZCWDpTkxMjOdwM	android	\N
53	user	t	2023-11-10 03:36:04.636586+00	\N	c63kbtGrRYGjkXiOGj3HQI:APA91bHykNg9vm-Tfp_APaMikyIO9-6Oy3_Tz3-suWPQolVBghxC_cG7yO1OKT_lPyHD0NtMT_7mAjKsRnRLQPIwmi4yW7NzlbvaDKqCIIMYAwLnyfpYJ7qzjANqE_tiXWrGZaxR3iBu	android	\N
54	user	t	2023-11-10 03:38:15.74235+00	\N	cwIXUJ7RSjuDXeam1qyHtr:APA91bH_HL5oQtq3XJsgzS-G0S9U-K6yWzL8-KnpqbTyDr5wVJVgbHBvwNgTKdSMxEnXFsOeP3XwBDI9ZCeC92Rh6K-LKzEbohAFOwyFs3XSlrXzAIFwq-0i8Gcp0aLmliHRYJmgAPey	android	\N
55	user	t	2023-11-10 03:41:31.280353+00	\N	dhl8Py3DRGe5inis_E-RPW:APA91bFH9NoDa3oyrfitpRcl1xjDtGmxrPjDg7JuqpYKx9vGSAH9gVPxl4UCHpfplYY7R8pEXjYg4O_fSrLLAeU7cmi3uvNl6p9lFKX9UrCcR8uoSw0QXHf-xT7IWxobyQiTttMn39x5	android	\N
48	user	t	2023-11-08 10:20:32.386514+00	\N	dUKcuj1wQZWOMtznBxmuM2:APA91bGMogkJX2m4xZPJ1m3zPTadcPZMPXfWSbjeNUGZD45bBh8VbRp6L3DSlFLoBdKXhhblx4uGYdCwSrSYhhWS4neuCB_mZgJOoTetuNBs1OzUvFr1gzB-pKRI1o7yDCCL1vt4X65b	android	19
59	user	t	2023-11-10 03:55:35.666389+00	\N	d8NcqSoTQUudSw2aGNtHr6:APA91bFOnwAm8re-w28OoehgwyCdAadxrvnJpB_6F31cHQx6PskI0tPrpXOC9ogA9c1BC-T7kym1e3Q2mXQsgyKydl0XoHEwOYZzDvZGBJ27H9sP-wUel5QG3UQmw_HmZ6wGs4O-M2QR	android	\N
58	user	t	2023-11-10 03:50:44.087231+00	\N	eY8f4gfVQHCD4lcBaqe23s:APA91bFCsVIijetbVyPhY0rMXZbPPLKuz5ClWUrDXRxnEcTfk9-IgnfnGLmTS_gPgc5Kwm5IBJtC-84-ox6zw6ohYCrG50Q06YgmlUk-Apb0ftpJNSUVQKNK4ggJMgbDlZOLtvYILLGs	android	19
65	user	t	2023-11-10 05:45:38.382409+00	\N	f79CpdlKT2u3jiTQXWytjX:APA91bGxrGAzwvjPVGaPzTipU2MTS3MktXMufCvOPm_klxtfv8aXxM__C-gMRLiQUZN9T_bu0bHj8nNJ-lNRzvzwoLqD8qfvW8KeeYjuz2EMriijvlxnLIWsXtH5TLjlwJ1eArL0-RZU	android	\N
66	user	t	2023-11-10 06:25:04.712374+00	\N	cnk6FaTAS-2Ck389rknl7x:APA91bEVpt1F0VPLbIRWdDOTuGS-KnIdBcz6EDt5fkfmerbChYKdHZqJPbCasY6rTQzQxVaNT9ecTve3iMxyGGxzMXKBQ-MBRKSd6Pyh1inDwm3YVEdTQxmPzJ6Cmdlqhn9Zcsk7v5ZA	android	\N
61	user	t	2023-11-10 04:11:44.350167+00	\N	fJUwxs45TgqRMSib1RMG0W:APA91bEqT9NruCl4YRZ__-YIwFw7obzhJD5cWi5o66Pynpb6wb89pnhJz3Bgg6KkWhABn3SE6c9ag4Cvune0TcAgH_r_TelxaQX8dv0bqaenYo3gSZ71mCLF4TqfeYOUeEIDuiC34yCR	android	\N
60	user	t	2023-11-10 03:57:21.849753+00	\N	fX7tayLtRSylm_KH_fD3oK:APA91bEkVi0X7TX7_KmOTnOeZ2LZAIafpBht1hujEveSMCEEXvXWzcoOjWZp4kdPdOG0qyNrJaOGNWbD2Ug-_RdaTN7edA66B1jG09ZNRVC-Ta4s1tGalyLdD4R0yfnu02uCmuCyeueZ	android	\N
70	user	t	2023-11-10 10:21:17.451749+00	\N	ft4-lQOXT-WUguG6-cyQhW:APA91bF_QirKoEn-2s0JOGUfu-qOOVKDKKLqDSXl0W-gWwww5XWqLwyO8uGEVo4pvaCHvYqR9s7QXvUX4CxrMmw-mNpeh8QVZkUKzYjoJTasoeiVT7s_BJSfYhRu-XGvplsQi7vfyV-X	android	\N
88	user	t	2024-01-07 06:52:53.890212+00	\N	eApQ7gwYR_GudHnCaKUZQW:APA91bEWtpyJZt7V-8bWYftg6j5HC0zjgy0VT0IUhwIFejc1iXfDz8ACEYpViLKQcnfXoo8PmTJISu1A9F13ESIVovSwqOIQemrXx-Pz3FeBY3jFWAYvr2fUusHWv0mH4Hm4XnKIJorj	android	19
75	user	t	2023-11-10 12:22:02.736393+00	\N	fFeCttfsR2ONwWHGn5FJS7:APA91bE3EghVY3awupHcqU5r-hXt3Zl2aePnEYeOMbQu_O8ILPOfhFIRBeytZ0AhaH2i3hob2jWh4HnNUF3mv1WVgV84q6N3Q99KiGTJiiVD-M_DxCLrz96867TYtJNK8fEs5D93ir21	android	19
93	user	t	2024-02-27 07:32:49.473137+00	\N	fdRFDvkHSuGkicD_E1Ve9J:APA91bEhIwVq-TnojffWlNvgvbTjMumluINscfTkrcuPPaF8ijm7VJruBZldBtCFmk22zJ8aKLgX947kFJHle_HjPCfADZJm8DVYlZBSo2oUpUZynKq3NLomBVn52MLZAx9EXnQAgduy	android	\N
94	user	t	2024-02-28 10:19:12.018951+00	\N	fyqV19_mQWq_HmKdXMOhd6:APA91bFaLvrAC6q45CPd2czMoXprUpZSdnZe5OibViexyAc0sKOvku-v7RD0pkadNPdRDk316q2GAw5YnfTS6hPQDwqukrmoKGPc2JH6IVGRHlFA1LNniRbaR9zkhQV8yBzizi8Rhq-l	android	19
89	user	t	2024-01-19 03:55:47.473494+00	\N	c5SAyczUQfClo3VT7mUSgA:APA91bFAkiMpG2VqCXDvqlpGmka4jtitr7Ob-YHuSDfNNd08-yHhJrkx3IRfokkwZWyldGWW6RjYBfXz1vj8dsbDTok0AK76COCxIOK5Xf8RB0qxM5xAGtkNpRfdhjf2vqcsU8e59any	android	\N
74	user	t	2023-11-10 12:05:48.373805+00	\N	dR0UN3rrRHeEUOirgLk92O:APA91bHER6Gm_h0-Bjm3WXQMsMfcV0UqkHZyigXSqwEpJ4Fi4NSIcDu49ZkGFsted2M4gKT8mX7gVzE2VN2aD_KU4buUgUDw3YpLE0QF1v5SIzbGdYyz4plOOt90ANpP8tFED5nEX3Z6	android	19
76	user	t	2023-11-13 03:10:00.931036+00	\N	dDRhtuSjR7WxNaHhUEM-Lg:APA91bHBoHToWA74DAnO3wpJZI_oak0soHtunYL0sBYmJY5nQ2OZfVCyquPCy5O5POKQxCjPZnS9SC2X4YOLD9GLtGOvkiM0xFyn_JPbm3QyA--otqzjqe7rTrRp94u1bgPXB7IYx8mv	android	\N
72	user	t	2023-11-10 10:31:59.664201+00	\N	eMrFcuf7SMG0Hs1rVaF_y4:APA91bFmGIKDrCWciV7IzW8x7fRHaJDfwlC9F1Tp5_k0NBObuOUtiz50GVU81IjROncvIiqizHUkxrupfs19V6fJcXmA7Nq9vEZZNW5PiqKvUCLLhm1D_4xx79Mq_DBXQSqc0bqKbvK3	android	\N
77	user	t	2023-11-13 06:04:12.345443+00	\N	dBmh5vsoQvaX9xnfqJQuwH:APA91bHJGiRfqGR65Ixco_p1pUijxiheuIq0Rc4Y8HBRJX8N2QzeWdO5dVaptCLjfc_gtdw3ngxki4T83FiqIYc7gf0a9spodUTTRr4owMhEjUoKOsBZ-Kbd-E8TzH1GaVSQCApFN4p8	android	\N
92	user	t	2024-02-27 07:25:12.755361+00	\N	dZ1PVWc7TYamgd-xl8I_NG:APA91bGyqOAF7iqWZH1g4TBnLO-Ywlwe6KS_oKg7uzBWTEQvw1c6JSmvXkilJQj43SbEr1pELt5KcgwVQ3R9Kec3dlzSsnl_iQIwUHoOOLMk31ynlxwAiLNiC_GldT2dQD1bJX3S6rzr	android	\N
68	user	t	2023-11-10 08:19:55.854087+00	\N	fUIxeKNsT8O6J1CjO_WvJl:APA91bEg0eSgfTVn2qMjuB18ofl5UYTiJXtr8lwh51qLkIeOOmOilXVK2hHDVwU4evaPwrom3s98l23O9uDc7QWwtkjUirOviXEVcNIarSRdN2mXNOEV7sq3KqccdDafGpdW-DKk5STL	android	19
79	Name	t	2023-11-18 04:56:06.994679+00	\N	dl4lmCb3uzuzMfxaVKoJYn:APA91bH1V3eYvEn2R_KgvH4l9SrqRMYxiW9lGzeQWLankvFjf3WKEN3ex4yADtArZthmqVCMw_dO0FXsf3B-6C7SX_LexCs8s7BbDuCVv9CUtMtPaTAzJgUd3JNqUEu1z658e3GBNz2R	web	\N
80	user	t	2023-11-25 11:55:28.411612+00	\N	e9UgwXGhTOCYtexVuvWF4W:APA91bFDBxXuad86Vg76fquQjFkzs-WI0c3QYT9UrwOOv_JmTD76ixCsfxoOquz0mSnFjVFG0zZr7cQtnzjq7ESAo73Tzn2sh8GDbTqYCn7_uznrqw2n-mkwEu8LWeuPymFB_05hwfyj	android	\N
81	user	t	2023-11-25 11:55:33.197774+00	\N	cogmzaXjSqSf7nWaZCF--F:APA91bEQRIV0VxgPMjp5XtKMDsV3WvzS0Bhw-6goZIOIyEiwoCDxocs40mhMdGcFyh71JAR46yRn8mli4xP8FzTZJUat-v_peS6mTnMXU38DF2Y2KrBCiPJNwulBX3J9IXXMjLVAZM5O	android	\N
73	user	t	2023-11-10 12:01:08.283299+00	\N	fLa8HNXeTqudA6bAD_U_9F:APA91bHLdCZL2F6uJ_RZyhtTmsCTZFlLzi-JYlbistGyOS2F9XH-YUmASr4F9ljcwqVkKj1T205nGBfxlO3ISn7BMiO0e0J1i9wTeQN3Ss42DgRI0cgNymThrBfpumICwVTQu7hKa5K5	android	\N
71	user	t	2023-11-10 10:23:49.193635+00	\N	cxGHRQ8OT3a3YOxgCW39JM:APA91bGR9OoIYKqIAtsTwo4cID0DBozT_Vb3mjOoYV1YM_pabHMG0otSyH1B_-icxU0iM4f6DY4xaKSRqph6Yumu4r2Ny1JuAG8XZz0aoYkUH4LkDM7fUF8r0tYX9UcOjcbmsBaoqL-O	android	\N
78	user	t	2023-11-14 05:33:59.644555+00	\N	fBxMICmJSsOpUZW6eyl0zf:APA91bH4x-ZvDzcb1zDNYBTohaw3g3n7yZH1pivv3rbLAMMn2Fs_85htQsd1-ueykfxxoPGFZhcqfcdgaWcsynO7a-rtF8txtwZmeSuvuPiqhreXzQJ3HRUddCEYd5D4MYhaAkdUQwe2	android	\N
82	user	t	2023-11-25 11:55:53.813991+00	\N	dyZIykgiSK6b94impvuYJu:APA91bFATY9SLKVFjsJkTJfDBy0p6TGGXhYT2KHkT7nI0N-7aygOmXzdY1z07l_SsPL1Zv82e59M6fv-JL5SoCbmKfWlxxgb9Ypbg6cb5Xx3dWY2wYZqOWxVhrgzWhu6HdW2irPI4atQ	android	19
83	Name	t	2023-12-03 19:59:35.179436+00	\N	dDmsh2RoEQvFElx4tCrR55:APA91bFWfY_Pf6HDPc3Mw2wzqMOLuodX43bGFJj6SV0F72037bpOzVx-R8uJmaQdjprIVusbrsAE0kXgmjGUdU_CaH2AWpHfxpwhF8qHcvVs2bfojHHvZnCkfjxAO14iCTkv3pPfUD1v	web	\N
84	user	t	2023-12-11 18:35:20.281683+00	\N	dhu_8JYIQJWbRlmnmJcgUM:APA91bGPWqAh2z0PsvjZt6FiJ9BgJIWYTPdyYBMGIN9sTZmmuimcX3MiHoQvVuhjvPz4G-YCvDYWMS7byDFSZW9B1ICGCNLG_EmssX_VQG9XZFcvfKStA4bdHcA8oMsbwAvBM5LwivwN	android	\N
85	Name	t	2024-01-03 12:30:05.7303+00	\N	frV0QJs-FrA_P5mFTBABIK:APA91bFGKw1o48THMtljm5zH7x8PSOX4P6XufcrNNr2lbwh6Rny1PdypaQ8lhUmdH-t45xLWRxGWduQBFB5xziatWHBPcjtgKSy_GiKf7_1EjLT8o9b0kZgQRidwn0IN8frmAGAZYx_s	web	\N
86	user	t	2024-01-07 06:39:04.69615+00	\N	cZSQHLiXR5GSEbcTJIJFX2:APA91bEU9CMWf2Ka2QKLJ50ms7-rr5cVf94VWDNHS8WlPn4oDcd5X-ggjpr236u8txp1J1JZxeefWmVbIqLRh0mlPBgea8WkqF12aDKft63Hgwv4CxNHbuNIpsQ5CbeVwfibdd19K_8n	android	\N
87	user	t	2024-01-07 06:52:53.885187+00	\N	eApQ7gwYR_GudHnCaKUZQW:APA91bEWtpyJZt7V-8bWYftg6j5HC0zjgy0VT0IUhwIFejc1iXfDz8ACEYpViLKQcnfXoo8PmTJISu1A9F13ESIVovSwqOIQemrXx-Pz3FeBY3jFWAYvr2fUusHWv0mH4Hm4XnKIJorj	android	\N
90	user	t	2024-02-21 10:09:39.89392+00	\N	d_h274n4QIm_EVbh11Ya88:APA91bFkX4pPaaIvKktZd5KfZByLg8ibba3Dd92-vY0X2UCvTHu-s-lvMw34YsEnWWfLnlSZxVNR2-ynPNAwaAmn9tVhtC_bA6KBv-wU95OrmDL4V3L0DWkLws0wpGXV4X5VdDiR7bS0	android	19
91	user	t	2024-02-26 08:18:55.284672+00	\N	e-q7SUE-Qm--QITJG5Sj3Q:APA91bEWkNmISj6WjvVWxlR8hjduT_IvmB0oA3bhSL4TDZy1s5BzwTqp3odZ14iRhltv4FYkyePEKMhJp3Nbg6X40OLMdExvq1Frka7yMWq_ThPsLHDqW3RaCuITXEAIu49prshVnsVI	android	\N
96	user	t	2024-03-22 05:50:56.037165+00	\N	crYcoayaRseVoCm5s9qTd7:APA91bFVrxWA8tzBSmaFJgJCOln0P5f24shmW2MA8Ds9g0U_qb-YHp4k-Oox0aNVueD7I3TGUtoy8gf2PCTTOADPT6WGR_Y7Cyk16FMV8FSLdxoZOCNAtTHBI5X42ri-3gqRnjob5XFo	android	\N
95	Name	t	2024-03-20 09:41:11.050376+00	\N	cClRWzBrVRdfc5HQXJ_LCR:APA91bEexxwSTf8_CVmGf6f5Cfeb31Ae271dWsgXBWMMCjx9de7E0_uIWlaI9UIzoD3ji1KsegBbxpOS2CKZADHMEPcXU9dbkl3_Jn_J5YO-zlzErFjFXzr8CxryxRlHz9Od7D-qbkal	web	\N
\.


--
-- Data for Name: finance_account_group; Type: TABLE DATA; Schema: public; Owner: nexsme
--

COPY public.finance_account_group (id, date_added, date_updated, is_deleted, group_type, name, code, deleted_reason, creator_id, updater_id) FROM stdin;
1	2023-10-18 10:26:22.757234+00	2023-10-18 10:26:22.757246+00	f	25	Direct Income	direct_income	\N	1	1
2	2023-10-18 10:26:22.758816+00	2023-10-18 10:26:22.758822+00	f	20	Direct Expense	direct_expense	\N	1	1
3	2023-10-18 10:26:22.759697+00	2023-10-18 10:26:22.759702+00	f	25	Indirect Income	indirect_income	\N	1	1
4	2023-10-18 10:26:22.760543+00	2023-10-18 10:26:22.760548+00	f	20	Indirect Expense	indirect_expense	\N	1	1
5	2023-10-18 10:26:22.761553+00	2023-10-18 10:26:22.761559+00	f	25	Sales	sales	\N	1	1
6	2023-10-18 10:26:22.762487+00	2023-10-18 10:26:22.762492+00	f	20	Purchase	purchase	\N	1	1
7	2023-10-18 10:26:22.763355+00	2023-10-18 10:26:22.763361+00	f	15	Capital Account	capital_account	\N	1	1
8	2023-10-18 10:26:22.764203+00	2023-10-18 10:26:22.764209+00	f	10	Current Asset	current_asset	\N	1	1
9	2023-10-18 10:26:22.765098+00	2023-10-18 10:26:22.765104+00	f	15	Current Liability	current_liability	\N	1	1
10	2023-10-18 10:26:22.766016+00	2023-10-18 10:26:22.766021+00	f	15	Loan & Liability	loan_and_liability	\N	1	1
11	2023-10-31 14:13:56.35702+00	2023-10-31 14:13:56.357028+00	f	25	123	\N	\N	1	1
12	2024-03-19 10:08:20.922489+00	2024-03-19 10:09:08.649635+00	f	10	afsalpp1221	\N	\N	1	1
13	2024-03-19 10:11:06.761356+00	2024-03-19 10:11:06.761366+00	f	15	afsalpp	\N	\N	1	1
14	2024-03-19 10:15:32.898239+00	2024-03-19 10:15:32.898247+00	f	10	Fat	\N	\N	1	1
15	2024-03-19 10:16:15.886991+00	2024-03-19 10:16:15.887+00	f	20	Test Afiii	\N	\N	1	1
\.


--
-- Data for Name: finance_account_head; Type: TABLE DATA; Schema: public; Owner: nexsme
--

COPY public.finance_account_head (id, date_added, date_updated, is_deleted, name, code, deleted_reason, account_group_id, bank_account_id, creator_id, updater_id) FROM stdin;
1	2023-10-18 10:26:22.767682+00	2023-10-18 10:26:22.767689+00	f	Cash A/C	cash_account	\N	8	\N	1	1
3	2023-10-18 10:26:22.770386+00	2023-10-18 10:26:22.770392+00	f	Salary A/C	salary_account	\N	4	\N	1	1
4	2023-10-18 10:26:22.771298+00	2023-10-18 10:26:22.771304+00	f	Sundry Debtor (Customer)	sundry_debtor_customer	\N	8	\N	1	1
5	2023-10-18 10:26:22.772216+00	2023-10-18 10:26:22.772222+00	f	Sundry Creditor (Supplier)	sundry_creditor_supplier	\N	9	\N	1	1
6	2023-10-18 10:26:22.77326+00	2023-10-18 10:26:22.773266+00	f	Sundry Creditor (Delivery Agent)	sundry_creditor_delivery_agent	\N	9	\N	1	1
8	2023-10-18 10:26:22.775228+00	2023-10-18 10:26:22.775233+00	f	Online Sales	online_sales	\N	5	\N	1	1
9	2023-10-18 10:26:22.776165+00	2023-10-18 10:26:22.776172+00	f	Purchases	purchases	\N	6	\N	1	1
10	2023-10-18 10:26:22.777493+00	2023-10-18 10:26:22.7775+00	f	Sundry Creditor (Vendor)	sundry_creditor_vendor	\N	9	\N	1	1
2	2023-10-18 10:26:22.769374+00	2023-10-31 14:46:08.157987+00	f	Capital A/C	capital_account	\N	7	\N	1	1
7	2023-10-18 10:26:22.774185+00	2023-10-31 14:46:50.865064+00	f	Sales A/C	sales_account	\N	5	\N	1	1
13	2024-03-19 09:46:17.633193+00	2024-03-19 09:46:17.63321+00	f	Test	bank_account	\N	8	fbf3495a-ce22-4315-b805-1c44fc0627ac	1	1
14	2024-03-19 09:54:58.148877+00	2024-03-19 09:54:58.14889+00	f	sbi	bank_account	\N	8	734d1faf-a6de-460a-8c37-867dc06dc76e	1	1
12	2024-03-19 09:44:29.256976+00	2024-03-19 09:44:29.256995+00	f	Sbi	Sbi	\N	8	08693fea-03a0-49d5-a1ca-81c2edbeaba6	1	1
15	2024-03-19 09:59:13.18811+00	2024-03-19 09:59:13.188123+00	f	sb	bank_account	\N	8	62d0fa20-c009-420a-a4d0-b36804b393bb	1	1
11	2023-10-27 06:29:08.492416+00	2023-10-27 06:29:08.492428+00	f	BOB	BOB	\N	8	afa52178-ab5e-4701-b381-c8e4f2db5660	1	1
\.


--
-- Data for Name: finance_account_head_opening; Type: TABLE DATA; Schema: public; Owner: nexsme
--

COPY public.finance_account_head_opening (id, auto_id, date_added, date_updated, is_deleted, deleted_reason, amount_type, amount, account_head_id, creator_id, financial_year_id, updater_id, warehouse_id) FROM stdin;
e489eac0-511a-468b-9581-9e18d472a790	2	2023-10-31 14:46:08.169885+00	2023-10-31 14:46:08.169907+00	f	\N	debit	1000.00	2	1	d1dbb4cf-a9c6-44da-848e-867475c40ea9	1	d9403eb0-6359-43b6-977d-27cc2d3b8c59
9c6be315-62c8-4d5b-9aa5-8bb360ede220	3	2023-10-31 14:46:50.873148+00	2023-10-31 14:46:50.87317+00	f	\N	credit	10000.00	7	1	d1dbb4cf-a9c6-44da-848e-867475c40ea9	1	d9403eb0-6359-43b6-977d-27cc2d3b8c59
d99c29bd-a31f-4765-ad21-1fc2f26480db	5	2024-03-19 09:46:17.643891+00	2024-03-19 09:46:17.643991+00	f	\N	debit	0.00	13	1	d1dbb4cf-a9c6-44da-848e-867475c40ea9	1	d9403eb0-6359-43b6-977d-27cc2d3b8c59
2e574f8a-91cb-4e02-bc76-e679a13b3069	6	2024-03-19 09:54:58.164425+00	2024-03-19 09:54:58.16445+00	f	\N	debit	0.00	14	1	d1dbb4cf-a9c6-44da-848e-867475c40ea9	1	575471ba-a8a4-4701-bb08-247366b15565
0ef2a8d3-79c7-4011-960d-868a61935e22	4	2024-03-19 09:44:29.272881+00	2024-03-19 09:44:29.272917+00	f	\N	debit	0.00	12	1	d1dbb4cf-a9c6-44da-848e-867475c40ea9	1	d9403eb0-6359-43b6-977d-27cc2d3b8c59
f06c3668-56d4-40b3-b7d1-5cb2fadaeed5	7	2024-03-19 09:59:13.197036+00	2024-03-19 09:59:13.197065+00	f	\N	debit	0.00	15	1	d1dbb4cf-a9c6-44da-848e-867475c40ea9	1	575471ba-a8a4-4701-bb08-247366b15565
5a1f95ba-1e59-4992-a37d-6d8020d5a815	1	2023-10-27 06:29:08.502675+00	2023-10-27 06:29:08.502699+00	f	\N	debit	10000.00	11	1	d1dbb4cf-a9c6-44da-848e-867475c40ea9	1	d9403eb0-6359-43b6-977d-27cc2d3b8c59
\.


--
-- Data for Name: finance_bank_account; Type: TABLE DATA; Schema: public; Owner: nexsme
--

COPY public.finance_bank_account (id, auto_id, date_added, date_updated, is_deleted, deleted_reason, bank_name, account_number, account_holder, ifsc_code, branch, account_type, opening_balance_type, opening_balance, creator_id, updater_id, warehouse_id) FROM stdin;
fbf3495a-ce22-4315-b805-1c44fc0627ac	3	2024-03-19 09:46:17.628407+00	2024-03-19 09:46:17.628442+00	f	\N	Test	6666666666	67264121686	HGHG	v	current	debit	0.00	1	1	d9403eb0-6359-43b6-977d-27cc2d3b8c59
734d1faf-a6de-460a-8c37-867dc06dc76e	4	2024-03-19 09:54:58.141324+00	2024-03-19 09:54:58.14135+00	f	\N	sbi	6726412168639	6726412168639	SBIN0070573	kayyur	savings	debit	0.00	1	1	575471ba-a8a4-4701-bb08-247366b15565
08693fea-03a0-49d5-a1ca-81c2edbeaba6	2	2024-03-19 09:44:29.250672+00	2024-03-19 09:55:46.101666+00	f	\N	Sbi	6726412168639	67264121686	EFEF	kayyur	savings	debit	0.00	1	1	d9403eb0-6359-43b6-977d-27cc2d3b8c59
62d0fa20-c009-420a-a4d0-b36804b393bb	5	2024-03-19 09:59:13.181419+00	2024-03-19 09:59:13.181455+00	f	\N	sb	6726412168639	67264121680	B	kayyur	savings	debit	0.00	1	1	575471ba-a8a4-4701-bb08-247366b15565
afa52178-ab5e-4701-b381-c8e4f2db5660	1	2023-10-27 06:29:08.486495+00	2024-03-19 10:01:58.328554+00	f	\N	BOB	617202010013897	Aman M Niyashbh	UBIN0561720	Thoppumpady	savings	debit	10000.00	1	1	d9403eb0-6359-43b6-977d-27cc2d3b8c59
\.


--
-- Data for Name: finance_credit_voucher; Type: TABLE DATA; Schema: public; Owner: nexsme
--

COPY public.finance_credit_voucher (id, auto_id, date_added, date_updated, is_deleted, deleted_reason, voucher_date, voucher_number, title, description, amount, amount_type, transfer_type, is_system_generated, cheque_number, cheque_date, draft_number, draft_date, transfer_number, transfer_date, cheque_status, cheque_status_date, bank_id, creator_id, customer_id, financial_year_id, sale_return_id, updater_id, warehouse_id) FROM stdin;
\.


--
-- Data for Name: finance_debit_voucher; Type: TABLE DATA; Schema: public; Owner: nexsme
--

COPY public.finance_debit_voucher (id, auto_id, date_added, date_updated, is_deleted, deleted_reason, voucher_date, voucher_number, title, description, amount, amount_type, transfer_type, is_system_generated, cheque_number, cheque_date, cheque_status, cheque_status_date, draft_number, draft_date, transfer_number, transfer_date, bank_id, creator_id, financial_year_id, purchase_return_id, supplier_id, updater_id, warehouse_id) FROM stdin;
cfc745d7-c61a-4a9b-8a78-51afdcfb9a86	1	2024-03-21 05:20:02.407807+00	2024-03-21 05:20:02.407838+00	t	\N	2024-03-20 18:30:00+00	1	cdd	\N	12.00	20	10	f	\N	\N	\N	\N	\N	\N	\N	\N	\N	1	\N	0f201d9a-727c-4d4c-93cc-75c8d53636fa	7957e6be-ce3e-488f-bfb9-b488f1d63c88	1	d9403eb0-6359-43b6-977d-27cc2d3b8c59
119a168e-cc57-4735-aa8d-d469b10e5407	2	2024-03-21 05:28:54.755528+00	2024-03-21 05:28:54.755557+00	t	\N	2024-03-20 18:30:00+00	2	gf	\N	222.00	20	10	f	\N	\N	\N	\N	\N	\N	\N	\N	\N	1	\N	0f201d9a-727c-4d4c-93cc-75c8d53636fa	7957e6be-ce3e-488f-bfb9-b488f1d63c88	1	d9403eb0-6359-43b6-977d-27cc2d3b8c59
2681a87a-597e-4a08-8b88-89077b105cc2	3	2024-03-21 05:31:22.711385+00	2024-03-21 05:31:22.711409+00	t	\N	2024-03-20 18:30:00+00	3	ede	\N	100.00	20	10	f	\N	\N	\N	\N	\N	\N	\N	\N	\N	1	\N	0f201d9a-727c-4d4c-93cc-75c8d53636fa	7957e6be-ce3e-488f-bfb9-b488f1d63c88	1	d9403eb0-6359-43b6-977d-27cc2d3b8c59
b306ed62-7b5a-49f7-8840-799386568fb6	4	2024-03-21 06:07:40.826127+00	2024-03-21 06:07:40.826151+00	f	\N	2024-03-20 18:30:00+00	4	Test	\N	2400.00	20	10	f	\N	\N	\N	\N	\N	\N	\N	\N	\N	1	\N	0f201d9a-727c-4d4c-93cc-75c8d53636fa	7957e6be-ce3e-488f-bfb9-b488f1d63c88	1	d9403eb0-6359-43b6-977d-27cc2d3b8c59
b82fb22a-5e0f-4b3f-9f66-5cb1fbd28d1b	5	2024-03-21 06:19:54.205447+00	2024-03-21 06:19:54.205482+00	f	\N	2024-03-20 18:30:00+00	5	Test	\N	2400.00	20	15	f	122	\N	\N	\N	\N	\N	\N	\N	fbf3495a-ce22-4315-b805-1c44fc0627ac	1	\N	0f201d9a-727c-4d4c-93cc-75c8d53636fa	7957e6be-ce3e-488f-bfb9-b488f1d63c88	1	d9403eb0-6359-43b6-977d-27cc2d3b8c59
05702b50-8c23-4a47-be9d-97f660a22c7c	6	2024-03-21 06:23:05.853734+00	2024-03-21 06:23:05.853769+00	f	\N	2024-03-20 18:30:00+00	6	Trs	\N	29.00	20	10	f	\N	\N	\N	\N	\N	\N	\N	\N	\N	1	\N	0f201d9a-727c-4d4c-93cc-75c8d53636fa	7957e6be-ce3e-488f-bfb9-b488f1d63c88	1	d9403eb0-6359-43b6-977d-27cc2d3b8c59
3534faa8-096f-4e80-bb2f-ab1901168781	7	2024-03-21 07:16:16.120709+00	2024-03-21 07:16:16.120733+00	f	\N	2024-03-20 18:30:00+00	7	test	hjh	90.00	20	10	f	\N	\N	\N	\N	\N	\N	\N	\N	\N	1	\N	0f201d9a-727c-4d4c-93cc-75c8d53636fa	7957e6be-ce3e-488f-bfb9-b488f1d63c88	1	d9403eb0-6359-43b6-977d-27cc2d3b8c59
\.


--
-- Data for Name: finance_financial_year; Type: TABLE DATA; Schema: public; Owner: nexsme
--

COPY public.finance_financial_year (id, auto_id, date_added, date_updated, deleted_reason, start_date, end_date, is_active, is_deleted, creator_id, updater_id) FROM stdin;
0111c8d6-58ce-4855-bf59-e61dfc30076d	2	2024-01-03 12:40:28.286248+00	2024-01-03 12:40:54.420988+00	tesrt	2024-01-02 18:30:00+00	2024-01-01 18:30:00+00	t	t	1	1
d1dbb4cf-a9c6-44da-848e-867475c40ea9	1	2023-10-18 10:27:32.676495+00	2024-01-03 12:41:52.18102+00	\N	2023-03-31 18:30:00+00	2024-03-30 18:30:00+00	t	f	1	1
07a7d368-aeca-441d-99d9-7064f4764d7f	3	2024-01-03 12:41:40.376886+00	2024-01-03 12:41:40.376903+00	n	2024-01-02 18:30:00+00	2024-01-16 18:30:00+00	f	t	1	1
\.


--
-- Data for Name: finance_journal_voucher; Type: TABLE DATA; Schema: public; Owner: nexsme
--

COPY public.finance_journal_voucher (id, auto_id, date_added, date_updated, is_deleted, deleted_reason, voucher_number, voucher_date, title, description, sub_ledger, debit_amount, credit_amount, creator_id, financial_year_id, updater_id) FROM stdin;
\.


--
-- Data for Name: finance_journal_voucher_item; Type: TABLE DATA; Schema: public; Owner: nexsme
--

COPY public.finance_journal_voucher_item (id, is_deleted, sub_ledger, amount, amount_type, deleted_reason, account_head_id, journal_id, warehouse_id) FROM stdin;
\.


--
-- Data for Name: finance_payment_voucher; Type: TABLE DATA; Schema: public; Owner: nexsme
--

COPY public.finance_payment_voucher (id, auto_id, date_added, date_updated, is_deleted, deleted_reason, voucher_number, voucher_date, title, description, sub_ledger, amount, amount_type, transfer_type, is_system_generated, cheque_number, cheque_date, cheque_status, cheque_status_date, draft_number, draft_date, transfer_number, transfer_date, account_head_id, bank_id, creator_id, financial_year_id, updater_id, warehouse_id) FROM stdin;
12031a05-9df7-4c1d-aa3d-91195369efd8	1	2023-11-09 12:59:19.74644+00	2023-11-09 12:59:19.746459+00	f	\N	1	2023-11-09 12:59:19.721802+00	Purchase Create	Purchase Create	7957e6be-ce3e-488f-bfb9-b488f1d63c88	2485.00	20	10	t	\N	\N	\N	\N	\N	\N	\N	\N	5	\N	1	d1dbb4cf-a9c6-44da-848e-867475c40ea9	1	d9403eb0-6359-43b6-977d-27cc2d3b8c59
e34fbb07-1649-4fc1-b87d-590a0e97c327	3	2024-03-19 15:56:24.612544+00	2024-03-19 15:57:21.949397+00	t	\N	3	2024-03-19 15:57:21.949343+00	test	\N	\N	10000.00	20	15	f	122787878	2024-03-26	20	\N	\N	\N	\N	\N	1	fbf3495a-ce22-4315-b805-1c44fc0627ac	1	d1dbb4cf-a9c6-44da-848e-867475c40ea9	1	575471ba-a8a4-4701-bb08-247366b15565
8342e255-78b1-494c-ab6a-82ef97a1fb0e	2	2024-03-19 15:51:55.902436+00	2024-03-19 15:51:55.902457+00	t	\N	2	2024-03-19 15:51:55.901001+00	test	\N	\N	1000.00	20	10	f	\N	\N	20	\N	\N	\N	\N	\N	11	\N	1	d1dbb4cf-a9c6-44da-848e-867475c40ea9	1	d9403eb0-6359-43b6-977d-27cc2d3b8c59
64f729e2-e39b-452a-b956-16d40567f7dd	4	2024-03-19 15:59:52.553254+00	2024-03-19 15:59:52.553287+00	t	\N	4	2024-03-19 15:59:52.550997+00	wsds	\N	\N	10000.00	20	10	f	\N	\N	20	\N	\N	\N	\N	\N	8	\N	1	d1dbb4cf-a9c6-44da-848e-867475c40ea9	1	575471ba-a8a4-4701-bb08-247366b15565
48ae5990-38bf-45f8-98e7-e1f01c062fea	5	2024-03-21 09:16:26.404677+00	2024-03-21 09:16:26.404703+00	f	\N	5	2024-03-21 09:16:26.403174+00	test	test	\N	560.00	20	10	f	\N	\N	20	\N	\N	\N	\N	\N	9	\N	1	d1dbb4cf-a9c6-44da-848e-867475c40ea9	1	575471ba-a8a4-4701-bb08-247366b15565
\.


--
-- Data for Name: finance_receipt_voucher; Type: TABLE DATA; Schema: public; Owner: nexsme
--

COPY public.finance_receipt_voucher (id, auto_id, date_added, date_updated, is_deleted, deleted_reason, voucher_date, voucher_number, title, description, sub_ledger, amount, amount_type, transfer_type, is_system_generated, cheque_number, cheque_date, cheque_status, cheque_status_date, draft_number, draft_date, transfer_number, transfer_date, account_head_id, bank_id, creator_id, financial_year_id, updater_id, warehouse_id) FROM stdin;
8355d18f-78aa-49ec-ae4c-b4ad016c465b	2	2023-11-02 09:32:09.914818+00	2024-03-20 10:05:08.76299+00	f	\N	2023-11-02 10:05:08.762895+00	2	Sale Payment received	Sale Payment received	\N	500.00	10	10	t	\N	\N	\N	\N	\N	\N	\N	\N	7	\N	1	d1dbb4cf-a9c6-44da-848e-867475c40ea9	1	575471ba-a8a4-4701-bb08-247366b15565
44b91907-2b6e-4ffe-b046-3ee5f3ccc90e	5	2023-11-03 05:36:44.155618+00	2023-11-03 05:36:44.155637+00	t	Test	2023-11-03 05:36:44.117229+00	5	Sale Payment received	Sale Payment received	d1b286a7-2861-4ce1-8401-a9c1837bf3a1	1000.00	10	10	t	\N	\N	\N	\N	\N	\N	\N	\N	4	\N	1	d1dbb4cf-a9c6-44da-848e-867475c40ea9	1	d9403eb0-6359-43b6-977d-27cc2d3b8c59
6a2eb737-2976-4c24-bfb5-d7b99d50afbd	4	2023-11-03 05:26:05.560245+00	2023-11-03 05:26:05.560273+00	t	yes	2023-11-03 05:26:05.517096+00	4	Sale Payment received	Sale Payment received	d1b286a7-2861-4ce1-8401-a9c1837bf3a1	1124.00	10	10	t	\N	\N	\N	\N	\N	\N	\N	\N	4	\N	1	d1dbb4cf-a9c6-44da-848e-867475c40ea9	1	d9403eb0-6359-43b6-977d-27cc2d3b8c59
f3e2c039-2c43-4386-b9bc-d05afb585353	1	2023-11-02 09:27:55.707356+00	2023-11-02 09:27:55.70738+00	t	Test	2023-11-02 09:27:55.675362+00	1	Sale Payment received	Sale Payment received	6e64cf57-8473-4c07-8a0a-91e9bef3acc1	2565.00	10	10	t	\N	\N	\N	\N	\N	\N	\N	\N	4	\N	1	d1dbb4cf-a9c6-44da-848e-867475c40ea9	1	d9403eb0-6359-43b6-977d-27cc2d3b8c59
a2d3f684-4dce-443b-9a1a-b87cc6006aa0	3	2023-11-02 09:33:51.248081+00	2024-03-22 11:15:09.475969+00	t	\N	2023-11-02 11:15:09.430571+00	3	Sale Payment received	Sale creation Updated	b966e33c-8d6d-495b-a935-bd29bb6433dc	500.00	10	10	t	\N	\N	\N	\N	\N	\N	\N	\N	4	\N	1	d1dbb4cf-a9c6-44da-848e-867475c40ea9	1	575471ba-a8a4-4701-bb08-247366b15565
\.


--
-- Data for Name: finance_subledger_opening; Type: TABLE DATA; Schema: public; Owner: nexsme
--

COPY public.finance_subledger_opening (id, auto_id, date_added, date_updated, is_deleted, deleted_reason, sub_ledger, sub_ledger_type, amount_type, amount, account_head_id, creator_id, financial_year_id, updater_id) FROM stdin;
\.


--
-- Data for Name: general_batch; Type: TABLE DATA; Schema: public; Owner: nexsme
--

COPY public.general_batch (id, auto_id, date_added, date_updated, is_deleted, deleted_reason, batch_number, stock, mrp, retail_price, whole_sale_price, cost, manufacturing_date, expire_date, creator_id, product_id, product_variant_id, updater_id, warehouse_id) FROM stdin;
db4386b2-abc4-4761-9fe2-f70d63518280	28	2023-10-31 09:54:47.138346+00	2023-10-31 09:54:47.138373+00	f	\N	DFLT3	1.000	400.00	329.000	300.000	269.00	\N	\N	1	07429326-5f46-410e-90c3-17b538c7e8cf	6708ce33-b38b-44b3-80c3-020cf7ab8c08	1	d9403eb0-6359-43b6-977d-27cc2d3b8c59
429cd12f-e05a-4158-820c-5da5b93a17d1	11	2023-10-18 14:25:56.284008+00	2023-10-18 14:25:56.284031+00	f	\N	1110	65.000	750.00	611.000	590.000	550.00	2023-10-04	2024-10-03	1	bc3e5e8e-b6b3-47aa-9905-395c0fed357e	7ab6268e-00e2-44c6-b3ed-ea81dc1626a0	1	d9403eb0-6359-43b6-977d-27cc2d3b8c59
3c7fdc48-805f-4878-be10-0afb1aad8f76	26	2023-10-31 09:54:47.103109+00	2023-10-31 09:54:47.103137+00	f	\N	DFLT3	2.000	300.00	269.000	229.000	199.00	\N	\N	1	07429326-5f46-410e-90c3-17b538c7e8cf	ed36263d-cd54-428c-a264-764746b0c744	1	d9403eb0-6359-43b6-977d-27cc2d3b8c59
fbe6ceb7-55ad-4ee7-815d-b56293f724b6	3	2023-10-18 12:54:17.11952+00	2023-10-18 12:54:17.119542+00	f	\N	1001	35.000	3000.00	2850.000	2700.000	2500.00	2023-10-04	2024-10-02	1	e72cbbee-1e5c-4e8d-88b4-c9a34e706fb1	e114c011-d263-4bd7-a058-4b16056a7111	1	d9403eb0-6359-43b6-977d-27cc2d3b8c59
b3d0b095-7ac1-4742-9dda-637298a42a62	18	2023-10-18 15:14:03.980721+00	2023-10-18 15:14:03.980738+00	f	\N	1165	48.000	75000.00	69890.000	67500.000	65000.00	2023-10-03	2024-10-02	1	94370aa5-9cb5-4767-8cef-00e482cb2abe	e6bf7b4b-02a3-42f3-8d4d-c3a1a730fd1d	1	d9403eb0-6359-43b6-977d-27cc2d3b8c59
2fcac68e-f56a-41a9-9150-a4b7bd224959	6	2023-10-18 13:37:38.675432+00	2023-10-18 13:37:38.675447+00	f	\N	1005	99.000	230.00	199.000	185.000	170.00	2023-10-03	2024-05-07	1	5c2a735f-a1cc-4432-b92c-9e3c220e8d6d	40e1ab4d-a97f-4aa9-8586-e724680644d1	1	d9403eb0-6359-43b6-977d-27cc2d3b8c59
b6316b37-4038-4fd6-9ca4-b55ea4f85c3e	16	2023-10-18 15:04:01.157081+00	2023-10-18 15:04:01.157097+00	f	\N	1115	97.000	1150.00	999.000	850.000	850.00	2023-10-04	2024-10-03	1	b137397b-2939-4d75-96bb-bbd4df70ea0b	9d00586e-b651-4167-95a7-db566af66c58	1	d9403eb0-6359-43b6-977d-27cc2d3b8c59
edc30293-ad75-42eb-8d63-9d9755692521	38	2024-02-23 10:42:48.331843+00	2024-02-23 10:42:48.331875+00	f	\N	5612	10.000	200.00	180.000	150.000	170.00	2024-02-07	2024-06-05	1	e09eace2-5bb9-4557-9c6b-0ac1153a0261	a0735efe-ebe2-4464-abf0-d26fbdda11f0	1	d9403eb0-6359-43b6-977d-27cc2d3b8c59
0c6a61b9-68e9-4c17-82ab-b281972687d1	20	2023-10-19 04:17:06.698559+00	2023-10-19 04:17:06.698579+00	f	\N	1119	50.000	50000.00	48000.000	47000.000	45000.00	2023-10-03	2024-10-02	1	aed782f5-4471-410c-81d4-600392804d3a	d9525c19-b0a9-433c-b673-b14ddc858334	1	d9403eb0-6359-43b6-977d-27cc2d3b8c59
d10113b1-b08f-4b9b-81ad-a670194f067f	9	2023-10-18 14:14:13.495539+00	2023-10-18 14:14:13.495554+00	f	\N	1008	100.000	1700.00	1599.000	1500.000	1350.00	2023-10-04	2024-10-03	1	5f617335-9c3f-4f42-9440-aeb91905a3f1	fcf407ff-9a2a-4560-b73f-94d2ee48725c	1	d9403eb0-6359-43b6-977d-27cc2d3b8c59
d6f18d60-522d-4d3b-bad0-adced11268ba	8	2023-10-18 14:07:38.823073+00	2023-10-18 14:07:38.823101+00	f	\N	1007	199.000	220.00	198.000	185.000	170.00	2023-10-04	2024-10-03	1	3d51ec92-5202-4a7e-9b35-f3f43a0fde9e	e54be035-b012-4922-8c83-501396128a7c	1	d9403eb0-6359-43b6-977d-27cc2d3b8c59
a35ebfe7-4157-4589-9b82-cc85636b7313	15	2023-10-18 14:55:17.111096+00	2023-10-18 14:55:17.111117+00	f	\N	1114	44.000	1400.00	1249.000	1150.000	1050.00	2023-10-04	2024-10-03	1	31b8fe08-54fd-4ecc-bb2f-d694539a6601	a5e61679-eb29-425a-9919-085ab4ea1a62	1	d9403eb0-6359-43b6-977d-27cc2d3b8c59
972dd786-3ab9-4f44-a6e7-647fc52c8c4f	32	2023-11-17 16:03:59.995207+00	2023-11-17 16:03:59.995218+00	f	\N	2	5.000	135000.00	125000.000	121000.000	120000.00	2023-11-17	2023-12-28	1	5202aa42-87ce-4a76-acdb-e6bbc22db79d	0e4ef62a-f635-4f42-b9db-82598ab245df	1	d8b47019-eb0b-42e5-a38a-2589ad67e52d
7e88c352-bf1c-4e66-9dad-dfe5539a1156	35	2023-12-19 07:08:28.915917+00	2023-12-19 07:08:28.915976+00	f	\N	lg1111	21.000	20000.00	18000.000	17000.000	17490.00	2023-06-19	2024-07-18	1	0962a1a0-6b5d-4b3c-a12c-4ad57bd961dc	550d8674-4b61-430f-8fe5-2424952fd507	1	d9403eb0-6359-43b6-977d-27cc2d3b8c59
d9bb40b1-0ba8-4d01-9df8-37973ed7097e	24	2023-10-31 09:54:47.070744+00	2023-10-31 09:54:47.070766+00	f	\N	DFLT3	9.000	350.00	299.000	259.000	229.00	2023-03-01	\N	1	07429326-5f46-410e-90c3-17b538c7e8cf	aca256b7-4cc9-43f5-8c1e-6e6a815a382b	1	d9403eb0-6359-43b6-977d-27cc2d3b8c59
6bf9da40-8a1d-44b2-b865-b880e55b6464	29	2023-11-02 12:40:22.346684+00	2023-11-02 12:40:22.346702+00	f	\N	000	0.000	1950.00	1900.000	1850.000	1800.00	2023-11-02	\N	1	11109fa9-c97b-4a66-8380-aa0473ff9c67	8a2defa2-6b5a-4b66-8908-701b22db930b	1	d9403eb0-6359-43b6-977d-27cc2d3b8c59
61974e26-a8fe-4a6b-ac89-8a66119dc4e2	2	2023-10-18 12:41:03.47407+00	2023-10-18 12:41:03.474089+00	f	\N	1000	37.000	35000.00	33900.000	31500.000	27000.00	2023-10-04	2025-10-02	1	ea03423b-0a82-4180-86e2-e561d3d929f8	6253384e-f0e9-42bb-8531-3ee64d24ea7b	1	d9403eb0-6359-43b6-977d-27cc2d3b8c59
a7200325-978d-4f12-99bd-1fffbd5bb3e1	7	2023-10-18 14:03:06.932702+00	2023-10-18 14:03:06.932716+00	f	\N	1006	77.000	320.00	295.000	280.000	260.00	2023-10-03	2024-03-18	1	2c7c3679-a79f-4d23-bfd6-603ec58b6440	309559c0-a6d7-4dde-bba7-7bc6c9adbec5	1	d9403eb0-6359-43b6-977d-27cc2d3b8c59
6fb52fba-86e3-4fc7-83d2-303087b6a293	37	2024-01-04 09:33:51.543876+00	2024-01-04 09:33:51.54389+00	f	\N	sam4444	25.000	1700.00	1500.000	1200.000	1299.00	2024-01-01	2025-01-01	1	ff07f19a-8c30-49f6-836e-9aa44d00868a	8d2cb4c2-9ce5-4632-ad79-fc569bec3138	1	d8b47019-eb0b-42e5-a38a-2589ad67e52d
e9155bf2-43bf-4020-87d3-781c46fb69ed	13	2023-10-18 14:42:34.993846+00	2023-10-18 14:42:34.993873+00	f	\N	1112	91.000	41000.00	39490.000	37000.000	35000.00	2023-10-04	2025-10-03	1	f46acbde-090e-437e-aa89-28be6d0832a7	8bdc788b-b43f-4d56-9e9d-b9d7d158b7e5	1	d9403eb0-6359-43b6-977d-27cc2d3b8c59
8bd1dd5c-b21f-4bff-a72b-c0a8404009fd	14	2023-10-18 14:47:59.522718+00	2023-10-18 14:47:59.52274+00	f	\N	1113	99.000	11500.00	10899.000	10250.000	8500.00	2023-10-04	2024-10-03	1	d81e66fa-f6dc-4186-b715-3d794f3d07f1	a9a82f1c-0e44-4822-9260-293c6c4cd8f8	1	d9403eb0-6359-43b6-977d-27cc2d3b8c59
c84eefc3-062a-4993-8f40-85575f20df9e	40	2024-03-19 07:26:02.893284+00	2024-03-19 07:26:02.893311+00	f	\N	1002	0.000	19000.00	17890.000	16500.000	15000.00	2023-10-04	2025-10-03	1	62441cf8-0494-44b1-9cc4-b9f31e9dc099	b030d13d-03ad-4efc-b1db-b592ba0f8f41	1	575471ba-a8a4-4701-bb08-247366b15565
70b71332-f020-4b71-9db4-200dcaaf3178	27	2023-10-31 09:54:47.121654+00	2023-10-31 09:54:47.121674+00	f	\N	DFLT3	3.000	350.00	299.000	259.000	229.00	\N	\N	1	07429326-5f46-410e-90c3-17b538c7e8cf	66d05627-a263-46a9-91c7-bbd95e8383bc	1	d9403eb0-6359-43b6-977d-27cc2d3b8c59
b91275b8-11fe-43aa-bf41-0624daef351b	12	2023-10-18 14:36:10.64434+00	2023-10-18 14:36:10.644366+00	f	\N	1111	84.000	3500.00	3299.000	3050.000	2500.00	2023-10-04	2024-10-03	1	4bebf701-59ea-4624-a6f8-2a1502f58209	9f3516d9-bcb5-493c-8aa1-4e702deeda09	1	d9403eb0-6359-43b6-977d-27cc2d3b8c59
aebb9409-d685-4747-b0fc-16f28b0b06d3	25	2023-10-31 09:54:47.08624+00	2023-10-31 09:54:47.086264+00	f	\N	DFLT3	10.000	400.00	329.000	300.000	269.00	\N	\N	1	07429326-5f46-410e-90c3-17b538c7e8cf	e7c98a6b-5d47-4b6b-bcb5-b1bd656e29fc	1	d9403eb0-6359-43b6-977d-27cc2d3b8c59
15be2b65-add0-4e9e-b279-15bde87e59d4	17	2023-10-18 15:09:47.995038+00	2023-10-18 15:09:47.995067+00	f	\N	1116	50.000	75000.00	68500.000	66000.000	64000.00	2023-10-04	2024-10-03	1	7f68bd65-5822-423e-adff-2d1822e33bcf	33e6738a-296c-45e0-a2fa-00789769683a	1	d9403eb0-6359-43b6-977d-27cc2d3b8c59
cc4bb710-0e21-42ae-95e3-f662c4c8b997	30	2023-11-17 05:49:07.39467+00	2023-11-17 05:49:07.39469+00	f	\N	1234	3.000	42753.00	42000.000	40753.000	40000.00	\N	\N	16	1278c284-df7b-4fe3-a949-3b6d5d8364e5	a14a137d-ac4f-4f7a-9a2c-d89dd3c44784	16	d8b47019-eb0b-42e5-a38a-2589ad67e52d
d70a6305-63db-4f4b-9e20-f47c09fa5090	21	2023-10-19 04:30:55.944239+00	2023-10-19 04:30:55.944259+00	f	\N	1121	96.000	1850.00	1799.000	1700.000	1600.00	2023-10-05	2024-10-04	1	461a1b00-741a-483f-a471-69892ee93845	f48007ae-e58b-4a05-bb2e-4bbf063c6023	1	d9403eb0-6359-43b6-977d-27cc2d3b8c59
d2384a84-764d-41fe-9be7-5c4408a8d3f2	33	2023-12-06 07:51:06.858898+00	2023-12-06 07:51:06.858916+00	f	\N	1234	1.000	3500.00	3499.000	2900.000	2800.00	2023-12-06	2023-12-22	16	af269420-016d-46f4-a5dd-9bdc7c5aebef	235ad0af-dbcb-467c-a864-65868751373e	16	d8b47019-eb0b-42e5-a38a-2589ad67e52d
9ad8c25f-06c8-475c-87a4-4f5aa38b5083	10	2023-10-18 14:19:40.734099+00	2023-10-18 14:19:40.734121+00	f	\N	999	100.000	1150.00	1044.000	980.000	900.00	2023-10-04	2024-10-03	1	52bbc17c-a054-4e54-82fc-e707b76eaeac	03aa2c8e-83d2-480d-97a5-cb7125fc4117	1	d9403eb0-6359-43b6-977d-27cc2d3b8c59
2ae344a1-f6eb-412f-bd86-eb61f969a1d5	19	2023-10-19 04:02:29.639651+00	2023-10-19 04:02:29.639671+00	f	\N	1118	89.000	950.00	899.000	849.000	700.00	2023-10-03	2024-10-02	1	a47d0c78-17e6-4944-af3f-61dd9c5c27d7	7cc61e90-5a92-47d4-a2a9-63a3ceea488a	1	d9403eb0-6359-43b6-977d-27cc2d3b8c59
cb26a882-4d59-4c93-ab1e-a1f24b08d9f9	31	2023-11-17 16:03:59.98825+00	2023-11-17 16:03:59.988263+00	f	\N	2	1.000	135000.00	125000.000	121000.000	120000.00	2023-11-17	2024-06-20	1	5202aa42-87ce-4a76-acdb-e6bbc22db79d	18b5c608-e07f-4c49-b3f4-efb97cc350aa	1	d8b47019-eb0b-42e5-a38a-2589ad67e52d
323f7003-7f17-4b43-9fde-23352f9d6d95	36	2023-12-19 07:16:05.548414+00	2023-12-19 07:16:05.548429+00	f	\N	wh11	10.000	12500.00	12000.000	10500.000	11590.00	2023-12-12	2024-12-03	1	48c14a81-0841-4367-83cc-67daefc60b68	a3e60391-92b6-4291-882c-5eba445a57f5	1	d9403eb0-6359-43b6-977d-27cc2d3b8c59
7df3b944-5f61-453c-8b90-c9ccf363a5b8	34	2023-12-06 08:00:49.698629+00	2023-12-06 08:00:49.698655+00	f	\N	76899	5.000	3999.00	3999.000	3999.000	2500.00	2023-12-06	2023-12-14	16	69418757-e948-494c-a4d5-cfab30752ef5	0883d757-3b35-4eca-a2a8-9e10bebe5d32	16	d8b47019-eb0b-42e5-a38a-2589ad67e52d
0300a3db-23b0-406e-b60c-917e04f32eb3	43	2024-03-20 08:38:56.781297+00	2024-03-20 08:38:56.781323+00	f	\N	1231	1.000	1200.00	1100.000	10.000	1000.00	2024-03-20	2024-03-20	1	dfacdbda-1eb6-4b1f-b9e2-f775a7dd1ca8	e1a3e171-4984-4cdd-ab95-1a76f12e73f5	1	575471ba-a8a4-4701-bb08-247366b15565
a603525a-d297-4b9c-a9f9-92736a349f51	4	2023-10-18 13:01:17.457738+00	2023-10-18 13:01:17.457756+00	f	\N	1002	94.000	19000.00	17890.000	16500.000	15000.00	2023-10-04	2025-10-03	1	62441cf8-0494-44b1-9cc4-b9f31e9dc099	b030d13d-03ad-4efc-b1db-b592ba0f8f41	1	d9403eb0-6359-43b6-977d-27cc2d3b8c59
50dc83a1-7993-4f11-bcd7-45faeee5bdb2	22	2023-10-19 04:36:34.274285+00	2023-10-19 04:36:34.274298+00	f	\N	1123	95.000	1250.00	1199.000	1149.000	1000.00	2023-10-03	2024-10-02	1	7ec082e0-361e-472e-ab3e-721be64290af	a9fbf079-1a49-4b02-bb52-816c98455bbe	1	d9403eb0-6359-43b6-977d-27cc2d3b8c59
b388f9c7-b948-46f6-a151-b8210522ee82	39	2024-03-19 07:18:16.443457+00	2024-03-19 07:18:16.443481+00	f	\N	1001	18.000	3000.00	2850.000	2700.000	2500.00	2026-06-28	2024-02-02	1	e72cbbee-1e5c-4e8d-88b4-c9a34e706fb1	e114c011-d263-4bd7-a058-4b16056a7111	1	575471ba-a8a4-4701-bb08-247366b15565
bd4da190-3446-40f0-a99e-01a2f67f7eaf	41	2024-03-19 08:54:42.488671+00	2024-03-19 08:54:42.488702+00	f	\N	0DEFLT	0.000	19000.00	17890.000	16500.000	15000.00	2023-10-04	2025-10-03	1	62441cf8-0494-44b1-9cc4-b9f31e9dc099	b030d13d-03ad-4efc-b1db-b592ba0f8f41	1	d9403eb0-6359-43b6-977d-27cc2d3b8c59
2fe142ac-2a5f-4690-9aac-126a9bf66527	42	2024-03-19 08:55:50.5442+00	2024-03-19 08:55:50.544226+00	f	\N	0DEFLT	0.000	0.00	0.000	0.000	0.00	\N	\N	1	62441cf8-0494-44b1-9cc4-b9f31e9dc099	b030d13d-03ad-4efc-b1db-b592ba0f8f41	1	d9403eb0-6359-43b6-977d-27cc2d3b8c59
9071be04-9bd4-4d61-a2e1-d584fe3edb47	23	2023-10-31 09:54:47.0541+00	2023-10-31 09:54:47.054129+00	f	\N	DFLT3	5.000	300.00	269.000	229.000	199.00	2023-03-01	\N	1	07429326-5f46-410e-90c3-17b538c7e8cf	773b37a2-b0f1-4c9b-b1a5-2eb60eccd0db	1	d9403eb0-6359-43b6-977d-27cc2d3b8c59
157e55bc-af0a-4bf4-b602-3fe146deb3fe	44	2024-03-20 08:39:38.672987+00	2024-03-20 08:39:38.673016+00	f	\N	1231	1.000	1200.00	1100.000	10.000	1000.00	2024-03-20	2024-03-20	1	d48804b7-02d7-4b9c-9a80-cc4ffc3026d4	3b370eaf-f05b-4ee7-87e5-332b2ac9f632	1	575471ba-a8a4-4701-bb08-247366b15565
90fbaef8-11ca-48b8-b389-0b17c6a04b79	45	2024-03-20 08:39:38.682067+00	2024-03-20 08:39:38.682101+00	f	\N	223	1.000	23.00	15.000	10.000	10.00	2024-03-20	2024-03-20	1	d48804b7-02d7-4b9c-9a80-cc4ffc3026d4	c7f8d633-f2da-44ba-9ad3-1b8758a0de3e	1	575471ba-a8a4-4701-bb08-247366b15565
fda51e4d-40b5-41bd-8bd6-056b66520f0f	5	2023-10-18 13:10:44.392447+00	2023-10-18 13:10:44.392466+00	f	\N	1004	44.000	3100.00	2976.000	2750.000	2600.00	2023-10-04	2024-10-03	1	82421f6c-ef9f-4c94-9491-a72901b7ffc5	8279cc39-e667-4292-a079-1106c59cd471	1	d9403eb0-6359-43b6-977d-27cc2d3b8c59
\.


--
-- Data for Name: general_charge_per_kilometer; Type: TABLE DATA; Schema: public; Owner: nexsme
--

COPY public.general_charge_per_kilometer (id, charge, is_deleted) FROM stdin;
\.


--
-- Data for Name: general_charge_setting; Type: TABLE DATA; Schema: public; Owner: nexsme
--

COPY public.general_charge_setting (id, no_delivery_charge_amount, no_free_delivery_amount, vendor_id, warehouse_id) FROM stdin;
5e1b1db4-2c19-42e0-ab63-92faa10c65bd	6000.00	110.00	\N	d8b47019-eb0b-42e5-a38a-2589ad67e52d
aa1bc071-e488-48e7-9e42-9ccf897651a3	450.00	430.00	\N	575471ba-a8a4-4701-bb08-247366b15565
\.


--
-- Data for Name: general_damaged_product; Type: TABLE DATA; Schema: public; Owner: nexsme
--

COPY public.general_damaged_product (id, auto_id, date_added, date_updated, is_deleted, deleted_reason, date, quantity, amount, description, batch_id, creator_id, product_variant_id, updater_id, warehouse_id) FROM stdin;
e0e06aa4-6649-4883-8b6e-d6808d606851	2	2024-03-19 06:53:04.13969+00	2024-03-19 06:57:39.50267+00	t	test	2024-10-02 18:30:00+00	1.000	2600.000	Test..,	fda51e4d-40b5-41bd-8bd6-056b66520f0f	1	8279cc39-e667-4292-a079-1106c59cd471	1	d9403eb0-6359-43b6-977d-27cc2d3b8c59
d0d5dcb5-67d1-4a38-9654-b350849a9c26	1	2024-03-19 06:38:38.884043+00	2024-03-19 06:38:38.884072+00	t	test	2024-03-18 18:30:00+00	1.000	2500.000	bfvb	fbe6ceb7-55ad-4ee7-815d-b56293f724b6	1	e114c011-d263-4bd7-a058-4b16056a7111	1	d9403eb0-6359-43b6-977d-27cc2d3b8c59
252fb8ac-8bb3-4543-b354-37baae28f0ca	3	2024-03-22 05:59:03.294503+00	2024-03-22 05:59:03.294526+00	t	test	2024-03-21 18:30:00+00	1.000	2500.000	cgvgv	b388f9c7-b948-46f6-a151-b8210522ee82	1	e114c011-d263-4bd7-a058-4b16056a7111	1	575471ba-a8a4-4701-bb08-247366b15565
a50452bb-52ce-4380-beac-c9ee8d03000d	4	2024-03-22 06:21:42.058802+00	2024-03-22 06:21:42.058831+00	f	\N	2024-03-21 18:30:00+00	1.000	2500.000	bbh	b388f9c7-b948-46f6-a151-b8210522ee82	1	e114c011-d263-4bd7-a058-4b16056a7111	1	575471ba-a8a4-4701-bb08-247366b15565
d1e40ffc-48dc-4eb3-abb7-54446a10a879	5	2024-03-22 06:25:51.290609+00	2024-03-22 06:25:51.290636+00	f	\N	2024-03-21 18:30:00+00	1.000	2500.000	Test...,	b388f9c7-b948-46f6-a151-b8210522ee82	1	e114c011-d263-4bd7-a058-4b16056a7111	1	575471ba-a8a4-4701-bb08-247366b15565
a8fe7853-e423-4307-b785-ca43a6c6e7ae	6	2024-03-22 06:26:48.817013+00	2024-03-22 06:26:48.817043+00	f	\N	2024-03-29 18:30:00+00	1.000	2500.000	bhb	b388f9c7-b948-46f6-a151-b8210522ee82	1	e114c011-d263-4bd7-a058-4b16056a7111	1	575471ba-a8a4-4701-bb08-247366b15565
ed4dbcfe-15ed-4f12-a19a-716899c2a621	7	2024-03-22 06:31:08.553796+00	2024-03-22 06:31:08.553821+00	f	\N	2024-03-21 18:30:00+00	1.000	2500.000	1234	b388f9c7-b948-46f6-a151-b8210522ee82	1	e114c011-d263-4bd7-a058-4b16056a7111	1	575471ba-a8a4-4701-bb08-247366b15565
\.


--
-- Data for Name: general_delivery_charge; Type: TABLE DATA; Schema: public; Owner: nexsme
--

COPY public.general_delivery_charge (id, normal_charge, express_charge, is_deleted, to_zone_id, vendor_id, warehouse_id) FROM stdin;
9aec1973-f0d0-4579-b5ea-552b1d41aaca	55.00	95.00	f	2	\N	d9403eb0-6359-43b6-977d-27cc2d3b8c59
beff0a7e-e596-4dd0-9feb-ff2c3a2aa4c0	50.00	100.00	f	4893	\N	d8b47019-eb0b-42e5-a38a-2589ad67e52d
f203ee71-7516-43fd-83bf-7d172c282626	30.00	80.00	f	2675	\N	d9403eb0-6359-43b6-977d-27cc2d3b8c59
dd54b9ac-9cdc-4d35-93fa-886fac6dfa33	40.00	90.00	f	1	\N	d9403eb0-6359-43b6-977d-27cc2d3b8c59
95807cd8-47a3-4cc0-951d-5b9343f2979f	340.00	550.00	f	2	\N	575471ba-a8a4-4701-bb08-247366b15565
\.


--
-- Data for Name: invoic_prefix; Type: TABLE DATA; Schema: public; Owner: nexsme
--

COPY public.invoic_prefix (id, auto_id, date_added, date_updated, is_deleted, deleted_reason, retail_sale, "order", purchase, is_active, creator_id, financial_year_id, updater_id) FROM stdin;
169408d8-ab9e-4ebc-b10b-db7d4af34ae9	1	2023-10-27 05:45:43.914376+00	2023-10-27 05:45:43.914398+00	f	\N	NEXRS2023	NEXOR2023	NEXPR2023	t	1	d1dbb4cf-a9c6-44da-848e-867475c40ea9	1
24b887f0-c66a-4a25-bd61-db69a88ff38b	2	2024-01-03 12:42:49.983209+00	2024-01-03 12:43:05.99346+00	t	j	test	test454test	testh	t	1	d1dbb4cf-a9c6-44da-848e-867475c40ea9	1
c3a3a085-62d5-4118-9bf0-44a7b0e1a2f7	3	2024-01-03 12:43:32.206619+00	2024-01-03 12:43:46.735433+00	t	gt	test	vv	testr	t	1	d1dbb4cf-a9c6-44da-848e-867475c40ea9	1
f57a9147-e586-4e68-8205-7594696bc0a8	4	2024-01-03 12:44:12.915356+00	2024-01-03 12:44:22.733062+00	t	g	gf	gfg	gf	t	1	d1dbb4cf-a9c6-44da-848e-867475c40ea9	1
e708c265-959b-4234-988f-e36465a7b605	5	2024-01-03 12:45:31.488496+00	2024-01-03 12:45:31.488524+00	t	r	test	test	test	t	1	d1dbb4cf-a9c6-44da-848e-867475c40ea9	1
fee4eda5-cc39-45ae-9b17-f7a54119e234	7	2024-01-03 12:47:26.929366+00	2024-01-03 12:47:26.929395+00	t	w	test	test	test	t	1	d1dbb4cf-a9c6-44da-848e-867475c40ea9	1
52ef9d19-316f-491a-836a-654291be430b	6	2024-01-03 12:46:03.457461+00	2024-01-03 12:46:03.457483+00	t	Test	test	test	test	t	1	d1dbb4cf-a9c6-44da-848e-867475c40ea9	1
7f3041ae-ad7c-4b27-b7b3-45fec9c25931	8	2024-03-18 06:03:04.365254+00	2024-03-18 06:03:04.365279+00	t	ter	12	1	100	t	1	d1dbb4cf-a9c6-44da-848e-867475c40ea9	1
6089a9e9-aab9-498b-a5ed-c9ca82e065d2	9	2024-03-21 11:11:46.444101+00	2024-03-21 11:11:46.444122+00	t	Test	afii	afii	100	t	1	d1dbb4cf-a9c6-44da-848e-867475c40ea9	1
\.


--
-- Data for Name: invoice_design; Type: TABLE DATA; Schema: public; Owner: nexsme
--

COPY public.invoice_design (id, auto_id, date_added, date_updated, is_deleted, deleted_reason, title, image, is_active, creator_id, updater_id, warehouse_id) FROM stdin;
79fcb8ec-fc20-40af-aa5a-f4386f27257f	1	2024-03-21 06:09:36.895225+00	2024-03-21 06:09:36.895251+00	t	test	test	media/Screenshot_2024-03-19_at_12.30.01_PM.png	t	1	1	575471ba-a8a4-4701-bb08-247366b15565
5cfb642c-18b7-4013-8198-90b4d726063d	2	2024-03-21 07:25:42.812116+00	2024-03-21 07:25:42.81214+00	f	\N	test	media/WhatsApp_Image_2024-03-21_at_12.53.39_PM_1.jpeg	t	1	1	575471ba-a8a4-4701-bb08-247366b15565
\.


--
-- Data for Name: location; Type: TABLE DATA; Schema: public; Owner: nexsme
--

COPY public.location (id, auto_id, date_added, date_updated, is_deleted, deleted_reason, location, short_name, latitude, longitude, creator_id, updater_id) FROM stdin;
885a4a84-400c-47c9-b35e-858e82062e1b	1	2023-10-18 10:46:08.024776+00	2023-10-18 10:46:08.024801+00	f	\N	Vyttila, Kochi, Kerala, India	Vyttila	9.968199	76.3182346	1	1
35f42ab6-739d-4e05-b1ae-92291cb2daf2	2	2023-10-20 09:32:27.338991+00	2023-10-20 09:32:27.339013+00	f	\N	Friedrich Graf von Westphalen	Friedrich Graf von Westphalen	50.1132087	8.6733845	4	4
afe46437-0647-497f-b8ad-6b24e1bbf897	3	2023-10-20 10:02:29.174571+00	2023-10-20 10:02:29.174595+00	f	\N	Cheruvathur, Kerala, India	Cheruvathur	12.2165159	75.1626153	4	4
515443cb-5d38-4f9f-8b75-418790a0e452	4	2023-10-20 10:15:36.930765+00	2023-10-20 10:15:36.930785+00	f	\N	21Plus	21Plus	24.973168	121.2528532	4	4
e65fdccb-f8e7-4e3d-a047-fd446b317c81	5	2023-10-25 04:13:03.275795+00	2023-10-25 04:13:03.275826+00	f	\N	321 Kent Street, Sydney NSW, Australia	321 Kent Street	-33.8676298	151.2039229	4	4
e8e4e827-8455-43be-920b-31d7940d5f55	6	2023-10-25 06:26:53.891625+00	2023-10-25 06:26:53.891648+00	f	\N	Kochi, Kerala, India	Kochi	9.9312328	76.26730409999999	7	7
a8540006-8afa-442d-be2a-fb0d246a1415	7	2023-10-25 15:46:55.510473+00	2023-10-25 15:46:55.510496+00	f	\N	XS Espresso	XS Espresso	-32.9944978	151.6867594	4	4
82965d1f-ffec-4c39-a207-ffafdae4cf19	8	2023-10-25 15:49:34.880901+00	2023-10-25 15:49:34.880925+00	f	\N	sweetgreen	sweetgreen	42.3531994	-71.04665179999999	4	4
1f756e58-80f7-436e-b2e7-ae1d5ca00002	9	2023-10-25 15:51:30.774831+00	2023-10-25 15:51:30.774855+00	f	\N	Cxc Toys & Baby Shops	Cxc Toys & Baby Shops	34.701694	33.077225	4	4
64c7790a-77f8-48ea-b6ff-37d1dc52d8a4	10	2023-10-26 04:51:39.844569+00	2023-10-26 04:51:39.844593+00	f	\N	FTI Consulting	FTI Consulting	40.753563	-73.97280500000001	4	4
ab55b65e-f092-4236-bb66-dafb2bc4b6f8	11	2023-10-26 11:59:22.492949+00	2023-10-26 11:59:22.492972+00	f	\N	Kozhikode, Kerala, India	Kozhikode	11.2587531	75.78041	4	4
9cb3e5eb-95de-4fe9-a5d9-8d8faa595db7	12	2023-10-26 16:40:23.093859+00	2023-10-26 16:40:23.093895+00	f	\N	Cheruvannur, Kerala, India	Cheruvannur	11.1903272	75.82835450000002	4	4
37ee0256-ff75-4363-b507-e44906c8cede	13	2023-10-27 05:22:16.37502+00	2023-10-27 05:22:16.375043+00	f	\N	Cheruvannur, Kerala, India	Cheruvannur	11.9082483	75.4633641	4	4
1cd9ec18-7463-4927-8aa7-7692b51c80b6	14	2023-10-27 16:10:43.362622+00	2023-10-27 16:10:43.362651+00	f	\N	Cheruvathur, Kerala, India	Cheruvathur	12.2236741	75.1428517	4	4
141e77b6-4494-46a2-aa0b-89135d4f1543	15	2023-11-03 05:23:43.33499+00	2023-11-03 05:23:43.335013+00	f	\N	Malappuram, Kerala, India	Malappuram	11.0509762	76.0710967	1	1
f885a9ab-bcf3-4322-ae24-921eda73dbe9	16	2023-11-04 08:48:17.944272+00	2023-11-04 08:48:17.944293+00	f	\N	Nettoor, Maradu, Ernakulam, Kerala, India	Nettoor	9.9282678	76.31451880000002	4	4
3b3cd727-2f1e-4e72-a3af-92f1c0b1b120	17	2023-11-06 06:55:35.234401+00	2023-11-06 06:55:35.234426+00	f	\N	Kohls	Kohls	47.4947844	-94.89968119999999	4	4
1aebea0d-e264-4b7c-ba71-f1827ef621a6	18	2023-11-07 10:26:56.199462+00	2023-11-07 10:26:56.19949+00	f	\N	Ezhome, Kerala, India	Ezhome	12.0400947	75.297485	19	19
92afd23d-ca19-4c22-8146-274719467c49	19	2023-11-08 13:36:32.253578+00	2023-11-08 13:36:32.253603+00	f	\N	Anand, Gujarat, India	Anand	22.5645175	72.928871	19	19
1b63420b-0d15-47cf-a07f-57e30a5dc92b	20	2023-11-09 05:33:25.648746+00	2023-11-09 05:33:25.648778+00	f	\N					19	19
3e56cd20-0bf5-4240-bb48-a0159da38c0d	21	2023-11-17 05:27:53.054334+00	2023-11-17 05:27:53.054357+00	f	\N	Palode, Kerala, India	Palode	8.724433699999999	77.02478099999999	1	1
a18bc490-0558-4a7e-ab9c-4550e95a2a23	22	2023-11-22 06:56:59.006933+00	2023-11-22 06:56:59.006955+00	f	\N	tvm	tvm	\N	\N	19	19
2bc2d1b0-3093-496c-bfb4-c7cb223cb9c3	23	2023-11-25 10:32:58.34233+00	2023-11-25 10:32:58.342351+00	f	\N	HiLITE Platino, Colony Road, Shankar Nagar, Kannadikkadu, Maradu, Kochi, Kerala, India	HiLITE Platino	9.948170899999997	76.3193667	19	19
a99568f0-0cdb-494a-b39d-ba8294f32e85	24	2023-11-25 11:57:20.150921+00	2023-11-25 11:57:20.150949+00	f	\N	Ernakulam, Kerala, India	Ernakulam	9.9816358	76.2998842	19	19
870ad21f-19f4-4761-9090-07765a42e0ad	25	2023-11-28 09:24:03.602018+00	2023-11-28 09:24:03.60204+00	f	\N	Kozhikode District Co-operative Bank Ltd	Kozhikode District Co-operative Bank Ltd	11.1772961	75.83214319999999	19	19
3cb1e8ac-5b86-40c1-bde3-2324d5b756d1	27	2023-11-29 12:01:16.945+00	2023-11-29 12:01:16.945023+00	f	\N	Kozhikode Beach, Kozhikode, Kerala	Kozhikode Beach	11.2626228	75.7673095	1	1
e461ca1a-67ec-4876-b959-58315bd2d939	28	2023-11-30 05:37:37.667185+00	2023-11-30 05:37:37.667212+00	f	\N	Kasaragod District Co Operative Bank	Kasaragod District Co Operative Bank	12.507318	74.99590309999999	19	19
fbf3656b-a731-4dad-98da-9903f03f3ae1	29	2023-11-30 06:34:30.162683+00	2023-11-30 06:34:30.162715+00	f	\N	Kasaragod, Kerala, India	Kasaragod	12.4995966	74.9869276	19	19
f89c315c-eed0-4a15-a64f-f54eef158006	30	2023-11-30 06:35:48.197624+00	2023-11-30 06:35:48.197648+00	f	\N	Kaspa's Desserts	Kaspa's Desserts	51.4616109	-0.0069616	19	19
72bbbf54-59c9-46db-83ca-705bd9c32b2a	31	2023-11-30 09:31:43.935547+00	2023-11-30 09:31:43.935569+00	f	\N	Jja	Jja	\N	\N	19	19
33901cc2-adf9-4232-8a28-3a8947df1ce3	32	2023-11-30 10:24:31.717563+00	2023-11-30 10:24:31.717588+00	f	\N	Kochlöffel	Kochlöffel	49.3176188	8.4358328	19	19
351f8bff-8cf6-415b-868b-0bcc27d29941	33	2023-11-30 10:25:44.59153+00	2023-11-30 10:25:44.591558+00	f	\N	Burger King	Burger King	-33.8944432	151.18263	19	19
c4290b30-7b1f-413d-a9ea-0df87c0285a9	34	2023-11-30 14:57:41.824032+00	2023-11-30 14:57:41.824056+00	f	\N	Kozhikode Railway station platform No 3, Railway Station Road, Palayam, Kozhikode, Kerala, India	Kozhikode Railway station platform No 3	11.2448713	75.7811993	19	19
2fa777b7-90ab-4afd-ab08-23b34475f528	35	2023-12-02 16:46:30.294109+00	2023-12-02 16:46:30.29413+00	f	\N	Cheruvathur, Kerala, India	Cheruvathur	12.5042688	74.9797376	19	19
b56c4c8e-16b0-4d09-afbd-f00c4a451ec6	36	2023-12-05 10:39:07.832771+00	2023-12-05 10:39:07.8328+00	f	\N	Fort Kochi, Kochi, Kerala, India	Fort Kochi	9.9657787	76.2421147	19	19
95b649f5-b558-4265-8303-4bd6861cd2e7	37	2023-12-16 05:16:27.42001+00	2023-12-16 05:16:27.420033+00	f	\N	Iritty, Kerala, India	Iritty	11.9818625	75.67026469999999	1	1
315baf6b-b762-4f97-b8ae-67bec8c7c824	38	2023-12-16 05:17:46.157982+00	2023-12-16 05:17:46.158014+00	f	\N	Pangode - Pazhavila Road, Milma Distribution Society, Kallara, Kerala, India	Pangode - Pazhavila Road	8.761724599999999	76.95779639999999	1	1
af6b25c2-0328-46f7-b634-fe1201b9aac8	39	2023-12-18 12:07:30.205448+00	2023-12-18 12:07:30.205472+00	f	\N	Arakkinar Juma Masjid, Beypore Road, Sunni Masjid, Arakkinar, Kozhikode, Kerala, India	Arakkinar Juma Masjid	11.2018835	75.8023005	19	19
815297b9-8da7-4685-b510-d8940be011af	40	2023-12-27 09:10:48.141351+00	2023-12-27 09:10:48.14139+00	f	\N	KMM ROYAL Convention Centre,Kattanallur, Katamanallur Road, Sannatammanahalli, Bengaluru, Karnataka, India	KMM ROYAL Convention Centre	13.0500164	77.76188359999999	19	19
2e55e306-93b0-464c-a683-de14a65a71da	41	2024-01-03 12:49:47.401355+00	2024-01-03 12:49:47.401379+00	f	\N	Testone	Testone	-34.6179005	150.7822917	1	1
d479b880-e20b-4999-ae75-39d5a1b7e129	42	2024-02-15 10:07:46.940288+00	2024-02-15 10:07:46.940335+00	f	\N	Anakkampoyil, Kerala, India	Anakkampoyil	11.4368955	76.05877199999999	19	19
0db3bf42-cd9f-46a7-b2f9-713dc1d56414	43	2024-02-24 11:15:52.467832+00	2024-02-24 11:15:52.467865+00	f	\N	Pangolin Associates	Pangolin Associates	-33.8653339	151.206556	78	78
910878d5-2f05-4476-8843-cf7b1c718181	44	2024-03-02 07:43:36.890395+00	2024-03-02 07:43:36.890433+00	f	\N	Maradu, Ernakulam, Kerala, India	Maradu	9.9367552	76.3180429	19	19
6f7c6d13-f53c-46de-96b4-ca24b5693d4b	45	2024-03-12 09:21:44.773088+00	2024-03-12 09:21:44.773127+00	f	\N	454 Cleveland Street, Surry Hills NSW, Australia	454 Cleveland Street	-33.8914683	151.2132267	19	19
dd529d4d-6cd8-45f0-b3e8-e41ab579c94b	46	2024-03-12 09:24:58.242891+00	2024-03-12 09:24:58.242927+00	f	\N	Ullikkal, Kannur, Kerala, India	Ullikkal	\N	\N	19	19
12546f45-efa7-40b6-b3eb-463e9cfbf275	47	2024-03-12 09:25:33.457722+00	2024-03-12 09:25:33.457748+00	f	\N	Koyilandy Railway Station, Railway Station Road, Koyilandy, Kerala, India	Koyilandy Railway Station	11.4461906	75.69346259999999	19	19
fd952f53-83c4-42bd-91cd-d65ee9709865	48	2024-03-12 10:37:53.846269+00	2024-03-12 10:37:53.846304+00	f	\N	Jollibee	Jollibee	24.6914588	46.7085965	19	19
ec0d0c65-c299-4af2-a5cb-7a6991daa3c2	49	2024-03-13 06:24:00.999035+00	2024-03-13 06:24:00.999064+00	f	\N	Sydney Airport (SYD), Mascot NSW, Australia	Sydney Airport (SYD)	-33.93995959999999	151.1754488	19	19
bef9f66c-b807-465f-9000-d0c7e5ea2b67	50	2024-03-13 08:50:02.843841+00	2024-03-13 08:50:02.843879+00	f	\N	test	test	\N	\N	19	19
f8e30be2-dc38-48f2-be21-b45e807af543	51	2024-03-18 06:40:09.230517+00	2024-03-18 06:40:09.230544+00	f	\N	North Bondi NSW, Australia	North Bondi NSW	-33.8857289	151.280712	1	1
f86250fd-92ce-4fca-bf8d-f5cb50430b4f	52	2024-03-20 05:36:26.202003+00	2024-03-20 05:36:26.20203+00	f	\N	India	India	20.593684	78.96288	1	1
f2a6d04e-d951-4a03-9255-11efd5b34477	53	2024-03-20 05:56:46.936782+00	2024-03-20 05:56:46.936806+00	f	\N	GHA Solutions, Sydney NSW, Australia	GHA Solutions	-33.8699111	151.1197509	1	1
9760cb9f-4b7d-4607-b480-1b86a7539fb7	54	2024-03-20 06:05:26.844533+00	2024-03-20 06:05:26.844557+00	f	\N	Kerala, India	Kerala	10.1631526	76.64127119999999	1	1
4655f663-5bbd-4c81-9916-0276b17abdee	55	2024-03-20 07:43:51.917071+00	2024-03-20 07:43:51.917101+00	f	\N	Kerala Ayurveda	Kerala Ayurveda	28.5565848	77.24135700000001	19	19
125827c5-2ab2-4368-a2a2-c4d449ba7308	56	2024-03-20 11:55:16.708704+00	2024-03-20 11:55:16.708727+00	f	\N	sfdsf, East Campus Drive, Eagle Mountain, UT, USA	sfdsf	40.3800295	-111.9719297	1	1
5d8f9060-2d8c-4722-904a-7b1c7c2cbaa3	57	2024-03-20 11:55:29.512503+00	2024-03-20 11:55:29.512535+00	f	\N	Kerala Ayurveda	Kerala Ayurveda	26.9367447	75.78656699999999	1	1
983f9ba7-b748-4fe4-b073-1d3bd68e1250	58	2024-03-22 11:15:36.601433+00	2024-03-22 11:15:36.601466+00	f	\N	DriveTest	DriveTest	46.5102516	-84.2961645	1	1
\.


--
-- Data for Name: mode; Type: TABLE DATA; Schema: public; Owner: nexsme
--

COPY public.mode (id, readonly, maintenance, down) FROM stdin;
1	f	f	f
\.


--
-- Data for Name: offers; Type: TABLE DATA; Schema: public; Owner: nexsme
--

COPY public.offers (id, auto_id, date_added, date_updated, is_deleted, deleted_reason, title, offer_type, offer_percentage, start_time, end_time, image, category_id, creator_id, product_variant_id, subcategory_id, updater_id, warehouse_id) FROM stdin;
1e5eb9b5-450b-462d-88f6-62837c0f1b94	1	2023-11-07 08:02:48.365533+00	2023-11-07 08:02:48.365558+00	f	\N	Offer for Laptops	category	5.00	2023-10-31 21:00:00+00	2023-11-29 21:00:00+00		fe32edbe-ea04-476f-826f-1aa3343b1611	1	\N	\N	1	d9403eb0-6359-43b6-977d-27cc2d3b8c59
629c9680-c148-40f2-92d9-8f1e161c071c	2	2023-11-29 12:11:02.573211+00	2023-11-29 12:13:18.095461+00	f	\N	Mega Offer	category	10.00	2023-11-27 18:30:00+00	2023-12-29 18:30:00+00		9fea2359-44ee-4640-bf62-130bd4766e3e	1	\N	\N	1	d9403eb0-6359-43b6-977d-27cc2d3b8c59
\.


--
-- Data for Name: offers_vouchercode; Type: TABLE DATA; Schema: public; Owner: nexsme
--

COPY public.offers_vouchercode (id, auto_id, date_added, date_updated, is_deleted, deleted_reason, voucher_code, title, description, voucher_type, start_time, end_time, minimum_order_amount, upto_limit, voucher_amount, percentage, is_limited_once, is_expired, creator_id, customer_id, product_id, product_variant_id, updater_id) FROM stdin;
\.


--
-- Data for Name: offers_vouchercode_used_users; Type: TABLE DATA; Schema: public; Owner: nexsme
--

COPY public.offers_vouchercode_used_users (id, vouchercode_id, user_id) FROM stdin;
\.


--
-- Data for Name: orders_booking; Type: TABLE DATA; Schema: public; Owner: nexsme
--

COPY public.orders_booking (id, date_added, is_deleted, message, status, customer_id, order_id, product_variant_id) FROM stdin;
d2ad56b7-20fb-48d7-b067-d7e7f240732f	2023-10-23 14:04:09.925922+00	f		pending	6d1ee4df-5327-47c7-8087-80dfbf0a20ae	\N	a5e61679-eb29-425a-9919-085ab4ea1a62
aec07a7d-b5b0-4cac-b5f9-0d6247c90b49	2023-10-24 13:53:38.642693+00	f		pending	6d1ee4df-5327-47c7-8087-80dfbf0a20ae	\N	8279cc39-e667-4292-a079-1106c59cd471
c923302c-63ee-4930-95d9-8d67ad2ac021	2023-10-24 14:15:12.727249+00	f		pending	6d1ee4df-5327-47c7-8087-80dfbf0a20ae	\N	6253384e-f0e9-42bb-8531-3ee64d24ea7b
2e43819b-4646-4bea-bb68-70ac1e7027d6	2023-10-25 04:30:20.905851+00	f		pending	6d1ee4df-5327-47c7-8087-80dfbf0a20ae	\N	7cc61e90-5a92-47d4-a2a9-63a3ceea488a
68a876d4-a5c0-4a7e-9285-1cdd0bfab146	2023-10-25 05:13:21.155665+00	f		pending	6d1ee4df-5327-47c7-8087-80dfbf0a20ae	\N	e54be035-b012-4922-8c83-501396128a7c
3eca1fa7-e793-43a9-b837-39b3915dccb3	2023-10-25 07:22:01.001595+00	f		pending	6d1ee4df-5327-47c7-8087-80dfbf0a20ae	\N	b030d13d-03ad-4efc-b1db-b592ba0f8f41
e95c7e6b-326b-4efb-95de-487d94e6ec1a	2023-11-21 06:47:43.69977+00	f		pending	cb0df2dd-bc04-4601-8bc5-163ddc1b47df	\N	e114c011-d263-4bd7-a058-4b16056a7111
59b527c4-a5fc-4c30-9069-f068f15eaf17	2023-11-21 07:07:40.3072+00	f		pending	cb0df2dd-bc04-4601-8bc5-163ddc1b47df	\N	e114c011-d263-4bd7-a058-4b16056a7111
d45bb48f-999e-4066-99f1-1c806e7d5ab8	2023-11-21 07:07:48.729599+00	f		pending	cb0df2dd-bc04-4601-8bc5-163ddc1b47df	\N	e114c011-d263-4bd7-a058-4b16056a7111
fb92b8f8-5fea-49a9-8068-11e0b099a1be	2024-03-13 09:15:28.534342+00	f		confirmed	cb0df2dd-bc04-4601-8bc5-163ddc1b47df	\N	8a2defa2-6b5a-4b66-8908-701b22db930b
53bb277c-edb3-4885-80f2-234e05452637	2023-11-30 10:17:16.197141+00	f		confirmed	cb0df2dd-bc04-4601-8bc5-163ddc1b47df	\N	e114c011-d263-4bd7-a058-4b16056a7111
cefa0f28-c328-4cfa-9c15-f431eec3fdcd	2023-11-30 10:17:07.34785+00	f		confirmed	cb0df2dd-bc04-4601-8bc5-163ddc1b47df	\N	e114c011-d263-4bd7-a058-4b16056a7111
\.


--
-- Data for Name: orders_orderitem; Type: TABLE DATA; Schema: public; Owner: nexsme
--

COPY public.orders_orderitem (id, date_added, is_deleted, qty, price, status, igst_rate, cgst_rate, sgst_rate, igst_amount, cgst_amount, sgst_amount, batch_id, order_id, product_variant_id, date_cancelled, is_cancelled) FROM stdin;
51933f6b-62ee-4c46-a21e-bd204a759051	2024-02-27 11:46:45.816414+00	f	1.00	611.00	30	0.00	0.00	0.00	0.00	0.00	0.00	429cd12f-e05a-4158-820c-5da5b93a17d1	f789e66e-d6f9-40ac-a78d-ed635fde607d	7ab6268e-00e2-44c6-b3ed-ea81dc1626a0	\N	f
cbdbab23-1ee8-4687-84e7-a6aa1139c86e	2024-03-06 18:06:36.477116+00	f	1.00	1249.00	10	0.00	0.00	0.00	0.00	0.00	0.00	a35ebfe7-4157-4589-9b82-cc85636b7313	2f651fbe-4515-4bbb-8b18-e72ece63a18b	a5e61679-eb29-425a-9919-085ab4ea1a62	\N	f
3a56893f-eadb-4d0d-85b6-479c7c7d25cf	2024-03-06 18:06:36.511071+00	f	1.00	611.00	10	0.00	0.00	0.00	0.00	0.00	0.00	429cd12f-e05a-4158-820c-5da5b93a17d1	2f651fbe-4515-4bbb-8b18-e72ece63a18b	7ab6268e-00e2-44c6-b3ed-ea81dc1626a0	\N	f
956ae05e-4011-4212-b09b-74698a862df0	2024-03-14 09:18:11.826257+00	f	1.00	611.00	30	0.00	0.00	0.00	0.00	0.00	0.00	429cd12f-e05a-4158-820c-5da5b93a17d1	6583d289-8ba8-4e54-a673-f9839538e2f0	7ab6268e-00e2-44c6-b3ed-ea81dc1626a0	\N	f
715c8db7-eb48-4530-91d0-b82ffb4b747a	2024-03-11 12:09:51.807393+00	f	1.00	1249.00	30	0.00	0.00	0.00	0.00	0.00	0.00	a35ebfe7-4157-4589-9b82-cc85636b7313	7fd386dc-e79f-41c3-b50e-02c382015a2a	a5e61679-eb29-425a-9919-085ab4ea1a62	\N	t
8bd9b114-a402-4ed4-9879-2268c508e8c4	2024-03-12 10:13:12.098267+00	f	1.00	12000.00	10	0.00	0.00	0.00	0.00	0.00	0.00	323f7003-7f17-4b43-9fde-23352f9d6d95	135cbcfd-1b38-4451-b042-884731cb8312	a3e60391-92b6-4291-882c-5eba445a57f5	\N	f
8e8fe07f-eee1-4b0c-9177-e8d3d0ff13e3	2024-03-12 10:30:05.216254+00	f	1.00	2850.00	10	0.00	0.00	0.00	0.00	0.00	0.00	fbe6ceb7-55ad-4ee7-815d-b56293f724b6	616d95bb-4b65-4b04-b51a-08df750de179	e114c011-d263-4bd7-a058-4b16056a7111	\N	f
a1346fcb-d670-4d8e-9278-3502dd9d52e4	2024-03-12 10:38:52.135409+00	f	1.00	1199.00	10	0.00	0.00	0.00	0.00	0.00	0.00	50dc83a1-7993-4f11-bcd7-45faeee5bdb2	1d451ec3-f678-47da-8a7f-c89ddc9f0131	a9fbf079-1a49-4b02-bb52-816c98455bbe	\N	f
65dd227a-42a8-44ee-8802-f6f7a5897f51	2024-03-12 11:14:11.125368+00	f	1.00	18000.00	10	0.00	0.00	0.00	0.00	0.00	0.00	7e88c352-bf1c-4e66-9dad-dfe5539a1156	af0109dc-bd2a-4e40-bdc2-48eb72cb3f84	550d8674-4b61-430f-8fe5-2424952fd507	\N	f
2c6fda58-19e8-4299-8008-d8c1f4c614c1	2024-03-12 11:20:36.283054+00	f	1.00	329.00	10	0.00	0.00	0.00	0.00	0.00	0.00	db4386b2-abc4-4761-9fe2-f70d63518280	1e0791f3-af59-4996-a1fe-f064b51a291b	6708ce33-b38b-44b3-80c3-020cf7ab8c08	\N	f
d8ae546d-956d-444a-8157-65ed488e68c0	2024-03-12 11:22:04.578352+00	f	1.00	1199.00	10	0.00	0.00	0.00	0.00	0.00	0.00	50dc83a1-7993-4f11-bcd7-45faeee5bdb2	5b6b0cce-18bd-4528-97fe-2966f030c0c5	a9fbf079-1a49-4b02-bb52-816c98455bbe	\N	f
9d5db2fb-2bd5-42d9-9bd6-b330241fbf95	2024-03-12 11:22:04.61561+00	f	1.00	2850.00	10	0.00	0.00	0.00	0.00	0.00	0.00	fbe6ceb7-55ad-4ee7-815d-b56293f724b6	5b6b0cce-18bd-4528-97fe-2966f030c0c5	e114c011-d263-4bd7-a058-4b16056a7111	\N	f
d22f90c0-460b-42bd-a277-f423d8a85744	2024-03-12 11:22:04.638172+00	f	1.00	1249.00	10	0.00	0.00	0.00	0.00	0.00	0.00	a35ebfe7-4157-4589-9b82-cc85636b7313	5b6b0cce-18bd-4528-97fe-2966f030c0c5	a5e61679-eb29-425a-9919-085ab4ea1a62	\N	f
f4a66501-1a26-4c03-8305-53feec03651f	2024-03-12 11:22:04.65878+00	f	1.00	611.00	10	0.00	0.00	0.00	0.00	0.00	0.00	429cd12f-e05a-4158-820c-5da5b93a17d1	5b6b0cce-18bd-4528-97fe-2966f030c0c5	7ab6268e-00e2-44c6-b3ed-ea81dc1626a0	\N	f
34417d72-d882-4900-8154-68986cc6e521	2024-03-13 05:34:31.852199+00	f	1.00	269.00	10	0.00	0.00	0.00	0.00	0.00	0.00	9071be04-9bd4-4d61-a2e1-d584fe3edb47	d9ac525b-a1e8-4fee-bdce-82b8fe19fdd3	773b37a2-b0f1-4c9b-b1a5-2eb60eccd0db	\N	f
ee1ffe6d-bc49-471b-b66b-cb239df203f2	2024-03-13 05:34:31.883475+00	f	1.00	1199.00	10	0.00	0.00	0.00	0.00	0.00	0.00	50dc83a1-7993-4f11-bcd7-45faeee5bdb2	d9ac525b-a1e8-4fee-bdce-82b8fe19fdd3	a9fbf079-1a49-4b02-bb52-816c98455bbe	\N	f
50d31ab2-d494-4281-87ec-06dff43bba37	2024-03-13 05:34:31.908831+00	f	1.00	2850.00	10	0.00	0.00	0.00	0.00	0.00	0.00	fbe6ceb7-55ad-4ee7-815d-b56293f724b6	d9ac525b-a1e8-4fee-bdce-82b8fe19fdd3	e114c011-d263-4bd7-a058-4b16056a7111	\N	f
2c69be90-2e4a-4e09-8977-6b589e1fc49e	2024-03-13 05:34:31.935601+00	f	1.00	1249.00	10	0.00	0.00	0.00	0.00	0.00	0.00	a35ebfe7-4157-4589-9b82-cc85636b7313	d9ac525b-a1e8-4fee-bdce-82b8fe19fdd3	a5e61679-eb29-425a-9919-085ab4ea1a62	\N	f
4dda78d0-6248-4cec-9345-38575e48710c	2024-03-13 05:34:31.966064+00	f	1.00	611.00	10	0.00	0.00	0.00	0.00	0.00	0.00	429cd12f-e05a-4158-820c-5da5b93a17d1	d9ac525b-a1e8-4fee-bdce-82b8fe19fdd3	7ab6268e-00e2-44c6-b3ed-ea81dc1626a0	\N	f
b48f61f8-c20e-438a-b501-516500ce0b15	2024-03-13 05:56:52.686282+00	f	1.00	269.00	10	0.00	0.00	0.00	0.00	0.00	0.00	9071be04-9bd4-4d61-a2e1-d584fe3edb47	0b8beff1-9d41-48a5-b12d-7d6d4ba48fa1	773b37a2-b0f1-4c9b-b1a5-2eb60eccd0db	\N	f
752b2921-baf8-4759-a5f3-00f14e51bd8b	2024-03-13 05:56:52.715244+00	f	1.00	2850.00	10	0.00	0.00	0.00	0.00	0.00	0.00	fbe6ceb7-55ad-4ee7-815d-b56293f724b6	0b8beff1-9d41-48a5-b12d-7d6d4ba48fa1	e114c011-d263-4bd7-a058-4b16056a7111	\N	f
9d58a31c-b5f9-466c-af57-2d697aba2bc5	2024-03-13 06:35:00.587754+00	f	1.00	12000.00	10	0.00	0.00	0.00	0.00	0.00	0.00	323f7003-7f17-4b43-9fde-23352f9d6d95	9d8c3bed-ac95-444d-a8c1-ec1bd0cee1af	a3e60391-92b6-4291-882c-5eba445a57f5	\N	f
63c03c75-125c-4b50-abf2-db1216c9f86a	2024-03-13 06:35:00.62329+00	f	1.00	269.00	10	0.00	0.00	0.00	0.00	0.00	0.00	9071be04-9bd4-4d61-a2e1-d584fe3edb47	9d8c3bed-ac95-444d-a8c1-ec1bd0cee1af	773b37a2-b0f1-4c9b-b1a5-2eb60eccd0db	\N	f
da12beea-60ae-409b-9975-51562b39a022	2024-03-13 06:35:00.653865+00	f	1.00	1249.00	10	0.00	0.00	0.00	0.00	0.00	0.00	a35ebfe7-4157-4589-9b82-cc85636b7313	9d8c3bed-ac95-444d-a8c1-ec1bd0cee1af	a5e61679-eb29-425a-9919-085ab4ea1a62	\N	f
0714715c-f902-4104-96c5-756c0b5f3edb	2024-03-13 06:35:00.681321+00	f	1.00	2850.00	10	0.00	0.00	0.00	0.00	0.00	0.00	fbe6ceb7-55ad-4ee7-815d-b56293f724b6	9d8c3bed-ac95-444d-a8c1-ec1bd0cee1af	e114c011-d263-4bd7-a058-4b16056a7111	\N	f
f88182fb-d7d8-4370-a69d-392a5f669cd8	2024-03-14 09:18:11.849289+00	f	1.00	1249.00	30	0.00	0.00	0.00	0.00	0.00	0.00	a35ebfe7-4157-4589-9b82-cc85636b7313	6583d289-8ba8-4e54-a673-f9839538e2f0	a5e61679-eb29-425a-9919-085ab4ea1a62	\N	f
68e44a1e-755c-4d0c-8981-c9bdebf35748	2024-03-16 05:23:52.20336+00	f	1.00	1249.00	10	0.00	0.00	0.00	0.00	0.00	0.00	a35ebfe7-4157-4589-9b82-cc85636b7313	547b2448-7ae4-4bef-bebb-75035ecde533	a5e61679-eb29-425a-9919-085ab4ea1a62	\N	f
9b3400c3-2c36-45cf-8ac6-fe26ddc96e71	2024-03-13 06:44:11.724293+00	f	1.00	999.00	30	0.00	0.00	0.00	0.00	0.00	0.00	b6316b37-4038-4fd6-9ca4-b55ea4f85c3e	31fa30bd-09de-4fc8-a619-ef8546b871d7	9d00586e-b651-4167-95a7-db566af66c58	\N	f
40a90e6f-dcf5-4b10-9ea5-a21202c1fe24	2024-03-13 08:55:48.145436+00	f	1.00	611.00	30	0.00	0.00	0.00	0.00	0.00	0.00	429cd12f-e05a-4158-820c-5da5b93a17d1	e86fde02-644c-4216-9201-049056ba2018	7ab6268e-00e2-44c6-b3ed-ea81dc1626a0	\N	t
2fb392b9-e9b9-449c-a7f5-6c35d651cda4	2024-03-14 05:38:21.051923+00	f	1.00	2850.00	30	0.00	0.00	0.00	0.00	0.00	0.00	fbe6ceb7-55ad-4ee7-815d-b56293f724b6	c016c6e2-d0da-4953-a223-f3fa10378988	e114c011-d263-4bd7-a058-4b16056a7111	\N	f
1da1042e-5736-49d4-b5fa-1011b84cdec6	2024-03-14 05:38:21.073751+00	f	1.00	33900.00	30	0.00	0.00	0.00	0.00	0.00	0.00	61974e26-a8fe-4a6b-ac89-8a66119dc4e2	c016c6e2-d0da-4953-a223-f3fa10378988	6253384e-f0e9-42bb-8531-3ee64d24ea7b	\N	f
19c7c4a7-5426-4fcc-bde5-dd9a914b4d5b	2024-03-14 05:38:21.097882+00	f	5.00	2750.00	30	0.00	0.00	0.00	0.00	0.00	0.00	fda51e4d-40b5-41bd-8bd6-056b66520f0f	c016c6e2-d0da-4953-a223-f3fa10378988	8279cc39-e667-4292-a079-1106c59cd471	\N	f
e6e80f70-6721-4ce6-a70d-f297201184d6	2024-03-14 09:04:18.54487+00	f	1.00	1799.00	30	0.00	0.00	0.00	0.00	0.00	0.00	d70a6305-63db-4f4b-9e20-f47c09fa5090	f1b1be3d-3d4f-4899-b47e-173cb7232a29	f48007ae-e58b-4a05-bb2e-4bbf063c6023	\N	f
8c24c385-c227-4ead-98bd-c1783d0ddc3a	2024-03-14 09:04:18.577415+00	f	1.00	2850.00	30	0.00	0.00	0.00	0.00	0.00	0.00	fbe6ceb7-55ad-4ee7-815d-b56293f724b6	f1b1be3d-3d4f-4899-b47e-173cb7232a29	e114c011-d263-4bd7-a058-4b16056a7111	\N	f
3599e198-51d4-4111-9a77-58e603f82d4c	2024-03-14 09:04:18.601045+00	f	1.00	33900.00	30	0.00	0.00	0.00	0.00	0.00	0.00	61974e26-a8fe-4a6b-ac89-8a66119dc4e2	f1b1be3d-3d4f-4899-b47e-173cb7232a29	6253384e-f0e9-42bb-8531-3ee64d24ea7b	\N	f
ff22c886-dcd7-41c4-aade-6918b756890a	2024-03-14 09:04:18.625585+00	f	1.00	12000.00	30	0.00	0.00	0.00	0.00	0.00	0.00	323f7003-7f17-4b43-9fde-23352f9d6d95	f1b1be3d-3d4f-4899-b47e-173cb7232a29	a3e60391-92b6-4291-882c-5eba445a57f5	\N	f
5e59c3bf-7f40-4ffe-ae82-c6652c9c99d4	2024-03-14 09:04:18.651661+00	f	1.00	17890.00	30	0.00	0.00	0.00	0.00	0.00	0.00	a603525a-d297-4b9c-a9f9-92736a349f51	f1b1be3d-3d4f-4899-b47e-173cb7232a29	b030d13d-03ad-4efc-b1db-b592ba0f8f41	\N	f
2eab7394-6621-4857-b6b3-ddba39a2f265	2024-03-14 09:04:18.67699+00	f	1.00	18000.00	30	0.00	0.00	0.00	0.00	0.00	0.00	7e88c352-bf1c-4e66-9dad-dfe5539a1156	f1b1be3d-3d4f-4899-b47e-173cb7232a29	550d8674-4b61-430f-8fe5-2424952fd507	\N	f
c660e05e-454e-49f3-b9ed-2eed846959ce	2024-03-18 09:53:26.773973+00	f	1.00	1950.00	10	0.00	0.00	0.00	0.00	0.00	0.00	6bf9da40-8a1d-44b2-b865-b880e55b6464	86bb50d8-1b7e-4912-b819-f5790c86d67d	8a2defa2-6b5a-4b66-8908-701b22db930b	\N	f
f5d373e3-c27b-467b-be83-ee425de8ea62	2024-03-18 10:05:25.079192+00	f	1.00	1249.00	10	0.00	0.00	0.00	0.00	0.00	0.00	a35ebfe7-4157-4589-9b82-cc85636b7313	46607a74-91c6-4ad7-affa-060108c3cae4	a5e61679-eb29-425a-9919-085ab4ea1a62	\N	f
d3145e03-f7cb-4822-9548-6f5edec5e6d3	2024-03-18 10:05:25.106902+00	f	1.00	2850.00	10	0.00	0.00	0.00	0.00	0.00	0.00	fbe6ceb7-55ad-4ee7-815d-b56293f724b6	46607a74-91c6-4ad7-affa-060108c3cae4	e114c011-d263-4bd7-a058-4b16056a7111	\N	f
94397123-d5c4-4917-b5c7-b4d475424fea	2024-03-18 10:06:26.13865+00	f	1.00	1500.00	10	0.00	0.00	0.00	0.00	0.00	0.00	6fb52fba-86e3-4fc7-83d2-303087b6a293	ad41726c-aa14-448f-9dc2-e37f960a1aa9	8d2cb4c2-9ce5-4632-ad79-fc569bec3138	\N	f
02da0465-8ce9-4e93-8cf3-2f6d4e04bf77	2024-03-18 10:06:26.164468+00	f	1.00	125000.00	10	0.00	0.00	0.00	0.00	0.00	0.00	cb26a882-4d59-4c93-ab1e-a1f24b08d9f9	ad41726c-aa14-448f-9dc2-e37f960a1aa9	18b5c608-e07f-4c49-b3f4-efb97cc350aa	\N	f
66fd9704-1abe-498e-abc8-a73de866245c	2024-03-18 10:06:26.189803+00	f	1.00	1199.00	10	0.00	0.00	0.00	0.00	0.00	0.00	50dc83a1-7993-4f11-bcd7-45faeee5bdb2	ad41726c-aa14-448f-9dc2-e37f960a1aa9	a9fbf079-1a49-4b02-bb52-816c98455bbe	\N	f
a4b66699-9816-4cda-8142-8ed555e5e299	2024-03-18 10:06:26.216951+00	f	1.00	18000.00	10	0.00	0.00	0.00	0.00	0.00	0.00	7e88c352-bf1c-4e66-9dad-dfe5539a1156	ad41726c-aa14-448f-9dc2-e37f960a1aa9	550d8674-4b61-430f-8fe5-2424952fd507	\N	f
4e5d3393-3ca2-4a1c-a056-974604f264e7	2024-03-18 10:06:26.240183+00	f	1.00	33900.00	10	0.00	0.00	0.00	0.00	0.00	0.00	61974e26-a8fe-4a6b-ac89-8a66119dc4e2	ad41726c-aa14-448f-9dc2-e37f960a1aa9	6253384e-f0e9-42bb-8531-3ee64d24ea7b	\N	f
53135e55-4e15-4f34-b686-c15441ec119d	2024-03-18 10:06:26.268345+00	f	1.00	12000.00	10	0.00	0.00	0.00	0.00	0.00	0.00	323f7003-7f17-4b43-9fde-23352f9d6d95	ad41726c-aa14-448f-9dc2-e37f960a1aa9	a3e60391-92b6-4291-882c-5eba445a57f5	\N	f
b819007b-26f7-4ab2-87fa-8fe73d43f9a5	2024-03-18 10:07:47.798746+00	f	1.00	125000.00	10	0.00	0.00	0.00	0.00	0.00	0.00	cb26a882-4d59-4c93-ab1e-a1f24b08d9f9	52a6156c-2084-4009-8ca7-7a587f30d464	18b5c608-e07f-4c49-b3f4-efb97cc350aa	\N	f
f7ddab2e-208c-48e4-996b-2353aaf65ef9	2024-03-18 10:07:47.822976+00	f	1.00	1799.00	10	0.00	0.00	0.00	0.00	0.00	0.00	d70a6305-63db-4f4b-9e20-f47c09fa5090	52a6156c-2084-4009-8ca7-7a587f30d464	f48007ae-e58b-4a05-bb2e-4bbf063c6023	\N	f
92651bf7-bdd7-40cb-a23b-bfef45e0357c	2024-03-18 10:07:47.846263+00	f	1.00	18000.00	10	0.00	0.00	0.00	0.00	0.00	0.00	7e88c352-bf1c-4e66-9dad-dfe5539a1156	52a6156c-2084-4009-8ca7-7a587f30d464	550d8674-4b61-430f-8fe5-2424952fd507	\N	f
7820f5f3-a10d-496e-8a05-a7801ef23fe6	2024-03-18 10:07:47.869766+00	f	1.00	33900.00	10	0.00	0.00	0.00	0.00	0.00	0.00	61974e26-a8fe-4a6b-ac89-8a66119dc4e2	52a6156c-2084-4009-8ca7-7a587f30d464	6253384e-f0e9-42bb-8531-3ee64d24ea7b	\N	f
e65e842d-85d1-4b08-9bfa-093459e612a8	2024-03-18 10:07:47.894165+00	f	1.00	269.00	10	0.00	0.00	0.00	0.00	0.00	0.00	9071be04-9bd4-4d61-a2e1-d584fe3edb47	52a6156c-2084-4009-8ca7-7a587f30d464	773b37a2-b0f1-4c9b-b1a5-2eb60eccd0db	\N	f
81cf5754-9973-4e60-91d8-edd5c7fc879b	2024-03-18 10:07:47.91591+00	f	1.00	12000.00	10	0.00	0.00	0.00	0.00	0.00	0.00	323f7003-7f17-4b43-9fde-23352f9d6d95	52a6156c-2084-4009-8ca7-7a587f30d464	a3e60391-92b6-4291-882c-5eba445a57f5	\N	f
1522f128-267a-47a8-938f-e0b51c4677d4	2024-03-18 10:07:47.942675+00	f	1.00	611.00	10	0.00	0.00	0.00	0.00	0.00	0.00	429cd12f-e05a-4158-820c-5da5b93a17d1	52a6156c-2084-4009-8ca7-7a587f30d464	7ab6268e-00e2-44c6-b3ed-ea81dc1626a0	\N	f
198e0a6f-83b5-41b1-a513-7a6ce1425ecf	2024-03-18 10:07:47.972926+00	f	1.00	2850.00	10	0.00	0.00	0.00	0.00	0.00	0.00	fbe6ceb7-55ad-4ee7-815d-b56293f724b6	52a6156c-2084-4009-8ca7-7a587f30d464	e114c011-d263-4bd7-a058-4b16056a7111	\N	f
fefbdc32-2177-4a00-bd18-6da6ee0c23bb	2024-03-18 10:07:47.998527+00	f	1.00	1249.00	10	0.00	0.00	0.00	0.00	0.00	0.00	a35ebfe7-4157-4589-9b82-cc85636b7313	52a6156c-2084-4009-8ca7-7a587f30d464	a5e61679-eb29-425a-9919-085ab4ea1a62	\N	f
4a1b7ebf-c065-4546-830a-7c2a459746e0	2024-03-18 10:09:09.86422+00	f	1.00	3499.00	10	0.00	0.00	0.00	0.00	0.00	0.00	d2384a84-764d-41fe-9be7-5c4408a8d3f2	26579f28-9a15-4cb4-beca-1b5188ccccaf	235ad0af-dbcb-467c-a864-65868751373e	\N	f
73ec5398-8df0-43f1-b65c-6198b4d34072	2024-03-20 05:51:08.261155+00	f	1.00	3000.00	10	0.00	0.00	0.00	0.00	0.00	0.00	fbe6ceb7-55ad-4ee7-815d-b56293f724b6	d15e63b0-a82e-405f-8e35-1ddef9d2ab27	e114c011-d263-4bd7-a058-4b16056a7111	\N	f
cd8baf22-df42-4105-9262-61c09c87e8b4	2024-03-20 07:02:33.552714+00	f	1.00	1799.00	10	0.00	0.00	0.00	0.00	0.00	0.00	d70a6305-63db-4f4b-9e20-f47c09fa5090	4962dcaa-6a37-4f53-b686-99a961cde207	f48007ae-e58b-4a05-bb2e-4bbf063c6023	\N	f
23725ab3-3a1c-46a7-9855-cee7a3e4be28	2024-03-20 05:50:50.115333+00	f	1.00	3000.00	30	0.00	0.00	0.00	0.00	0.00	0.00	fbe6ceb7-55ad-4ee7-815d-b56293f724b6	9328ff01-9d88-4aa9-8f7a-1113ff6194bd	e114c011-d263-4bd7-a058-4b16056a7111	\N	f
\.


--
-- Data for Name: orders_orders; Type: TABLE DATA; Schema: public; Owner: nexsme
--

COPY public.orders_orders (id, auto_id, date_added, date_updated, is_deleted, deleted_reason, billing_name, billing_phone, billing_street, billing_address, billing_landmark, billing_state, billing_city, billing_latitude, billing_longitude, delivery_date, order_status, payment_method, payment_status, assigned_time, delivery_agent_is_accept, delivery_agent_declined_reason, delivery_agent_declined_reason_text, pickup_status, total_amt, wallet_amount, voucher_amount, card_name, card_number, transaction_id, payment_order_id, delivery_note, order_no, order_id, is_express_delivery, delivery_charge, is_manual, creator_id, customer_id, delivery_agent_id, prefix_id, receipt_voucher_id, time_slot_id, updater_id, vendor_id, warehouse_id, zone_id, delivered_time, delivery_agent_accepted_time, delivery_agent_declined_time, pickup_time) FROM stdin;
1d451ec3-f678-47da-8a7f-c89ddc9f0131	6	2024-03-12 10:38:52.113449+00	2024-03-12 10:38:52.113473+00	f	\N	Avad Ali	9207446403	208, 2nd Floor, HiLITE Platino, Road, Shankar Nagar, Jaya Nagar, Maradu, Kochi, Ernakulam, Kerala	208, 2nd Floor, HiLITE Platino, Road, Shankar Naga	\N	Kerala	\N	9.9367552	76.3180429	2024-03-12	10	upi	10	\N	\N	\N	\N	\N	1294	0	0	\N	\N	\N	\N	\N	6	NEXOR2023000006	f	95	f	19	cb0df2dd-bc04-4601-8bc5-163ddc1b47df	\N	169408d8-ab9e-4ebc-b10b-db7d4af34ae9	\N	\N	19	\N	d9403eb0-6359-43b6-977d-27cc2d3b8c59	2	\N	\N	\N	\N
86bb50d8-1b7e-4912-b819-f5790c86d67d	19	2024-03-18 09:53:26.769562+00	2024-03-18 09:53:26.769588+00	f	\N	test	9188030718	Talrop's Techies Park at NAHER Arts and Science College	Talrop's Techies Park at NAHER Arts and Science Co	test	KERALA	\N	\N	\N	\N	10	cod	10	\N	\N	\N	\N	\N	1950	0	0	\N	\N	\N	\N	\N	19	NEXOR2023000019	f	\N	f	1	cb0df2dd-bc04-4601-8bc5-163ddc1b47df	\N	169408d8-ab9e-4ebc-b10b-db7d4af34ae9	\N	\N	1	\N	d9403eb0-6359-43b6-977d-27cc2d3b8c59	2	\N	\N	\N	\N
af0109dc-bd2a-4e40-bdc2-48eb72cb3f84	7	2024-03-12 11:14:11.096503+00	2024-03-12 11:14:11.096534+00	f	\N	mm	3333333333	6543	67890	4535678	Kerala	\N	24.6914588	46.7085965	2024-03-12	10	upi	10	\N	\N	\N	\N	\N	18000	0	0	\N	\N	\N	\N	\N	7	NEXOR2023000007	f	0	f	19	cb0df2dd-bc04-4601-8bc5-163ddc1b47df	\N	169408d8-ab9e-4ebc-b10b-db7d4af34ae9	\N	\N	19	\N	d9403eb0-6359-43b6-977d-27cc2d3b8c59	3	\N	\N	\N	\N
1e0791f3-af59-4996-a1fe-f064b51a291b	8	2024-03-12 11:20:36.257953+00	2024-03-12 11:20:36.257979+00	f	\N	mm	3333333333	6543	67890	4535678	Kerala	\N	24.6914588	46.7085965	2024-03-12	10	upi	10	\N	\N	\N	\N	\N	6238	0	0	\N	\N	\N	\N	\N	8	NEXOR2023000008	f	0	f	19	cb0df2dd-bc04-4601-8bc5-163ddc1b47df	\N	169408d8-ab9e-4ebc-b10b-db7d4af34ae9	\N	\N	19	\N	d9403eb0-6359-43b6-977d-27cc2d3b8c59	3	\N	\N	\N	\N
f789e66e-d6f9-40ac-a78d-ed635fde607d	1	2024-02-27 11:46:45.792714+00	2024-02-27 11:46:45.792738+00	f	\N	Ken Gibbs	9539291027	Baker Street	Test House Name	Near Queens Hospital	Kerala	\N	11.4368955	76.05877199999999	2024-02-27	30	cod	10	2024-03-04 09:26:41.900544+00	t	\N	\N	picked_up	701	0	0	\N		\N	\N	\N	1	NEXOR2023000001	f	90	f	19	cb0df2dd-bc04-4601-8bc5-163ddc1b47df	5a35a688-887a-4921-94d5-e5a2253b0690	169408d8-ab9e-4ebc-b10b-db7d4af34ae9	\N	\N	19	\N	d9403eb0-6359-43b6-977d-27cc2d3b8c59	1	\N	\N	\N	\N
5b6b0cce-18bd-4528-97fe-2966f030c0c5	9	2024-03-12 11:22:04.556432+00	2024-03-12 11:22:04.556484+00	f	\N	mm	3333333333	6543	67890	4535678	Kerala	\N	24.6914588	46.7085965	2024-03-12	10	upi	10	\N	\N	\N	\N	\N	5909	0	0	\N	\N	\N	\N	\N	9	NEXOR2023000009	f	0	f	19	cb0df2dd-bc04-4601-8bc5-163ddc1b47df	\N	169408d8-ab9e-4ebc-b10b-db7d4af34ae9	\N	\N	19	\N	d9403eb0-6359-43b6-977d-27cc2d3b8c59	3	\N	\N	\N	\N
7fd386dc-e79f-41c3-b50e-02c382015a2a	3	2024-03-11 12:09:51.787364+00	2024-03-11 12:09:51.787385+00	f	\N	Ken Gibbs	9539291027	Baker Street	Test House Name	Near Queens Hospital	Kerala	\N	11.4368955	76.05877199999999	2024-03-28	40	upi	10	2024-03-12 09:21:19.859832+00	\N	\N	\N	\N	1289	0	0	\N	\N	\N	\N	\N	3	NEXOR2023000003	f	40	f	19	cb0df2dd-bc04-4601-8bc5-163ddc1b47df	5a35a688-887a-4921-94d5-e5a2253b0690	169408d8-ab9e-4ebc-b10b-db7d4af34ae9	\N	98e5263f-82d3-4623-915b-7000a01f3482	19	\N	d9403eb0-6359-43b6-977d-27cc2d3b8c59	1	\N	\N	\N	\N
d9ac525b-a1e8-4fee-bdce-82b8fe19fdd3	10	2024-03-13 05:34:31.83164+00	2024-03-13 05:34:31.831666+00	f	\N	mm	3333333333	6543	67890	4535678	Kerala	\N	24.6914588	46.7085965	2024-03-14	10	upi	10	\N	\N	\N	\N	\N	6178	0	0	\N	\N	\N	\N	\N	10	NEXOR2023000010	f	0	f	19	cb0df2dd-bc04-4601-8bc5-163ddc1b47df	\N	169408d8-ab9e-4ebc-b10b-db7d4af34ae9	\N	98e5263f-82d3-4623-915b-7000a01f3482	19	\N	d9403eb0-6359-43b6-977d-27cc2d3b8c59	3	\N	\N	\N	\N
0b8beff1-9d41-48a5-b12d-7d6d4ba48fa1	11	2024-03-13 05:56:52.66498+00	2024-03-13 05:56:52.665006+00	f	\N	mm	3333333333	6543	67890	4535678	Kerala	\N	24.6914588	46.7085965	2024-03-27	10	upi	10	\N	\N	\N	\N	\N	3119	0	0	\N	\N	\N	\N	\N	11	NEXOR2023000011	f	0	f	19	cb0df2dd-bc04-4601-8bc5-163ddc1b47df	\N	169408d8-ab9e-4ebc-b10b-db7d4af34ae9	\N	\N	19	\N	d9403eb0-6359-43b6-977d-27cc2d3b8c59	3	\N	\N	\N	\N
9d8c3bed-ac95-444d-a8c1-ec1bd0cee1af	12	2024-03-13 06:35:00.557815+00	2024-03-13 06:35:00.557841+00	f	\N	mm	3333333333	6543	67890	4535678	Kerala	\N	24.6914588	46.7085965	2024-03-28	10	upi	10	\N	\N	\N	\N	\N	16368	0	0	\N	\N	\N	\N	\N	12	NEXOR2023000012	f	0	f	19	cb0df2dd-bc04-4601-8bc5-163ddc1b47df	\N	169408d8-ab9e-4ebc-b10b-db7d4af34ae9	\N	15771b2a-7409-42a7-af8a-d19d39270780	19	\N	d9403eb0-6359-43b6-977d-27cc2d3b8c59	3	\N	\N	\N	\N
135cbcfd-1b38-4451-b042-884731cb8312	4	2024-03-12 10:13:12.072528+00	2024-03-12 10:13:12.072559+00	f	\N	test	9898989897	6543	67890	4535678	Kerala	\N	\N	\N	2024-03-12	10	upi	10	\N	\N	\N	\N	\N	12000	0	0	\N	\N	\N	\N	\N	4	NEXOR2023000004	f	0	f	19	cb0df2dd-bc04-4601-8bc5-163ddc1b47df	\N	169408d8-ab9e-4ebc-b10b-db7d4af34ae9	\N	\N	19	\N	d9403eb0-6359-43b6-977d-27cc2d3b8c59	3	\N	\N	\N	\N
f1b1be3d-3d4f-4899-b47e-173cb7232a29	16	2024-03-14 09:04:18.522769+00	2024-03-14 09:04:18.522797+00	f	\N	test	9234567890	test	tes	test	Kerala	\N	\N	\N	2024-03-15	10	Cash On Delivery	10	2024-03-15 11:52:44.645185+00	\N	\N	\N	\N	86439	0	0	\N	\N	\N	\N	\N	16	NEXOR2023000016	f	0	f	19	cb0df2dd-bc04-4601-8bc5-163ddc1b47df	208a8d52-ef9e-44f5-b800-ffc56f44fd46	169408d8-ab9e-4ebc-b10b-db7d4af34ae9	\N	171fb621-08b4-403a-98d3-aa52537eb36a	19	\N	d9403eb0-6359-43b6-977d-27cc2d3b8c59	2	\N	\N	\N	\N
46607a74-91c6-4ad7-affa-060108c3cae4	20	2024-03-18 10:05:25.059015+00	2024-03-18 10:05:25.059038+00	f	\N	test	9188030718	Talrop's Techies Park at NAHER Arts and Science College	Talrop's Techies Park at NAHER Arts and Science Co	test	KERALA	\N	\N	\N	2024-03-18	10	Cash On Delivery	10	\N	\N	\N	\N	\N	4194	0	0	\N	\N	\N	\N	\N	20	NEXOR2023000020	f	95	f	19	cb0df2dd-bc04-4601-8bc5-163ddc1b47df	\N	169408d8-ab9e-4ebc-b10b-db7d4af34ae9	\N	\N	19	\N	d9403eb0-6359-43b6-977d-27cc2d3b8c59	2	\N	\N	\N	\N
c016c6e2-d0da-4953-a223-f3fa10378988	15	2024-03-14 05:38:21.029952+00	2024-03-14 05:38:21.029976+00	f	\N	Avad Ali	9207446403	208, 2nd Floor, HiLITE Platino, Road, Shankar Nagar, Jaya Nagar, Maradu, Kochi, Ernakulam, Kerala	208, 2nd Floor, HiLITE Platino, Road, Shankar Naga	\N	Kerala	\N	9.9367552	76.3180429	2024-03-15	10	Cash On Delivery	10	2024-03-15 11:51:32.887859+00	\N	\N	\N	\N	50500	0	0	\N	\N	\N	\N	\N	15	NEXOR2023000015	f	0	f	19	cb0df2dd-bc04-4601-8bc5-163ddc1b47df	208a8d52-ef9e-44f5-b800-ffc56f44fd46	169408d8-ab9e-4ebc-b10b-db7d4af34ae9	\N	171fb621-08b4-403a-98d3-aa52537eb36a	19	\N	d9403eb0-6359-43b6-977d-27cc2d3b8c59	5	\N	\N	\N	\N
6583d289-8ba8-4e54-a673-f9839538e2f0	17	2024-03-14 09:18:11.803781+00	2024-03-14 09:18:11.80381+00	f	\N	test	9234567890	test	tes	test	Kerala	\N	\N	\N	2024-03-15	10	Cash On Delivery	10	2024-03-15 11:52:02.109809+00	\N	\N	\N	\N	1915	0	0	\N	\N	\N	\N	\N	17	NEXOR2023000017	f	55	f	19	cb0df2dd-bc04-4601-8bc5-163ddc1b47df	208a8d52-ef9e-44f5-b800-ffc56f44fd46	169408d8-ab9e-4ebc-b10b-db7d4af34ae9	\N	5e5c1c6c-e6d3-4a47-8807-e3126ad91433	19	\N	d9403eb0-6359-43b6-977d-27cc2d3b8c59	2	\N	\N	\N	\N
31fa30bd-09de-4fc8-a619-ef8546b871d7	13	2024-03-13 06:44:11.701606+00	2024-03-13 06:44:11.701633+00	f	\N	mm	3333333333	6543	67890	4535678	Kerala	\N	24.6914588	46.7085965	2024-03-13	10	upi	10	2024-03-15 11:53:14.516348+00	\N	\N	\N	\N	999	0	0	\N	\N	\N	\N	\N	13	NEXOR2023000013	f	0	f	19	cb0df2dd-bc04-4601-8bc5-163ddc1b47df	208a8d52-ef9e-44f5-b800-ffc56f44fd46	169408d8-ab9e-4ebc-b10b-db7d4af34ae9	\N	\N	19	\N	d9403eb0-6359-43b6-977d-27cc2d3b8c59	3	\N	\N	\N	\N
547b2448-7ae4-4bef-bebb-75035ecde533	18	2024-03-16 05:23:52.177737+00	2024-03-16 05:23:52.177766+00	f	\N	test	9188030718	Talrop's Techies Park at NAHER Arts and Science College	Talrop's Techies Park at NAHER Arts and Science Co	test	KERALA	\N	\N	\N	2024-03-21	10	Cash On Delivery	10	\N	\N	\N	\N	\N	1304	0	0	\N	\N	\N	\N	\N	18	NEXOR2023000018	f	55	f	19	cb0df2dd-bc04-4601-8bc5-163ddc1b47df	\N	169408d8-ab9e-4ebc-b10b-db7d4af34ae9	\N	b8301d60-5845-4ce6-9054-2205a30b3e3f	19	\N	d9403eb0-6359-43b6-977d-27cc2d3b8c59	2	\N	\N	\N	\N
ad41726c-aa14-448f-9dc2-e37f960a1aa9	21	2024-03-18 10:06:26.114678+00	2024-03-18 10:06:26.114703+00	f	\N	test	9188030718	Talrop's Techies Park at NAHER Arts and Science College	Talrop's Techies Park at NAHER Arts and Science Co	test	KERALA	\N	\N	\N	2024-03-18	10	Cash On Delivery	10	\N	\N	\N	\N	\N	191694	0	0	\N	\N	\N	\N	\N	21	NEXOR2023000021	f	95	f	19	cb0df2dd-bc04-4601-8bc5-163ddc1b47df	\N	169408d8-ab9e-4ebc-b10b-db7d4af34ae9	\N	\N	19	\N	d9403eb0-6359-43b6-977d-27cc2d3b8c59	2	\N	\N	\N	\N
52a6156c-2084-4009-8ca7-7a587f30d464	22	2024-03-18 10:07:47.77663+00	2024-03-18 10:07:47.776654+00	f	\N	test	9188030718	Talrop's Techies Park at NAHER Arts and Science College	Talrop's Techies Park at NAHER Arts and Science Co	test	KERALA	\N	\N	\N	2024-03-18	10	Cash On Delivery	10	\N	\N	\N	\N	\N	195773	0	0	\N	\N	\N	\N	\N	22	NEXOR2023000022	f	95	f	19	cb0df2dd-bc04-4601-8bc5-163ddc1b47df	\N	169408d8-ab9e-4ebc-b10b-db7d4af34ae9	\N	\N	19	\N	d9403eb0-6359-43b6-977d-27cc2d3b8c59	2	\N	\N	\N	\N
26579f28-9a15-4cb4-beca-1b5188ccccaf	23	2024-03-18 10:09:09.834915+00	2024-03-18 10:09:09.834944+00	f	\N	test	9188030718	Talrop's Techies Park at NAHER Arts and Science College	Talrop's Techies Park at NAHER Arts and Science Co	test	KERALA	\N	\N	\N	2024-03-18	10	Cash On Delivery	10	\N	\N	\N	\N	\N	7593	0	0	\N	\N	\N	\N	\N	23	NEXOR2023000023	f	95	f	19	cb0df2dd-bc04-4601-8bc5-163ddc1b47df	\N	169408d8-ab9e-4ebc-b10b-db7d4af34ae9	\N	\N	19	\N	d9403eb0-6359-43b6-977d-27cc2d3b8c59	2	\N	\N	\N	\N
616d95bb-4b65-4b04-b51a-08df750de179	5	2024-03-12 10:30:05.182319+00	2024-03-20 09:03:34.122802+00	f	\N	Avad Ali	9207446403	208, 2nd Floor, HiLITE Platino, Road, Shankar Nagar, Jaya Nagar, Maradu, Kochi, Ernakulam, Kerala	208, 2nd Floor, HiLITE Platino, Road, Shankar Naga	\N	Kerala	\N	9.9367552	76.3180429	2024-03-12	40	upi	10	\N	\N	\N	\N	\N	2945	0	0	\N	\N	\N	\N	\N	5	NEXOR2023000005	f	95	f	19	cb0df2dd-bc04-4601-8bc5-163ddc1b47df	\N	169408d8-ab9e-4ebc-b10b-db7d4af34ae9	\N	\N	19	\N	d9403eb0-6359-43b6-977d-27cc2d3b8c59	2	\N	\N	\N	\N
2f651fbe-4515-4bbb-8b18-e72ece63a18b	2	2024-03-06 18:06:36.447173+00	2024-03-06 18:06:36.447196+00	f	\N	Ken Gibbs	9539291027	Baker Street	Test House Name	Near Queens Hospital	Kerala	\N	11.4368955	76.05877199999999	2024-03-27	30	upi	10	2024-03-12 10:11:10.376386+00	t	text	text	picked_up	1900	0	0	\N	\N	\N	\N	\N	2	NEXOR2023000002	f	40	f	19	cb0df2dd-bc04-4601-8bc5-163ddc1b47df	208a8d52-ef9e-44f5-b800-ffc56f44fd46	169408d8-ab9e-4ebc-b10b-db7d4af34ae9	\N	2c1f3f50-8a2e-48e2-b16e-8206d5deef26	19	\N	d9403eb0-6359-43b6-977d-27cc2d3b8c59	1	2024-03-15 11:55:29.009528+00	2024-03-12 11:08:14.982843+00	2024-03-12 10:02:50.25363+00	2024-03-21 11:04:41.785909+00
e86fde02-644c-4216-9201-049056ba2018	14	2024-03-13 08:55:48.11861+00	2024-03-20 09:01:05.051964+00	f	\N	mm	3333333333	6543	67890	4535678	Kerala	\N	24.6914588	46.7085965	2024-03-14	40	upi	10	2024-03-15 11:52:56.494479+00	\N	\N	\N	\N	0	0	0	\N	\N	\N	\N	\N	14	NEXOR2023000014	f	0	f	19	cb0df2dd-bc04-4601-8bc5-163ddc1b47df	208a8d52-ef9e-44f5-b800-ffc56f44fd46	169408d8-ab9e-4ebc-b10b-db7d4af34ae9	\N	15771b2a-7409-42a7-af8a-d19d39270780	19	\N	d9403eb0-6359-43b6-977d-27cc2d3b8c59	3	\N	\N	\N	\N
4962dcaa-6a37-4f53-b686-99a961cde207	26	2024-03-20 07:02:33.518309+00	2024-03-20 09:01:44.258893+00	f	\N	test	9188030718	Talrop's Techies Park at NAHER Arts and Science College	Talrop's Techies Park at NAHER Arts and Science Co	test	KERALA	\N	\N	\N	2024-03-20	40	Cash On Delivery	10	\N	\N	\N	\N	\N	1854	0	0	\N	\N	\N	\N	\N	26	NEXOR2023000026	f	55	f	19	cb0df2dd-bc04-4601-8bc5-163ddc1b47df	\N	169408d8-ab9e-4ebc-b10b-db7d4af34ae9	\N	b2a6afe2-01d9-4a70-af55-5c7ff50e2f90	19	\N	d9403eb0-6359-43b6-977d-27cc2d3b8c59	2	\N	\N	\N	\N
d15e63b0-a82e-405f-8e35-1ddef9d2ab27	25	2024-03-20 05:51:08.257492+00	2024-03-20 11:04:23.072576+00	f	\N	test	9188030718	Talrop's Techies Park at NAHER Arts and Science College	Talrop's Techies Park at NAHER Arts and Science Co	test	KERALA	\N	\N	\N	\N	40	cod	10	\N	\N	\N	\N	\N	3000	0	0	\N	\N	\N	\N	\N	25	NEXOR2023000025	f	\N	f	1	cb0df2dd-bc04-4601-8bc5-163ddc1b47df	\N	169408d8-ab9e-4ebc-b10b-db7d4af34ae9	\N	\N	1	\N	d9403eb0-6359-43b6-977d-27cc2d3b8c59	2	\N	\N	\N	\N
9328ff01-9d88-4aa9-8f7a-1113ff6194bd	24	2024-03-20 05:50:50.111562+00	2024-03-20 05:50:50.111586+00	f	\N	test	9188030718	Talrop's Techies Park at NAHER Arts and Science College	Talrop's Techies Park at NAHER Arts and Science Co	test	KERALA	\N	\N	\N	\N	10	cod	10	2024-03-22 09:39:29.02859+00	\N	\N	\N	\N	3000	0	0	\N	\N	\N	\N	\N	24	NEXOR2023000024	f	\N	f	1	cb0df2dd-bc04-4601-8bc5-163ddc1b47df	89947508-0922-43ca-9fcd-517f483c9f01	169408d8-ab9e-4ebc-b10b-db7d4af34ae9	\N	\N	1	\N	d9403eb0-6359-43b6-977d-27cc2d3b8c59	2	\N	\N	\N	\N
2b584f80-d416-455d-b548-e235a774d1b1	27	2024-03-20 11:14:19.234475+00	2024-03-22 09:50:17.550824+00	f	\N	Aman	7654324635	432	14/12833	567	\N	\N	11.2587531	75.78041	2024-03-20	40	cod	10	2024-03-20 11:44:18.296686+00	\N	\N	\N	\N	0	0	0	\N	\N	\N	\N		27	NEXOR2023000027	t	0	f	1	52befd26-a4e2-45aa-a2d0-81c4e1c234b6	ba922420-b6b4-4a57-a4e7-095be691a2aa	169408d8-ab9e-4ebc-b10b-db7d4af34ae9	\N	2abafc53-8fd4-426f-b9d9-e2ee1773a435	1	\N	575471ba-a8a4-4701-bb08-247366b15565	2	\N	\N	\N	\N
\.


--
-- Data for Name: orders_timeslot; Type: TABLE DATA; Schema: public; Owner: nexsme
--

COPY public.orders_timeslot (id, auto_id, date_added, date_updated, is_deleted, deleted_reason, day, start_time, end_time, is_active, creator_id, updater_id) FROM stdin;
49c55add-1c96-4b1a-8214-e9ca2b4779d0	1	2023-10-25 10:53:28.44012+00	2023-10-25 10:53:28.44015+00	t	.	1	10:00:00	01:00:00	t	1	1
e14a4afd-2130-4b9f-b44d-c89b7a364614	2	2023-10-25 10:53:55.441799+00	2023-10-25 10:53:55.441823+00	t	/	2	08:00:00	10:00:00	t	1	1
2abafc53-8fd4-426f-b9d9-e2ee1773a435	3	2023-11-03 10:27:37.411507+00	2023-11-03 10:27:37.41153+00	f	\N	1	06:00:00	08:00:00	t	1	1
c727ab51-61a1-4389-baf7-38dab1b2cacc	11	2023-11-03 10:29:23.426103+00	2023-11-03 10:29:23.426126+00	t	.	1	06:00:00	09:00:00	t	1	1
409eb503-a5a8-4f25-87ef-2aee54a5e0a3	12	2023-11-03 10:29:23.429104+00	2023-11-03 10:29:23.429118+00	t	.	1	09:00:00	12:00:00	t	1	1
22c69bde-4e6e-4f11-bdb4-e5effdbf723f	10	2023-11-03 10:27:37.427281+00	2023-11-03 10:27:37.427298+00	t	/	1	21:00:00	11:59:00	t	1	1
f3a88507-bd00-4336-84a9-9d33d68c3e31	16	2023-11-03 10:29:23.435681+00	2023-11-03 10:29:23.435692+00	t	/	1	20:00:00	00:00:00	t	1	1
f5a51769-e81c-41d0-913f-dc335f9f04c1	9	2023-11-03 10:27:37.425446+00	2023-11-03 10:27:37.42547+00	t	.	1	19:00:00	21:00:00	t	1	1
abbfd1a8-610e-4c6f-9c6c-c85fb72990a3	15	2023-11-03 10:29:23.434311+00	2023-11-03 10:29:23.434323+00	t	/	1	17:00:00	20:00:00	t	1	1
dd11d162-a719-43d4-a0bf-b2458ee45eab	8	2023-11-03 10:27:37.422813+00	2023-11-03 10:27:37.422848+00	t	/	1	17:00:00	19:00:00	t	1	1
a9b9c089-6af8-4b50-9e86-a5b65c685a78	7	2023-11-03 10:27:37.420521+00	2023-11-03 10:27:37.420546+00	t	.	1	15:00:00	17:00:00	t	1	1
45cdff2e-1af3-4e6e-828d-70e655ad40a9	14	2023-11-03 10:29:23.432937+00	2023-11-03 10:29:23.432951+00	t	.	1	14:00:00	17:00:00	t	1	1
693a7a1a-8411-46e3-933b-6dfb067ec5cf	4	2023-11-03 10:27:37.41466+00	2023-11-03 10:27:37.414679+00	t	.	1	09:00:00	11:00:00	t	1	1
53d80daf-f085-4ac0-bbc2-d361fc9264db	13	2023-11-03 10:29:23.431289+00	2023-11-03 10:29:23.431303+00	t	.	1	12:00:00	14:00:00	t	1	1
32300af3-7c96-48a0-9162-8d356d617b99	6	2023-11-03 10:27:37.418266+00	2023-11-03 10:27:37.418284+00	t	.	1	13:00:00	15:00:00	t	1	1
5f47c6b3-a2c3-44a1-a5a9-acf13688581b	5	2023-11-03 10:27:37.416594+00	2023-11-03 10:27:37.416607+00	t	.	1	11:00:00	13:00:00	t	1	1
383d5ae6-b90c-4543-8d3a-80541a00bd22	21	2023-11-03 12:42:22.276182+00	2023-11-03 12:42:22.276202+00	f	\N	2	06:00:00	09:00:00	t	1	1
fb1f5e1a-f75f-4e39-83d1-14a712f30c12	22	2023-11-03 12:42:22.278446+00	2023-11-03 12:42:22.278461+00	f	\N	2	09:00:00	12:00:00	t	1	1
4a974421-ece0-49ea-8145-7eb18293a231	23	2023-11-03 12:42:22.280069+00	2023-11-03 12:42:22.280088+00	f	\N	2	12:00:00	15:00:00	t	1	1
8481e7fe-8e5b-46a9-a0db-e61d7b2ba73a	24	2023-11-03 12:42:22.281533+00	2023-11-03 12:42:22.281549+00	f	\N	2	15:00:00	18:00:00	t	1	1
05b41f30-ea79-4bf6-a5b0-2ceef04bca2a	25	2023-11-03 12:42:22.283182+00	2023-11-03 12:42:22.283194+00	f	\N	2	18:00:00	21:00:00	t	1	1
4ce55f1b-dd72-48d4-9a0d-4c69aabc1731	26	2023-11-03 12:42:22.284543+00	2023-11-03 12:42:22.284556+00	f	\N	2	21:00:00	23:59:00	t	1	1
2c1f3f50-8a2e-48e2-b16e-8206d5deef26	27	2023-11-03 12:43:24.145791+00	2023-11-03 12:43:24.145813+00	f	\N	3	06:00:00	09:00:00	t	1	1
de64981d-1c58-43e3-976b-ae60a921c075	28	2023-11-03 12:43:24.148859+00	2023-11-03 12:43:24.14888+00	f	\N	3	09:00:00	12:00:00	t	1	1
6964d4d1-90e5-438f-bb35-d8acbb537760	29	2023-11-03 12:43:24.150622+00	2023-11-03 12:43:24.150636+00	f	\N	3	12:00:00	15:00:00	t	1	1
b2a6afe2-01d9-4a70-af55-5c7ff50e2f90	30	2023-11-03 12:43:24.152528+00	2023-11-03 12:43:24.152564+00	f	\N	3	15:00:00	18:00:00	t	1	1
12518ac8-4b6e-4b77-bca1-008ef4467eef	31	2023-11-03 12:43:24.154486+00	2023-11-03 12:43:24.154507+00	f	\N	3	18:00:00	21:00:00	t	1	1
a41f9b76-abba-424b-9220-8cd0c237d372	32	2023-11-03 12:43:24.15646+00	2023-11-03 12:43:24.156482+00	f	\N	3	21:00:00	00:00:00	t	1	1
15771b2a-7409-42a7-af8a-d19d39270780	36	2023-11-03 12:47:04.279278+00	2023-11-03 12:47:04.2793+00	f	\N	4	06:00:00	09:00:00	t	1	1
b8301d60-5845-4ce6-9054-2205a30b3e3f	37	2023-11-03 12:47:04.281602+00	2023-11-03 12:47:04.281615+00	f	\N	4	09:00:00	12:00:00	t	1	1
98e5263f-82d3-4623-915b-7000a01f3482	38	2023-11-03 12:47:04.28301+00	2023-11-03 12:47:04.283027+00	f	\N	4	12:00:00	16:00:00	t	1	1
5a811267-93dc-4777-bfc2-35a9d9408636	20	2023-11-03 12:41:07.538204+00	2023-11-03 12:41:07.538217+00	t	a	1	21:00:00	23:59:00	t	1	1
6884eeca-088c-493d-a9d4-4284d3ce3da5	45	2023-11-03 12:48:27.361257+00	2023-11-03 12:48:27.361274+00	t	a	1	17:00:00	19:00:00	t	1	1
8aa46c77-f29f-4236-8787-f8ed2a8102ba	41	2023-11-03 12:47:39.13485+00	2023-11-03 12:47:39.134861+00	t	a	1	16:00:00	20:00:00	t	1	1
e02cb411-ee0d-4927-9faf-88c10af38a9b	40	2023-11-03 12:47:39.133299+00	2023-11-03 12:47:39.133317+00	t	a	1	13:00:00	16:00:00	t	1	1
4a19a489-9665-497e-beed-8e38beee9933	19	2023-11-03 12:41:07.536694+00	2023-11-03 12:41:07.536717+00	t	a	1	17:00:00	21:00:00	t	1	1
2b115d31-992e-482a-ade5-30af8c97c565	44	2023-11-03 12:48:27.359222+00	2023-11-03 12:48:27.359243+00	t	a	1	14:00:00	16:00:00	t	1	1
44323b21-f09e-483b-9a7e-fcea31a7d5d6	18	2023-11-03 12:41:07.534462+00	2023-11-03 12:41:07.534489+00	t	a	1	13:00:00	17:00:00	t	1	1
cc5874a4-6e1e-4413-88c0-2cb6ac64df1a	35	2023-11-03 12:44:11.649836+00	2023-11-03 12:44:11.649858+00	t	a	1	12:00:00	15:00:00	t	1	1
909e598a-0edb-4f8a-b257-5a39cf3b5f1d	43	2023-11-03 12:48:27.355389+00	2023-11-03 12:48:27.355412+00	t	a	1	11:00:00	13:00:00	t	1	1
a3c4d57c-beb1-4825-88ab-9aea16cce613	39	2023-11-03 12:47:39.130518+00	2023-11-03 12:47:39.130542+00	t	a	1	09:00:00	12:00:00	t	1	1
23c3b4fb-55a8-4dfd-a466-719e17bcb60c	34	2023-11-03 12:44:11.647408+00	2023-11-03 12:44:11.647419+00	t	a	1	09:00:00	12:00:00	t	1	1
7f7d9d77-f06c-43ef-8a13-225fd4627a73	17	2023-11-03 12:41:07.529746+00	2023-11-03 12:41:07.52978+00	t	a	1	09:00:00	13:00:00	t	1	1
d80dd197-1b46-48ad-8b6d-d9b671fe3f0a	42	2023-11-03 12:48:27.349512+00	2023-11-03 12:48:27.349535+00	t	a	1	08:00:00	10:00:00	t	1	1
7cf0e964-c8c9-4bf1-a8fb-90847ac22b8d	33	2023-11-03 12:44:11.644961+00	2023-11-03 12:44:11.644999+00	t	a	1	06:00:00	09:00:00	t	1	1
c2919169-b721-4895-946f-4e19b095905f	46	2023-11-03 12:51:32.380851+00	2023-11-03 12:51:32.380874+00	f	\N	1	08:00:00	10:00:00	t	1	1
204f9f2b-85ac-4a3c-a8a7-3d4d090633e9	47	2023-11-03 12:51:32.383656+00	2023-11-03 12:51:32.383673+00	f	\N	1	11:00:00	13:00:00	t	1	1
3761dd8d-03a5-43fc-843d-253d86bc21e4	48	2023-11-03 12:51:32.385811+00	2023-11-03 12:51:32.385825+00	f	\N	1	13:00:00	16:00:00	t	1	1
d6c5ea11-1aa3-4fdc-98ea-9f22cbcb6232	49	2023-11-03 12:51:32.387428+00	2023-11-03 12:51:32.387442+00	f	\N	1	16:00:00	20:00:00	t	1	1
08443652-f2b1-4e96-bbf8-de8cc5028e36	50	2023-11-03 12:51:32.389231+00	2023-11-03 12:51:32.389246+00	f	\N	1	20:00:00	23:00:00	t	1	1
5e5c1c6c-e6d3-4a47-8807-e3126ad91433	51	2023-11-03 12:52:31.829324+00	2023-11-03 12:52:31.829356+00	f	\N	5	07:00:00	10:00:00	t	1	1
7b2d42fd-630f-4ea7-ae6b-494505ba218e	52	2023-11-03 12:52:31.836334+00	2023-11-03 12:52:31.836364+00	f	\N	5	10:00:00	12:00:00	t	1	1
171fb621-08b4-403a-98d3-aa52537eb36a	53	2023-11-03 12:52:31.84069+00	2023-11-03 12:52:31.840715+00	f	\N	5	13:00:00	15:00:00	t	1	1
216b372f-f544-4d2d-851f-6f5ed8f888bf	54	2023-11-03 12:52:31.843636+00	2023-11-03 12:52:31.843663+00	f	\N	5	15:00:00	17:00:00	t	1	1
40b9380a-5f35-49b0-9275-e4c66ea9e36d	55	2023-11-03 12:52:31.846746+00	2023-11-03 12:52:31.846772+00	f	\N	5	17:00:00	19:00:00	t	1	1
0b2bccbe-93a5-4cb6-a522-a5a2a6f4a28c	56	2023-11-03 12:52:31.848792+00	2023-11-03 12:52:31.848816+00	f	\N	5	20:00:00	12:00:00	t	1	1
2e6afe80-e024-4587-940d-b5766c2e145d	57	2023-11-03 12:53:32.859313+00	2023-11-03 12:53:32.859335+00	f	\N	6	08:00:00	10:00:00	t	1	1
3613416d-64f8-4402-8da4-4092d045815e	58	2023-11-03 12:53:32.862744+00	2023-11-03 12:53:32.862764+00	f	\N	6	10:00:00	12:00:00	t	1	1
23e80f89-829e-48e6-aa91-a13ca784934b	59	2023-11-03 12:53:32.864442+00	2023-11-03 12:53:32.864455+00	f	\N	6	13:00:00	16:00:00	t	1	1
b88bae7e-9aa5-40e9-b816-e0911d068e8c	60	2023-11-03 12:53:32.866806+00	2023-11-03 12:53:32.86683+00	f	\N	6	16:00:00	19:00:00	t	1	1
6c70a056-fe01-413f-93d5-6e6f6b4498dd	61	2023-11-03 12:53:32.868648+00	2023-11-03 12:53:32.868664+00	f	\N	6	19:00:00	22:00:00	t	1	1
7bb534ad-747b-49c1-8bc4-e1af1ae7ceb9	63	2023-11-03 12:54:23.572052+00	2023-11-03 12:54:23.572079+00	f	\N	7	10:00:00	12:00:00	f	1	1
cb0b0ddf-132e-4d46-a8e9-8e287c53bf20	65	2023-11-03 12:54:23.575574+00	2023-11-03 12:54:23.575586+00	f	\N	7	16:00:00	20:00:00	f	1	1
2202ba0e-87c3-4949-89d0-cedf42836cd0	64	2023-11-03 12:54:23.574052+00	2023-11-03 12:54:23.574068+00	f	\N	7	13:00:00	15:00:00	f	1	1
a56337b2-567a-4fa2-8ea9-35c91501eb02	66	2023-11-03 12:54:23.577158+00	2023-11-03 12:54:23.577173+00	f	\N	7	20:00:00	22:00:00	f	1	1
e97873b5-fa75-43fe-8f81-b16c1c54780c	67	2023-12-02 06:52:53.331508+00	2023-12-02 06:52:53.331527+00	f	\N	1	09:00:00	12:00:00	t	1	1
bfba1767-25d9-4226-b2e4-87694448bd6f	62	2023-11-03 12:54:23.56909+00	2023-11-03 12:54:23.569119+00	f	\N	7	08:00:00	10:00:00	f	1	1
4bc0a394-6f6a-4e49-a840-e8e2a9cb8777	68	2023-12-02 06:52:53.334869+00	2023-12-02 06:52:53.334893+00	f	\N	1	02:00:00	05:00:00	t	1	1
80139279-2c18-45d2-a173-b7f07353b5bc	69	2023-12-02 06:52:53.336879+00	2023-12-02 06:52:53.336896+00	f	\N	1	06:00:00	09:00:00	t	1	1
ce2b0e46-c197-49ad-9182-9487650833a0	70	2024-03-20 12:03:13.549841+00	2024-03-20 12:03:13.549868+00	f	\N	2	19:34:00	17:37:00	t	1	1
33fc740e-4768-4cc5-a664-32a72a2d3ef5	71	2024-03-20 12:05:09.200396+00	2024-03-20 12:05:09.200432+00	f	\N	3	20:34:00	23:40:00	t	1	1
\.


--
-- Data for Name: permission; Type: TABLE DATA; Schema: public; Owner: nexsme
--

COPY public.permission (id, name, code, app) FROM stdin;
1	Manage Vendor	can_manage_vendor	vendors
2	Create Vendor	can_create_vendor	vendors
3	Modify Vendor	can_modify_vendor	vendors
4	View Vendor	can_view_vendor	vendors
5	Delete Vendor	can_delete_vendor	vendors
6	Manage Supplier	can_manage_supplier	suppliers
7	Create Supplier	can_create_supplier	suppliers
8	Modify Supplier	can_modify_supplier	suppliers
9	View Supplier	can_view_supplier	suppliers
10	Delete Supplier	can_delete_supplier	suppliers
11	Manage Customer	can_manage_customer	customers
12	Create Customer	can_create_customer	customers
13	Modify Customer	can_modify_customer	customers
14	View Customer	can_view_customer	customers
15	Delete Customer	can_delete_customer	customers
21	Manage Product	can_manage_product	products
22	Create Product	can_create_product	products
23	Modify Product	can_modify_product	products
24	View Product	can_view_product	products
25	Delete Product	can_delete_product	products
26	Manage HSN	can_manage_hsn	products
27	Create HSN	can_create_hsn	products
28	Modify HSN	can_modify_hsn	products
29	View HSN	can_view_hsn	products
30	Delete HSN	can_delete_hsn	products
36	Manage Staff Designation	can_manage_staff_designation	staffs
37	Create Staff Designation	can_create_staff_designation	staffs
38	Modify Staff Designation	can_modify_staff_designation	staffs
39	View Staff Designation	can_view_staff_designation	staffs
40	Delete Staff Designation	can_delete_staff_designation	staffs
41	Manage Staff	can_manage_staff	staffs
42	Create Staff	can_create_staff	staffs
43	Modify Staff	can_modify_staff	staffs
44	View Staff	can_view_staff	staffs
45	Delete Staff	can_delete_staff	staffs
46	Manage Purchase	can_manage_purchase	purchases
47	Create Purchase	can_create_purchase	purchases
48	Modify Purchase	can_modify_purchase	purchases
49	View Purchase	can_view_purchase	purchases
50	Delete Purchase	can_delete_purchase	purchases
51	Manage Product Category	can_manage_product_category	products
52	Create Product Category	can_create_product_category	products
53	Modify Product Category	can_modify_product_category	products
54	View Product Category	can_view_product_category	products
55	Delete Product Category	can_delete_product_category	products
56	Manage Product Sub-category	can_manage_product_subcategory	products
57	Create Product Sub-category	can_create_product_subcategory	products
58	Modify Product Sub-category	can_modify_product_subcategory	products
59	View Product Sub-category	can_view_product_subcategory	products
60	Delete Product Sub-category	can_delete_product_subcategory	products
66	Manage Sale	can_manage_sale	sales
67	Create Sale	can_create_sale	sales
68	Modify Sale	can_modify_sale	sales
69	View Sale	can_view_sale	sales
70	Delete Sale	can_delete_sale	sales
71	Manage Sale Return	can_manage_sale_return	sales
72	Create Sale Return	can_create_sale_return	sales
73	Modify Sale Return	can_modify_sale_return	sales
74	View Sale Return	can_view_sale_return	sales
75	Delete Sale Return	can_delete_sale_return	sales
76	Manage Warehouse	can_manage_warehouse	warehouses
77	Create Warehouse	can_create_warehouse	warehouses
78	Modify Warehouse	can_modify_warehouse	warehouses
79	View Warehouse	can_view_warehouse	warehouses
80	Delete Warehouse	can_delete_warehouse	warehouses
81	Manage PDC	can_manage_pdc	finance
82	Create PDC	can_create_pdc	finance
83	Modify PDC	can_modify_pdc	finance
84	View PDC	can_view_pdc	finance
85	Delete PDC	can_delete_pdc	finance
86	Manage Purchase Return	can_manage_purchase_return	purchases
87	Create Purchase Return	can_create_purchase_return	purchases
88	Modify Purchase Return	can_modify_purchase_return	purchases
89	View Purchase Return	can_view_purchase_return	purchases
90	Delete Purchase Return	can_delete_purchase_return	purchases
91	Manage Location	can_manage_location	warehouses
92	Create Location	can_create_location	warehouses
93	Modify Location	can_modify_location	warehouses
94	View Location	can_view_location	warehouses
95	Delete Location	can_delete_location	warehouses
111	Manage Staff Salary	can_manage_staff_salary	staffs
112	Create Staff Salary	can_create_staff_salary	staffs
113	Modify Staff Salary	can_modify_staff_salary	staffs
114	View Staff Salary	can_view_staff_salary	staffs
115	Delete Staff Salary	can_delete_staff_salary	staffs
116	Manage Staff Attendance	can_manage_staff_attendance	staffs
117	Create Staff Attendance	can_create_staff_attendance	staffs
118	Modify Staff Attendance	can_modify_staff_attendance	staffs
119	View Staff Attendance	can_view_staff_attendance	staffs
120	Delete Staff Attendance	can_delete_staff_attendance	staffs
121	Manage Cash Reciept	can_manage_cash_reciept	finance
122	Create Cash Reciept	can_create_cash_reciept	finance
123	Modify Cash Reciept	can_modify_cash_reciept	finance
124	View Cash Reciept	can_view_cash_reciept	finance
125	Delete Cash Reciept	can_delete_cash_reciept	finance
126	Manage Cash Payment	can_manage_cash_payment	finance
127	Create Cash Payment	can_create_cash_payment	finance
128	Modify Cash Payment	can_modify_cash_payment	finance
129	View Cash Payment	can_view_cash_payment	finance
130	Delete Cash Payment	can_delete_cash_payment	finance
131	Manage Bank Reciept	can_manage_bank_reciept	finance
132	Create Bank Reciept	can_create_bank_reciept	finance
133	Modify Bank Reciept	can_modify_bank_reciept	finance
134	View Bank Reciept	can_view_bank_reciept	finance
135	Delete Bank Reciept	can_delete_bank_reciept	finance
136	Manage Bank Payment	can_manage_bank_payment	finance
137	Create Bank Payment	can_create_bank_payment	finance
138	Modify Bank Payment	can_modify_bank_payment	finance
139	View Bank Payment	can_view_bank_payment	finance
140	Delete Bank Payment	can_delete_bank_payment	finance
146	Manage Bank Account	can_manage_bank_account	accounts
147	Create Bank Account	can_create_bank_account	accounts
148	Modify Bank Account	can_modify_bank_account	accounts
149	View Bank Account	can_view_bank_account	accounts
150	Delete Bank Account	can_delete_bank_account	accounts
151	Manage Cash Account	can_manage_cash_account	finance
152	Create Cash Account	can_create_cash_account	finance
153	Modify Cash Account	can_modify_cash_account	finance
154	View Cash Account	can_view_cash_account	finance
155	Delete Cash Account	can_delete_cash_account	finance
156	Manage Brand	can_manage_brand	products
157	Create Brand	can_create_brand	products
158	Modify Brand	can_modify_brand	products
159	View Brand	can_view_brand	products
160	Delete Brand	can_delete_brand	products
161	View Cash Day Book	can_view_cash_day_book	accounts
162	View Bank Day Book	can_view_bank_day_book	accounts
163	View Trial Balance	can_view_trial_balance	reports
164	View Balance Sheet	can_view_balance_sheet	reports
165	View Trading Profit and Loss	can_view_trading_profit_and_loss	reports
166	View PDC Issued	can_view_pdc_issued	accounts
167	View PDC Received	can_view_pdc_received	accounts
168	Update PDC Issued	can_update_pdc_issued	accounts
169	Update PDC Received	can_update_pdc_received	accounts
170	View Account Group	can_view_account_group	accounts
171	Manage Account Group	can_manage_account_group	accounts
172	Create Account Group	can_create_account_group	accounts
173	Modify Account Group	can_modify_account_group	accounts
174	Delete Account Group	can_delete_account_group	accounts
175	View Account Head	can_view_account_head	accounts
176	Manage Account Head	can_manage_account_head	accounts
177	Create Account Head	can_create_account_head	accounts
178	Modify Account Head	can_modify_account_head	accounts
179	Delete Account Head	can_delete_account_head	accounts
180	View Payment Voucher	can_view_payment_voucher	accounts
181	Manage Payment Voucher	can_manage_payment_voucher	accounts
182	Create Payment Voucher	can_create_payment_voucher	accounts
183	Modify Payment Voucher	can_modify_payment_voucher	accounts
184	Delete Payment Voucher	can_delete_payment_voucher	accounts
185	View Receipt Voucher	can_view_receipt_voucher	accounts
186	Manage Receipt Voucher	can_manage_receipt_voucher	accounts
187	Create Receipt Voucher	can_create_receipt_voucher	accounts
188	Modify Receipt Voucher	can_modify_receipt_voucher	accounts
189	Delete Receipt Voucher	can_delete_receipt_voucher	accounts
190	View Journal Voucher	can_view_journal_voucher	accounts
191	Manage Journal Voucher	can_manage_journal_voucher	accounts
192	Create Journal Voucher	can_create_journal_voucher	accounts
193	Modify Journal Voucher	can_modify_journal_voucher	accounts
194	Delete Journal Voucher	can_delete_journal_voucher	accounts
195	Franchisee Permissions	is_franchisee	franchisee
196	View GSTR-1 Report	can_view_gstr1_report	reports
197	View GSTR-2 Report	can_view_gstr2_report	reports
198	View GSTR-3 Report	can_view_gstr3_report	reports
199	View Sales Report	can_view_sales_report	reports
200	Create Credit Note Voucher	can_create_credit_note_voucher	accounts
201	View Credit Note Voucher	can_view_credit_note_voucher	accounts
202	Manage Credit Note Voucher	can_manage_credit_note_voucher	accounts
203	Modify Credit Note Voucher	can_modify_credit_note_voucher	accounts
204	Delete Credit Note Voucher	can_delete_credit_note_voucher	accounts
205	Create Debit Note Voucher	can_create_debit_note_voucher	accounts
206	View Debit Note Voucher	can_view_debit_note_voucher	accounts
207	Manage Debit Note Voucher	can_manage_debit_note_voucher	accounts
208	Modify Debit Note Voucher	can_modify_debit_note_voucher	accounts
209	Delete Debit Note Voucher	can_delete_debit_note_voucher	accounts
210	Can View Franchisee Sales	can_view_franchisee_sales	franchisee
211	Can View Franchisee Purchases	can_view_franchisee_purchases	franchisee
212	Can View Franchisee Report	can_view_franchisee_report	franchisee
213	Can Collect Royalty 	can_create_royalty_collection	franchisee
214	Can View Franchisee Report	can_manage_royalty_collection	franchisee
215	Can Verify Franchisee	can_verify_franchisee	franchisee
216	Can Update Royalty Percentage	can_update_royalty_percentage	admin
217	Create Salary Payment	can_create_salary_payment	staffs
218	View Salary Payment	can_view_salary_payment	staffs
219	Modify Salary Payment	can_delete_salary_payment	staffs
220	Can View Franchisee Products	can_manage_franchisee_product	franchisee
221	Can Set Discount Limit	can_set_discount_limit	admin
222	Can Update Product Discount Limit	can_update_product_discount_limit	admin
223	Can Set Admin Privileges	can_set_admin_privileges	admin
224	Can Update Product Opening Stock	can_update_product_opening_stock	admin
225	Can Update Opening Balance	can_update_opening_balance	admin
226	Can Set Product Selling Price	can_update_product_selling_price	admin
227	Can Set Customer To Get Special Discount	make_customer_special_discount_accessible	admin
228	Can Set Special Discount Percentage	can_set_special_discount_percentage	admin
229	Can View Bank Reconciliation Statements	can_view_bank_reconciliation	reports
230	Create Petty Cash Entry	can_create_petty_cash_entry	accounts
231	View Petty Cash Entry	can_view_petty_cash_entry	accounts
232	Manage Petty Cash Entry	can_manage_petty_cash_entry	accounts
233	Modify Petty Cash Entry	can_modify_petty_cash_entry	accounts
234	Delete Petty Cash Entry	can_delete_petty_cash_entry	accounts
235	Create Deal	can_create_deal	offers
236	View Deal	can_view_deal	offers
237	Manage Deal	can_manage_deal	offers
238	Modify Deal	can_modify_deal	offers
239	Delete Deal	can_delete_deal	offers
240	Create Damaged Products	can_create_damaged_product	products
241	View Damaged Products	can_view_damaged_product	products
242	Manage Damaged Products	can_manage_damaged_product	products
243	Modify Damaged Products	can_modify_damaged_product	products
244	Delete Damaged Products	can_delete_damaged_product	products
245	Create Financial Year	can_create_damaged_product	finance
246	View Financial Year	can_view_financial_year	finance
247	Manage Financial Year	can_manage_financial_year	finance
248	Modify Financial Year	can_modify_financial_year	finance
249	Delete Financial Year	can_delete_financial_year	finance
250	Create Offer	can_create_offer	offers
251	View Offer	can_view_offer	offers
252	Manage Offer	can_manage_offer	offers
253	Modify Offer	can_modify_offer	offers
254	Delete Offer	can_delete_offer	offers
255	Create Petty Cash Vocuher	can_create_petty_cash_voucher	accounts
256	View Petty Cash Vocuher	can_view_petty_cash_voucher	accounts
257	Manage Petty Cash Vocuher	can_manage_petty_cash_voucher	accounts
258	Modify Petty Cash Vocuher	can_modify_petty_cash_voucher	accounts
259	Delete Petty Cash Vocuher	can_delete_petty_cash_voucher	accounts
260	Can View Ledgers	can_view_ledgers	accounts
261	Create Vendor Category	can_create_vendor_category	accounts
262	View Vendor Category	can_view_vendor_category	accounts
263	Manage Vendor Category	can_manage_vendor_category	accounts
264	Modify Vendor Category	can_modify_vendor_category	accounts
265	Delete Vendor Category	can_delete_vendor_category	accounts
272	Create Income Expense	can_create_income_expense	accounts
273	View Income Expense	can_view_income_expense	accounts
274	Manage Income Expense	can_manage_income_expense	accounts
275	Modify Income Expense	can_modify_income_expense	accounts
276	Delete Income Expense	can_delete_income_expense	accounts
\.


--
-- Data for Name: privilege_point_history; Type: TABLE DATA; Schema: public; Owner: nexsme
--

COPY public.privilege_point_history (id, title, point_type, points, value_in_amount, date_added, is_deleted, customer_id) FROM stdin;
\.


--
-- Data for Name: privilege_points; Type: TABLE DATA; Schema: public; Owner: nexsme
--

COPY public.privilege_points (id, auto_id, date_added, date_updated, is_deleted, deleted_reason, minimum_amount, value_of_point, point_gained_online, point_gained_offline, creator_id, updater_id) FROM stdin;
699e9f87-f529-4c15-beb8-11a327d0c9b8	1	2024-03-20 04:29:47.111689+00	2024-03-20 05:48:22.532211+00	t	test	10.00	100.00	50	10	1	1
8db50906-86cb-4dc5-9620-89c8d2dc0ac5	2	2024-03-20 07:12:31.924407+00	2024-03-20 07:12:31.924441+00	t	test	10.00	10.00	50	10	1	1
\.


--
-- Data for Name: product_hsn_code; Type: TABLE DATA; Schema: public; Owner: nexsme
--

COPY public.product_hsn_code (id, auto_id, date_added, date_updated, is_deleted, deleted_reason, name, hsn_number, description, igst_rate, sgst_rate, cgst_rate, vendor_created, is_admin_approved, creator_id, unit_id, updater_id) FROM stdin;
42650cbe-e45b-4b35-acc6-f706cef07d1e	4	2023-10-18 12:57:37.890587+00	2023-10-18 12:57:37.890616+00	f	\N	Refrigerator	8418	\N	3.00	5.00	4.00	f	t	1	f445a5da-7c5d-433a-859e-0e56e2f00001	1
432e1d87-0217-42a0-986c-474afccda2e6	5	2023-10-18 13:05:32.671216+00	2023-10-18 13:05:32.671235+00	f	\N	Vaccum Cleaner	8508	\N	3.00	5.00	4.00	f	t	1	f445a5da-7c5d-433a-859e-0e56e2f00001	1
5b4bbec1-1647-4b3a-b297-c9cd028245ab	6	2023-10-18 13:31:48.800356+00	2023-10-18 13:31:48.800384+00	f	\N	Shaving and Beard Care	3304	\N	3.00	5.00	4.00	f	t	1	f445a5da-7c5d-433a-859e-0e56e2f00001	1
907b35e6-e368-44bb-a25e-7671b0ea541a	7	2023-10-18 14:11:57.649938+00	2023-10-18 14:11:57.64996+00	f	\N	Dinner Set	3924	\N	3.00	5.00	4.00	f	t	1	f445a5da-7c5d-433a-859e-0e56e2f00001	1
7f5c9b9d-0a47-4b6b-bbf8-abb0af8257ba	8	2023-10-18 14:17:04.335242+00	2023-10-18 14:17:04.335265+00	f	\N	Pigeon Cooker	7321	\N	3.00	5.00	4.00	f	t	1	f445a5da-7c5d-433a-859e-0e56e2f00001	1
97f588f5-bb09-4e3b-b968-28bd3d025f2c	10	2023-10-18 14:38:16.155331+00	2023-10-18 14:38:16.155353+00	f	\N	tv	85287211	\N	3.00	5.00	4.00	f	t	1	f445a5da-7c5d-433a-859e-0e56e2f00001	1
931effd1-fc67-40f9-8d80-d3f5c3e0536a	11	2023-10-18 14:51:36.251524+00	2023-10-18 14:51:36.251553+00	f	\N	shoes	6404	\N	3.00	5.00	4.00	f	t	1	f445a5da-7c5d-433a-859e-0e56e2f00001	1
7b7612a0-bcbf-4e57-a45b-2855f5cb9f19	12	2023-10-18 15:09:13.573485+00	2023-10-18 15:09:13.573507+00	f	\N	Laptops and Computers	8471	\N	3.00	5.00	4.00	f	t	1	f445a5da-7c5d-433a-859e-0e56e2f00001	1
b3562525-a585-4208-834d-01452496320c	13	2023-10-19 03:58:39.328329+00	2023-10-19 03:58:39.328351+00	f	\N	Headst	8518	\N	3.00	5.00	4.00	f	t	1	f445a5da-7c5d-433a-859e-0e56e2f00001	1
ee5e0ff0-0089-40e0-8d96-a7790411ea31	14	2023-10-19 04:06:08.755363+00	2023-10-19 04:06:08.755385+00	f	\N	PlayStation	95045000	\N	3.00	5.00	4.00	f	t	1	f445a5da-7c5d-433a-859e-0e56e2f00001	1
00919fe1-3882-472e-95d0-9987b7776a45	15	2023-10-19 04:24:18.506538+00	2023-10-19 04:24:18.506559+00	f	\N	Earbuds	85183000	\N	3.00	5.00	4.00	f	t	1	f445a5da-7c5d-433a-859e-0e56e2f00001	1
6c85990d-b024-43fa-aa88-7a0021e953ae	16	2023-10-19 04:32:47.130651+00	2023-10-19 04:32:47.130671+00	f	\N	PowerBank	8508	\N	3.00	5.00	4.00	f	t	1	f445a5da-7c5d-433a-859e-0e56e2f00001	1
3826702b-006e-4ec7-a86d-119d59e15143	17	2023-10-30 06:12:14.751888+00	2023-10-30 06:12:14.751907+00	f	\N	Luggage	420221	\N	18.00	9.00	9.00	f	t	1	f445a5da-7c5d-433a-859e-0e56e2f00001	1
8fba4a9f-e178-4fac-a356-56d108a012f7	18	2023-11-17 15:51:43.755717+00	2023-11-17 15:51:43.75574+00	f	\N	S23	123456	\N	0.00	9.00	9.00	f	t	1	f445a5da-7c5d-433a-859e-0e56e2f00001	1
c0afb4fb-c0b1-4037-ad0f-8e41e4cdffaa	19	2023-12-06 07:31:58.922558+00	2023-12-06 07:31:58.922588+00	f	\N	Multimedia	m123	\N	0.00	0.00	0.00	f	t	16	f445a5da-7c5d-433a-859e-0e56e2f00001	16
4824a625-2045-40f2-a290-2ce45feb4817	20	2023-12-19 07:01:52.846086+00	2023-12-19 07:01:52.846108+00	f	\N	Microvawe Oven	8417	\N	3.00	5.00	4.00	f	t	1	f445a5da-7c5d-433a-859e-0e56e2f00001	1
f2075597-10c9-4f6b-bd27-46a49e12b12b	21	2023-12-19 07:02:49.538773+00	2023-12-19 07:02:49.538793+00	f	\N	Microvawe Oven	8417	\N	3.00	5.00	4.00	f	t	1	f445a5da-7c5d-433a-859e-0e56e2f00001	1
61dd8fd5-c766-42d9-a6cf-3fb97fd9153f	22	2023-12-19 07:11:12.279767+00	2023-12-19 07:11:12.27979+00	f	\N	Washing Machine	8450	\N	3.00	5.00	4.00	f	t	1	f445a5da-7c5d-433a-859e-0e56e2f00001	1
6e0d1880-3c65-4cb3-949b-9aa013781c12	23	2024-01-04 09:28:01.130261+00	2024-01-04 09:28:01.130296+00	f	\N	Samsung Fast Charger 25W	8504	\N	4.00	6.00	5.00	f	t	1	f445a5da-7c5d-433a-859e-0e56e2f00001	1
2d817d03-4e43-4085-a1e8-615b1c2cc91e	24	2024-02-23 10:30:05.199469+00	2024-02-23 10:30:05.199507+00	f	\N	waterBottle	3923	\N	3.00	5.00	4.00	f	t	1	f445a5da-7c5d-433a-859e-0e56e2f00001	1
39cabc68-de40-489d-a8b0-7a1a0832c52f	25	2024-02-23 10:31:39.921821+00	2024-02-23 10:31:39.921848+00	f	\N	waterBottle	3928	\N	4.00	6.00	5.00	f	t	1	f445a5da-7c5d-433a-859e-0e56e2f00001	1
5ac19078-5d3f-4007-b49a-6b78df241e2e	26	2024-03-18 09:23:27.261817+00	2024-03-18 09:23:27.261847+00	f	\N	afsalpp	0909	\N	1.00	1.00	1.00	f	t	1	f445a5da-7c5d-433a-859e-0e56e2f00002	1
09e838b6-5929-4c33-8be7-e584c283246c	27	2024-03-19 05:16:38.255467+00	2024-03-19 05:16:38.255501+00	f	\N	afsalpp	0909	\N	23.00	12.00	34.00	f	t	1	f445a5da-7c5d-433a-859e-0e56e2f00009	1
7f990766-c311-40a7-a53b-e3a94ac94024	28	2024-03-19 06:05:38.050586+00	2024-03-19 06:05:38.050618+00	f	\N	Test	0909	\N	2.00	2.00	3.00	f	t	1	f445a5da-7c5d-433a-859e-0e56e2f00008	1
81064c86-643a-494b-88ce-70b136ed374b	29	2024-03-21 11:25:24.229387+00	2024-03-21 11:25:24.229414+00	f	\N	Test	0909	\N	0.00	0.00	0.00	f	t	1	f445a5da-7c5d-433a-859e-0e56e2f00009	1
46c5e6f3-7fbf-493d-b641-c0621fbd5165	30	2024-03-21 11:25:41.540521+00	2024-03-21 11:25:41.540544+00	f	\N	afsalpp	0909	\N	6.00	0.00	0.00	f	t	1	f445a5da-7c5d-433a-859e-0e56e2f00009	1
efa1ead8-473b-46a7-bb62-bb0ebb8491a3	31	2024-03-23 04:39:19.316695+00	2024-03-23 04:39:19.316735+00	t	test	test_deleted_efa1ead8-473b-46a7-bb62-bb0ebb8491a3	564364	\N	45.00	22.50	22.50	f	t	1	f445a5da-7c5d-433a-859e-0e56e2f00001	1
541880e1-e28b-499f-b5dc-3d24490fdac0	2	2023-10-18 12:35:30.971509+00	2023-10-18 12:35:30.97153+00	t	test	Air Conditioner_deleted_541880e1-e28b-499f-b5dc-3d24490fdac0	8415	\N	3.00	5.00	4.00	f	t	1	f445a5da-7c5d-433a-859e-0e56e2f00001	1
4e965096-c239-4d81-b6d1-e28dc2db9a00	9	2023-10-18 14:21:37.540715+00	2023-10-18 14:21:37.540738+00	t	test	Bag_deleted_4e965096-c239-4d81-b6d1-e28dc2db9a00	6305	\N	3.00	5.00	4.00	f	t	1	f445a5da-7c5d-433a-859e-0e56e2f00001	1
ebb96bf8-7c02-4fbd-8d11-5b37f4dc5c90	3	2023-10-18 12:51:38.723055+00	2023-10-18 12:51:38.723081+00	t	test	Coffee Machine_deleted_ebb96bf8-7c02-4fbd-8d11-5b37f4dc5c90	8516	\N	3.00	5.00	4.00	f	t	1	f445a5da-7c5d-433a-859e-0e56e2f00001	1
ebcb9aac-ef46-416f-a5b0-d4376b89d706	1	2023-10-18 10:47:02.345601+00	2023-10-18 10:47:02.345625+00	t	TEST	HSN NAME 1_deleted_ebcb9aac-ef46-416f-a5b0-d4376b89d706	6403	\N	5.00	4.00	3.00	f	t	1	f445a5da-7c5d-433a-859e-0e56e2f00014	1
\.


--
-- Data for Name: product_stock; Type: TABLE DATA; Schema: public; Owner: nexsme
--

COPY public.product_stock (id, category, date, increment, decrement, batch_id, product_variant_id, warehouse_id) FROM stdin;
\.


--
-- Data for Name: product_variation_type; Type: TABLE DATA; Schema: public; Owner: nexsme
--

COPY public.product_variation_type (id, name, variation_type, other_type, is_deleted) FROM stdin;
1	Black	10	\N	f
2	7	20	\N	f
3	White	10	\N	f
4	Blue	10	\N	f
5	Red	10	\N	f
8	Pink	10	\N	f
9	hh	30	\N	f
11	55 inch	20	\N	f
13	32 L	20	\N	f
14	7.5 kg	20	\N	f
15	1 ltr_deleted_15	20	\N	t
12	12 GB 256_deleted_12	30	\N	t
6	20"	10	\N	f
7	tesssdd	30	test	f
10	8 GB 128	30	\N	f
16	123456787654345678765456787656787654567545678567854567845676674567890-=	20	\N	f
\.


--
-- Data for Name: products_brand; Type: TABLE DATA; Schema: public; Owner: nexsme
--

COPY public.products_brand (id, auto_id, date_added, date_updated, is_deleted, deleted_reason, name, vendor_created, is_admin_approved, creator_id, updater_id) FROM stdin;
0ffb3e80-0d7b-4b21-b2ea-178a8adf35cb	1	2023-10-18 10:48:15.312915+00	2023-10-18 10:48:15.312935+00	f	\N	Nike	f	t	1	1
c7f38114-3f92-4c63-8f9c-bf89dec49475	2	2023-10-18 12:34:21.325446+00	2023-10-18 12:34:21.325468+00	f	\N	LG	f	t	1	1
1ce24710-3205-43ee-8a49-bd3e6b595eaf	3	2023-10-18 12:50:45.363499+00	2023-10-18 12:50:45.363522+00	f	\N	Coffee Machine	f	t	1	1
6324af00-11f4-4be2-894a-05fbd2a8d50e	4	2023-10-18 13:08:04.219485+00	2023-10-18 13:08:04.219509+00	f	\N	Eureka Forbes 	f	t	1	1
2e324e50-cd77-4ba7-bf3f-6d925dd9bd4a	5	2023-10-18 13:35:36.329155+00	2023-10-18 13:35:36.329176+00	f	\N	The Man Company	f	t	1	1
a21329d0-2313-4354-974e-3260e402b8e6	6	2023-10-18 14:00:14.393895+00	2023-10-18 14:00:14.393925+00	f	\N	Listrine	f	t	1	1
785feea6-b066-4e9b-894c-b823df47f90f	7	2023-10-18 14:05:27.307997+00	2023-10-18 14:05:27.308018+00	f	\N	Godrej Protekt Germ Fighter Handwash	f	t	1	1
f0d48d7e-b504-4b7f-8495-6e964536d427	8	2023-10-18 14:10:20.618846+00	2023-10-18 14:10:20.618868+00	f	\N	La Opala, Novo Collection, Opal Glass Dinner Set 23 pcs, Lush Greens, White	f	t	1	1
d8e13997-9c95-41b1-a489-65ed451aabec	9	2023-10-18 14:16:26.515179+00	2023-10-18 14:16:26.515199+00	f	\N	Pigeon Cooker	f	t	1	1
2b5d19e5-c044-4097-81f9-be63bd144137	10	2023-10-18 14:23:42.131615+00	2023-10-18 14:23:42.131637+00	f	\N	Skybags	f	t	1	1
7e29f66e-8495-4ab0-9abc-3220151360a6	11	2023-10-18 14:38:53.855209+00	2023-10-18 14:38:53.855232+00	f	\N	Sony	f	t	1	1
47d1244a-bf0c-4c46-88fd-3e54204b051c	13	2023-10-18 14:50:10.880764+00	2023-10-18 14:50:10.880784+00	f	\N	Adidas	f	t	1	1
7ecaf37e-b6dd-465f-af0b-a64ff5ded206	14	2023-10-18 15:00:38.451453+00	2023-10-18 15:00:38.451474+00	f	\N	fila	f	t	1	1
5589a4b7-c5bf-47d6-9829-3aeb27d43a78	15	2023-10-18 15:05:56.09605+00	2023-10-18 15:05:56.096083+00	f	\N	Asus	f	t	1	1
66b76c75-9f0e-421f-a63d-8aa62ce96d9a	16	2023-10-18 15:10:16.605894+00	2023-10-18 15:10:16.605914+00	f	\N	HP	f	t	1	1
f6b9cc47-70bb-4c28-a646-9121fbd60c22	17	2023-10-19 03:59:47.786534+00	2023-10-19 03:59:47.786558+00	f	\N	Redgear Cosmo 7,1 Usb Gaming Wired Over Ear Headphones.	f	t	1	1
83801ad7-f4e7-43f8-a3e1-fef7642e19c4	18	2023-10-19 04:09:11.357653+00	2023-10-19 04:09:11.357673+00	f	\N	Sony PS5® Console – Cricket 24 Bundle	f	t	1	1
0e0b02dd-09c6-481e-9ee5-01f79a0775c3	19	2023-10-19 04:26:24.016369+00	2023-10-19 04:26:24.016391+00	f	\N	Redmi buds 3 lite	f	t	1	1
74343a89-2b0c-474f-ac97-69f5379c69d1	20	2023-10-19 04:33:52.346999+00	2023-10-19 04:33:52.34702+00	f	\N	MI Powerbank	f	t	1	1
d151efb3-4474-4418-8b64-0f7da05395da	21	2023-10-28 09:11:48.088479+00	2023-10-28 09:11:48.088506+00	f	\N	Jordan Runner	f	t	1	1
6f7d0e50-dd63-403a-8c78-34210669c6cd	22	2023-10-28 13:48:52.216333+00	2023-10-28 13:48:52.216362+00	f	\N	Maamamam	f	t	1	1
3b7407d2-9ac9-4210-a470-e8c7fd37c08d	23	2023-10-30 06:09:13.778022+00	2023-10-30 06:09:13.778044+00	f	\N	Lerwick	f	t	1	1
64156cbc-7430-4b25-a716-dd6c68a6ace0	24	2023-10-31 09:39:40.606836+00	2023-10-31 09:39:40.606859+00	f	\N	Mitowermi	f	t	1	1
1ccac7f0-08e0-4a95-a4de-5a296040b378	25	2023-11-03 06:30:19.132807+00	2023-11-03 06:30:19.132829+00	f	\N	ONEPLUS	f	t	16	16
1cc49777-32d7-4fd2-ba33-e3cbe0953b87	26	2023-11-17 15:49:38.492813+00	2023-11-17 15:49:38.492834+00	f	\N	sa	f	t	1	1
7b07bce1-ca35-46a6-895b-4f036514d2ce	27	2023-11-17 15:49:52.259078+00	2023-11-17 15:49:52.259095+00	f	\N	Samsung	f	t	1	1
6acb7874-bdcb-4911-80cd-7c608ca77cad	28	2023-12-06 07:31:22.324953+00	2023-12-06 07:31:22.324985+00	f	\N	Realme	f	t	16	16
86254861-4e1d-4d2e-aa32-9c73c3bb96ba	29	2023-12-07 09:32:12.82475+00	2023-12-07 09:32:12.824777+00	f	\N	MI Power Bank	f	t	1	1
f25f0330-f66d-4968-9822-8742ce9308a2	30	2023-12-07 09:35:31.643126+00	2023-12-07 09:35:31.643148+00	f	\N	Redmi Buds 3 lite	f	t	1	1
f996661e-1eef-4110-9948-c8ee415bc23d	31	2023-12-19 07:01:03.85532+00	2023-12-19 07:01:03.855344+00	f	\N	LG 32 L Convection Microwave Oven (MC3286BRUM, Black)	f	t	1	1
7535eeb8-cec8-4059-9453-6a280044d712	32	2023-12-19 07:10:24.712376+00	2023-12-19 07:10:24.712403+00	f	\N	whirlpool	f	t	1	1
9141a63e-0d1e-4588-9c14-2a2aa5add6dd	33	2024-01-04 09:26:44.824122+00	2024-01-04 09:26:44.824145+00	f	\N	Samsung	f	t	1	1
1286ca3e-22ed-4997-b06c-acb88710fd71	34	2024-02-23 10:28:38.547704+00	2024-02-23 10:28:38.547728+00	f	\N	Wego	f	t	1	1
7fcae5dc-b9a5-40ab-b451-296fb7b266fb	35	2024-02-23 10:34:55.56961+00	2024-02-23 10:34:55.569639+00	f	\N	Generik	f	t	1	1
fa5214aa-2cfb-4dcd-b8ef-3b596df86613	36	2024-03-19 05:13:16.213917+00	2024-03-19 05:13:16.213939+00	f	\N	Afi456	f	t	1	1
b8819562-d452-415c-bebf-6d06a2d0566a	37	2024-03-23 04:27:11.065321+00	2024-03-23 04:31:10.405495+00	f	\N	test	f	t	1	1
6d5cbc10-1daa-47bc-aa68-d8218a9c8e82	12	2023-10-18 14:43:22.554971+00	2024-03-23 04:31:29.94004+00	t	TEXT	Acer56	f	t	1	1
40a01aa4-aeb7-4b03-a04f-9134a89c0f8a	38	2024-03-23 04:31:53.560246+00	2024-03-23 04:31:53.560273+00	f	\N	TEST56	f	t	1	1
\.


--
-- Data for Name: products_category; Type: TABLE DATA; Schema: public; Owner: nexsme
--

COPY public.products_category (id, auto_id, date_added, date_updated, is_deleted, deleted_reason, name, image, is_featured, vendor_created, is_admin_approved, creator_id, updater_id) FROM stdin;
f7333c2e-e0e4-4be8-ae89-0fac17498ea4	17	2023-12-06 07:29:39.17281+00	2023-12-06 07:29:39.17284+00	f	\N	Smart Watches		f	f	t	16	16
3cd7385c-4b66-4147-b956-e6679c623a37	4	2023-10-18 12:07:39.847919+00	2023-10-18 12:07:39.847975+00	f	\N	Games	media/games_gte0YKC.png	f	f	t	1	1
5b0236d4-b84e-433b-9722-64e1d57ee2a7	16	2023-10-30 06:00:45.576371+00	2023-11-13 08:54:50.109889+00	f	\N	Daily Needs	media/daily-needs.jpg	t	f	t	1	1
b2e9a285-d0a4-4f53-a392-0b9133499dc2	2	2023-10-18 12:02:03.674656+00	2023-10-28 13:27:28.524584+00	f	\N	Electronics	media/electronics-_1eEz7Qn.png	f	f	t	1	1
a5231967-9d7e-4ca1-b1f6-98965aa7a431	10	2023-10-18 12:18:31.174944+00	2024-03-14 12:22:16.843831+00	f	\N	Luggage Bags	media/luggage-933487_1280_lFtOY80.jpg	f	f	t	1	1
2ff59a23-b831-40d7-841f-4c37bbb2efb3	6	2023-10-18 12:12:25.19026+00	2024-03-14 12:22:50.43573+00	f	\N	Accessories	media/mobile_0Jzwa1o.jpg	t	f	t	1	1
fe32edbe-ea04-476f-826f-1aa3343b1611	7	2023-10-18 12:15:33.207402+00	2024-03-14 12:23:11.635703+00	f	\N	Laptops	media/laptop_9AUfWJ7.jpg	f	f	t	1	1
423dc754-b88c-4806-84e2-40a22cc68638	5	2023-10-18 12:10:59.071468+00	2024-03-14 12:23:48.242494+00	f	\N	Kitchen	media/List-of-Essential-Kitchen-Items_2u3ixIj.webp	f	f	t	1	1
bc98136d-3984-4215-9e18-f87ee7cfb119	14	2023-10-18 12:20:37.555089+00	2024-03-14 12:24:54.118344+00	f	\N	Monitor	media/sony_led_tv_bUZDLYk.jpg	f	f	t	1	1
568ae4c4-e267-42b1-bccf-8a879bced62f	19	2023-12-07 09:34:32.118639+00	2023-12-07 09:34:32.118666+00	t	Test	Ear Buds 3_deleted_19		f	f	t	1	1
7c71f7c1-7d72-4c4c-8bff-a20d8971eb3c	20	2024-03-19 05:14:17.10397+00	2024-03-19 05:14:17.104008+00	f	\N	Afii category		f	f	t	1	1
1bc3b778-3928-40d5-bd14-84402bdbea40	21	2024-03-22 11:36:45.007189+00	2024-03-22 11:36:45.007223+00	f	\N	test		f	f	t	1	1
9b307b04-5575-417c-9e5e-89df2a4591ab	15	2023-10-30 05:55:37.710732+00	2023-11-13 08:56:01.744809+00	f	\N	Stationary	media/stationery.png	f	f	t	1	1
f4a0b7f0-da64-4786-b712-74394654ecb8	18	2023-12-06 07:30:40.304812+00	2023-12-06 07:30:40.304843+00	f	\N	Multimedia		f	f	t	16	16
c4f29e89-1ae5-40a0-8740-ef8c73623126	3	2023-10-18 12:04:53.848957+00	2023-10-18 12:04:53.848979+00	f	\N	Personal Care	media/personal_care_VxYQcTz.png	f	f	t	1	1
9fea2359-44ee-4640-bf62-130bd4766e3e	8	2023-10-18 12:16:41.73663+00	2023-10-18 12:16:41.736661+00	f	\N	Shoes	media/shoes_KvfIalL.jpg	f	f	t	1	1
\.


--
-- Data for Name: products_product; Type: TABLE DATA; Schema: public; Owner: nexsme
--

COPY public.products_product (id, auto_id, date_added, date_updated, is_deleted, deleted_reason, name, image, description, meta_description, is_active, is_varying_price, has_special_variant, cancellable_duration, cancellable_duration_type, returnable_duration, returnable_duration_type, vendor_created, is_admin_approved, brand_id, category_id, creator_id, hsn_id, special_category_id, subcategory_id, unit_of_measurement_id, updater_id, vendor_id) FROM stdin;
82421f6c-ef9f-4c94-9491-a72901b7ffc5	5	2023-10-18 13:10:44.378359+00	2023-10-18 13:10:44.37838+00	f	\N	Vaccum Cleaner	media/vaccum_cleaner.jpg	Eureka Forbes Quick Clean DX Vacuum Cleaner with 1200 Watts Powerful Suction Control, 3 Free Reusable dust Bag worth Rs 500, comes with multiple accessories, dust bag full indicator (Red), standerd	Eureka Forbes Quick Clean DX Vacuum Cleaner with 1200 Watts Powerful Suction Control, 3 Free Reusable dust Bag worth Rs 500,	t	f	f	3.00	day	7.00	day	f	t	6324af00-11f4-4be2-894a-05fbd2a8d50e	b2e9a285-d0a4-4f53-a392-0b9133499dc2	1	432e1d87-0217-42a0-986c-474afccda2e6	\N	d7a6c435-d92c-41db-9abb-9579022b8c79	5896a66f-300c-4944-8e6b-f9d31c6ab001	1	\N
f46acbde-090e-437e-aa89-28be6d0832a7	13	2023-10-18 14:42:34.984073+00	2023-10-18 14:42:34.984099+00	f	\N	Led Smart TV	media/sony_led_tv_E7TPcKs.jpg	Sony Bravia 108 cm (43 inches) 4K Ultra HD Smart LED Google TV KD-43X74K (Black)	Sony Bravia 108 cm (43 inches) 4K Ultra HD Smart LED Google TV KD-43X74K (Black)	t	f	f	3.00	day	7.00	day	f	t	7e29f66e-8495-4ab0-9abc-3220151360a6	bc98136d-3984-4215-9e18-f87ee7cfb119	1	97f588f5-bb09-4e3b-b968-28bd3d025f2c	\N	62898c93-e530-49ae-bc2b-673ab76d76e8	5896a66f-300c-4944-8e6b-f9d31c6ab001	1	\N
4bebf701-59ea-4624-a6f8-2a1502f58209	12	2023-10-18 14:36:10.634761+00	2023-10-30 08:59:19.321222+00	f	\N	Luggage Bags	media/trolley_bag.jpg	Skybags Trooper 65 cms Medium Check-in Polycarbonate Hardsided 4 Wheels Spinner Luggage/Suitcase/Trolley Bag- Blue and White	Skybags Trooper 65 cms Medium Check-in Polycarbonate Hardsided 4 Wheels Spinner Luggage/Suitcase/Trolley Bag- Blue and White	t	f	f	3.00	day	7.00	day	f	t	2b5d19e5-c044-4097-81f9-be63bd144137	a5231967-9d7e-4ca1-b1f6-98965aa7a431	1	4e965096-c239-4d81-b6d1-e28dc2db9a00	\N	42bf2486-6dff-4718-8282-4736c1fc76c6	5896a66f-300c-4944-8e6b-f9d31c6ab001	1	\N
ea03423b-0a82-4180-86e2-e561d3d929f8	2	2023-10-18 12:41:03.464986+00	2023-10-19 10:30:38.261735+00	f	\N	Air Conditioner	media/lg_ac_OiBUzpi.jpg	LG 1 Ton 4 Star AI DUAL Inverter Split AC (Copper, AI Convertible 6-in-1 Cooling, HD Filter with Anti Virus Protection, 2023 Model, RS-Q13JNYE, White)	LG 1 Ton 4 Star AI DUAL Inverter Split AC (Copper, AI Convertible 6-in-1 Cooling, HD Filter with Anti Virus Protection, 2023 Mod	t	t	t	3.00	day	7.00	day	f	t	c7f38114-3f92-4c63-8f9c-bf89dec49475	b2e9a285-d0a4-4f53-a392-0b9133499dc2	1	541880e1-e28b-499f-b5dc-3d24490fdac0	55fae277-899c-4bb0-aed5-3c66ac2cbc9d	838b0b2d-8e00-4348-80cc-a4f437b8238d	5896a66f-300c-4944-8e6b-f9d31c6ab001	1	\N
5c2a735f-a1cc-4432-b92c-9e3c220e8d6d	6	2023-10-18 13:37:38.668125+00	2023-10-18 13:37:38.668146+00	f	\N	Beard Care	media/beard_oil.jpg	The Man Company Advanced Beard Growth Oil for Men with Argan & Geranium | Nourishes and Strengthens Beard for Faster Growth | For Beard Softness, Shine & Patchy Beard – 30 ml	The Man Company Advanced Beard Growth Oil for Men with Argan & Geranium | Nourishes and Strengthens Beard for Faster Growth	t	f	f	3.00	day	7.00	day	f	t	2e324e50-cd77-4ba7-bf3f-6d925dd9bd4a	c4f29e89-1ae5-40a0-8740-ef8c73623126	1	5b4bbec1-1647-4b3a-b297-c9cd028245ab	\N	26f847fc-2b2e-4264-97a6-25e2b03f61bc	5896a66f-300c-4944-8e6b-f9d31c6ab001	1	\N
31b8fe08-54fd-4ecc-bb2f-d694539a6601	15	2023-10-18 14:55:17.101512+00	2023-10-18 14:55:17.101535+00	f	\N	Running Shoes	media/adidas_running_shoes.jpg	Adidas Men's Clinch-X M Running Shoe	Adidas Men's Clinch-X M Running Shoe	t	f	f	3.00	day	7.00	day	f	t	47d1244a-bf0c-4c46-88fd-3e54204b051c	9fea2359-44ee-4640-bf62-130bd4766e3e	1	931effd1-fc67-40f9-8d80-d3f5c3e0536a	\N	9438f0af-1d2a-4ce6-b2dc-71cb43ae12a8	5896a66f-300c-4944-8e6b-f9d31c6ab001	1	\N
7f68bd65-5822-423e-adff-2d1822e33bcf	17	2023-10-18 15:09:47.986719+00	2023-10-30 11:19:14.356052+00	f	\N	Laptop	media/asus_laptop.jpg	ASUS TUF Gaming F15, 15.6"(39.62 cms) FHD 144Hz, Intel Core i7-11800H 11th Gen, 4GB NVIDIA GeForce RTX 3050 Ti, Gaming Laptop (16GB/512GB SSD/Windows 11/90WHrs Battery/Black/2.30 Kg), FX506HE-HN382W	ASUS TUF Gaming F15, 15.6"(39.62 cms) FHD 144Hz, Intel Core i7-11800H 11th Gen, 4GB NVIDIA GeForce RTX 3050 Ti, Gaming Laptop	t	f	f	3.00	day	7.00	day	f	t	5589a4b7-c5bf-47d6-9829-3aeb27d43a78	fe32edbe-ea04-476f-826f-1aa3343b1611	1	7b7612a0-bcbf-4e57-a45b-2855f5cb9f19	\N	3688f806-dddd-494b-839f-8260420db413	5896a66f-300c-4944-8e6b-f9d31c6ab001	1	\N
2c7c3679-a79f-4d23-bfd6-603ec58b6440	7	2023-10-18 14:03:06.924415+00	2023-10-18 14:03:06.924437+00	f	\N	Oral Hygiene	media/listrine.jpg	Listerine Cool Mint Mouthwash Liquid, Removes 99.9% Germs, 250ml Combo Pack of 3 (Buy 2 Get 1 Free)	Listerine Cool Mint Mouthwash Liquid, Removes 99.9% Germs, 250ml Combo Pack of 3 (Buy 2 Get 1 Free)	t	f	f	3.00	day	7.00	day	f	t	a21329d0-2313-4354-974e-3260e402b8e6	c4f29e89-1ae5-40a0-8740-ef8c73623126	1	5b4bbec1-1647-4b3a-b297-c9cd028245ab	\N	caf50eb7-080f-4a21-b9d9-90dc36574f3f	5896a66f-300c-4944-8e6b-f9d31c6ab001	1	\N
b137397b-2939-4d75-96bb-bbd4df70ea0b	16	2023-10-18 15:04:01.147413+00	2023-10-18 15:04:01.147437+00	f	\N	Sandals and Slippers	media/fila_sandals.jpg	Fila mens Reconza Outdoor Sandals	Fila mens Reconza Outdoor Sandals	t	f	f	3.00	day	7.00	day	f	t	\N	9fea2359-44ee-4640-bf62-130bd4766e3e	1	931effd1-fc67-40f9-8d80-d3f5c3e0536a	\N	49c1acaa-cad6-491b-875c-7baa30751b59	5896a66f-300c-4944-8e6b-f9d31c6ab001	1	\N
e72cbbee-1e5c-4e8d-88b4-c9a34e706fb1	3	2023-10-18 12:54:17.106495+00	2023-10-18 12:54:17.106517+00	f	\N	Coffee Machine	media/philips_coffee_machine.jpg	PHILIPS Drip Coffee Maker HD7432/20, 0.6 L, Ideal for 2-7 cups, 750W, Black, Medium	PHILIPS Drip Coffee Maker HD7432/20, 0.6 L, Ideal for 2-7 cups, 750W, Black, Medium	t	f	f	3.00	day	7.00	day	f	t	1ce24710-3205-43ee-8a49-bd3e6b595eaf	b2e9a285-d0a4-4f53-a392-0b9133499dc2	1	ebb96bf8-7c02-4fbd-8d11-5b37f4dc5c90	\N	5e42e122-3efc-4c23-9e3f-43ad16aa5ef7	5896a66f-300c-4944-8e6b-f9d31c6ab001	1	\N
e09eace2-5bb9-4557-9c6b-0ac1153a0261	32	2024-02-23 10:42:48.31544+00	2024-03-19 06:26:54.179997+00	t	Test	Water Bottle	media/waterbottle.jpg	1 ltr highly durable plastic Water bottle ,	Top selling 1 ltr, Highly durable water bottle, Blue colour .	t	f	f	4.00	day	7.00	day	f	t	1286ca3e-22ed-4997-b06c-acb88710fd71	9b307b04-5575-417c-9e5e-89df2a4591ab	1	2d817d03-4e43-4085-a1e8-615b1c2cc91e	\N	838b0b2d-8e00-4348-80cc-a4f437b8238d	5896a66f-300c-4944-8e6b-f9d31c6ab001	1	\N
3d51ec92-5202-4a7e-9b35-f3f43a0fde9e	8	2023-10-18 14:07:38.812069+00	2023-10-18 14:07:38.812098+00	f	\N	Godrej Protekt Germ Fighter Handwash	media/handcare.jpg	Godrej Protekt Germ Fighter Handwash Refill Pack | Aqua | Germ Protection & Soft on Hands - 1.5 L	Godrej Protekt Germ Fighter Handwash Refill Pack | Aqua | Germ Protection & Soft on Hands - 1.5 L	t	f	f	3.00	day	7.00	day	f	t	785feea6-b066-4e9b-894c-b823df47f90f	c4f29e89-1ae5-40a0-8740-ef8c73623126	1	5b4bbec1-1647-4b3a-b297-c9cd028245ab	\N	0096a3eb-9b5c-44ad-83bd-f22aaf0df856	5896a66f-300c-4944-8e6b-f9d31c6ab001	1	\N
dfacdbda-1eb6-4b1f-b9e2-f775a7dd1ca8	33	2024-03-20 08:38:56.768295+00	2024-03-20 08:38:56.768325+00	f	\N	Test	media/WhatsApp_Image_2024-03-20_at_12.34.08_PM_1.jpeg	test	test	f	f	f	2.00	day	2.00	day	f	t	1ce24710-3205-43ee-8a49-bd3e6b595eaf	b2e9a285-d0a4-4f53-a392-0b9133499dc2	1	00919fe1-3882-472e-95d0-9987b7776a45	\N	7950dbaf-5000-42bb-8935-925aa4857e4e	5896a66f-300c-4944-8e6b-f9d31c6ab004	1	\N
5f617335-9c3f-4f42-9440-aeb91905a3f1	9	2023-10-18 14:14:13.488524+00	2023-10-18 14:14:13.488543+00	f	\N	Dinner Set	media/la_opala_dinner_set.jpg	La Opala, Novo Collection, Opal Glass Dinner Set 23 pcs, Lush Greens, White	La Opala, Novo Collection, Opal Glass Dinner Set 23 pcs, Lush Greens, White	t	f	f	3.00	day	7.00	day	f	t	f0d48d7e-b504-4b7f-8495-6e964536d427	423dc754-b88c-4806-84e2-40a22cc68638	1	907b35e6-e368-44bb-a25e-7671b0ea541a	\N	dc53364f-bdfe-40fc-b934-4f5327e745ee	5896a66f-300c-4944-8e6b-f9d31c6ab001	1	\N
bc3e5e8e-b6b3-47aa-9905-395c0fed357e	11	2023-10-18 14:25:56.273629+00	2023-10-18 14:25:56.273651+00	f	\N	Backpacks	media/backpacks.jpg	Skybags One Size Brat 46 Cms, 22 Ltrs Casual Backpack- Sea Green	Skybags One Size Brat 46 Cms, 22 Ltrs Casual Backpack- Sea Green	t	f	f	3.00	day	7.00	day	f	t	2b5d19e5-c044-4097-81f9-be63bd144137	a5231967-9d7e-4ca1-b1f6-98965aa7a431	1	4e965096-c239-4d81-b6d1-e28dc2db9a00	\N	9dddc01f-28e0-46d6-b5e0-1f7a04d94104	5896a66f-300c-4944-8e6b-f9d31c6ab001	1	\N
62441cf8-0494-44b1-9cc4-b9f31e9dc099	4	2023-10-18 13:01:17.448982+00	2023-10-18 13:01:17.449004+00	f	\N	Refrigerator	media/samsung_refrigerator.jpg	Samsung 189 L 5 Star Digi-Touch Cool Digital Inverter with Display Direct-Cool Single Door Refrigerator (RR21C2F25HS/HL, Hydrangea Blue, Base Stand Drawer, 2023 Model)	Samsung 189 L 5 Star Digi-Touch Cool Digital Inverter with Display Direct-Cool Single Door Refrigerator (RR21C2F25HS/HL,	t	f	f	3.00	day	7.00	day	f	t	\N	b2e9a285-d0a4-4f53-a392-0b9133499dc2	1	42650cbe-e45b-4b35-acc6-f706cef07d1e	\N	b94417dd-4e44-4220-b114-f4c92d30da85	5896a66f-300c-4944-8e6b-f9d31c6ab001	1	\N
52bbc17c-a054-4e54-82fc-e707b76eaeac	10	2023-10-18 14:19:40.723223+00	2023-10-18 14:19:40.723243+00	f	\N	Pressure Cooker	media/pigeon_cooker.jpg	Pigeon by Stovekraft 3 Litre Special Plus Contura Hard Anodised Inner Lid Induction Base Pressure Cooker (Black) BIS Certified	Pigeon by Stovekraft 3 Litre Special Plus Contura Hard Anodised Inner Lid Induction Base Pressure Cooker (Black) BIS Certified	t	f	f	3.00	day	7.00	day	f	t	d8e13997-9c95-41b1-a489-65ed451aabec	423dc754-b88c-4806-84e2-40a22cc68638	1	7f5c9b9d-0a47-4b6b-bbf8-abb0af8257ba	\N	49616439-2ef8-41ef-9ee7-c0529c19cb99	5896a66f-300c-4944-8e6b-f9d31c6ab001	1	\N
d48804b7-02d7-4b9c-9a80-cc4ffc3026d4	34	2024-03-20 08:39:38.660506+00	2024-03-20 08:39:38.660532+00	f	\N	Test	media/WhatsApp_Image_2024-03-20_at_12.34.08_PM_1_IuOKXms.jpeg	test	test	t	f	f	2.00	day	2.00	day	f	t	1ce24710-3205-43ee-8a49-bd3e6b595eaf	b2e9a285-d0a4-4f53-a392-0b9133499dc2	1	00919fe1-3882-472e-95d0-9987b7776a45	\N	7950dbaf-5000-42bb-8935-925aa4857e4e	5896a66f-300c-4944-8e6b-f9d31c6ab004	1	\N
7ec082e0-361e-472e-ab3e-721be64290af	22	2023-10-19 04:36:34.266131+00	2023-12-07 09:32:17.03188+00	f	\N	Power Bank	media/mi_powerbank_kxlTI5K.jpg	Mi 10000mAH Li-Polymer, Micro-USB and Type C Input Port, Power Bank 3i with 18W Fast Charging (Midnight Black)	Mi 10000mAH Li-Polymer, Micro-USB and Type C Input Port, Power Bank 3i with 18W Fast Charging (Midnight Black)	t	f	f	3.00	day	7.00	day	f	t	74343a89-2b0c-474f-ac97-69f5379c69d1	2ff59a23-b831-40d7-841f-4c37bbb2efb3	1	6c85990d-b024-43fa-aa88-7a0021e953ae	\N	4d09ce55-c13f-4f4b-a6a1-af38e4f6f646	5896a66f-300c-4944-8e6b-f9d31c6ab001	1	\N
461a1b00-741a-483f-a471-69892ee93845	21	2023-10-19 04:30:55.935185+00	2023-12-07 09:35:46.992884+00	f	\N	Ear Buds	media/redmi_earbuds.jpg	Redmi Buds 3 Lite, True Wireless in Ear Earbuds with Mic, Bluetooth 5.2,IP54 Splash Resistant, Ultra-Light,Fast Charging & Up to 18 Hours Playback, New Lock-in Design, Quick Touch Response (Black)	Redmi Buds 3 Lite, True Wireless in Ear Earbuds with Mic, Bluetooth 5.2,IP54 Splash Resistant, Ultra-Light,Fast Charging	t	f	f	3.00	day	7.00	day	f	t	f25f0330-f66d-4968-9822-8742ce9308a2	2ff59a23-b831-40d7-841f-4c37bbb2efb3	1	00919fe1-3882-472e-95d0-9987b7776a45	\N	a9e2559c-58a6-46e9-8ffe-7f696a91f432	5896a66f-300c-4944-8e6b-f9d31c6ab001	1	\N
aed782f5-4471-410c-81d4-600392804d3a	20	2023-10-19 04:17:06.678231+00	2023-10-19 04:17:06.678252+00	f	\N	PlayStation	media/playstation.jpg	Sony PS5® Console – Cricket 24 Bundle	Sony PS5® Console – Cricket 24 Bundle	t	f	f	3.00	day	7.00	day	f	t	83801ad7-f4e7-43f8-a3e1-fef7642e19c4	3cd7385c-4b66-4147-b956-e6679c623a37	1	ee5e0ff0-0089-40e0-8d96-a7790411ea31	\N	efce42e3-7960-4292-a8ce-0ab80e232bdf	5896a66f-300c-4944-8e6b-f9d31c6ab001	1	\N
a47d0c78-17e6-4944-af3f-61dd9c5c27d7	19	2023-10-19 04:02:29.629586+00	2023-10-19 04:02:29.629607+00	f	\N	Gaming Headset	media/headset.jpg	Redgear Cosmo 7,1 Usb Gaming Wired Over Ear Headphones With Mic With Virtual Surround Sound,50Mm Driver, Rgb Leds & Remote Control(Black)	Redgear Cosmo 7,1 Usb Gaming Wired Over Ear Headphones With Mic With Virtual Surround Sound,50Mm Driver, Rgb Leds ,Black	t	f	f	3.00	day	7.00	day	f	t	f6b9cc47-70bb-4c28-a646-9121fbd60c22	3cd7385c-4b66-4147-b956-e6679c623a37	1	b3562525-a585-4208-834d-01452496320c	\N	465e16ad-a786-456a-a295-8fad92440425	5896a66f-300c-4944-8e6b-f9d31c6ab001	1	\N
94370aa5-9cb5-4767-8cef-00e482cb2abe	18	2023-10-18 15:14:03.965702+00	2023-10-18 15:14:03.965723+00	f	\N	HP Pavillion Gaming Laptop	media/hp_pavilion.jpg	HP Pavilion Gaming 11th Gen Intel Core i5 15.6"(39.6cm) FHD Gaming Laptop (8GB RAM/512GB SSD/RTX 3050 4GB Graphics/144 Hz/B&O/Windows 10 Home/MS Office/2.23Kg), 15-dk2012TX, Black	HP Pavilion Gaming 11th Gen Intel Core i5 15.6"(39.6cm) FHD Gaming Laptop (8GB RAM/512GB SSD/RTX 3050 4GB Graphics/144 Hz.	t	f	f	3.00	day	7.00	day	f	t	66b76c75-9f0e-421f-a63d-8aa62ce96d9a	fe32edbe-ea04-476f-826f-1aa3343b1611	1	7b7612a0-bcbf-4e57-a45b-2855f5cb9f19	\N	ee9b46c8-4e5b-4499-b673-97d59cf1a5f1	5896a66f-300c-4944-8e6b-f9d31c6ab001	1	\N
d81e66fa-f6dc-4186-b715-3d794f3d07f1	14	2023-10-18 14:47:59.512114+00	2023-10-18 14:47:59.512138+00	f	\N	Monitor and TV	media/gaming_laptop_cCOeNuK.jpg	Acer Nitro VG240Y M3 23.8 Inch IPS Full HD Gaming LCD Monitor with LED Backlight I AMD Freesync Premium I 0.5 MS Response, 180 Hz Refresh Rate I 2 x HDMI, 1 x DP I Stereo Speakers I HDR 10 I Black	Acer Nitro VG240Y M3 23.8 Inch IPS Full HD Gaming LCD Monitor with LED Backlight I AMD Freesync Premium I 0.5 MS Response,	t	f	f	3.00	day	7.00	day	f	t	6d5cbc10-1daa-47bc-aa68-d8218a9c8e82	bc98136d-3984-4215-9e18-f87ee7cfb119	1	97f588f5-bb09-4e3b-b968-28bd3d025f2c	\N	9d5e2b6e-643a-416e-993d-b63c5d49fee2	5896a66f-300c-4944-8e6b-f9d31c6ab001	1	\N
ff07f19a-8c30-49f6-836e-9aa44d00868a	31	2024-01-04 09:33:51.533539+00	2024-01-04 09:33:51.533562+00	t	\N	Type C Charger	media/25w_charger.jpg	Original 25W Charger SuperFast Smartphone Charger for Samsung Galaxy S21/S21+/S21 Ultra/S20/S20+/S20 Ultra/ M51/M42/F23 5G/M53 5G/M52 5G/M33/ Samsung Galaxy S23 Ultra/S23 /S23+, Samsung Galaxy S22/S22+/S22 Ultra (Adapter and Cable)- Black.	All Round Safety: In- Built safety checks like voltage, temperature and current control, protects your connected device from dam	t	f	f	3.00	day	5.00	day	f	t	9141a63e-0d1e-4588-9c14-2a2aa5add6dd	2ff59a23-b831-40d7-841f-4c37bbb2efb3	1	6e0d1880-3c65-4cb3-949b-9aa013781c12	\N	f8b1c0b1-3ecc-49f1-b390-a7927950d46a	5896a66f-300c-4944-8e6b-f9d31c6ab001	1	\N
11109fa9-c97b-4a66-8380-aa0473ff9c67	24	2023-11-02 12:40:22.330928+00	2024-03-20 06:31:31.750418+00	t	Test	Gulfmobiles	media/WhatsApp_Image_2022-06-05_at_3.28.56_PM.jpeg		RHHLGSJOJFSF	t	t	t	3.00	day	3.00	day	f	t	5589a4b7-c5bf-47d6-9829-3aeb27d43a78	2ff59a23-b831-40d7-841f-4c37bbb2efb3	1	907b35e6-e368-44bb-a25e-7671b0ea541a	1d19085b-ab56-4ec9-878b-10610e6379a5	69838510-ccf4-460d-ba9c-f021c394ad9c	5896a66f-300c-4944-8e6b-f9d31c6ab001	1	\N
5202aa42-87ce-4a76-acdb-e6bbc22db79d	26	2023-11-17 16:03:59.974317+00	2023-11-17 16:03:59.974341+00	t	\N	Samsung S23 ultra	media/NEXSME_BAZAR.jpg	In 2022, Samsung just about merged the Galaxy S and Galaxy Note into one machine, the Galaxy S22 Ultra. For 2023, the mashup of the century, when it comes to cellphones, is continuous because the Galaxy S2	to be updated\r\nIt’s our bright	t	t	t	3.00	hours	2.00	day	f	t	7b07bce1-ca35-46a6-895b-4f036514d2ce	2ff59a23-b831-40d7-841f-4c37bbb2efb3	1	8fba4a9f-e178-4fac-a356-56d108a012f7	c3ffe9ea-34e9-497a-9323-9709bcd0b645	9b3cfbad-6250-4625-8051-f0fcd7eb8ecf	5896a66f-300c-4944-8e6b-f9d31c6ab001	1	\N
1278c284-df7b-4fe3-a949-3b6d5d8364e5	25	2023-11-17 05:49:07.380218+00	2024-03-20 05:56:08.080901+00	t	Test	OnePlus (55 inch) Ultra HD (4K) LED Smart Android TV	media/u-series-55-u1s-55uc1a00-oneplus-original-imag7xtnzgaaxqrg.png	The OnePlus 50UC1A00 TV is your one home entertainment appliance for immersive, unlimited, and exciting audio-visual delight. This television features a 4K UHD Display for detailed, clear, and immersive visuals, Dynaudio sound offers well-balanced audio, and OnePlus Connect 2.0 to connect your smartphone to this TV.	The 4K UHD display features 8.3 million pixels resolution to deliver impressive and realistic visuals. With HDR10+ certification	f	t	t	2.00	day	1.00	hours	f	t	1ccac7f0-08e0-4a95-a4de-5a296040b378	bc98136d-3984-4215-9e18-f87ee7cfb119	16	97f588f5-bb09-4e3b-b968-28bd3d025f2c	e30be9e6-b85b-446b-ba65-36d6c3dd7414	9d5e2b6e-643a-416e-993d-b63c5d49fee2	5896a66f-300c-4944-8e6b-f9d31c6ab001	1	\N
69418757-e948-494c-a4d5-cfab30752ef5	28	2023-12-06 08:00:49.682233+00	2023-12-06 08:00:49.682259+00	t	\N	Realme Watch 3	media/-original-imagg3us6rfzxdgm.png	Flaunt your style and create a distinctive persona with the innovative realme Watch 3 that comes with mind-blowing features. This watch boasts an AI noise cancellation algorithm that eliminates ambient noise and optimises communication	Furthermore, the 4.57 cm (1.8) large display allows you to experience clarity in everything you perceive with the watch. Moreove	t	f	f	2.00	day	1.00	day	f	t	6acb7874-bdcb-4911-80cd-7c608ca77cad	f4a0b7f0-da64-4786-b712-74394654ecb8	16	c0afb4fb-c0b1-4037-ad0f-8e41e4cdffaa	\N	19cc5f38-0f70-4478-aaf3-4750fa8d142f	5896a66f-300c-4944-8e6b-f9d31c6ab001	16	\N
af269420-016d-46f4-a5dd-9bdc7c5aebef	27	2023-12-06 07:51:06.834214+00	2023-12-06 07:51:06.834249+00	t	\N	Realme Watch 2 Pro	media/android-ios-watch-2-pro-realme-no-original-imag6gfpzyx8vyne.png	Get the realme Watch 2 Pro smartwatch and stay on track with your fitness goals, thanks to its 90 Sports modes, 24/7 Heart rate monitor and Blood oxygen monitor. This smartwatch lasts up to 14 days, courtesy its long lasting battery.	This smartwatch lasts up to 14 days, courtesy its long lasting battery. The smart watch also has in-built dual-satellite GPS for	t	f	f	2.00	day	1.00	day	f	t	6acb7874-bdcb-4911-80cd-7c608ca77cad	f4a0b7f0-da64-4786-b712-74394654ecb8	16	c0afb4fb-c0b1-4037-ad0f-8e41e4cdffaa	\N	19cc5f38-0f70-4478-aaf3-4750fa8d142f	5896a66f-300c-4944-8e6b-f9d31c6ab001	16	\N
48c14a81-0841-4367-83cc-67daefc60b68	30	2023-12-19 07:16:05.540512+00	2024-03-19 06:27:17.832877+00	t	Test	Washing Machine	media/washing_machine.jpg	Whirlpool 7.5 Kg 5 Star Ace Supreme Semi-Automatic Top Loading Washing Machine (ACE 7.5 SUPREME, Grey Dazzle, Fast Drying)	Semi-automatic top load washing machine : Affordable with best wash quality with Super Soak Technology	t	f	f	3.00	day	7.00	day	f	t	7535eeb8-cec8-4059-9453-6a280044d712	b2e9a285-d0a4-4f53-a392-0b9133499dc2	1	61dd8fd5-c766-42d9-a6cf-3fb97fd9153f	\N	0dfb060f-3c9a-4ddd-a53b-bee8b2ff2412	5896a66f-300c-4944-8e6b-f9d31c6ab001	1	\N
0962a1a0-6b5d-4b3c-a12c-4ad57bd961dc	29	2023-12-19 07:08:28.898561+00	2023-12-19 07:08:28.898586+00	t	\N	Microvawe Oven	media/oven.jpg	LG 32 L Convection Microwave Oven (MC3286BRUM, Black)	32L Capacity: Suitable for large families.	t	f	f	3.00	day	5.00	day	f	t	f996661e-1eef-4110-9948-c8ee415bc23d	b2e9a285-d0a4-4f53-a392-0b9133499dc2	1	f2075597-10c9-4f6b-bd27-46a49e12b12b	\N	7950dbaf-5000-42bb-8935-925aa4857e4e	5896a66f-300c-4944-8e6b-f9d31c6ab001	1	\N
07429326-5f46-410e-90c3-17b538c7e8cf	23	2023-10-31 09:54:47.024779+00	2024-03-20 06:20:00.024897+00	f	\N	Luggage Trolly Bag	media/trolley-set_YrngO1h.jpeg	Size of Boys Rolling Backpack: 11.8"x 9"x 18.11"(L*W*H); about weight: 2kg; the rolling backpack with durable rubber solid 6 wheels design, sliding fast, not stuck, wear-resistant, the wheels are perfect for going up steps and curbs\r\nMaterial of Rolling Backpack: Anti-splash water nylon fabric, lining is polyester, durable, anti-scratch, and water-resistant, better protect the items in the kids backpack from getting wet, and easy to wipe down. This boys rolling backpack with sturdy zippers, triangle sewing reinforcement, adjustable padded straps and durable wheels and handles, can last the entire academic year\r\nRolling Backpack with Multi-Pocket: Boys rolling backpack with multiple pockets, 1 large capacity main pocket with compartment, 3 front zip pockets and 2 side pockets, easy to hold all for school supplies, such as tablet, books, homework folders, iPad, folded umbrella, water bottle, ect.\r\nDetachable 6-Wheel Trolley: After correct assembly, the backpack can stay on the trolley stably without rollover, wear-resistant rubber wheels, reinforced aluminum alloy double handle, telescopic design can save space. you could use the backpack with the trolley or trolley can be separated use if desired\r\nOccasion of Trolley Bag: This rolling backpack perfect for school, travel, work; it is suitable for primary middle high school kids and adults. Please contact us if you have any questions or dissatisfied, we will refund or replacement to ensure you a beautiful shopping experience	Dear friend, you have 3 options, please choose carefully before purchasing!\r\n2 Wheels Trolley + 1* backpack / 6 Wheels Trolley +	t	t	t	7.00	day	7.00	day	f	t	64156cbc-7430-4b25-a716-dd6c68a6ace0	a5231967-9d7e-4ca1-b1f6-98965aa7a431	1	3826702b-006e-4ec7-a86d-119d59e15143	7912f4b5-b76f-4e5e-a68a-bb3c6ef5d3e1	eb4aeb1f-bdb5-4d30-8bd5-0bf28f5269d6	5896a66f-300c-4944-8e6b-f9d31c6ab001	1	\N
\.


--
-- Data for Name: products_product_image; Type: TABLE DATA; Schema: public; Owner: nexsme
--

COPY public.products_product_image (id, auto_id, date_added, date_updated, deleted_reason, image, is_deleted, creator_id, product_variant_id, updater_id) FROM stdin;
20c1b524-6e34-4e7d-9700-b6fade2a1cab	1	2023-10-31 09:54:47.040779+00	2023-10-31 09:54:47.040803+00	\N	media/blue-2_mrtQPwW.jpg	f	1	773b37a2-b0f1-4c9b-b1a5-2eb60eccd0db	1
51e31c6d-b111-4870-bcf3-7a49e86cdfe3	2	2023-10-31 09:54:47.046427+00	2023-10-31 09:54:47.046451+00	\N	media/blue-3_5JBTR0m.jpg	f	1	773b37a2-b0f1-4c9b-b1a5-2eb60eccd0db	1
ebaace23-b78f-4d89-9aec-60b81c288c3d	3	2023-10-31 09:54:47.050176+00	2023-10-31 09:54:47.050204+00	\N	media/blue-4_m5Fc6LS.jpg	f	1	773b37a2-b0f1-4c9b-b1a5-2eb60eccd0db	1
e45c3787-25e7-417e-89eb-f39008248e0e	4	2023-10-31 09:54:47.061628+00	2023-10-31 09:54:47.061656+00	\N	media/blue-2_nR8q6WE.jpg	f	1	aca256b7-4cc9-43f5-8c1e-6e6a815a382b	1
80ab3ae1-0c74-4e0c-a865-a39eb2ad6987	5	2023-10-31 09:54:47.064893+00	2023-10-31 09:54:47.064919+00	\N	media/blue-3_x46mQ1L.jpg	f	1	aca256b7-4cc9-43f5-8c1e-6e6a815a382b	1
c3fd0c0f-5179-4c74-894e-a0a8911fd5f1	6	2023-10-31 09:54:47.067771+00	2023-10-31 09:54:47.067795+00	\N	media/blue-4_bFoUMcC.jpg	f	1	aca256b7-4cc9-43f5-8c1e-6e6a815a382b	1
8fc84b6f-07ff-4536-a620-908aec66440d	7	2023-10-31 09:54:47.077323+00	2023-10-31 09:54:47.077349+00	\N	media/blue-2_V4eJcWG.jpg	f	1	e7c98a6b-5d47-4b6b-bcb5-b1bd656e29fc	1
0b5fd512-a826-43fb-bd0d-a5b7d1699663	8	2023-10-31 09:54:47.080186+00	2023-10-31 09:54:47.080207+00	\N	media/blue-3_GuawkG8.jpg	f	1	e7c98a6b-5d47-4b6b-bcb5-b1bd656e29fc	1
4a85383e-7204-4bc2-a4dc-9a4f9f2096dd	9	2023-10-31 09:54:47.08326+00	2023-10-31 09:54:47.083285+00	\N	media/blue-4_bLC2cw9.jpg	f	1	e7c98a6b-5d47-4b6b-bcb5-b1bd656e29fc	1
c591a157-bacc-4fa8-9973-a91194baac20	10	2023-10-31 09:54:47.092978+00	2023-10-31 09:54:47.093003+00	\N	media/pink-2_veJSdFv.jpg	f	1	ed36263d-cd54-428c-a264-764746b0c744	1
38d1df12-3ec2-4053-a8bf-78a7f771f899	11	2023-10-31 09:54:47.096051+00	2023-10-31 09:54:47.096077+00	\N	media/pink-3_cHpR7d8.jpg	f	1	ed36263d-cd54-428c-a264-764746b0c744	1
8bd1e238-b9f4-4b1c-9a8a-ed391292f4be	12	2023-10-31 09:54:47.099166+00	2023-10-31 09:54:47.099193+00	\N	media/pink-4_0IThsf0.jpg	f	1	ed36263d-cd54-428c-a264-764746b0c744	1
2d4ebf41-7e04-4b66-b6d7-933c9642ac41	13	2023-10-31 09:54:47.110954+00	2023-10-31 09:54:47.110973+00	\N	media/pink-2_PAXkaTF.jpg	f	1	66d05627-a263-46a9-91c7-bbd95e8383bc	1
97db2c4f-8e97-4ea4-8665-edf95e35e48a	14	2023-10-31 09:54:47.114457+00	2023-10-31 09:54:47.114488+00	\N	media/pink-3_eQWdUxW.jpg	f	1	66d05627-a263-46a9-91c7-bbd95e8383bc	1
326180d1-6dd9-46d6-aa2b-237aa969f78f	15	2023-10-31 09:54:47.118245+00	2023-10-31 09:54:47.11827+00	\N	media/pink-4_XCNkFc7.jpg	f	1	66d05627-a263-46a9-91c7-bbd95e8383bc	1
49682950-38c9-46cb-b35a-f7ed20268a23	16	2023-10-31 09:54:47.128803+00	2023-10-31 09:54:47.128825+00	\N	media/pink-2_YyMDPjV.jpg	f	1	6708ce33-b38b-44b3-80c3-020cf7ab8c08	1
8caaa4dd-d6df-4d31-ac93-fa3f7b177519	17	2023-10-31 09:54:47.131921+00	2023-10-31 09:54:47.13198+00	\N	media/pink-3_0COE88c.jpg	f	1	6708ce33-b38b-44b3-80c3-020cf7ab8c08	1
e8efec76-57a5-4c21-bb88-23e28f520bfc	18	2023-10-31 09:54:47.134723+00	2023-10-31 09:54:47.134752+00	\N	media/pink-4_4DaM2zH.jpg	f	1	6708ce33-b38b-44b3-80c3-020cf7ab8c08	1
18a42084-2d97-48a9-9362-b38261fb52cf	19	2023-10-31 09:59:51.23069+00	2023-10-31 09:59:51.230714+00	\N	media/pink-1_GpuwXKN.jpg	f	1	ca026cc2-5c72-46e0-8043-31490fae84b0	1
c9d8ce72-7856-4e11-8cf5-62a4703e03c4	20	2023-10-31 09:59:51.234853+00	2023-10-31 09:59:51.234886+00	\N	media/pink-2_igMdniL.jpg	f	1	ca026cc2-5c72-46e0-8043-31490fae84b0	1
bd826995-8cc2-4627-bff1-1422950f3e84	21	2023-10-31 09:59:51.238139+00	2023-10-31 09:59:51.238156+00	\N	media/pink-3_Yuq663k.jpg	f	1	ca026cc2-5c72-46e0-8043-31490fae84b0	1
4f9738d7-6eab-458d-8b7c-382160900bf3	22	2023-10-31 09:59:51.241046+00	2023-10-31 09:59:51.241075+00	\N	media/pink-4_BSTStgL.jpg	f	1	ca026cc2-5c72-46e0-8043-31490fae84b0	1
fd1dd7ec-2a4b-48d5-aa5f-3a3c2cacf8c6	23	2023-11-02 12:40:22.343023+00	2023-11-02 12:40:22.343044+00	\N	media/WhatsApp_Image_2022-06-05_at_3.28.57_PM_1.jpeg	f	1	8a2defa2-6b5a-4b66-8908-701b22db930b	1
d0485fa6-779a-40b3-a724-dbfb52582ad8	24	2023-11-17 05:49:07.390956+00	2023-11-17 05:49:07.390986+00	\N	media/u-series-55-u1s-55uc1a00-oneplus-original-imag7xtnh8vmtmmm.png	f	16	a14a137d-ac4f-4f7a-9a2c-d89dd3c44784	16
6383737e-6d2b-485b-b9b9-fce0e08efd22	25	2023-11-17 16:03:59.985364+00	2023-11-17 16:03:59.985383+00	\N	media/NEXSME_BAZAR_I06PyYM.jpg	f	1	18b5c608-e07f-4c49-b3f4-efb97cc350aa	1
60ddb303-ebdf-41fa-b68d-42df69730940	26	2023-11-17 16:03:59.993427+00	2023-11-17 16:03:59.99344+00	\N	media/galaxy-s23-ultra-rear-colors.jpg	f	1	0e4ef62a-f635-4f42-b9db-82598ab245df	1
4508c573-d8f0-44c5-b886-5c148859cbba	27	2023-12-06 07:51:06.847328+00	2023-12-06 07:51:06.847353+00	\N	media/android-ios-watch-2-pro-realme-no-original-imag6gfpeu9tvfpv.png	f	16	235ad0af-dbcb-467c-a864-65868751373e	16
bf22a751-32c3-4819-bbb8-9b23bcbe04bb	28	2023-12-06 07:51:06.851817+00	2023-12-06 07:51:06.851844+00	\N	media/android-ios-watch-2-pro-realme-no-original-imag6gfpn4w24qfk.png	f	16	235ad0af-dbcb-467c-a864-65868751373e	16
70de24a5-aa70-4a17-9e9c-3cca690d8b67	29	2023-12-06 07:51:06.855311+00	2023-12-06 07:51:06.855336+00	\N	media/android-ios-watch-2-pro-realme-no-original-imag6gfpzyx8vyne_tca5iYD.png	f	16	235ad0af-dbcb-467c-a864-65868751373e	16
9e77ed51-df12-46d1-8080-715e34298c41	30	2023-12-06 08:00:49.691506+00	2023-12-06 08:00:49.691528+00	\N	media/-original-imagg3usptrrurgz.png	f	16	0883d757-3b35-4eca-a2a8-9e10bebe5d32	16
fb33f512-5121-4923-9075-290e68562cb3	31	2023-12-06 08:00:49.694202+00	2023-12-06 08:00:49.694215+00	\N	media/-original-imagg3uszruuzzz8.png	f	16	0883d757-3b35-4eca-a2a8-9e10bebe5d32	16
8bdfbaf3-4814-4ae3-a7a9-a60e35380c5b	32	2023-12-06 08:00:49.695918+00	2023-12-06 08:00:49.69595+00	\N	media/-original-imaggjk4ge6xxpev.png	f	16	0883d757-3b35-4eca-a2a8-9e10bebe5d32	16
\.


--
-- Data for Name: products_product_variant; Type: TABLE DATA; Schema: public; Owner: nexsme
--

COPY public.products_product_variant (id, auto_id, date_added, date_updated, is_deleted, deleted_reason, title, product_code, image, current_rating, stock, warranty, discount_limit, low_stock_limit, first_time_stock, batch_number, expire_date, retail_price, manufacturing_date, cost, mrp, commission_percentage, whole_sale_quantity, whole_sale_price, tax_included, is_featured, is_default, is_special_variant, vendor_created, is_admin_approved, colour_variation_id, creator_id, other_variation_id, product_id, size_variation_id, unit_id, updater_id, warehouse_id) FROM stdin;
59067710-918c-489b-8a95-c53b037e9a3b	1	2023-10-18 10:52:53.113359+00	2023-10-18 10:52:53.113374+00	t	repeat	Running shoes	8418__is_deleted_1	media/product_variant/nike-sports-shoes.jpg	3.5	100.000	2	10.000	1	100.000	1234	2029-03-02	900.00	2023-10-18	900.00	1000.00	\N	100	890.00	f	f	t	f	f	t	1	1	\N	31b8fe08-54fd-4ecc-bb2f-d694539a6601	2	f445a5da-7c5d-433a-859e-0e56e2f00009	1	d9403eb0-6359-43b6-977d-27cc2d3b8c59
e54be035-b012-4922-8c83-501396128a7c	8	2023-10-18 14:07:38.817316+00	2023-11-16 10:15:43.215884+00	f	\N	Hand Care	1007	media/product_variant/handcare.jpg	0.0	199.000	1	0.000	50	500.000	1007	2024-10-03	198.00	2023-10-04	170.00	220.00	\N	20	185.00	f	f	t	f	f	t	3	1	\N	3d51ec92-5202-4a7e-9b35-f3f43a0fde9e	\N	f445a5da-7c5d-433a-859e-0e56e2f00001	1	d9403eb0-6359-43b6-977d-27cc2d3b8c59
7ab6268e-00e2-44c6-b3ed-ea81dc1626a0	11	2023-10-18 14:25:56.278642+00	2023-11-06 04:52:50.929465+00	f	\N	Backpack	1110	media/product_variant/backpacks.jpg	5.0	65.000	1	0.000	25	100.000	1110	2024-10-03	611.00	2023-10-04	550.00	750.00	\N	2	590.00	f	f	t	f	f	t	4	1	\N	bc3e5e8e-b6b3-47aa-9905-395c0fed357e	\N	f445a5da-7c5d-433a-859e-0e56e2f00001	1	d9403eb0-6359-43b6-977d-27cc2d3b8c59
6253384e-f0e9-42bb-8531-3ee64d24ea7b	2	2023-10-18 12:41:03.469897+00	2023-11-06 04:58:23.769047+00	t	Test	Air Conditioner	1000__is_deleted_2	media/product_variant/lg_ac_q40Kicw.jpg	4.0	37.000	2	1.000	50	51.000	1000	2025-10-02	33900.00	2023-10-04	27000.00	35000.00	\N	2	31500.00	f	f	t	f	f	t	3	1	\N	ea03423b-0a82-4180-86e2-e561d3d929f8	\N	f445a5da-7c5d-433a-859e-0e56e2f00001	1	d9403eb0-6359-43b6-977d-27cc2d3b8c59
d9525c19-b0a9-433c-b673-b14ddc858334	20	2023-10-19 04:17:06.686239+00	2023-11-06 04:25:13.920688+00	f	\N	playstation	1119	media/product_variant/playstation.jpg	0.0	50.000	1	1.000	10	50.000	1119	2024-10-02	48000.00	2023-10-03	45000.00	50000.00	\N	2	47000.00	f	f	t	f	f	t	1	1	\N	aed782f5-4471-410c-81d4-600392804d3a	\N	f445a5da-7c5d-433a-859e-0e56e2f00001	1	d9403eb0-6359-43b6-977d-27cc2d3b8c59
40e1ab4d-a97f-4aa9-8586-e724680644d1	6	2023-10-18 13:37:38.671832+00	2023-11-06 04:55:28.470911+00	f	\N	Beard Care	1005	media/product_variant/beard_oil.jpg	0.0	97.000	0	0.000	50	100.000	1005	2024-05-07	199.00	2023-10-03	170.00	230.00	\N	2	185.00	f	f	t	f	f	t	1	1	\N	5c2a735f-a1cc-4432-b92c-9e3c220e8d6d	\N	f445a5da-7c5d-433a-859e-0e56e2f00001	1	d9403eb0-6359-43b6-977d-27cc2d3b8c59
7cc61e90-5a92-47d4-a2a9-63a3ceea488a	19	2023-10-19 04:02:29.635223+00	2023-11-06 04:49:25.478021+00	f	\N	gaming headset	1118	media/product_variant/headset.jpg	0.0	88.000	1	0.000	25	100.000	1118	2024-10-02	899.00	2023-10-03	700.00	950.00	\N	2	849.00	f	f	t	f	f	t	1	1	\N	a47d0c78-17e6-4944-af3f-61dd9c5c27d7	\N	f445a5da-7c5d-433a-859e-0e56e2f00001	1	d9403eb0-6359-43b6-977d-27cc2d3b8c59
aca256b7-4cc9-43f5-8c1e-6e6a815a382b	24	2023-10-31 09:54:47.057509+00	2023-10-31 10:12:48.852123+00	f	\N	Blue 24"	YART0024	media/product_variant/blue-1_FiozwfD.jpg	0.0	9.000	6 Months	0.000	10	10.000	DFLT3	\N	299.00	2023-03-01	229.00	350.00	\N	10	259.00	f	f	f	f	f	t	4	1	\N	07429326-5f46-410e-90c3-17b538c7e8cf	7	f445a5da-7c5d-433a-859e-0e56e2f00001	1	d9403eb0-6359-43b6-977d-27cc2d3b8c59
309559c0-a6d7-4dde-bba7-7bc6c9adbec5	7	2023-10-18 14:03:06.928452+00	2023-11-06 04:55:07.293793+00	f	\N	Oral Hygiene	1006	media/product_variant/listrine.jpg	2.0	77.000	0	0.000	50	100.000	1006	2024-03-18	295.00	2023-10-03	260.00	320.00	\N	2	280.00	f	f	t	f	f	t	3	1	\N	2c7c3679-a79f-4d23-bfd6-603ec58b6440	\N	f445a5da-7c5d-433a-859e-0e56e2f00001	1	d9403eb0-6359-43b6-977d-27cc2d3b8c59
a9a82f1c-0e44-4822-9260-293c6c4cd8f8	14	2023-10-18 14:47:59.518374+00	2023-11-06 04:51:57.439998+00	f	\N	Monitor	1113	media/product_variant/gaming_laptop.jpg	0.0	99.000	1	1.000	10	100.000	1113	2024-10-03	10899.00	2023-10-04	8500.00	11500.00	\N	2	10250.00	f	f	t	f	f	t	1	1	\N	d81e66fa-f6dc-4186-b715-3d794f3d07f1	\N	f445a5da-7c5d-433a-859e-0e56e2f00001	1	d9403eb0-6359-43b6-977d-27cc2d3b8c59
a5e61679-eb29-425a-9919-085ab4ea1a62	15	2023-10-18 14:55:17.106285+00	2023-11-06 04:51:33.90972+00	f	\N	Shoes	1114	media/product_variant/adidas_running_shoes.jpg	0.0	44.000	1	0.000	25	100.000	1114	2024-10-03	1249.00	2023-10-04	1050.00	1400.00	\N	2	1150.00	f	f	t	f	f	t	1	1	\N	31b8fe08-54fd-4ecc-bb2f-d694539a6601	\N	f445a5da-7c5d-433a-859e-0e56e2f00001	1	d9403eb0-6359-43b6-977d-27cc2d3b8c59
b030d13d-03ad-4efc-b1db-b592ba0f8f41	4	2023-10-18 13:01:17.453021+00	2023-11-06 04:57:18.514837+00	f	\N	Samsung Refrigerator	1002	media/product_variant/samsung_refrigerator.jpg	4.5	94.000	2	0.000	50	100.000	1002	2025-10-03	17890.00	2023-10-04	15000.00	19000.00	\N	2	16500.00	f	f	t	f	f	t	4	1	\N	62441cf8-0494-44b1-9cc4-b9f31e9dc099	\N	f445a5da-7c5d-433a-859e-0e56e2f00001	1	d9403eb0-6359-43b6-977d-27cc2d3b8c59
e114c011-d263-4bd7-a058-4b16056a7111	3	2023-10-18 12:54:17.11451+00	2023-11-06 04:57:59.117871+00	f	\N	coffee machine	1001	media/product_variant/philips_coffee_machine.jpg	4.0	53.000	1	0.000	55	100.000	1001	2024-10-02	2850.00	2023-10-04	2500.00	3000.00	\N	2	2700.00	f	f	t	f	f	t	1	1	\N	e72cbbee-1e5c-4e8d-88b4-c9a34e706fb1	\N	f445a5da-7c5d-433a-859e-0e56e2f00001	1	d9403eb0-6359-43b6-977d-27cc2d3b8c59
a9fbf079-1a49-4b02-bb52-816c98455bbe	22	2023-10-19 04:36:34.270147+00	2023-12-06 04:58:46.95119+00	f	\N	Power Bank	1123	media/product_variant/mi_powerbank_zQyCTuF.jpg	0.0	95.000	1	0.000	20	100.000	1123	2024-10-02	1199.00	2023-10-03	1000.00	1250.00	\N	2	1149.00	f	f	t	f	f	t	1	1	\N	7ec082e0-361e-472e-ab3e-721be64290af	\N	f445a5da-7c5d-433a-859e-0e56e2f00001	1	d9403eb0-6359-43b6-977d-27cc2d3b8c59
e7c98a6b-5d47-4b6b-bcb5-b1bd656e29fc	25	2023-10-31 09:54:47.073319+00	2023-10-31 09:54:47.073339+00	f	\N	Blue 28"	YART0025	media/product_variant/blue-1_mATkDJO.jpg	0.0	10.000	6 Months	0.000	10	10.000	DFLT3	\N	329.00	\N	269.00	400.00	\N	10	300.00	f	f	f	f	f	t	4	1	\N	07429326-5f46-410e-90c3-17b538c7e8cf	6	f445a5da-7c5d-433a-859e-0e56e2f00001	1	d9403eb0-6359-43b6-977d-27cc2d3b8c59
fcf407ff-9a2a-4560-b73f-94d2ee48725c	9	2023-10-18 14:14:13.492232+00	2023-11-06 04:53:57.620636+00	f	\N	Dinner Set	1008	media/product_variant/la_opala_dinner_set.jpg	0.0	100.000	1	0.000	25	100.000	1008	2024-10-03	1599.00	2023-10-04	1350.00	1700.00	\N	2	1500.00	f	f	t	f	f	t	3	1	\N	5f617335-9c3f-4f42-9440-aeb91905a3f1	\N	f445a5da-7c5d-433a-859e-0e56e2f00001	1	d9403eb0-6359-43b6-977d-27cc2d3b8c59
6708ce33-b38b-44b3-80c3-020cf7ab8c08	28	2023-10-31 09:54:47.124743+00	2023-10-31 09:54:47.124764+00	f	\N	Pink 28"	YART0028	media/product_variant/pink-1_cly1Hdn.jpg	0.0	1.000	6 Months	0.000	10	10.000	DFLT3	\N	329.00	\N	269.00	400.00	\N	10	300.00	f	f	f	f	f	t	8	1	\N	07429326-5f46-410e-90c3-17b538c7e8cf	6	f445a5da-7c5d-433a-859e-0e56e2f00001	1	d9403eb0-6359-43b6-977d-27cc2d3b8c59
33e6738a-296c-45e0-a2fa-00789769683a	17	2023-10-18 15:09:47.991268+00	2023-11-06 04:50:36.494664+00	f	\N	Asus	1116	media/product_variant/asus_laptop.jpg	0.0	49.000	1	0.000	20	50.000	1116	2024-10-03	68500.00	2023-10-04	64000.00	75000.00	\N	1	66000.00	f	f	t	f	f	t	1	1	\N	7f68bd65-5822-423e-adff-2d1822e33bcf	\N	f445a5da-7c5d-433a-859e-0e56e2f00001	1	d9403eb0-6359-43b6-977d-27cc2d3b8c59
03aa2c8e-83d2-480d-97a5-cb7125fc4117	10	2023-10-18 14:19:40.72928+00	2023-11-06 04:53:34.108482+00	f	\N	Dinner Set	999	media/product_variant/pigeon_cooker.jpg	0.0	100.000	1	0.000	25	100.000	999	2024-10-03	1044.00	2023-10-04	900.00	1150.00	\N	2	980.00	f	f	t	f	f	t	\N	1	\N	52bbc17c-a054-4e54-82fc-e707b76eaeac	\N	f445a5da-7c5d-433a-859e-0e56e2f00001	1	d9403eb0-6359-43b6-977d-27cc2d3b8c59
ed36263d-cd54-428c-a264-764746b0c744	26	2023-10-31 09:54:47.089195+00	2023-10-31 09:56:35.312276+00	f	\N	Pink 20"	YART0026	media/product_variant/pink-1_FSHbgQT.jpg	0.0	2.000	6 Months	0.000	10	10.000	DFLT3	\N	269.00	\N	199.00	300.00	\N	10	229.00	f	f	t	f	f	t	8	1	\N	07429326-5f46-410e-90c3-17b538c7e8cf	6	f445a5da-7c5d-433a-859e-0e56e2f00001	1	d9403eb0-6359-43b6-977d-27cc2d3b8c59
e6bf7b4b-02a3-42f3-8d4d-c3a1a730fd1d	18	2023-10-18 15:14:03.977041+00	2023-11-06 04:50:04.62943+00	f	\N	Laptop	1165	media/product_variant/hp_pavilion.jpg	0.0	48.000	1	1.000	10	50.000	1165	2024-10-02	69890.00	2023-10-03	65000.00	75000.00	\N	2	67500.00	f	f	t	f	f	t	1	1	\N	94370aa5-9cb5-4767-8cef-00e482cb2abe	\N	f445a5da-7c5d-433a-859e-0e56e2f00001	1	d9403eb0-6359-43b6-977d-27cc2d3b8c59
9d00586e-b651-4167-95a7-db566af66c58	16	2023-10-18 15:04:01.152484+00	2023-11-06 04:51:04.418919+00	f	\N	Sandals	1115	media/product_variant/fila_sandals.jpg	0.0	97.000	1	1.000	25	100.000	1115	2024-10-03	999.00	2023-10-04	850.00	1150.00	\N	2	850.00	f	f	t	f	f	t	1	1	\N	b137397b-2939-4d75-96bb-bbd4df70ea0b	\N	f445a5da-7c5d-433a-859e-0e56e2f00001	1	d9403eb0-6359-43b6-977d-27cc2d3b8c59
66d05627-a263-46a9-91c7-bbd95e8383bc	27	2023-10-31 09:54:47.10668+00	2023-10-31 09:54:47.106705+00	f	\N	Pink 24"	YART0027	media/product_variant/pink-1_3j7ehdh.jpg	0.0	3.000	6 Months	0.000	10	10.000	DFLT3	\N	299.00	\N	229.00	350.00	\N	10	259.00	f	f	f	f	f	t	8	1	\N	07429326-5f46-410e-90c3-17b538c7e8cf	7	f445a5da-7c5d-433a-859e-0e56e2f00001	1	d9403eb0-6359-43b6-977d-27cc2d3b8c59
f48007ae-e58b-4a05-bb2e-4bbf063c6023	21	2023-10-19 04:30:55.94002+00	2023-12-07 09:27:39.490266+00	f	\N	Ear Buds	1121	media/product_variant/redmi_earbuds.jpg	0.0	96.000	1	1.000	25	100.000	1121	2024-10-04	1799.00	2023-10-05	1600.00	1850.00	\N	2	1700.00	f	f	t	f	f	t	1	1	\N	461a1b00-741a-483f-a471-69892ee93845	\N	f445a5da-7c5d-433a-859e-0e56e2f00001	1	d9403eb0-6359-43b6-977d-27cc2d3b8c59
8279cc39-e667-4292-a079-1106c59cd471	5	2023-10-18 13:10:44.387488+00	2023-11-06 04:55:53.637839+00	f	\N	vaccum cleaner	1004	media/product_variant/vaccum_cleaner.jpg	0.0	44.000	1	0.000	10	50.000	1004	2024-10-03	2976.00	2023-10-04	2600.00	3100.00	\N	2	2750.00	f	f	t	f	f	t	5	1	\N	82421f6c-ef9f-4c94-9491-a72901b7ffc5	\N	f445a5da-7c5d-433a-859e-0e56e2f00001	1	d9403eb0-6359-43b6-977d-27cc2d3b8c59
9f3516d9-bcb5-493c-8aa1-4e702deeda09	12	2023-10-18 14:36:10.639646+00	2023-11-06 04:53:13.582854+00	f	\N	trolley bag	1111	media/product_variant/trolley_bag.jpg	0.0	83.000	1	0.000	25	100.000	1111	2024-10-03	3299.00	2023-10-04	2500.00	3500.00	\N	2	3050.00	f	f	t	f	f	t	4	1	\N	4bebf701-59ea-4624-a6f8-2a1502f58209	\N	f445a5da-7c5d-433a-859e-0e56e2f00001	1	d9403eb0-6359-43b6-977d-27cc2d3b8c59
8bdc788b-b43f-4d56-9e9d-b9d7d158b7e5	13	2023-10-18 14:42:34.989398+00	2023-11-06 04:52:21.628554+00	f	\N	LED TV	1112	media/product_variant/sony_led_tv.jpg	0.0	91.000	2	1.000	10	100.000	1112	2025-10-03	39490.00	2023-10-04	35000.00	41000.00	\N	2	37000.00	f	f	t	f	f	t	1	1	\N	f46acbde-090e-437e-aa89-28be6d0832a7	\N	f445a5da-7c5d-433a-859e-0e56e2f00001	1	d9403eb0-6359-43b6-977d-27cc2d3b8c59
a0735efe-ebe2-4464-abf0-d26fbdda11f0	39	2024-02-23 10:42:48.323464+00	2024-02-23 10:42:48.323488+00	t	Test	WaterBottle	0201__is_deleted_39__is_deleted_39	media/product_variant/waterbottle.jpg	0.0	10.000	0	3.000	5	10.000	5612	2024-06-05	180.00	2024-02-07	170.00	200.00	\N	10	150.00	f	f	t	f	f	t	4	1	\N	e09eace2-5bb9-4557-9c6b-0ac1153a0261	15	f445a5da-7c5d-433a-859e-0e56e2f00001	1	d9403eb0-6359-43b6-977d-27cc2d3b8c59
8d2cb4c2-9ce5-4632-ad79-fc569bec3138	38	2024-01-04 09:33:51.539345+00	2024-01-04 09:33:51.539366+00	t	\N	25W Fast Charger	7777__is_deleted_38	media/product_variant/25w_charger.jpg	0.0	25.000	1	3.000	10	25.000	sam4444	2025-01-01	1500.00	2024-01-01	1299.00	1700.00	\N	3	1200.00	f	f	t	f	f	t	1	1	\N	ff07f19a-8c30-49f6-836e-9aa44d00868a	\N	f445a5da-7c5d-433a-859e-0e56e2f00001	1	d8b47019-eb0b-42e5-a38a-2589ad67e52d
a3e60391-92b6-4291-882c-5eba445a57f5	37	2023-12-19 07:16:05.545105+00	2023-12-19 07:16:05.545123+00	t	Test	Washing Machine	5000__is_deleted_37__is_deleted_37	media/product_variant/washing_machine.jpg	0.0	10.000	\N	2.000	5	15.000	wh11	2024-12-03	12000.00	2023-12-12	11590.00	12500.00	\N	5	10500.00	f	f	t	f	f	t	1	1	\N	48c14a81-0841-4367-83cc-67daefc60b68	14	f445a5da-7c5d-433a-859e-0e56e2f00001	1	d9403eb0-6359-43b6-977d-27cc2d3b8c59
a14a137d-ac4f-4f7a-9a2c-d89dd3c44784	31	2023-11-17 05:49:07.386077+00	2023-11-17 05:49:07.386098+00	t	Test	OnePlus (55 inch) Ultra HD (4K) LED Smart Android TV	2255__is_deleted_31	media/product_variant/u-series-55-u1s-55uc1a00-oneplus-original-imag7xtnzgaaxqrg.png	0.0	3.000	1 year Brand Warrenty	1000.000	5	1.000	1234	\N	42000.00	\N	40000.00	42753.00	\N	2	40753.00	f	f	t	f	f	t	1	16	9	1278c284-df7b-4fe3-a949-3b6d5d8364e5	11	f445a5da-7c5d-433a-859e-0e56e2f00001	16	d8b47019-eb0b-42e5-a38a-2589ad67e52d
ca026cc2-5c72-46e0-8043-31490fae84b0	29	2023-10-31 09:59:51.215333+00	2023-10-31 09:59:51.215354+00	f	\N	Pink Set of 3	RETS0027	media/product_variant/pink-set_nLj2Lzq.jpg	0.0	1.000	6 Months	0.000	1	0.000	\N	\N	850.00	\N	600.00	1050.00	0.00	0	0.00	f	f	t	t	f	t	\N	1	\N	07429326-5f46-410e-90c3-17b538c7e8cf	\N	f445a5da-7c5d-433a-859e-0e56e2f00001	1	\N
550d8674-4b61-430f-8fe5-2424952fd507	36	2023-12-19 07:08:28.908195+00	2023-12-19 07:08:28.908221+00	t	\N	Microvawe Oven	8502__is_deleted_36	media/product_variant/oven.jpg	0.0	21.000	1	2.000	10	25.000	lg1111	2024-07-18	18000.00	2023-06-19	17490.00	20000.00	\N	5	17000.00	f	f	t	f	f	t	1	1	\N	0962a1a0-6b5d-4b3c-a12c-4ad57bd961dc	13	f445a5da-7c5d-433a-859e-0e56e2f00001	1	d9403eb0-6359-43b6-977d-27cc2d3b8c59
0883d757-3b35-4eca-a2a8-9e10bebe5d32	35	2023-12-06 08:00:49.686489+00	2023-12-06 08:00:49.686507+00	t	\N	1.8 inch Horizon Curved Display with Bluetooth Calling Smartwatch  (Black Strap, Free Size)	5678__is_deleted_35	media/product_variant/-original-imagg3us6rfzxdgm.png	0.0	5.000	1 year Brand Warrenty	499.000	1	5.000	76899	2023-12-14	3999.00	2023-12-06	2500.00	3999.00	\N	5	3999.00	f	f	t	f	f	t	1	16	\N	69418757-e948-494c-a4d5-cfab30752ef5	\N	f445a5da-7c5d-433a-859e-0e56e2f00001	16	d8b47019-eb0b-42e5-a38a-2589ad67e52d
235ad0af-dbcb-467c-a864-65868751373e	34	2023-12-06 07:51:06.841344+00	2023-12-06 07:51:06.841377+00	t	\N	1.75" 320 x 385p Hi-Res Display 14-day Battery & Dual GPS Smartwatch  (Black Strap, Free Size)	pro123__is_deleted_34	media/product_variant/android-ios-watch-2-pro-realme-no-original-imag6gfpmstpzg8h.png	0.0	1.000	1 year Brand Warrenty	500.000	5	1.000	1234	2023-12-22	3499.00	2023-12-06	2800.00	3500.00	\N	5	2900.00	f	f	t	f	f	t	1	16	\N	af269420-016d-46f4-a5dd-9bdc7c5aebef	\N	f445a5da-7c5d-433a-859e-0e56e2f00001	16	d8b47019-eb0b-42e5-a38a-2589ad67e52d
8a2defa2-6b5a-4b66-8908-701b22db930b	30	2023-11-02 12:40:22.3378+00	2023-11-02 12:40:22.337817+00	t	Test	EAR BUDS	123122__is_deleted_30	media/product_variant/WhatsApp_Image_2022-06-05_at_3.28.56_PM.jpeg	0.0	0.000	6 MONTHS BRAND WARRANTY	0.000	1	0.000	000	\N	1900.00	2023-11-02	1800.00	1950.00	\N	10	1850.00	f	f	t	f	f	t	1	1	10	11109fa9-c97b-4a66-8380-aa0473ff9c67	\N	f445a5da-7c5d-433a-859e-0e56e2f00001	1	d9403eb0-6359-43b6-977d-27cc2d3b8c59
3b370eaf-f05b-4ee7-87e5-332b2ac9f632	41	2024-03-20 08:39:38.667336+00	2024-03-20 08:39:38.667364+00	f	\N	Test	ab12	media/product_variant/WhatsApp_Image_2024-03-20_at_12.34.08_PM_P6mVTvX.jpeg	0.0	1.000	Test	10.000	1	1.000	1231	2024-03-20	1100.00	2024-03-20	1000.00	1200.00	\N	6	10.00	f	f	t	f	f	t	1	1	9	d48804b7-02d7-4b9c-9a80-cc4ffc3026d4	6	f445a5da-7c5d-433a-859e-0e56e2f00010	1	575471ba-a8a4-4701-bb08-247366b15565
c7f8d633-f2da-44ba-9ad3-1b8758a0de3e	42	2024-03-20 08:39:38.677223+00	2024-03-20 08:39:38.677251+00	f	\N	Test	ab456	media/product_variant/WhatsApp_Image_2024-03-20_at_11.38.52_AM_6Pnv1L9.jpeg	0.0	1.000	Test	10.000	1	1.000	223	2024-03-20	15.00	2024-03-20	10.00	23.00	\N	6	10.00	f	f	t	f	f	t	4	1	9	d48804b7-02d7-4b9c-9a80-cc4ffc3026d4	7	f445a5da-7c5d-433a-859e-0e56e2f00010	1	575471ba-a8a4-4701-bb08-247366b15565
18b5c608-e07f-4c49-b3f4-efb97cc350aa	32	2023-11-17 16:03:59.980896+00	2023-11-17 16:03:59.980917+00	t	\N	BLACK S23	00122__is_deleted_32	media/product_variant/NEXSME_BAZAR.jpg	0.0	1.000	1 Year Brand Warranty	10000.000	2	5.000	2	2024-06-20	125000.00	2023-11-17	120000.00	135000.00	\N	5	121000.00	f	f	t	f	f	t	1	1	10	5202aa42-87ce-4a76-acdb-e6bbc22db79d	\N	f445a5da-7c5d-433a-859e-0e56e2f00001	1	d8b47019-eb0b-42e5-a38a-2589ad67e52d
0e4ef62a-f635-4f42-b9db-82598ab245df	33	2023-11-17 16:03:59.990495+00	2023-11-17 16:03:59.990506+00	t	\N	BLACK S23	00123__is_deleted_33	media/product_variant/NEXSME_BAZAR_CIvln9E.jpg	0.0	5.000	1 Year Brand Warranty	10000.000	2	5.000	2	2023-12-28	125000.00	2023-11-17	120000.00	135000.00	\N	5	121000.00	f	f	f	f	f	t	1	1	12	5202aa42-87ce-4a76-acdb-e6bbc22db79d	\N	f445a5da-7c5d-433a-859e-0e56e2f00001	1	d8b47019-eb0b-42e5-a38a-2589ad67e52d
773b37a2-b0f1-4c9b-b1a5-2eb60eccd0db	23	2023-10-31 09:54:47.03155+00	2023-10-31 09:54:47.031572+00	f	\N	Blue 20"	YART0023	media/product_variant/blue-1_LgFYRBO.jpg	0.0	5.000	6 Months	0.000	10	10.000	DFLT3	\N	269.00	2023-03-01	199.00	300.00	\N	10	229.00	f	f	t	f	f	t	4	1	\N	07429326-5f46-410e-90c3-17b538c7e8cf	6	f445a5da-7c5d-433a-859e-0e56e2f00001	1	d9403eb0-6359-43b6-977d-27cc2d3b8c59
e1a3e171-4984-4cdd-ab95-1a76f12e73f5	40	2024-03-20 08:38:56.774821+00	2024-03-20 08:38:56.774846+00	f	\N	Test	123	media/product_variant/WhatsApp_Image_2024-03-20_at_12.34.08_PM.jpeg	0.0	1.000	Test	10.000	1	1.000	1231	2024-03-20	1100.00	2024-03-20	1000.00	1200.00	\N	6	10.00	f	f	t	f	f	t	1	1	9	dfacdbda-1eb6-4b1f-b9e2-f775a7dd1ca8	6	f445a5da-7c5d-433a-859e-0e56e2f00010	1	575471ba-a8a4-4701-bb08-247366b15565
\.


--
-- Data for Name: products_special_category; Type: TABLE DATA; Schema: public; Owner: nexsme
--

COPY public.products_special_category (id, auto_id, date_added, date_updated, is_deleted, deleted_reason, name, creator_id, updater_id) FROM stdin;
478d37c8-33f5-48c6-b514-1fcf3174b4c6	3	2023-10-30 05:39:16.58804+00	2023-10-30 05:39:16.588084+00	f	\N	Listrine	1	1
7912f4b5-b76f-4e5e-a68a-bb3c6ef5d3e1	5	2023-10-31 09:43:13.17865+00	2023-10-31 09:43:13.178676+00	f	\N	Mitowermi	1	1
e30be9e6-b85b-446b-ba65-36d6c3dd7414	6	2023-11-17 05:21:01.3667+00	2023-11-17 05:21:01.366723+00	f	\N	55 Inch tv	1	1
c3ffe9ea-34e9-497a-9323-9709bcd0b645	7	2023-11-17 15:52:12.868404+00	2023-11-17 15:52:12.868427+00	f	\N	S23	1	1
55fae277-899c-4bb0-aed5-3c66ac2cbc9d	2	2023-10-19 10:30:03.390156+00	2024-03-23 04:21:43.405348+00	f	\N	5 ton	1	1
1d19085b-ab56-4ec9-878b-10610e6379a5	1	2023-10-19 10:29:49.144996+00	2023-10-19 10:29:49.145021+00	t	test	Realme buds	1	1
09da72aa-166c-4a87-8a77-88dc2ffa9d05	8	2024-03-23 04:22:18.271253+00	2024-03-23 04:22:18.271283+00	f	\N	2345678909876w6780-3456757676767676667	1	1
fbdb86fb-2084-4593-b01c-dadde3035a21	9	2024-03-23 04:23:33.499663+00	2024-03-23 04:23:56.831309+00	f	\N	Test	1	1
033720c7-1088-499c-8938-7335a707ba98	4	2023-10-30 06:16:24.448602+00	2023-10-30 06:16:24.448622+00	t	test	lerwick	1	1
\.


--
-- Data for Name: products_sub_category; Type: TABLE DATA; Schema: public; Owner: nexsme
--

COPY public.products_sub_category (id, auto_id, date_added, date_updated, is_deleted, deleted_reason, name, vendor_created, is_admin_approved, category_id, creator_id, updater_id) FROM stdin;
838b0b2d-8e00-4348-80cc-a4f437b8238d	2	2023-10-18 12:02:35.507097+00	2023-10-18 12:02:35.507119+00	f	\N	Air Conditioner	f	t	b2e9a285-d0a4-4f53-a392-0b9133499dc2	1	1
b94417dd-4e44-4220-b114-f4c92d30da85	3	2023-10-18 12:02:50.674652+00	2023-10-18 12:02:50.674672+00	f	\N	Refrigerator	f	t	b2e9a285-d0a4-4f53-a392-0b9133499dc2	1	1
5e42e122-3efc-4c23-9e3f-43ad16aa5ef7	4	2023-10-18 12:03:09.181819+00	2023-10-18 12:03:09.181843+00	f	\N	Coffee Machine	f	t	b2e9a285-d0a4-4f53-a392-0b9133499dc2	1	1
d7a6c435-d92c-41db-9abb-9579022b8c79	5	2023-10-18 12:03:22.506526+00	2023-10-18 12:03:22.506548+00	f	\N	Vaccum Cleaner	f	t	b2e9a285-d0a4-4f53-a392-0b9133499dc2	1	1
26f847fc-2b2e-4264-97a6-25e2b03f61bc	6	2023-10-18 12:05:29.90949+00	2023-10-18 12:05:29.90951+00	f	\N	Shaving and Beard Care	f	t	c4f29e89-1ae5-40a0-8740-ef8c73623126	1	1
caf50eb7-080f-4a21-b9d9-90dc36574f3f	7	2023-10-18 12:06:13.470159+00	2023-10-18 12:06:13.470179+00	f	\N	Oral Hygiene	f	t	c4f29e89-1ae5-40a0-8740-ef8c73623126	1	1
0096a3eb-9b5c-44ad-83bd-f22aaf0df856	8	2023-10-18 12:06:37.039422+00	2023-10-18 12:06:37.039441+00	f	\N	Hand Care	f	t	c4f29e89-1ae5-40a0-8740-ef8c73623126	1	1
465e16ad-a786-456a-a295-8fad92440425	9	2023-10-18 12:07:53.553802+00	2023-10-18 12:07:53.553823+00	f	\N	Gaming Headset	f	t	3cd7385c-4b66-4147-b956-e6679c623a37	1	1
efce42e3-7960-4292-a8ce-0ab80e232bdf	10	2023-10-18 12:08:18.456408+00	2023-10-18 12:08:18.456428+00	f	\N	PlayStation	f	t	3cd7385c-4b66-4147-b956-e6679c623a37	1	1
7452cc0c-445d-4d2c-b24c-83be1873f6e4	11	2023-10-18 12:08:52.043624+00	2023-10-18 12:08:52.043642+00	f	\N	Keyboard and Mouse	f	t	3cd7385c-4b66-4147-b956-e6679c623a37	1	1
dc53364f-bdfe-40fc-b934-4f5327e745ee	12	2023-10-18 12:11:18.253504+00	2023-10-18 12:11:18.253532+00	f	\N	La Opala Dinner Set	f	t	423dc754-b88c-4806-84e2-40a22cc68638	1	1
49616439-2ef8-41ef-9ee7-c0529c19cb99	13	2023-10-18 12:11:31.649718+00	2023-10-18 12:11:31.649738+00	f	\N	Pigeon Cooker	f	t	423dc754-b88c-4806-84e2-40a22cc68638	1	1
9b3cfbad-6250-4625-8051-f0fcd7eb8ecf	14	2023-10-18 12:13:23.815204+00	2023-10-18 12:13:23.81523+00	f	\N	Samsung S23 Ultra	f	t	2ff59a23-b831-40d7-841f-4c37bbb2efb3	1	1
ebe2728f-5ffc-4af3-ab78-1015fed0b2d9	16	2023-10-18 12:14:30.191668+00	2023-10-18 12:14:30.191687+00	f	\N	PowerBank	f	t	2ff59a23-b831-40d7-841f-4c37bbb2efb3	1	1
3688f806-dddd-494b-839f-8260420db413	17	2023-10-18 12:15:49.084809+00	2023-10-18 12:15:49.08483+00	f	\N	ASUS Tuff Gaming Laptop F15, Core i7.	f	t	fe32edbe-ea04-476f-826f-1aa3343b1611	1	1
ee9b46c8-4e5b-4499-b673-97d59cf1a5f1	18	2023-10-18 12:16:02.230811+00	2023-10-18 12:16:02.230836+00	f	\N	HP Pavilion Gaming Laptop i5, 12th Gen.	f	t	fe32edbe-ea04-476f-826f-1aa3343b1611	1	1
9438f0af-1d2a-4ce6-b2dc-71cb43ae12a8	19	2023-10-18 12:16:58.077172+00	2023-10-18 12:16:58.077195+00	f	\N	Running Shoes	f	t	9fea2359-44ee-4640-bf62-130bd4766e3e	1	1
49c1acaa-cad6-491b-875c-7baa30751b59	20	2023-10-18 12:17:08.489107+00	2023-10-18 12:17:08.489132+00	f	\N	Sandals and Slippers	f	t	9fea2359-44ee-4640-bf62-130bd4766e3e	1	1
9dddc01f-28e0-46d6-b5e0-1f7a04d94104	21	2023-10-18 12:18:46.656591+00	2023-10-18 12:18:46.65661+00	f	\N	Backpacks	f	t	a5231967-9d7e-4ca1-b1f6-98965aa7a431	1	1
42bf2486-6dff-4718-8282-4736c1fc76c6	22	2023-10-18 12:19:04.082651+00	2023-10-18 12:19:04.082671+00	f	\N	Trolley Bag	f	t	a5231967-9d7e-4ca1-b1f6-98965aa7a431	1	1
62898c93-e530-49ae-bc2b-673ab76d76e8	23	2023-10-18 12:20:48.654384+00	2023-10-18 12:20:48.654405+00	f	\N	Sony Bravia 139 cm (55 inches) 4K Ultra HD Smart LED	f	t	bc98136d-3984-4215-9e18-f87ee7cfb119	1	1
9d5e2b6e-643a-416e-993d-b63c5d49fee2	24	2023-10-18 12:21:02.156326+00	2023-10-18 12:21:02.156356+00	f	\N	Acer Nitro VG240YS 23.8 Inch	f	t	bc98136d-3984-4215-9e18-f87ee7cfb119	1	1
c6b1af74-9064-413c-ab73-203014b5d033	25	2023-10-30 06:00:53.846618+00	2023-10-30 06:00:53.846645+00	f	\N	Daily Needs	f	t	9b307b04-5575-417c-9e5e-89df2a4591ab	1	1
18e8308c-2d7c-4232-bd9a-72bc4d137449	26	2023-10-31 09:37:00.825713+00	2023-10-31 09:37:00.825734+00	f	\N	Stationary	f	t	5b0236d4-b84e-433b-9722-64e1d57ee2a7	1	1
657bb3ff-9966-4475-8141-125d142609b3	28	2023-11-20 06:51:41.303355+00	2023-11-20 06:51:41.30339+00	f	\N	Formal shoes	f	t	9fea2359-44ee-4640-bf62-130bd4766e3e	1	1
0e38d321-5575-470e-972c-8fe5ab86cc5e	29	2023-11-20 06:52:35.782679+00	2023-11-20 06:52:35.782703+00	f	\N	Casual Shoes	f	t	9fea2359-44ee-4640-bf62-130bd4766e3e	1	1
88d67858-bd1e-405a-b270-a8bdba56b6dd	30	2023-11-20 06:52:56.673314+00	2023-11-20 06:52:56.673335+00	f	\N	Open Shoes	f	t	9fea2359-44ee-4640-bf62-130bd4766e3e	1	1
19cc5f38-0f70-4478-aaf3-4750fa8d142f	31	2023-12-06 07:30:53.835537+00	2023-12-06 07:30:53.835563+00	f	\N	Smart Watches	f	t	f4a0b7f0-da64-4786-b712-74394654ecb8	16	16
4d09ce55-c13f-4f4b-a6a1-af38e4f6f646	32	2023-12-07 09:31:40.485657+00	2023-12-07 09:31:40.485682+00	f	\N	Power Bank	f	t	b2e9a285-d0a4-4f53-a392-0b9133499dc2	1	1
a9e2559c-58a6-46e9-8ffe-7f696a91f432	33	2023-12-07 09:34:56.719421+00	2023-12-07 09:34:56.719441+00	f	\N	Ear Buds 3	f	t	2ff59a23-b831-40d7-841f-4c37bbb2efb3	1	1
5fd93c3c-ff5b-46f8-af28-382bd3190b38	27	2023-11-18 04:56:57.226535+00	2023-12-07 09:41:01.944088+00	f	\N	Electric Heater	f	\N	b2e9a285-d0a4-4f53-a392-0b9133499dc2	13	1
1bda07a8-4938-4f9f-b5e1-deb8a2c07cd9	15	2023-10-18 12:14:12.108882+00	2023-12-16 06:55:54.983822+00	f	\N	Realme Buds	f	t	2ff59a23-b831-40d7-841f-4c37bbb2efb3	1	1
7950dbaf-5000-42bb-8935-925aa4857e4e	34	2023-12-19 06:58:54.893987+00	2023-12-19 06:58:54.894018+00	f	\N	Microvawe Oven	f	t	b2e9a285-d0a4-4f53-a392-0b9133499dc2	1	1
0dfb060f-3c9a-4ddd-a53b-bee8b2ff2412	35	2023-12-19 06:59:14.142206+00	2023-12-19 06:59:14.142227+00	f	\N	Washing Machine	f	t	b2e9a285-d0a4-4f53-a392-0b9133499dc2	1	1
f8b1c0b1-3ecc-49f1-b390-a7927950d46a	36	2024-01-04 09:26:26.271152+00	2024-01-04 09:26:26.271175+00	f	\N	Type C Charger	f	t	2ff59a23-b831-40d7-841f-4c37bbb2efb3	1	1
2ba1fe43-9b23-4b6a-b7c1-d0ba1a3a85a5	37	2024-03-19 05:14:39.977437+00	2024-03-19 05:14:39.977464+00	f	\N	Afii456	f	t	7c71f7c1-7d72-4c4c-8bff-a20d8971eb3c	1	1
36f5b1e3-c115-48d2-8880-e355ea74b37d	38	2024-03-19 05:46:33.087675+00	2024-03-19 05:46:33.0877+00	f	\N	mnm	f	t	7c71f7c1-7d72-4c4c-8bff-a20d8971eb3c	1	1
c6329e70-4a6d-43ec-a9a5-3be1fc309f60	39	2024-03-19 06:00:27.451821+00	2024-03-19 06:00:27.451852+00	f	\N	Test	f	t	9b307b04-5575-417c-9e5e-89df2a4591ab	1	1
ddb40a78-7375-49b3-a9e0-a858e0a42b31	40	2024-03-20 06:16:58.852428+00	2024-03-20 06:16:58.852462+00	f	\N	afsalpp	f	t	2ff59a23-b831-40d7-841f-4c37bbb2efb3	1	1
039821ba-3e15-47ee-8c2e-4384b8cbe3cf	41	2024-03-20 06:17:25.038043+00	2024-03-20 06:17:25.038072+00	f	\N	afsalpp	f	t	2ff59a23-b831-40d7-841f-4c37bbb2efb3	1	1
4ffe76d6-1aad-45b4-80ca-ff5cb3ec7ad0	42	2024-03-20 06:17:32.068991+00	2024-03-20 06:17:32.069016+00	f	\N	afsalpp	f	t	2ff59a23-b831-40d7-841f-4c37bbb2efb3	1	1
5f6ee818-d22e-40de-97c0-1ce76d41477a	43	2024-03-20 06:17:44.385762+00	2024-03-20 06:17:44.385789+00	f	\N	afsalpp	f	t	2ff59a23-b831-40d7-841f-4c37bbb2efb3	1	1
69838510-ccf4-460d-ba9c-f021c394ad9c	44	2024-03-20 06:18:23.74027+00	2024-03-20 06:18:23.740302+00	f	\N	afs	f	t	2ff59a23-b831-40d7-841f-4c37bbb2efb3	1	1
eb4aeb1f-bdb5-4d30-8bd5-0bf28f5269d6	45	2024-03-20 06:19:49.285593+00	2024-03-20 06:19:49.285615+00	f	\N	Fathi	f	t	a5231967-9d7e-4ca1-b1f6-98965aa7a431	1	1
87f8bcb5-af73-4dde-ab36-881797ff3532	46	2024-03-20 08:32:34.348291+00	2024-03-20 08:32:34.348315+00	f	\N	afsalpp	f	t	5b0236d4-b84e-433b-9722-64e1d57ee2a7	1	1
7021f5cd-005d-4fd0-b15f-cb335ff74785	47	2024-03-21 11:28:38.809082+00	2024-03-21 11:28:38.809114+00	f	\N	Test	f	t	b2e9a285-d0a4-4f53-a392-0b9133499dc2	1	1
482b6dbe-1828-4f7b-9a58-44984279e245	48	2024-03-21 11:28:50.12356+00	2024-03-21 11:28:50.123583+00	f	\N	Test	f	t	b2e9a285-d0a4-4f53-a392-0b9133499dc2	1	1
21e61c91-591a-4545-97ac-a5d67e0339d4	49	2024-03-21 12:03:57.751201+00	2024-03-21 12:03:57.751237+00	f	\N	afsalpp	f	t	b2e9a285-d0a4-4f53-a392-0b9133499dc2	1	1
ee8c5df2-3ef3-453e-89a3-e2470eb10c26	50	2024-03-22 11:37:02.885057+00	2024-03-22 11:37:02.885083+00	f	\N	test	f	t	f7333c2e-e0e4-4be8-ae89-0fac17498ea4	1	1
\.


--
-- Data for Name: products_unit; Type: TABLE DATA; Schema: public; Owner: nexsme
--

COPY public.products_unit (id, auto_id, date_added, date_updated, is_deleted, deleted_reason, unit, vendor_created, is_admin_approved, creator_id, unit_of_measurement_id, updater_id) FROM stdin;
f445a5da-7c5d-433a-859e-0e56e2f00001	6	2023-02-10 15:28:06.228+00	2023-02-10 15:38:01.525+00	f	\N	Each	f	t	1	5896a66f-300c-4944-8e6b-f9d31c6ab001	1
f445a5da-7c5d-433a-859e-0e56e2f00002	7	2023-02-10 15:28:06.228+00	2023-02-10 15:38:01.525+00	f	\N	Gram	f	t	1	5896a66f-300c-4944-8e6b-f9d31c6ab002	1
f445a5da-7c5d-433a-859e-0e56e2f00003	8	2023-02-10 15:28:06.228+00	2023-02-10 15:38:01.525+00	f	\N	Kilogram	f	t	1	5896a66f-300c-4944-8e6b-f9d31c6ab002	1
f445a5da-7c5d-433a-859e-0e56e2f00004	9	2023-02-10 15:28:06.228+00	2023-02-10 15:38:01.525+00	f	\N	Pound	f	t	1	5896a66f-300c-4944-8e6b-f9d31c6ab002	1
f445a5da-7c5d-433a-859e-0e56e2f00005	10	2023-02-10 15:28:06.228+00	2023-02-10 15:38:01.525+00	f	\N	Meter	f	t	1	5896a66f-300c-4944-8e6b-f9d31c6ab003	1
f445a5da-7c5d-433a-859e-0e56e2f00006	11	2023-02-10 15:28:06.228+00	2023-02-10 15:38:01.525+00	f	\N	Centimeter	f	t	1	5896a66f-300c-4944-8e6b-f9d31c6ab003	1
f445a5da-7c5d-433a-859e-0e56e2f00007	12	2023-02-10 15:28:06.228+00	2023-02-10 15:38:01.525+00	f	\N	Millimeter	f	t	1	5896a66f-300c-4944-8e6b-f9d31c6ab003	1
f445a5da-7c5d-433a-859e-0e56e2f00008	13	2023-02-10 15:28:06.228+00	2023-02-10 15:38:01.525+00	f	\N	Kilometer	f	t	1	5896a66f-300c-4944-8e6b-f9d31c6ab003	1
f445a5da-7c5d-433a-859e-0e56e2f00009	14	2023-02-10 15:28:06.228+00	2023-02-10 15:38:01.525+00	f	\N	Inch	f	t	1	5896a66f-300c-4944-8e6b-f9d31c6ab003	1
f445a5da-7c5d-433a-859e-0e56e2f00010	15	2023-02-10 15:28:06.228+00	2023-02-10 15:38:01.525+00	f	\N	Liter	f	t	1	5896a66f-300c-4944-8e6b-f9d31c6ab004	1
f445a5da-7c5d-433a-859e-0e56e2f00011	16	2023-02-10 15:28:06.228+00	2023-02-10 15:38:01.525+00	f	\N	Milliliter	f	t	1	5896a66f-300c-4944-8e6b-f9d31c6ab004	1
f445a5da-7c5d-433a-859e-0e56e2f00012	17	2023-02-10 15:28:06.228+00	2023-02-10 15:38:01.525+00	f	\N	Gallon	f	t	1	5896a66f-300c-4944-8e6b-f9d31c6ab004	1
f445a5da-7c5d-433a-859e-0e56e2f00013	18	2023-02-10 15:28:06.228+00	2023-02-10 15:38:01.525+00	f	\N	Square Meter	f	t	1	5896a66f-300c-4944-8e6b-f9d31c6ab005	1
f445a5da-7c5d-433a-859e-0e56e2f00014	19	2023-02-10 15:28:06.228+00	2023-02-10 15:38:01.525+00	f	\N	Square Feet	f	t	1	5896a66f-300c-4944-8e6b-f9d31c6ab005	1
f445a5da-7c5d-433a-859e-0e56e2f00015	20	2023-02-10 15:28:06.228+00	2023-02-10 15:38:01.525+00	f	\N	Square Inch	f	t	1	5896a66f-300c-4944-8e6b-f9d31c6ab005	1
e1843484-587a-4cac-823d-ec320a80bab9	21	2024-03-18 06:26:25.639192+00	2024-03-18 06:26:25.639222+00	t	test	tet	f	t	1	5896a66f-300c-4944-8e6b-f9d31c6ab001	1
\.


--
-- Data for Name: products_unit_measurement; Type: TABLE DATA; Schema: public; Owner: nexsme
--

COPY public.products_unit_measurement (id, auto_id, date_added, date_updated, is_deleted, deleted_reason, unit_of_measurement, vendor_created, is_admin_approved, creator_id, updater_id) FROM stdin;
5896a66f-300c-4944-8e6b-f9d31c6ab001	1	2023-02-10 15:28:06.228+00	2023-02-10 15:38:01.525+00	f	\N	Quantity	f	t	1	1
5896a66f-300c-4944-8e6b-f9d31c6ab002	2	2023-02-10 15:28:06.228+00	2023-02-10 15:38:01.525+00	f	\N	Weight	f	t	1	1
5896a66f-300c-4944-8e6b-f9d31c6ab003	3	2023-02-10 15:28:06.228+00	2023-02-10 15:38:01.525+00	f	\N	Length	f	t	1	1
5896a66f-300c-4944-8e6b-f9d31c6ab004	4	2023-02-10 15:28:06.228+00	2023-02-10 15:38:01.525+00	f	\N	Volume	f	t	1	1
5896a66f-300c-4944-8e6b-f9d31c6ab005	5	2023-02-10 15:28:06.228+00	2023-02-10 15:38:01.525+00	f	\N	Area	f	t	1	1
2eba6078-091e-4dd8-83d0-fd4b981ef690	6	2024-03-19 05:20:31.388424+00	2024-03-19 05:20:31.38845+00	f	\N	Afii9090	f	t	1	1
b6db4257-509e-4945-820a-a6bad70ae364	7	2024-03-20 05:59:41.684361+00	2024-03-20 05:59:41.684388+00	f	\N	Test	f	t	1	1
\.


--
-- Data for Name: purchase; Type: TABLE DATA; Schema: public; Owner: nexsme
--

COPY public.purchase (id, auto_id, date_added, date_updated, is_deleted, deleted_reason, date, purchase_no, purchase_id, product_total, round_off, discount, subtotal, paid, balance, credit_date, payment_method, add_gst, is_updated, creator_id, payment_voucher_id, purchase_prefix_id, supplier_id, updater_id, warehouse_id) FROM stdin;
f6104b0c-d379-43c5-bb4c-4c77814ded34	3	2023-11-09 12:59:19.721802+00	2023-11-09 12:59:19.72182+00	f	\N	2023-11-09 12:59:19.719137+00	3	NEXPR2023000003	2588.750	-0.200	4.000	2485.000	2485.000	0.000	\N	cash	t	f	1	12031a05-9df7-4c1d-aa3d-91195369efd8	169408d8-ab9e-4ebc-b10b-db7d4af34ae9	7957e6be-ce3e-488f-bfb9-b488f1d63c88	1	d9403eb0-6359-43b6-977d-27cc2d3b8c59
cb7d13d4-bb70-4892-8fa6-7528a3ca5948	1	2023-11-09 08:55:12.883717+00	2024-03-20 08:42:14.153476+00	f	\N	2023-11-09 08:42:14.153351+00	1	NEXPR2023000001	2317.500	0.200	4.000	2225.000	895.000	1330.000	\N	\N	t	t	1	\N	169408d8-ab9e-4ebc-b10b-db7d4af34ae9	7957e6be-ce3e-488f-bfb9-b488f1d63c88	1	575471ba-a8a4-4701-bb08-247366b15565
0e613cd4-9ebc-497c-bf02-3949a6e51f5e	2	2023-11-09 08:56:05.038984+00	2024-03-21 04:53:59.536216+00	f	\N	2023-11-09 04:53:59.536138+00	2	NEXPR2023000001	7725.000	0.000	4.000	7416.000	895.000	6521.000	\N	\N	t	t	1	\N	169408d8-ab9e-4ebc-b10b-db7d4af34ae9	d4b989c9-57a1-4cdb-b35e-d2a344ea48af	1	575471ba-a8a4-4701-bb08-247366b15565
\.


--
-- Data for Name: purchase_item; Type: TABLE DATA; Schema: public; Owner: nexsme
--

COPY public.purchase_item (id, add_new_batch, batch_number, quantity, return_qty, manufacturing_date, expire_date, discount, net_rate, igst_rate, sgst_rate, cgst_rate, taxable_amount, mrp, retail_price, whole_sale_price, amount, total, gross_amount, hsn, comments, unit_type, cgst_amount, sgst_amount, igst_amount, batch_id, product_variant_id, purchase_id) FROM stdin;
1	f	1001	1.000	1.00	2023-10-04	2024-10-01 21:00:00+00	5.00	2500.00	0.00	5.00	4.00	2375.00	3000.00	2850.000	2700.000	2500.00	2589.00	0.00	\N	\N	\N	95.00	119.00	0.00	fbe6ceb7-55ad-4ee7-815d-b56293f724b6	e114c011-d263-4bd7-a058-4b16056a7111	f6104b0c-d379-43c5-bb4c-4c77814ded34
\.


--
-- Data for Name: purchase_order; Type: TABLE DATA; Schema: public; Owner: nexsme
--

COPY public.purchase_order (id, auto_id, date_added, date_updated, is_deleted, deleted_reason, date, order_no, order_id, product_total, round_off, discount, subtotal, add_gst, is_updated, is_partial, is_purchased, creator_id, purchase_id, supplier_id, updater_id, warehouse_id) FROM stdin;
8bd7e319-695e-4363-8cb6-8e880a76368b	1	2024-03-20 09:01:19.005737+00	2024-03-20 09:01:19.005763+00	f	\N	2024-03-20 09:01:19.003575+00	1	PURO0001	16350.000	0.000	2.000	16023.000	f	f	f	f	1	\N	d4b989c9-57a1-4cdb-b35e-d2a344ea48af	1	575471ba-a8a4-4701-bb08-247366b15565
c38ca3cd-e805-417e-9621-5c9942ac8b8f	2	2024-03-20 09:17:39.880818+00	2024-03-20 09:17:39.880845+00	f	\N	2024-03-20 09:17:39.87748+00	2	PURO0002	2725.000	0.500	2.000	2671.000	f	f	f	f	1	\N	7957e6be-ce3e-488f-bfb9-b488f1d63c88	1	575471ba-a8a4-4701-bb08-247366b15565
\.


--
-- Data for Name: purchase_order_item; Type: TABLE DATA; Schema: public; Owner: nexsme
--

COPY public.purchase_order_item (id, add_new_batch, batch_number, quantity, expire_date, manufacturing_date, discount, igst_rate, sgst_rate, cgst_rate, taxable_amount, net_rate, mrp, retail_price, whole_sale_price, amount, hsn, comments, unit_type, total, cgst_amount, sgst_amount, igst_amount, gross_amount, is_purchased, batch_id, product_variant_id, purchase_order_id) FROM stdin;
1	f	1002	1.000	2025-10-02 18:30:00+00	2023-10-04	0.00	0.00	5.00	4.00	15000.00	15000.00	19000.00	17890.000	16500.000	15000.00	\N	\N	\N	15000.00	600.00	750.00	0.00	0.00	f	c84eefc3-062a-4993-8f40-85575f20df9e	b030d13d-03ad-4efc-b1db-b592ba0f8f41	8bd7e319-695e-4363-8cb6-8e880a76368b
2	f	1001	1.000	2024-10-01 18:30:00+00	2023-10-04	0.00	0.00	5.00	4.00	2500.00	2500.00	3000.00	2850.000	2700.000	2500.00	\N	\N	\N	2500.00	100.00	125.00	0.00	0.00	f	b388f9c7-b948-46f6-a151-b8210522ee82	e114c011-d263-4bd7-a058-4b16056a7111	c38ca3cd-e805-417e-9621-5c9942ac8b8f
\.


--
-- Data for Name: purchase_return; Type: TABLE DATA; Schema: public; Owner: nexsme
--

COPY public.purchase_return (id, auto_id, date_added, date_updated, is_deleted, deleted_reason, date, total, amount_returned, is_updated, creator_id, purchase_id, supplier_id, updater_id) FROM stdin;
5ca631b1-d296-44cf-8626-24098bfbf867	2	2024-03-21 04:44:47.529406+00	2024-03-21 04:44:47.529431+00	f	\N	2024-03-21	0.00	0.00	f	1	cb7d13d4-bb70-4892-8fa6-7528a3ca5948	7957e6be-ce3e-488f-bfb9-b488f1d63c88	1
3c0451f6-3ca4-48fc-8c68-ae57e3d7b51d	3	2024-03-21 04:45:48.558836+00	2024-03-21 04:45:48.558863+00	f	\N	2024-03-21	0.00	0.00	f	1	0e613cd4-9ebc-497c-bf02-3949a6e51f5e	d4b989c9-57a1-4cdb-b35e-d2a344ea48af	1
646cadf3-6519-4520-9d6d-b47f9cd0dd4f	1	2024-03-20 09:45:32.300038+00	2024-03-20 09:45:32.30008+00	t	Test	2024-03-20	0.00	0.00	f	1	cb7d13d4-bb70-4892-8fa6-7528a3ca5948	7957e6be-ce3e-488f-bfb9-b488f1d63c88	1
2c3bb8a9-6881-466e-8372-a8c02993d96d	4	2024-03-21 04:46:47.25764+00	2024-03-21 04:46:47.257673+00	t	Test	2024-03-21	0.00	2500.00	f	1	f6104b0c-d379-43c5-bb4c-4c77814ded34	7957e6be-ce3e-488f-bfb9-b488f1d63c88	1
0f201d9a-727c-4d4c-93cc-75c8d53636fa	5	2024-03-21 04:52:15.442687+00	2024-03-21 04:52:15.442717+00	f	\N	2024-03-21	0.00	2500.00	f	1	f6104b0c-d379-43c5-bb4c-4c77814ded34	7957e6be-ce3e-488f-bfb9-b488f1d63c88	1
\.


--
-- Data for Name: purchase_return_item; Type: TABLE DATA; Schema: public; Owner: nexsme
--

COPY public.purchase_return_item (id, quantity, amount, total, status, is_deleted, batch_id, product_id, product_variant_id, purchase_item_id, purchase_return_id) FROM stdin;
1	1.000	2500.00	0.00	returnable	f	fbe6ceb7-55ad-4ee7-815d-b56293f724b6	e72cbbee-1e5c-4e8d-88b4-c9a34e706fb1	e114c011-d263-4bd7-a058-4b16056a7111	1	2c3bb8a9-6881-466e-8372-a8c02993d96d
2	1.000	2500.00	0.00	returnable	f	fbe6ceb7-55ad-4ee7-815d-b56293f724b6	e72cbbee-1e5c-4e8d-88b4-c9a34e706fb1	e114c011-d263-4bd7-a058-4b16056a7111	1	0f201d9a-727c-4d4c-93cc-75c8d53636fa
\.


--
-- Data for Name: registration_registrationprofile; Type: TABLE DATA; Schema: public; Owner: nexsme
--

COPY public.registration_registrationprofile (id, activation_key, user_id, activated) FROM stdin;
\.


--
-- Data for Name: registration_supervisedregistrationprofile; Type: TABLE DATA; Schema: public; Owner: nexsme
--

COPY public.registration_supervisedregistrationprofile (registrationprofile_ptr_id) FROM stdin;
\.


--
-- Data for Name: return_images; Type: TABLE DATA; Schema: public; Owner: nexsme
--

COPY public.return_images (id, auto_id, date_added, date_updated, is_deleted, deleted_reason, image, creator_id, product_return_id, updater_id) FROM stdin;
\.


--
-- Data for Name: salary_pay; Type: TABLE DATA; Schema: public; Owner: nexsme
--

COPY public.salary_pay (id, auto_id, date_added, date_updated, is_deleted, deleted_reason, date, leave_count, half_leave_count, salary, is_paid, paid_amount, creator_id, staff_id, updater_id) FROM stdin;
\.


--
-- Data for Name: sale_return; Type: TABLE DATA; Schema: public; Owner: nexsme
--

COPY public.sale_return (id, auto_id, date_added, date_updated, deleted_reason, "time", a_id, amount_returned, returnable_amount, is_updated, is_deleted, creator_id, customer_id, sale_id, updater_id, warehouse_id) FROM stdin;
3ae6c44b-88d4-4bdd-9324-bd2bbc9fc856	1	2024-01-12 10:40:31.772619+00	2024-01-12 10:40:31.77265+00	yes	2024-01-11 18:30:00+00	1	500.00	\N	f	t	1	d1b286a7-2861-4ce1-8401-a9c1837bf3a1	4cd97e53-829f-4760-bea3-b226d29e44f0	1	d9403eb0-6359-43b6-977d-27cc2d3b8c59
c6515ae5-ad8f-4296-8a62-f1eb2b66282b	2	2024-03-21 06:23:47.851719+00	2024-03-21 06:23:47.851746+00	\N	2024-03-20 18:30:00+00	2	0.00	\N	f	f	1	d1b286a7-2861-4ce1-8401-a9c1837bf3a1	4cd97e53-829f-4760-bea3-b226d29e44f0	1	d9403eb0-6359-43b6-977d-27cc2d3b8c59
1962000e-26d1-4e35-8e37-bc38bbe9ed0c	3	2024-03-21 07:01:00.593428+00	2024-03-21 07:01:00.593463+00	\N	2024-03-20 18:30:00+00	3	0.00	\N	f	f	1	d1b286a7-2861-4ce1-8401-a9c1837bf3a1	4cd97e53-829f-4760-bea3-b226d29e44f0	1	d9403eb0-6359-43b6-977d-27cc2d3b8c59
fc7d4607-1ddd-4fdc-9957-6d10bf375c72	4	2024-03-21 09:18:28.258959+00	2024-03-21 09:18:28.258983+00	\N	2024-03-20 18:30:00+00	4	0.00	\N	f	f	1	d1b286a7-2861-4ce1-8401-a9c1837bf3a1	501b2063-a0f2-4e6e-aab3-df04e0ac56c6	1	d9403eb0-6359-43b6-977d-27cc2d3b8c59
af6aff6f-e2ae-4cff-9ad9-b3a20b58e1f6	5	2024-03-21 09:46:30.585899+00	2024-03-21 09:46:30.585931+00	Test	2024-03-20 18:30:00+00	5	0.00	\N	f	t	1	d1b286a7-2861-4ce1-8401-a9c1837bf3a1	501b2063-a0f2-4e6e-aab3-df04e0ac56c6	1	d9403eb0-6359-43b6-977d-27cc2d3b8c59
b6ec889a-ab5d-4a66-807f-612d65402dba	6	2024-03-21 09:48:11.832884+00	2024-03-21 09:48:11.832913+00	Test	2024-03-20 18:30:00+00	6	0.00	\N	f	t	1	b966e33c-8d6d-495b-a935-bd29bb6433dc	f36593c3-d99c-4f6a-b9b9-8d4904062e0a	1	d9403eb0-6359-43b6-977d-27cc2d3b8c59
\.


--
-- Data for Name: sale_return_item; Type: TABLE DATA; Schema: public; Owner: nexsme
--

COPY public.sale_return_item (id, qty, price, cost, status, is_deleted, batch_id, product_id, product_variant_id, sale_item_id, sale_return_id) FROM stdin;
1	1.000	500.00	0.00	returnable	f	429cd12f-e05a-4158-820c-5da5b93a17d1	bc3e5e8e-b6b3-47aa-9905-395c0fed357e	7ab6268e-00e2-44c6-b3ed-ea81dc1626a0	2	3ae6c44b-88d4-4bdd-9324-bd2bbc9fc856
\.


--
-- Data for Name: sales; Type: TABLE DATA; Schema: public; Owner: nexsme
--

COPY public.sales (id, auto_id, date_added, date_updated, is_deleted, deleted_reason, a_id, sale_no, tracking_no, sale_id, tracking_id, sale_date, shipment_date, customer_address, approval_status, sale_category, sale_type, payment_method, credit_date, transporter, subtotal, round_off, total, paid, discount_rate, discount, special_discount, use_privilege_point, privilege_point_used, privilege_point_amnt, privilege_points, customer_balance_type, customer_balance, tax_amount, sale_taxable_amount, purchase_taxable_amount, total_commission, total_outstanding, add_gst, is_updated, creator_id, customer_id, receipt_voucher_id, sale_prefix_id, updater_id, warehouse_id) FROM stdin;
4cd97e53-829f-4760-bea3-b226d29e44f0	2	2023-11-02 09:32:09.886891+00	2023-11-02 09:32:09.886919+00	f	\N	2	2	2	NEXRS2023000002	TR2	2023-11-02 09:32:09.882933+00	2023-11-02		pending	inter_state	b2c	cash	\N	\N	500.00	0.000	500.00	500.00	0.00	0.00	0.00	f	0	0.00	0	Debit	0.00	0.00	485.44	388.35	0.00	500.00	f	f	1	d1b286a7-2861-4ce1-8401-a9c1837bf3a1	8355d18f-78aa-49ec-ae4c-b4ad016c465b	169408d8-ab9e-4ebc-b10b-db7d4af34ae9	1	d9403eb0-6359-43b6-977d-27cc2d3b8c59
336c3fdc-48f2-4cc7-b4e2-aba8dceb1563	5	2023-11-03 05:36:44.120412+00	2024-03-21 09:28:21.870097+00	t	Test	5	5	5	NEXRS2023000005	TR5	2023-11-03 05:36:44.117229+00	2023-11-03		pending	inter_state	b2c	cash	\N	\N	1000.00	0.000	1000.00	1000.00	0.00	0.00	0.00	f	0	0.00	0	Debit	0.00	0.00	970.88	776.70	0.00	1000.00	f	f	1	d1b286a7-2861-4ce1-8401-a9c1837bf3a1	44b91907-2b6e-4ffe-b046-3ee5f3ccc90e	169408d8-ab9e-4ebc-b10b-db7d4af34ae9	1	d9403eb0-6359-43b6-977d-27cc2d3b8c59
501b2063-a0f2-4e6e-aab3-df04e0ac56c6	4	2023-11-03 05:26:05.521784+00	2024-03-21 12:04:40.643017+00	t	yes	4	4	4	NEXRS2023000004	TR4	2023-11-03 05:26:05.517096+00	2023-11-03	Calicut Warehouse	pending	inter_state	b2c	cash	\N	KL43N4801	1249.00	-0.100	1124.00	1124.00	10.00	124.90	0.00	f	0	0.00	0	Debit	0.00	0.00	1212.62	1019.42	0.00	1124.00	f	f	1	d1b286a7-2861-4ce1-8401-a9c1837bf3a1	6a2eb737-2976-4c24-bfb5-d7b99d50afbd	169408d8-ab9e-4ebc-b10b-db7d4af34ae9	1	d9403eb0-6359-43b6-977d-27cc2d3b8c59
b0d17d56-a50a-456e-85bb-0df6398179c8	1	2023-11-02 09:27:55.677027+00	2024-03-22 05:31:23.420718+00	t	Test	1	1	1	NEXRS2023000001	TR1	2023-11-02 09:27:55.675362+00	2023-11-02	Calicut Warehouse	pending	intra_state	b2c	cash	\N	KL43N4801	2850.00	0.000	2565.00	2565.00	10.00	285.00	0.00	f	0	0.00	0	Debit	0.00	0.00	2614.68	2293.58	0.00	2565.00	f	f	1	6e64cf57-8473-4c07-8a0a-91e9bef3acc1	f3e2c039-2c43-4386-b9bc-d05afb585353	169408d8-ab9e-4ebc-b10b-db7d4af34ae9	1	d9403eb0-6359-43b6-977d-27cc2d3b8c59
f36593c3-d99c-4f6a-b9b9-8d4904062e0a	3	2023-11-02 09:33:51.211989+00	2024-03-22 11:15:09.430655+00	f	\N	3	3	3	NEXRS2023000003	TR3	2023-11-02 11:15:09.430571+00	2023-11-02	fathima manzil , pallikandam	pending	intra_state	b2c	cash	2024-03-29	kl 60	500.00	0.000	500.00	500.00	0.00	0.00	0.00	f	0	0.00	0	Debit	0.00	0.00	458.72	2293.58	0.00	500.00	f	t	1	b966e33c-8d6d-495b-a935-bd29bb6433dc	a2d3f684-4dce-443b-9a1a-b87cc6006aa0	169408d8-ab9e-4ebc-b10b-db7d4af34ae9	1	575471ba-a8a4-4701-bb08-247366b15565
\.


--
-- Data for Name: sales_sale_item; Type: TABLE DATA; Schema: public; Owner: nexsme
--

COPY public.sales_sale_item (id, comments, return_qty, quantity, amount, mrp, total, sub_total, net_rate, discount_rate, discount, igst_rate, cgst_rate, sgst_rate, igst_amount, cgst_amount, sgst_amount, commission_amount, purchase_taxable_amount, sale_taxable_amount, batch_id, product_variant_id, sale_id) FROM stdin;
1	\N	0.00	1.000	2850.000	3000.00	2850.00	2614.68	3000.00	0.00	150.00	0.00	4.00	5.00	0.00	104.59	130.73	0.00	2293.58	2614.68	fbe6ceb7-55ad-4ee7-815d-b56293f724b6	e114c011-d263-4bd7-a058-4b16056a7111	b0d17d56-a50a-456e-85bb-0df6398179c8
4	\N	0.00	1.000	1249.000	1400.00	1249.00	1212.62	1400.00	0.00	151.00	3.00	0.00	0.00	36.38	0.00	0.00	0.00	1019.42	1212.62	a35ebfe7-4157-4589-9b82-cc85636b7313	a5e61679-eb29-425a-9919-085ab4ea1a62	501b2063-a0f2-4e6e-aab3-df04e0ac56c6
5	\N	0.00	1.000	500.000	699.00	500.00	485.44	699.00	0.00	199.00	3.00	0.00	0.00	14.56	0.00	0.00	0.00	388.35	485.44	429cd12f-e05a-4158-820c-5da5b93a17d1	7ab6268e-00e2-44c6-b3ed-ea81dc1626a0	336c3fdc-48f2-4cc7-b4e2-aba8dceb1563
6	\N	0.00	1.000	500.000	699.00	500.00	485.44	699.00	0.00	199.00	3.00	0.00	0.00	14.56	0.00	0.00	0.00	388.35	485.44	429cd12f-e05a-4158-820c-5da5b93a17d1	7ab6268e-00e2-44c6-b3ed-ea81dc1626a0	336c3fdc-48f2-4cc7-b4e2-aba8dceb1563
2	\N	0.00	1.000	500.000	699.00	500.00	485.44	699.00	0.00	199.00	3.00	0.00	0.00	14.56	0.00	0.00	0.00	388.35	485.44	429cd12f-e05a-4158-820c-5da5b93a17d1	7ab6268e-00e2-44c6-b3ed-ea81dc1626a0	4cd97e53-829f-4760-bea3-b226d29e44f0
8	\N	0.00	1.000	500.000	699.00	500.00	458.72	699.00	0.00	199.00	0.00	4.00	5.00	0.00	18.35	22.94	0.00	2293.58	458.72	b388f9c7-b948-46f6-a151-b8210522ee82	e114c011-d263-4bd7-a058-4b16056a7111	f36593c3-d99c-4f6a-b9b9-8d4904062e0a
\.


--
-- Data for Name: setting; Type: TABLE DATA; Schema: public; Owner: nexsme
--

COPY public.setting (id, counter, prefix, project_prefix, product_prefix, purchase_prefix, sale_prefix, payment_prefix, is_deleted) FROM stdin;
\.


--
-- Data for Name: special_variant; Type: TABLE DATA; Schema: public; Owner: nexsme
--

COPY public.special_variant (id, auto_id, date_added, date_updated, is_deleted, deleted_reason, name, product_code, description, actual_price, amount, quantity, created_variant_id, creator_id, updater_id) FROM stdin;
8d25219e-1416-4853-bb4c-448306a0b302	1	2023-10-31 09:59:51.221787+00	2023-10-31 09:59:51.22181+00	f	\N	Pink Set of 3	RETS0027	Size of Boys Rolling Backpack: 11.8"x 9"x 18.11"(L*W*H); about weight: 2kg; the rolling backpack with durable rubber solid 6 wheels design, sliding fast, not stuck, wear-resistant, the wheels are perfect for going up steps and curbs Material of Rolling Backpack: Anti-splash water nylon fabric, lining is polyester, durable, anti-scratch, and water-resistant, better protect the items in the kids backpack from getting wet, and easy to wipe down. This boys rolling backpack with sturdy zippers, triangle sewing reinforcement, adjustable padded straps and durable wheels and handles, can last the entire academic year Rolling Backpack with Multi-Pocket: Boys rolling backpack with multiple pockets, 1 large capacity main pocket with compartment, 3 front zip pockets and 2 side pockets, easy to hold all for school supplies, such as tablet, books, homework folders, iPad, folded umbrella, water bottle, ect. Detachable 6-Wheel Trolley: After correct assembly, the backpack can stay on the trolley stably without rollover, wear-resistant rubber wheels, reinforced aluminum alloy double handle, telescopic design can save space. you could use the backpack with the trolley or trolley can be separated use if desired Occasion of Trolley Bag: This rolling backpack perfect for school, travel, work; it is suitable for primary middle high school kids and adults. Please contact us if you have any questions or dissatisfied, we will refund or replacement to ensure you a beautiful shopping experience	1050.00	850.00	1.00	ca026cc2-5c72-46e0-8043-31490fae84b0	1	1
\.


--
-- Data for Name: special_variant_product_variant; Type: TABLE DATA; Schema: public; Owner: nexsme
--

COPY public.special_variant_product_variant (id, specialvariant_id, productvariant_id) FROM stdin;
3	8d25219e-1416-4853-bb4c-448306a0b302	66d05627-a263-46a9-91c7-bbd95e8383bc
4	8d25219e-1416-4853-bb4c-448306a0b302	ed36263d-cd54-428c-a264-764746b0c744
5	8d25219e-1416-4853-bb4c-448306a0b302	6708ce33-b38b-44b3-80c3-020cf7ab8c08
\.


--
-- Data for Name: staff; Type: TABLE DATA; Schema: public; Owner: nexsme
--

COPY public.staff (id, auto_id, date_added, date_updated, is_deleted, deleted_reason, staff_id, name, email, phone, gender, photo, address, staff_role, joining_date, staff_age, current_salary, salary, bank_name, branch, bank_account_name, ifsc_code, account_num, password, is_currently_working, normal_staff, super_admin, client_manager, staff_manager, advance_salary, credit, debit, creator_id, designation_id, updater_id, user_id, warehouse_id) FROM stdin;
cfd8547a-953a-4caf-b344-7a4496e1a49a	1	2023-10-18 10:31:55.954831+00	2023-10-18 10:31:55.954855+00	f	\N	ONZ0001	Nikhil Antony	nikil@example.com	9207846227	male	staffs/photo/user-9_KAd5wyE.jpg	Nettoor (H)	normal_staff	2023-07-11 21:00:00+00	24	18000.00	18000	Union Bank	Nettoor	Nikhil Antony	FDRL0001114	61720200019087	ronaldocr7	f	f	f	f	f	0.00	0.0000	0.0000	1	f9ddacb6-796f-4215-8434-e7968e7d12d6	1	2	\N
5a49f098-53c6-4556-a81f-5c5740224ed2	10	2024-03-21 11:17:07.30969+00	2024-03-21 11:17:07.309716+00	f	\N	ONZ0010	afsalpp	afsalpp45886@gmail.com	8089666456	other		Pallikandam Road	warehouse_manager	2024-03-20 18:30:00+00	12	0.00	0	\N	\N	\N	\N	\N	Afii0909	f	f	f	f	f	0.00	0.0000	0.0000	1	6157aa89-5dbe-4112-ad9e-183f21702a42	1	94	cf56e35a-cff2-4d6d-a90c-d551ac3899f6
416e56c6-cfe3-4e91-80a9-533e8fd6802c	3	2023-10-31 14:08:18.033672+00	2023-10-31 14:08:18.033694+00	f	\N	ONZ0003	Ananthu	arafamobiles111@gmail.com	9526029004	male	staffs/photo/WhatsApp_Image_2022-06-05_at_3.28.56_PM.jpeg	Palode	warehouse_manager	2023-10-30 21:00:00+00	27	20000.00	20000	\N	\N	\N	\N	\N	A9526029004	f	f	f	f	f	0.00	0.0000	0.0000	1	f9ddacb6-796f-4215-8434-e7968e7d12d6	1	16	\N
c82f3377-8d5f-4f3f-983b-3dd4699d0775	4	2024-03-18 08:22:54.751991+00	2024-03-18 08:22:54.752011+00	f	\N	ONZ0004	afsalpp	afsal.pp@talrop.com	8089666456	male	staffs/photo/WhatsApp_Image_2024-03-16_at_4.41.09_PM.jpeg	Pallikandam Road	normal_staff	2024-03-17 18:30:00+00	12	2500.00	2500	Afsalpp	Kayyur	Sbi	SBIN0070573	67264121699	Afii0000	f	f	f	f	f	0.00	0.0000	0.0000	1	f9ddacb6-796f-4215-8434-e7968e7d12d6	1	85	\N
18dddde7-375e-4d72-8540-7f03979e0a1a	5	2024-03-19 04:56:46.195821+00	2024-03-19 04:56:46.195843+00	f	\N	ONZ0005	afsalpp	afsal.ppp@talrop.com	8089666456	male	staffs/photo/WhatsApp_Image_2024-03-16_at_4.41.09_PM_mgLIe2E.jpeg	Pallikandam Road	billing_staff	2024-03-18 18:30:00+00	12	25000.00	25000	sbi	Kaayuur	Savings	SBIN0070573	67264121213	Afii0000	f	f	f	f	f	0.00	0.0000	0.0000	1	f9ddacb6-796f-4215-8434-e7968e7d12d6	1	86	\N
a2826d2d-064d-4ce0-ada1-22228ea5eb16	7	2024-03-19 16:06:32.111695+00	2024-03-19 16:06:32.111714+00	f	\N	ONZ0007	afsalpp	afsalpp@gmail.com	9090909090	male	staffs/photo/WhatsApp_Image_2024-03-16_at_4.41.09_PM_AsWFRTH.jpeg	CHERUVATHUR	normal_staff	2024-03-18 18:30:00+00	12	25000.00	25000	sbi	kayyur	sbi	SBIN0070573	909090909090	Afii0000	f	f	f	f	f	0.00	0.0000	0.0000	1	f9ddacb6-796f-4215-8434-e7968e7d12d6	1	90	d9403eb0-6359-43b6-977d-27cc2d3b8c59
609132c5-6558-4aa0-b5b2-42644d47f92f	8	2024-03-19 16:09:42.323406+00	2024-03-19 16:09:42.323435+00	f	\N	ONZ0008	afsalpp	afsalpp1@gmail.com	9090909054	female		CHERUVATHUR	normal_staff	2024-03-18 18:30:00+00	12	2500.00	2500	Test	0909090909	Afsalpp	HGHG	90090909	Afii0000	f	f	f	f	f	0.00	0.0000	0.0000	1	f9ddacb6-796f-4215-8434-e7968e7d12d6	1	91	575471ba-a8a4-4701-bb08-247366b15565
d48a7150-ccab-47bf-8f26-ff70d0ef724e	9	2024-03-19 16:20:46.455292+00	2024-03-19 16:20:46.455317+00	f	\N	ONZ0009	afsalpp	afsalpp21@gmail.com	\N	other			normal_staff	2024-03-18 18:30:00+00		0.00	0	kanara	cheruvathur	672	GVVH6656575	8787898989898	Afii0p0p	f	f	f	f	f	0.00	0.0000	0.0000	1	6157aa89-5dbe-4112-ad9e-183f21702a42	1	92	575471ba-a8a4-4701-bb08-247366b15565
01adde65-23fa-4f9b-827b-dbf339ba7632	2	2023-10-18 10:44:49.275417+00	2024-03-22 10:00:49.180255+00	f	\N	ONZ0002	Afsal	\N	7293207745	male		vazhavellil (h)	warehouse_manager	2023-03-14 18:30:00+00	23	30000.00	30000	federal bank	Nettoor	Muhammed Afsal	FDRL0001117	61720200019084	afsal#000	f	f	f	f	f	0.00	0.0000	0.0000	1	41667002-ed64-4f3d-bec6-3f9f8aab5bb6	1	3	575471ba-a8a4-4701-bb08-247366b15565
292495f9-e5b9-4065-a451-59fc4085ef0f	11	2024-03-22 11:24:01.770156+00	2024-03-22 11:24:01.770185+00	f	\N	ONZ0011	test	test@gmail.com	0918803071	female		Talrop's Techies Park at NAHER Arts and Science College	normal_staff	2024-03-04 18:30:00+00	56	50000.00	50000	\N	\N	\N	\N	\N	test@123	f	f	f	f	f	0.00	0.0000	0.0000	1	f9ddacb6-796f-4215-8434-e7968e7d12d6	1	95	\N
d1a084a3-34d4-4a6a-a10d-09b9b3a2f24d	6	2024-03-19 05:10:17.013593+00	2024-03-19 05:10:17.013624+00	f	\N	ONZ0006	afii	afsal.pap@talrop.com	8089666456	other	staffs/photo/WhatsApp_Image_2024-03-16_at_4.41.09_PM_w58TGPc.jpeg	Pallikandam Road	warehouse_manager	2024-03-18 18:30:00+00	12	2500.00	2500	Test	kayyur	Afsalpp	SBIN0070573	67264121678	Afii0909	f	f	f	f	f	0.00	0.0000	0.0000	1	6157aa89-5dbe-4112-ad9e-183f21702a42	1	87	4befa75c-1373-4cb8-8a14-6e8f989a111b
\.


--
-- Data for Name: staff_attendence; Type: TABLE DATA; Schema: public; Owner: nexsme
--

COPY public.staff_attendence (id, auto_id, date_added, date_updated, is_deleted, deleted_reason, date, leave_count, half_leave_count, is_present, is_leave, is_halfday, is_excuseleave, is_holiday, is_work_at_home, creator_id, staff_id, updater_id) FROM stdin;
\.


--
-- Data for Name: staff_permission; Type: TABLE DATA; Schema: public; Owner: nexsme
--

COPY public.staff_permission (id, staff_id, permission_id) FROM stdin;
1	416e56c6-cfe3-4e91-80a9-533e8fd6802c	21
2	416e56c6-cfe3-4e91-80a9-533e8fd6802c	22
3	416e56c6-cfe3-4e91-80a9-533e8fd6802c	23
4	416e56c6-cfe3-4e91-80a9-533e8fd6802c	24
5	416e56c6-cfe3-4e91-80a9-533e8fd6802c	25
6	416e56c6-cfe3-4e91-80a9-533e8fd6802c	26
7	416e56c6-cfe3-4e91-80a9-533e8fd6802c	27
8	416e56c6-cfe3-4e91-80a9-533e8fd6802c	28
9	416e56c6-cfe3-4e91-80a9-533e8fd6802c	29
10	416e56c6-cfe3-4e91-80a9-533e8fd6802c	30
11	416e56c6-cfe3-4e91-80a9-533e8fd6802c	51
12	416e56c6-cfe3-4e91-80a9-533e8fd6802c	52
13	416e56c6-cfe3-4e91-80a9-533e8fd6802c	53
14	416e56c6-cfe3-4e91-80a9-533e8fd6802c	54
15	416e56c6-cfe3-4e91-80a9-533e8fd6802c	55
16	416e56c6-cfe3-4e91-80a9-533e8fd6802c	56
17	416e56c6-cfe3-4e91-80a9-533e8fd6802c	57
18	416e56c6-cfe3-4e91-80a9-533e8fd6802c	58
19	416e56c6-cfe3-4e91-80a9-533e8fd6802c	59
20	416e56c6-cfe3-4e91-80a9-533e8fd6802c	60
21	416e56c6-cfe3-4e91-80a9-533e8fd6802c	156
22	416e56c6-cfe3-4e91-80a9-533e8fd6802c	157
23	416e56c6-cfe3-4e91-80a9-533e8fd6802c	158
24	416e56c6-cfe3-4e91-80a9-533e8fd6802c	159
25	416e56c6-cfe3-4e91-80a9-533e8fd6802c	160
26	416e56c6-cfe3-4e91-80a9-533e8fd6802c	240
27	416e56c6-cfe3-4e91-80a9-533e8fd6802c	241
28	416e56c6-cfe3-4e91-80a9-533e8fd6802c	242
29	416e56c6-cfe3-4e91-80a9-533e8fd6802c	243
30	416e56c6-cfe3-4e91-80a9-533e8fd6802c	244
\.


--
-- Data for Name: staff_salary_allowance; Type: TABLE DATA; Schema: public; Owner: nexsme
--

COPY public.staff_salary_allowance (id, auto_id, date_added, date_updated, deleted_reason, date, is_deleted, description, allowance_type, days, hours, rate_per_day, rate_per_hour, is_paid, allowance, creator_id, staff_id, updater_id) FROM stdin;
e8c2caf9-0518-444a-8fbc-3aed63d33133	1	2024-03-20 04:23:19.000499+00	2024-03-20 04:23:19.000531+00	\N	2024-03-20	f	\N	over time	0.00	5.00	0.00	1.00	f	5.00	1	609132c5-6558-4aa0-b5b2-42644d47f92f	1
e81ec29d-259f-45d2-8ecd-43243e87b2fd	2	2024-03-20 04:25:44.198516+00	2024-03-20 04:25:44.198546+00	\N	2024-03-20	f	\N	working on holiday	0.00	0.00	0.00	0.00	f	0.00	1	609132c5-6558-4aa0-b5b2-42644d47f92f	1
9fc15233-4535-4657-880a-49539419338d	3	2024-03-20 04:28:38.870316+00	2024-03-20 04:28:38.870339+00	\N	2024-03-20	f	\N	working on holiday	0.00	0.00	0.00	0.00	f	0.00	1	d1a084a3-34d4-4a6a-a10d-09b9b3a2f24d	1
\.


--
-- Data for Name: stock_transfer; Type: TABLE DATA; Schema: public; Owner: nexsme
--

COPY public.stock_transfer (id, auto_id, date_added, date_updated, is_deleted, deleted_reason, date, creator_id, to_warehouse_id, updater_id, warehouse_id) FROM stdin;
893a2632-702d-43c4-a0ef-4e0905b9d263	1	2024-03-19 07:18:16.413133+00	2024-03-19 07:18:16.413158+00	t	Test	2024-03-18 18:30:00+00	1	575471ba-a8a4-4701-bb08-247366b15565	1	d9403eb0-6359-43b6-977d-27cc2d3b8c59
c0ffeca2-7512-4e2c-921f-0ca33f130625	3	2024-03-19 07:24:04.884616+00	2024-03-19 07:24:04.88465+00	f	\N	2024-03-18 18:30:00+00	1	575471ba-a8a4-4701-bb08-247366b15565	1	d9403eb0-6359-43b6-977d-27cc2d3b8c59
c0f60739-f17f-42c1-bee3-8fb0103f8392	2	2024-03-19 07:23:29.059809+00	2024-03-19 07:23:29.059834+00	t	test	2024-03-19 18:30:00+00	1	575471ba-a8a4-4701-bb08-247366b15565	1	d9403eb0-6359-43b6-977d-27cc2d3b8c59
031e4f07-85eb-4c26-8c33-3572ea19d9fe	4	2024-03-19 07:26:02.866381+00	2024-03-19 07:26:02.866412+00	t	,mm	2024-03-18 18:30:00+00	1	575471ba-a8a4-4701-bb08-247366b15565	1	d9403eb0-6359-43b6-977d-27cc2d3b8c59
0475f1ec-d589-4faa-9c7d-b9d8fdefddc6	5	2024-03-19 07:29:03.311677+00	2024-03-19 07:29:03.31171+00	f	\N	2024-03-18 18:30:00+00	1	d9403eb0-6359-43b6-977d-27cc2d3b8c59	1	d9403eb0-6359-43b6-977d-27cc2d3b8c59
15da2b63-3a3d-4993-bd01-c562ade68976	6	2024-03-22 06:45:00.427009+00	2024-03-22 06:45:00.427039+00	f	\N	2024-03-21 18:30:00+00	1	575471ba-a8a4-4701-bb08-247366b15565	1	575471ba-a8a4-4701-bb08-247366b15565
16948bb5-e276-45e5-b9f0-546ef285c6a8	7	2024-03-22 06:46:31.577641+00	2024-03-22 06:46:31.577662+00	f	\N	2024-03-21 18:30:00+00	1	575471ba-a8a4-4701-bb08-247366b15565	1	575471ba-a8a4-4701-bb08-247366b15565
\.


--
-- Data for Name: stock_transfer_items; Type: TABLE DATA; Schema: public; Owner: nexsme
--

COPY public.stock_transfer_items (id, auto_id, date_added, date_updated, is_deleted, deleted_reason, retail_price, whole_sale_price, cost, mrp, quantity, manufacturing_date, expire_date, batch_id, creator_id, product_variant_id, stock_transfer_id, updater_id) FROM stdin;
f3c49c5b-b8db-4668-9144-eab9a51216a6	1	2024-03-19 07:18:16.420551+00	2024-03-19 07:18:16.420579+00	f	\N	2850.000	2700.000	2500.00	3000.00	8.00	2027-06-04	2024-05-02	fbe6ceb7-55ad-4ee7-815d-b56293f724b6	1	e114c011-d263-4bd7-a058-4b16056a7111	893a2632-702d-43c4-a0ef-4e0905b9d263	1
85ce514b-0c9c-464a-b01b-d4cbf49f1bce	2	2024-03-19 07:23:29.064328+00	2024-03-19 07:23:29.064357+00	f	\N	2850.000	2700.000	2500.00	3000.00	12.00	2023-10-04	2024-10-02	fbe6ceb7-55ad-4ee7-815d-b56293f724b6	1	e114c011-d263-4bd7-a058-4b16056a7111	c0f60739-f17f-42c1-bee3-8fb0103f8392	1
653dfffe-3468-4676-bd94-c0dce5f36dbf	3	2024-03-19 07:24:04.889204+00	2024-03-19 07:24:04.889239+00	f	\N	2850.000	2700.000	2500.00	3000.00	23.00	2023-10-04	2024-10-02	fbe6ceb7-55ad-4ee7-815d-b56293f724b6	1	e114c011-d263-4bd7-a058-4b16056a7111	c0ffeca2-7512-4e2c-921f-0ca33f130625	1
b3450906-79f5-41d7-aee5-d4baf273899e	4	2024-03-19 07:26:02.870792+00	2024-03-19 07:26:02.870825+00	f	\N	17890.000	16500.000	15000.00	19000.00	90.00	2023-10-04	2025-10-03	a603525a-d297-4b9c-a9f9-92736a349f51	1	b030d13d-03ad-4efc-b1db-b592ba0f8f41	031e4f07-85eb-4c26-8c33-3572ea19d9fe	1
7997eede-6892-499e-8543-7d5de6e37f85	5	2024-03-19 07:29:03.315331+00	2024-03-19 07:29:03.315353+00	f	\N	2850.000	2700.000	2500.00	3000.00	10.00	2023-10-04	2024-10-02	fbe6ceb7-55ad-4ee7-815d-b56293f724b6	1	e114c011-d263-4bd7-a058-4b16056a7111	0475f1ec-d589-4faa-9c7d-b9d8fdefddc6	1
7903f9ab-8724-485b-8ee0-72fcdcce3a09	6	2024-03-22 06:45:00.436982+00	2024-03-22 06:45:00.437014+00	f	\N	2850.000	2700.000	2500.00	3000.00	5.00	2023-10-28	2024-02-02	b388f9c7-b948-46f6-a151-b8210522ee82	1	e114c011-d263-4bd7-a058-4b16056a7111	15da2b63-3a3d-4993-bd01-c562ade68976	1
36dcf960-6bbe-4c87-aaba-531a79be6fbd	7	2024-03-22 06:46:31.581579+00	2024-03-22 06:46:31.581599+00	f	\N	2850.000	2700.000	2500.00	3000.00	10.00	2026-06-28	2024-02-02	b388f9c7-b948-46f6-a151-b8210522ee82	1	e114c011-d263-4bd7-a058-4b16056a7111	16948bb5-e276-45e5-b9f0-546ef285c6a8	1
\.


--
-- Data for Name: stock_update; Type: TABLE DATA; Schema: public; Owner: nexsme
--

COPY public.stock_update (id, auto_id, date_added, date_updated, is_deleted, deleted_reason, date, description, update_type, creator_id, updater_id, warehouse_id) FROM stdin;
256fb6dd-aa39-44d4-a529-21dd97599d9f	1	2024-03-19 08:54:42.481197+00	2024-03-19 08:54:42.48122+00	t	\N	2024-03-18 18:30:00+00	test	inward	1	1	d9403eb0-6359-43b6-977d-27cc2d3b8c59
b5a1ef91-6bf9-40b7-89ea-864add4a3218	2	2024-03-19 08:55:50.539251+00	2024-03-19 08:59:10.488097+00	f	\N	2024-03-18 18:30:00+00	test123	inward	1	1	d9403eb0-6359-43b6-977d-27cc2d3b8c59
\.


--
-- Data for Name: stock_update_item; Type: TABLE DATA; Schema: public; Owner: nexsme
--

COPY public.stock_update_item (id, add_new_batch, batch_number, expire_date, manufacturing_date, stock, mrp, cost, taxable_amount, retail_price, whole_sale_price, is_deleted, batch_id, product_variant_id, stockupdate_id) FROM stdin;
1	f	\N	2025-10-03	2023-10-04	10.000	19000.00	15000.00	13761.47	17890.000	16500.000	f	bd4da190-3446-40f0-a99e-01a2f67f7eaf	b030d13d-03ad-4efc-b1db-b592ba0f8f41	256fb6dd-aa39-44d4-a529-21dd97599d9f
\.


--
-- Data for Name: students_registration_profile; Type: TABLE DATA; Schema: public; Owner: nexsme
--

COPY public.students_registration_profile (id, auto_id, phone, date_added, is_deleted, user_id) FROM stdin;
\.


--
-- Data for Name: suppliers_supplier; Type: TABLE DATA; Schema: public; Owner: nexsme
--

COPY public.suppliers_supplier (id, auto_id, date_added, date_updated, is_deleted, deleted_reason, name, address, phone, email, bank_name, bank_account_name, branch, ifsc_code, account_num, opening_type, opening_balance, credit_limit, debit_limit, current_balance, state, district, country, creator_id, updater_id, user_id, gst_number) FROM stdin;
bc48deaf-bef7-416a-8c00-d25fc254bd3f	1	2023-10-27 06:59:52.985372+00	2023-10-27 06:59:52.98541+00	t	nothing	Safwana Vj	Safwana Manzil	9999567843	safwana@example.com	ICICI	Safwana VJ	Ernakulam	ICICI0561720	000202010013082	debit	20000.00	5000.00	1000.00	20000.00	Kerala	\N	India	1	1	\N	\N
16130d54-cab0-4413-913a-bfcfdf3869f5	2	2023-10-27 06:59:53.097006+00	2023-10-27 06:59:53.097031+00	t	nothing	Safwana Vj	Safwana Manzil	9999567843	safwana@example.com	ICICI	Safwana VJ	Ernakulam	ICICI0561720	000202010013082	debit	20000.00	5000.00	1000.00	20000.00	Kerala	\N	India	1	1	\N	\N
94d9f26a-002f-4c2d-8b80-69439867c7ad	5	2024-01-12 06:56:15.991089+00	2024-01-12 06:56:15.991114+00	t	delete	Atul Raj	thumbayil H Aluva	9207846227	atulraj007@gmail.com	federal bank	Atul Raj	Aluva	FDRL0001117	6598741300756	debit	12000.00	13500.00	0.00	12000.00	Kerala	\N	India	1	1	\N	\N
7957e6be-ce3e-488f-bfb9-b488f1d63c88	4	2023-10-31 05:59:52.725164+00	2023-10-31 05:59:52.725188+00	f	\N	Amal K Anil	Amal Villa	9567839862	amal@example.com	FEDERAL BANK	Amal K Anil	Kuttichira	FDRL03556	87347348752672	debit	30000.00	10000.00	5000.00	28670.00	Kerala	\N	India	1	1	\N	\N
8af16dc9-ef5e-4531-8392-485dcaf192dd	6	2024-03-20 09:04:44.267896+00	2024-03-20 09:04:44.267965+00	f	\N	Afsalpp	Pallikandam Road	8089666456	afsalpp@gmail.com	\N	\N	\N	\N	\N	debit	100.00	1000.00	500.00	100.00	KERALA	\N	India	1	1	\N	\N
d4b989c9-57a1-4cdb-b35e-d2a344ea48af	3	2023-10-27 07:01:06.614938+00	2023-10-27 07:01:06.614962+00	f	\N	Safwana Vj	Safwana Manzil	9999567843	safwana@example.com	ICICI	Safwana VJ	Ernakulam	ICICI0561720	000202010013082	debit	20000.00	5000.00	1000.00	2934.00	Kerala	\N	India	1	1	\N	\N
db0ecd71-ea9d-44b8-8e23-314a198f78c5	7	2024-03-21 07:19:34.105873+00	2024-03-21 07:19:34.105904+00	f	\N	Afsalpp	Pallikandam Road	7678667676767676767676767676	afsalpp456@gmail.com	\N	\N	\N	\N	\N	debit	0.00	0.00	0.00	0.00	KERALA	\N	India	1	1	\N	\N
\.


--
-- Data for Name: techpe_staff_record; Type: TABLE DATA; Schema: public; Owner: nexsme
--

COPY public.techpe_staff_record (id, auto_id, date_added, date_updated, is_deleted, deleted_reason, leave_count, half_leave_count, salary, date, is_paid, is_partially_paid, paid_amount, payment_date, creator_id, staff_id, updater_id) FROM stdin;
a9113fab-5507-4576-9695-b2453c80553b	1	2024-03-20 04:23:19.010412+00	2024-03-20 04:23:19.010444+00	f	\N	0.00	0.00	2505	2024-03-19 18:30:00+00	f	f	0.00	\N	1	609132c5-6558-4aa0-b5b2-42644d47f92f	1
dba59826-064f-4367-b830-e9fed4563ed8	2	2024-03-20 04:28:38.876544+00	2024-03-20 04:28:38.876568+00	f	\N	0.00	0.00	2500	2024-03-19 18:30:00+00	f	f	0.00	\N	1	d1a084a3-34d4-4a6a-a10d-09b9b3a2f24d	1
\.


--
-- Data for Name: tickets; Type: TABLE DATA; Schema: public; Owner: nexsme
--

COPY public.tickets (id, auto_id, date_added, date_updated, is_deleted, deleted_reason, subject, description, status, priority, attachment, reject_reason, message, creator_id, customer_id, updater_id) FROM stdin;
6b96c1e3-c3b1-4acc-bf2b-7b872c832294	1	2023-11-08 05:13:48.363477+00	2023-11-08 05:13:48.363499+00	f	\N	New	New	pending	10	tickets/attachment/1000000036.jpg	\N	\N	19	cb0df2dd-bc04-4601-8bc5-163ddc1b47df	19
884db53d-461a-42d2-8f27-4105d43d2a5b	3	2023-11-11 13:18:40.308902+00	2023-11-11 13:18:40.308933+00	f	\N	aaaaaaaaaaaaaaaaaaaaaaaaaaaaaaaaaaaaaaaaaaaaaaaaaaaaaaaaaaaaaaaaaaaaaaaaaaaaaaaaaaaaaaaaaaaaaaaaaaaaaaaaaaaaaaaaaaaaaaaaasdddddddddddddddddddddddddddddddddddddddddfffffffffffffffffffffffffffffffffffffffffffffffffffffffffffffffffffffffffffffffffffffffffffff	ticket issue	pending	20		\N	\N	19	cb0df2dd-bc04-4601-8bc5-163ddc1b47df	19
af5f194f-7b3f-4a67-ad07-039449e3081f	4	2023-11-30 09:13:03.411463+00	2023-11-30 09:13:03.411516+00	f	\N	ഹലോൺ	ധ്ജ്ജ്ഡ്ജ്ഡ്ജ്ഡ്ജ്ഡ്ജ്ഡ്ഥ്ഡിന് ഡിബൻഡ്ജ്ഡ്ണ്ടണ്ടബ്ബ്ഡ് ഡബ്‌ണ്ടണ്ടണ്ടണ്ടണ്ടബിഫ് ഡിബഡ്‌നിഫ്ൺഫ്ണ്ടണ്ടണ്ടന്ന് ഡിബഡ്‌ണ്ടണ്ടണ്ട് ഡിണ്ടണ്ടണ്ടൻഡ്‌ഡിന്ൻ	pending	10	tickets/attachment/20231129_135655.jpg	\N	\N	19	cb0df2dd-bc04-4601-8bc5-163ddc1b47df	19
6fd8bd01-1268-49be-9a58-c7b5efcf93fa	5	2023-11-30 12:21:33.195325+00	2023-11-30 12:21:33.195347+00	f	\N	Ticket Alignment issue testing	Aabsvsvsvshhshshshshshehshshshwgwgwgwgwgsgshshhshwhevevsvshwhwhsgwgsgshshshshshshshshshhshshshshehehehwhwhwbebeheheheheh	pending	20		\N	\N	19	cb0df2dd-bc04-4601-8bc5-163ddc1b47df	19
dda8731c-3895-4d2b-8d8c-b9a71ee4062a	2	2023-11-11 13:17:46.059672+00	2023-11-11 13:17:46.059695+00	f	\N	Ticket Issue	Overlapping text issue in the my tickets. I dont know how it is happening after fixing it properly	pending	30		\N	\N	19	cb0df2dd-bc04-4601-8bc5-163ddc1b47df	19
8f25003a-34fb-4a95-b802-dbc24ecb3be5	6	2023-11-30 16:09:47.905004+00	2023-11-30 16:09:47.905025+00	f	\N	bhbhbhb	bbvvbvhvhgvghvghvghvghvghvghvghvghvgvghvghvghvghvghgvgvgvghvgvgh hghghghghghjg bhhhjhjhjbhjbhbhbhbhbhbh	pending	10	tickets/attachment/WhatsApp_Image_2023-11-30_at_3.56.23_PM.jpeg	\N	\N	19	cb0df2dd-bc04-4601-8bc5-163ddc1b47df	19
6ca9d421-3228-4c7f-8d4f-b363efd9ae9f	7	2023-12-02 15:24:36.996285+00	2023-12-02 15:24:36.996307+00	f	\N	hhuhuhuhuihuhuhuhfhudfhueh	huhiuhefuiherfiuheruifhurihgurhgurhhshuhsushdnjcjdvjdnvjfnvjfnvjfnvjfnjvnfj rfjrngjrnjn	pending	10	tickets/attachment/WhatsApp_Image_2023-12-02_at_5.46.41_PM.jpeg	\N	\N	19	cb0df2dd-bc04-4601-8bc5-163ddc1b47df	19
87d19f42-014f-4cdd-a0c4-2980d8492395	8	2023-12-02 15:41:05.613057+00	2023-12-02 15:41:05.613079+00	f	\N	hbhbh	bhbhb	pending	10		\N	\N	19	cb0df2dd-bc04-4601-8bc5-163ddc1b47df	19
40a9493e-303f-4d7e-88c5-7019407b6751	9	2023-12-02 15:42:01.742477+00	2023-12-02 15:42:01.742502+00	f	\N	jjbjb	bbhbhb	pending	10	tickets/attachment/20231119210444.mp4	\N	\N	19	cb0df2dd-bc04-4601-8bc5-163ddc1b47df	19
77801c50-e766-4d99-b1ce-f237b614662b	10	2023-12-02 15:42:06.578284+00	2023-12-02 15:42:06.578308+00	f	\N	jjbjb	bbhbhb	pending	10	tickets/attachment/20231119210444_L85xERT.mp4	\N	\N	19	cb0df2dd-bc04-4601-8bc5-163ddc1b47df	19
902452ce-f235-41b0-ae8a-28bb4daf0e15	11	2023-12-02 15:43:57.560894+00	2023-12-02 15:43:57.560918+00	f	\N	nnjn	jjj	pending	10	tickets/attachment/20231202141519.mp4	\N	\N	19	cb0df2dd-bc04-4601-8bc5-163ddc1b47df	19
01f86469-3d84-40e5-950a-8f95e40fef30	12	2023-12-05 16:12:42.097203+00	2023-12-05 16:12:42.097241+00	f	\N	gthtghght	nhnhkmkncfkjrvjrnvjrf jnjfrngjng jngjntrjgnjntgjnt  gnt	pending	10	tickets/attachment/WhatsApp_Image_2023-12-05_at_4.11.11_PM_1.jpeg	\N	\N	19	cb0df2dd-bc04-4601-8bc5-163ddc1b47df	19
b9e60f82-72cf-4e68-9840-3b3923908bc3	13	2023-12-05 16:14:11.497416+00	2023-12-05 16:14:11.497437+00	f	\N	afsalpp	nvjfnvjnf jnjvnfjnv jngjvnfjnj jnjvnfjn jnvjnfjn jnjbngfbn njbvfnjbnjg jnbjgnjb	pending	10	tickets/attachment/WhatsApp_Image_2023-12-05_at_4.11.11_PM_1_8ysUwsL.jpeg	\N	\N	19	cb0df2dd-bc04-4601-8bc5-163ddc1b47df	19
a7ca21a0-a735-40ec-9b80-04b076d82037	14	2023-12-05 16:18:05.123526+00	2023-12-05 16:18:05.12355+00	f	\N	afsalpp	FATHIMA Manzil	pending	10	tickets/attachment/20231205214529.mp4	\N	\N	19	cb0df2dd-bc04-4601-8bc5-163ddc1b47df	19
ee61e5d9-8157-450a-bfd1-115e125c6be6	15	2023-12-05 16:19:12.28108+00	2023-12-05 16:19:12.281102+00	f	\N	afsalpp	Fathima manzil, pallikandam,	pending	10	tickets/attachment/20231205214913.mp4	\N	\N	19	cb0df2dd-bc04-4601-8bc5-163ddc1b47df	19
ea46e5c9-aae0-4283-a042-2fb5bf122f39	16	2023-12-05 16:22:24.349844+00	2023-12-05 16:22:24.349865+00	f	\N	Afsalpp	Fathima manzil, pallikandam,(p.o) Thuruthi, cheruvathur, kasaragod,kerala,pin:671351	pending	30	tickets/attachment/20231205215038.mp4	\N	\N	19	cb0df2dd-bc04-4601-8bc5-163ddc1b47df	19
2e01daff-d5e2-4e09-82b8-036ba231ce21	17	2023-12-06 04:11:06.666654+00	2023-12-06 04:11:06.666676+00	f	\N	afsalpp	hbhbhbhb	pending	10		\N	\N	19	cb0df2dd-bc04-4601-8bc5-163ddc1b47df	19
6cb5407b-988b-4486-bbcb-749019311d18	18	2023-12-06 05:13:48.926656+00	2023-12-06 05:13:48.926686+00	f	\N	afsalpp	Afsalpp, Fathima manzil, pallikandam, (p.o) Thuruthi, cheruvathur	pending	10		\N	\N	19	cb0df2dd-bc04-4601-8bc5-163ddc1b47df	19
3f49c7eb-b096-40f6-a9a2-83d033c77eee	19	2023-12-21 09:27:02.342647+00	2023-12-21 09:27:02.342673+00	f	\N	u	t	pending	10	tickets/attachment/Screenshot_2023-12-21_100031.png	\N	\N	19	cb0df2dd-bc04-4601-8bc5-163ddc1b47df	19
061dc1fc-5d61-4da1-b4da-945c33343f81	20	2024-02-26 11:52:52.414813+00	2024-02-26 11:52:52.414839+00	f	\N	Test	Test	pending	10		\N	\N	78	fdf363b3-f151-4ed5-ba74-392734abfc91	78
e82b2bb2-aa9f-4587-af7d-75f498ce70c5	21	2024-02-26 11:53:12.947412+00	2024-02-26 11:53:12.947443+00	f	\N	test	ets	pending	20	tickets/attachment/ummar.jpeg	\N	\N	78	fdf363b3-f151-4ed5-ba74-392734abfc91	78
8d025264-845d-46f1-9f15-1fda8e6a75cd	22	2024-03-12 09:38:58.609576+00	2024-03-12 09:38:58.609603+00	f	\N	bh	gi	pending	10	tickets/attachment/10X.png	\N	\N	19	cb0df2dd-bc04-4601-8bc5-163ddc1b47df	19
59e253fc-577b-43dc-9690-96a30d34e47d	23	2024-03-12 09:39:37.504086+00	2024-03-12 09:39:37.504119+00	f	\N	bh	fgv	pending	20	tickets/attachment/1x.png	\N	\N	19	cb0df2dd-bc04-4601-8bc5-163ddc1b47df	19
a0711448-fc56-458e-ac92-f4a7bb72b82d	24	2024-03-13 06:36:33.690649+00	2024-03-13 06:36:33.690679+00	f	\N	test		pending	10	tickets/attachment/WhatsApp_Image_2024-03-13_at_11.39.56_AM.jpeg	\N	\N	19	cb0df2dd-bc04-4601-8bc5-163ddc1b47df	19
b27cbab5-6eb6-449d-a28f-ab72242a0855	25	2024-03-13 10:28:16.05497+00	2024-03-13 10:28:16.055001+00	f	\N	test))))))))))))))))))))))))+++++++++++++++++	test	pending	10		\N	\N	19	cb0df2dd-bc04-4601-8bc5-163ddc1b47df	19
\.


--
-- Data for Name: users_cartitem; Type: TABLE DATA; Schema: public; Owner: nexsme
--

COPY public.users_cartitem (id, date_added, is_deleted, qty, customer_id, product_variant_id, warehouse_id) FROM stdin;
44b6610d-3671-4a70-aa5c-6d61b2ad8721	2024-03-22 09:57:14.122422+00	f	1	cb0df2dd-bc04-4601-8bc5-163ddc1b47df	a9a82f1c-0e44-4822-9260-293c6c4cd8f8	\N
114f2367-a003-4802-86ac-249ee3c8bea5	2024-03-04 10:44:07.643831+00	f	1	fdf363b3-f151-4ed5-ba74-392734abfc91	e114c011-d263-4bd7-a058-4b16056a7111	d9403eb0-6359-43b6-977d-27cc2d3b8c59
18db830c-1d9d-4758-972f-8b8a19d4ad18	2024-03-04 10:44:09.290844+00	f	1	fdf363b3-f151-4ed5-ba74-392734abfc91	7cc61e90-5a92-47d4-a2a9-63a3ceea488a	d9403eb0-6359-43b6-977d-27cc2d3b8c59
c641f875-3d39-43a4-ad7a-7d3336889a95	2024-02-26 11:37:26.754126+00	f	1	fdf363b3-f151-4ed5-ba74-392734abfc91	f48007ae-e58b-4a05-bb2e-4bbf063c6023	d9403eb0-6359-43b6-977d-27cc2d3b8c59
\.


--
-- Data for Name: users_notification; Type: TABLE DATA; Schema: public; Owner: nexsme
--

COPY public.users_notification (id, message, "time", is_read, is_visited, is_deleted, is_active, customer_id, order_id, subject_id, user_id, who_id) FROM stdin;
19	An order assigned to you, check it out .	2024-03-04 09:26:41.912556+00	t	f	f	t	cb0df2dd-bc04-4601-8bc5-163ddc1b47df	f789e66e-d6f9-40ac-a78d-ed635fde607d	9	1	15
22	An order assigned to you, check it out .	2024-03-12 10:11:10.387713+00	f	f	f	t	cb0df2dd-bc04-4601-8bc5-163ddc1b47df	2f651fbe-4515-4bbb-8b18-e72ece63a18b	9	1	79
21	An order assigned to you, check it out .	2024-03-12 09:34:03.425562+00	t	f	f	t	cb0df2dd-bc04-4601-8bc5-163ddc1b47df	2f651fbe-4515-4bbb-8b18-e72ece63a18b	9	1	15
20	An order assigned to you, check it out .	2024-03-12 09:21:19.868502+00	t	f	f	t	cb0df2dd-bc04-4601-8bc5-163ddc1b47df	7fd386dc-e79f-41c3-b50e-02c382015a2a	9	1	15
23	An order assigned to you, check it out .	2024-03-15 11:51:32.897933+00	f	f	f	t	cb0df2dd-bc04-4601-8bc5-163ddc1b47df	c016c6e2-d0da-4953-a223-f3fa10378988	9	1	79
24	An order assigned to you, check it out .	2024-03-15 11:52:02.122187+00	f	f	f	t	cb0df2dd-bc04-4601-8bc5-163ddc1b47df	6583d289-8ba8-4e54-a673-f9839538e2f0	9	1	79
25	An order assigned to you, check it out .	2024-03-15 11:52:44.654322+00	f	f	f	t	cb0df2dd-bc04-4601-8bc5-163ddc1b47df	f1b1be3d-3d4f-4899-b47e-173cb7232a29	9	1	79
26	An order assigned to you, check it out .	2024-03-15 11:52:56.507628+00	f	f	f	t	cb0df2dd-bc04-4601-8bc5-163ddc1b47df	e86fde02-644c-4216-9201-049056ba2018	9	1	79
27	An order assigned to you, check it out .	2024-03-15 11:53:14.531163+00	t	f	f	t	cb0df2dd-bc04-4601-8bc5-163ddc1b47df	31fa30bd-09de-4fc8-a619-ef8546b871d7	9	1	79
28	An order assigned to you, check it out .	2024-03-20 11:35:11.740231+00	f	f	f	t	52befd26-a4e2-45aa-a2d0-81c4e1c234b6	2b584f80-d416-455d-b548-e235a774d1b1	9	1	89
29	An order assigned to you, check it out .	2024-03-20 11:44:18.316934+00	t	f	f	t	52befd26-a4e2-45aa-a2d0-81c4e1c234b6	2b584f80-d416-455d-b548-e235a774d1b1	9	1	89
30	An order assigned to you, check it out .	2024-03-22 09:39:16.368798+00	f	f	f	t	cb0df2dd-bc04-4601-8bc5-163ddc1b47df	9328ff01-9d88-4aa9-8f7a-1113ff6194bd	9	1	88
31	An order assigned to you, check it out .	2024-03-22 09:39:29.038941+00	f	f	f	t	cb0df2dd-bc04-4601-8bc5-163ddc1b47df	9328ff01-9d88-4aa9-8f7a-1113ff6194bd	9	1	50
\.


--
-- Data for Name: users_notification_subject; Type: TABLE DATA; Schema: public; Owner: nexsme
--

COPY public.users_notification_subject (id, code, name) FROM stdin;
1	order_out_for_delivery	Order out for delivery
2	order_shipped	Order Shipped
3	order_delivered	Order Delivered
4	order_cancelled	Order Cancelled
5	order_placed	You have an new order
6	ticket_status_updated	Ticket status updated
7	batch_expiry_date_reached	Batch expired
8	product_low_stock	Low stock
9	you_have_a_new_order	You have a New Order
\.


--
-- Data for Name: users_user_login; Type: TABLE DATA; Schema: public; Owner: nexsme
--

COPY public.users_user_login (id, auto_id, date_added, ip, otp, status, failed_attempts, is_activated, user_id) FROM stdin;
\.


--
-- Data for Name: users_wishlistitem; Type: TABLE DATA; Schema: public; Owner: nexsme
--

COPY public.users_wishlistitem (id, date_added, is_deleted, customer_id, product_variant_id) FROM stdin;
bf759288-09ce-48d0-9764-206145156bca	2023-12-21 08:51:34.472062+00	f	cb0df2dd-bc04-4601-8bc5-163ddc1b47df	f48007ae-e58b-4a05-bb2e-4bbf063c6023
96a442c2-7b81-47d0-84a8-7e7ce4a5b17e	2023-12-06 10:05:06.501183+00	f	cb0df2dd-bc04-4601-8bc5-163ddc1b47df	ed36263d-cd54-428c-a264-764746b0c744
4ee8c7c6-131b-4a3e-b028-ddd2a0a6c54c	2023-10-25 05:56:57.701191+00	t	659891cf-85aa-4a28-9009-92e7ecc22451	e6bf7b4b-02a3-42f3-8d4d-c3a1a730fd1d
dc7b1c9c-a91e-4d48-9a45-f5a310c24a3a	2023-10-23 14:21:37.778539+00	t	6d1ee4df-5327-47c7-8087-80dfbf0a20ae	7ab6268e-00e2-44c6-b3ed-ea81dc1626a0
2ae6f45d-6aeb-406b-9562-f68247a5261a	2023-10-25 06:14:57.388536+00	t	6d1ee4df-5327-47c7-8087-80dfbf0a20ae	8bdc788b-b43f-4d56-9e9d-b9d7d158b7e5
ba92897e-593d-4e45-8d73-74c12eebf831	2023-10-25 05:27:01.274161+00	t	6d1ee4df-5327-47c7-8087-80dfbf0a20ae	e6bf7b4b-02a3-42f3-8d4d-c3a1a730fd1d
1b535ab3-83dc-4a56-a361-de12e1fede4c	2023-10-24 14:09:41.287363+00	t	6d1ee4df-5327-47c7-8087-80dfbf0a20ae	b030d13d-03ad-4efc-b1db-b592ba0f8f41
46b0c336-fe02-4032-b40b-e41afdea9a37	2023-10-24 13:50:20.176947+00	t	6d1ee4df-5327-47c7-8087-80dfbf0a20ae	8279cc39-e667-4292-a079-1106c59cd471
0dbce4f6-4545-4545-ab6c-120abe03eb98	2023-10-20 10:06:19.603483+00	t	6d1ee4df-5327-47c7-8087-80dfbf0a20ae	9d00586e-b651-4167-95a7-db566af66c58
aab54b26-3583-4528-a951-3f5b5e68f2c2	2023-10-23 14:21:24.076881+00	t	6d1ee4df-5327-47c7-8087-80dfbf0a20ae	9d00586e-b651-4167-95a7-db566af66c58
8119a3ca-37b6-4b50-98da-ce3511ac6bd2	2023-10-19 11:57:32.473584+00	t	6d1ee4df-5327-47c7-8087-80dfbf0a20ae	6253384e-f0e9-42bb-8531-3ee64d24ea7b
cc87746e-5f0f-4a58-8c1b-6d47f2ddda7c	2023-10-23 14:18:39.958181+00	t	6d1ee4df-5327-47c7-8087-80dfbf0a20ae	6253384e-f0e9-42bb-8531-3ee64d24ea7b
c42a569b-5dc6-46fc-b68a-58e1e44e6a9f	2023-12-21 11:53:58.027326+00	f	cb0df2dd-bc04-4601-8bc5-163ddc1b47df	8a2defa2-6b5a-4b66-8908-701b22db930b
8f664c51-4a47-41bd-9006-c650f99e61f8	2023-11-23 06:56:28.622421+00	t	cb0df2dd-bc04-4601-8bc5-163ddc1b47df	6708ce33-b38b-44b3-80c3-020cf7ab8c08
54424019-3a63-4cb9-9e72-31cde9b5fbc9	2023-11-16 09:49:33.129183+00	t	cb0df2dd-bc04-4601-8bc5-163ddc1b47df	309559c0-a6d7-4dde-bba7-7bc6c9adbec5
70c015f4-2dac-4919-a972-1b9904ee3c93	2023-11-16 09:53:19.496101+00	t	cb0df2dd-bc04-4601-8bc5-163ddc1b47df	309559c0-a6d7-4dde-bba7-7bc6c9adbec5
6082fd7b-b5f7-4fde-8a76-48fdf37991ab	2023-10-27 12:11:54.688831+00	t	6d1ee4df-5327-47c7-8087-80dfbf0a20ae	f48007ae-e58b-4a05-bb2e-4bbf063c6023
95a73af2-2b88-4d13-a715-a113c6b27b3e	2023-10-20 10:06:50.154551+00	t	6d1ee4df-5327-47c7-8087-80dfbf0a20ae	309559c0-a6d7-4dde-bba7-7bc6c9adbec5
ada0aed1-c724-4aa3-b8c2-248f69e853bf	2023-10-27 15:25:50.792674+00	t	6d1ee4df-5327-47c7-8087-80dfbf0a20ae	309559c0-a6d7-4dde-bba7-7bc6c9adbec5
14ae433a-b1c5-48c9-bd02-43a9b3bfbb35	2023-10-27 15:25:54.26687+00	t	6d1ee4df-5327-47c7-8087-80dfbf0a20ae	40e1ab4d-a97f-4aa9-8586-e724680644d1
af0ff7a6-1764-4ae2-a466-82899be4e8ff	2023-10-27 12:11:51.80019+00	t	6d1ee4df-5327-47c7-8087-80dfbf0a20ae	a9fbf079-1a49-4b02-bb52-816c98455bbe
d88fe531-6e36-4dd7-a432-deeb412ed1b5	2023-10-23 14:21:30.99344+00	t	6d1ee4df-5327-47c7-8087-80dfbf0a20ae	e54be035-b012-4922-8c83-501396128a7c
5e5f8c15-27c4-40d9-b5db-4f12f086884f	2023-10-27 15:25:49.290964+00	t	6d1ee4df-5327-47c7-8087-80dfbf0a20ae	e54be035-b012-4922-8c83-501396128a7c
c890a8d0-be41-4456-b02b-b1acd7535f71	2023-10-23 14:03:35.573068+00	t	6d1ee4df-5327-47c7-8087-80dfbf0a20ae	d9525c19-b0a9-433c-b673-b14ddc858334
f2950ae0-90c6-4555-8ea6-d3d4128b30a6	2023-10-27 11:47:06.9921+00	t	6d1ee4df-5327-47c7-8087-80dfbf0a20ae	d9525c19-b0a9-433c-b673-b14ddc858334
84fd7add-5b55-4980-b07d-d1c87a68104d	2023-10-27 12:01:16.410577+00	t	6d1ee4df-5327-47c7-8087-80dfbf0a20ae	d9525c19-b0a9-433c-b673-b14ddc858334
d4575ba1-e9cc-4805-b704-f4d3b195fcab	2023-10-27 12:09:49.782241+00	t	6d1ee4df-5327-47c7-8087-80dfbf0a20ae	d9525c19-b0a9-433c-b673-b14ddc858334
30ab2ecd-c493-4fb1-91da-0b29a14a1305	2023-10-27 15:32:15.598147+00	t	6d1ee4df-5327-47c7-8087-80dfbf0a20ae	d9525c19-b0a9-433c-b673-b14ddc858334
1f87ecc9-84ec-498b-9272-7a809203f236	2023-10-27 15:32:17.691267+00	t	6d1ee4df-5327-47c7-8087-80dfbf0a20ae	7cc61e90-5a92-47d4-a2a9-63a3ceea488a
5e9c8810-9ee7-449e-9fd6-a92534446e9a	2023-11-03 07:16:33.510593+00	f	6d1ee4df-5327-47c7-8087-80dfbf0a20ae	ca026cc2-5c72-46e0-8043-31490fae84b0
6906de9c-82e0-440a-a1ed-dd6dba258a8b	2023-11-06 10:52:47.951297+00	f	48f7bab5-a58a-4c0d-9b62-751302247531	a5e61679-eb29-425a-9919-085ab4ea1a62
0491358f-1453-4d7c-a05c-aecfe51438bf	2023-12-02 10:47:07.576826+00	t	cb0df2dd-bc04-4601-8bc5-163ddc1b47df	40e1ab4d-a97f-4aa9-8586-e724680644d1
b9d8214b-85b0-4c21-8bd8-ab1fc1f13780	2024-03-04 05:04:26.808259+00	f	fdf363b3-f151-4ed5-ba74-392734abfc91	8d2cb4c2-9ce5-4632-ad79-fc569bec3138
8c6262be-44eb-453b-bea4-63f393ee0ce7	2024-03-13 11:23:51.453217+00	f	cb0df2dd-bc04-4601-8bc5-163ddc1b47df	ca026cc2-5c72-46e0-8043-31490fae84b0
5e79f797-4012-4035-8a8e-2fa3880cdd38	2023-12-06 08:33:35.119593+00	t	cb0df2dd-bc04-4601-8bc5-163ddc1b47df	8279cc39-e667-4292-a079-1106c59cd471
f0a48816-ba19-4f45-8a85-1adecd0e8ca6	2023-12-05 05:29:47.327516+00	t	cb0df2dd-bc04-4601-8bc5-163ddc1b47df	8279cc39-e667-4292-a079-1106c59cd471
b8ac4bed-cee2-4503-aa6d-ae78f9070f43	2023-10-23 13:43:27.633001+00	t	6d1ee4df-5327-47c7-8087-80dfbf0a20ae	a5e61679-eb29-425a-9919-085ab4ea1a62
c0c2629e-64c1-437a-b15a-e63092bce11a	2023-11-10 12:03:54.07823+00	t	6d1ee4df-5327-47c7-8087-80dfbf0a20ae	a5e61679-eb29-425a-9919-085ab4ea1a62
d7feb328-9246-46fc-82cf-e2cfaae6d04e	2023-11-13 07:27:42.171133+00	t	cb0df2dd-bc04-4601-8bc5-163ddc1b47df	9d00586e-b651-4167-95a7-db566af66c58
012251f1-d4b9-446c-abab-d0a4da4e5362	2023-12-05 05:28:48.98608+00	t	cb0df2dd-bc04-4601-8bc5-163ddc1b47df	8279cc39-e667-4292-a079-1106c59cd471
430cd43f-58c1-4961-b034-21335718f5ac	2023-12-07 10:03:59.801901+00	f	cb0df2dd-bc04-4601-8bc5-163ddc1b47df	8279cc39-e667-4292-a079-1106c59cd471
2272babc-373a-42ca-a700-9530950af28f	2023-11-16 09:53:28.222383+00	t	cb0df2dd-bc04-4601-8bc5-163ddc1b47df	b030d13d-03ad-4efc-b1db-b592ba0f8f41
ed088739-425c-497f-b5f6-7a47a477ccf5	2023-11-16 09:49:35.266829+00	t	cb0df2dd-bc04-4601-8bc5-163ddc1b47df	b030d13d-03ad-4efc-b1db-b592ba0f8f41
dd5bc28b-2ef1-4fea-8845-38cd6eb39bbe	2023-11-16 10:20:14.224665+00	t	cb0df2dd-bc04-4601-8bc5-163ddc1b47df	b030d13d-03ad-4efc-b1db-b592ba0f8f41
b89310bf-6bdb-4b68-9205-bd52f49eb67f	2023-12-05 05:29:38.799508+00	t	cb0df2dd-bc04-4601-8bc5-163ddc1b47df	8279cc39-e667-4292-a079-1106c59cd471
d456cc5c-ee37-4189-a7c0-71540ca14f45	2023-12-05 05:29:34.357787+00	t	cb0df2dd-bc04-4601-8bc5-163ddc1b47df	8279cc39-e667-4292-a079-1106c59cd471
4b67bf9b-99bd-47af-a776-03a7ef7db93a	2023-11-23 06:56:32.956554+00	t	cb0df2dd-bc04-4601-8bc5-163ddc1b47df	e6bf7b4b-02a3-42f3-8d4d-c3a1a730fd1d
b9ef7f23-c09e-4fee-b93c-0907b9d9d805	2023-12-06 07:11:20.619509+00	t	cb0df2dd-bc04-4601-8bc5-163ddc1b47df	b030d13d-03ad-4efc-b1db-b592ba0f8f41
d1be3935-9f0f-470d-ba05-7695a8d9ffec	2023-11-16 09:49:27.814397+00	t	cb0df2dd-bc04-4601-8bc5-163ddc1b47df	e54be035-b012-4922-8c83-501396128a7c
829eeb73-3703-4526-bc5c-bf46d999b333	2023-11-16 09:53:16.454187+00	t	cb0df2dd-bc04-4601-8bc5-163ddc1b47df	e54be035-b012-4922-8c83-501396128a7c
c2df2a94-999f-46b0-b2cf-cbb66a84403d	2023-11-22 07:17:33.84169+00	t	cb0df2dd-bc04-4601-8bc5-163ddc1b47df	e54be035-b012-4922-8c83-501396128a7c
95ee3ca3-4149-44a4-b21b-0bdb848f3c68	2023-11-22 07:17:35.955685+00	t	cb0df2dd-bc04-4601-8bc5-163ddc1b47df	e54be035-b012-4922-8c83-501396128a7c
2071336a-c8ef-4cd8-97f3-eefd4ec8a82d	2023-12-05 05:29:36.941912+00	t	cb0df2dd-bc04-4601-8bc5-163ddc1b47df	8279cc39-e667-4292-a079-1106c59cd471
61c66abd-c6a9-46f8-9fdd-918ad61ef397	2023-12-21 11:53:59.560604+00	f	cb0df2dd-bc04-4601-8bc5-163ddc1b47df	a9fbf079-1a49-4b02-bb52-816c98455bbe
5fb77188-70fb-4fcd-a950-a55f330f08c0	2023-12-06 07:15:00.923453+00	t	cb0df2dd-bc04-4601-8bc5-163ddc1b47df	8279cc39-e667-4292-a079-1106c59cd471
c5b61366-4206-4594-a29c-aa70c494488e	2023-12-06 07:11:42.826815+00	t	cb0df2dd-bc04-4601-8bc5-163ddc1b47df	8279cc39-e667-4292-a079-1106c59cd471
80b8cc18-0565-454e-87de-96eee86ecae6	2023-12-06 09:24:41.859051+00	t	cb0df2dd-bc04-4601-8bc5-163ddc1b47df	b030d13d-03ad-4efc-b1db-b592ba0f8f41
4973c3a1-d41f-42f2-8c20-ad35d4100b20	2023-12-06 07:11:37.866465+00	t	cb0df2dd-bc04-4601-8bc5-163ddc1b47df	b030d13d-03ad-4efc-b1db-b592ba0f8f41
6625b38d-006f-4f24-8998-036de7f99676	2024-02-24 11:13:22.397109+00	f	fdf363b3-f151-4ed5-ba74-392734abfc91	e114c011-d263-4bd7-a058-4b16056a7111
9f6360d3-df73-48f3-bdef-5f8812849c34	2024-03-04 10:11:31.949921+00	f	fdf363b3-f151-4ed5-ba74-392734abfc91	a9fbf079-1a49-4b02-bb52-816c98455bbe
90cfea59-f531-4a99-a081-7ea7e7b76ae0	2024-03-13 11:51:41.38161+00	f	cb0df2dd-bc04-4601-8bc5-163ddc1b47df	550d8674-4b61-430f-8fe5-2424952fd507
2964804b-684c-4aa0-a63d-bc5007804fa1	2024-03-13 05:32:31.431385+00	f	cb0df2dd-bc04-4601-8bc5-163ddc1b47df	9d00586e-b651-4167-95a7-db566af66c58
5c0e5816-6a00-4e33-aa13-17c19150402e	2024-03-13 11:19:20.94751+00	f	cb0df2dd-bc04-4601-8bc5-163ddc1b47df	18b5c608-e07f-4c49-b3f4-efb97cc350aa
1b105a4a-a5a2-4e41-919b-0fdc94f391ee	2023-12-06 07:14:59.033167+00	t	cb0df2dd-bc04-4601-8bc5-163ddc1b47df	8279cc39-e667-4292-a079-1106c59cd471
6bf1360f-914e-49b4-aa02-3f30a4dc2ec1	2024-03-14 04:57:13.343604+00	f	cb0df2dd-bc04-4601-8bc5-163ddc1b47df	8d2cb4c2-9ce5-4632-ad79-fc569bec3138
e0dc640c-03f9-4fac-be9f-36dd4e5e0b7c	2023-12-06 07:19:02.342657+00	t	cb0df2dd-bc04-4601-8bc5-163ddc1b47df	8279cc39-e667-4292-a079-1106c59cd471
38f42abb-3eac-46e1-9aef-42107dc3f4d0	2023-12-06 07:13:16.717677+00	t	cb0df2dd-bc04-4601-8bc5-163ddc1b47df	40e1ab4d-a97f-4aa9-8586-e724680644d1
7f9592a3-4270-430c-ae66-5e99cc23ae05	2023-12-06 09:24:34.243423+00	t	cb0df2dd-bc04-4601-8bc5-163ddc1b47df	8279cc39-e667-4292-a079-1106c59cd471
e566ff03-90df-4b53-afbd-727061dca90c	2023-12-07 10:04:05.092302+00	f	cb0df2dd-bc04-4601-8bc5-163ddc1b47df	b030d13d-03ad-4efc-b1db-b592ba0f8f41
e1d2f872-dc17-4806-997c-339f0bc17549	2023-12-06 08:33:33.387369+00	t	cb0df2dd-bc04-4601-8bc5-163ddc1b47df	8279cc39-e667-4292-a079-1106c59cd471
6501b17c-d38a-4522-b970-f393b572e23e	2023-12-06 07:21:04.774134+00	t	cb0df2dd-bc04-4601-8bc5-163ddc1b47df	8279cc39-e667-4292-a079-1106c59cd471
88ea6921-9a43-4ade-af12-b04a77099bcb	2023-12-06 07:21:06.348383+00	t	cb0df2dd-bc04-4601-8bc5-163ddc1b47df	8279cc39-e667-4292-a079-1106c59cd471
bf85b931-d3d0-4f17-8b59-bec6b21d052c	2023-12-06 07:21:08.53999+00	t	cb0df2dd-bc04-4601-8bc5-163ddc1b47df	8279cc39-e667-4292-a079-1106c59cd471
69175358-0221-4da9-be57-0d3529183381	2023-12-06 10:32:29.882286+00	t	cb0df2dd-bc04-4601-8bc5-163ddc1b47df	8279cc39-e667-4292-a079-1106c59cd471
2f116e60-4449-4a40-839c-81c551bb7950	2023-12-06 07:21:15.733998+00	t	cb0df2dd-bc04-4601-8bc5-163ddc1b47df	b030d13d-03ad-4efc-b1db-b592ba0f8f41
5187ea9d-a0ff-4855-9571-f65bf19d4f78	2023-12-06 10:32:27.639136+00	t	cb0df2dd-bc04-4601-8bc5-163ddc1b47df	b030d13d-03ad-4efc-b1db-b592ba0f8f41
a56c35df-baa7-452e-a19f-27d9d33179dc	2023-12-21 04:44:14.035572+00	f	cb0df2dd-bc04-4601-8bc5-163ddc1b47df	40e1ab4d-a97f-4aa9-8586-e724680644d1
d82a61cb-aaac-439b-a40c-55a3e9787f21	2024-03-13 06:15:35.520697+00	f	cb0df2dd-bc04-4601-8bc5-163ddc1b47df	e114c011-d263-4bd7-a058-4b16056a7111
13efc106-5ec7-4099-9a42-b13b07f2a2b4	2024-03-13 11:23:46.904786+00	f	cb0df2dd-bc04-4601-8bc5-163ddc1b47df	773b37a2-b0f1-4c9b-b1a5-2eb60eccd0db
eae70ae4-4876-43c1-99cc-e0692c3dba79	2024-03-14 04:58:17.789143+00	f	cb0df2dd-bc04-4601-8bc5-163ddc1b47df	a5e61679-eb29-425a-9919-085ab4ea1a62
07760547-f82f-41a0-b2e5-05558b1418c6	2023-12-21 11:15:56.11658+00	f	cb0df2dd-bc04-4601-8bc5-163ddc1b47df	a3e60391-92b6-4291-882c-5eba445a57f5
589f5ce4-b93c-439b-bdb1-111bcb0bca71	2024-03-13 11:23:48.849441+00	f	cb0df2dd-bc04-4601-8bc5-163ddc1b47df	9f3516d9-bcb5-493c-8aa1-4e702deeda09
3075a205-5802-46ba-8181-aa90d43e3074	2024-03-14 07:09:33.672537+00	f	cb0df2dd-bc04-4601-8bc5-163ddc1b47df	6253384e-f0e9-42bb-8531-3ee64d24ea7b
\.


--
-- Data for Name: vendors_commission; Type: TABLE DATA; Schema: public; Owner: nexsme
--

COPY public.vendors_commission (id, date, commission_amount, is_paid, order_item_id, vendor_id) FROM stdin;
\.


--
-- Data for Name: vendors_vendor; Type: TABLE DATA; Schema: public; Owner: nexsme
--

COPY public.vendors_vendor (id, auto_id, date_added, date_updated, is_deleted, deleted_reason, name, vendor_type, type_arabic, arabic_name, address, phone, email, bank_name, bank_account_name, branch, ifsc_code, account_num, opening_type, opening_balance, country, current_balance, image, place, commission_type, commission_percentage, location_arabic, password, creator_id, location_id, updater_id, user_id, zone_id, delivery_availability) FROM stdin;
55dd9dd5-febd-4f9f-9724-ae454652e136	3	2023-12-16 05:12:56.147373+00	2023-12-19 12:02:34.98641+00	f	\N	Abin	Grocery	\N	\N	Nettoor (H)	7293207753	example@example.com	federal bank	Abin Muhammed	Maradu	FDRL0001114	61720200019084	debit	10000.00	India	10000.00	media/personal_care_o3VgfEw.png	Ernakulam	monthly	10.00	\N	7293207753	1	e8e4e827-8455-43be-920b-31d7940d5f55	1	68	1	all_india
cc4db1a5-75b5-4be4-8bcc-f9d05e6a5584	6	2023-12-19 12:11:54.469571+00	2023-12-19 12:11:54.469596+00	t	\N	Nishad	Garments	\N	\N	nishad manzil	9207846227	nishadm@gmail.com	icici	nishad abdu	kozhikode	icici7896541230	6598741300756	debit	20000.00	kerala	20000.00	media/Screenshot_from_2023-12-16_11-19-46.png	anakkampoyil	monthly	0.00	\N	12345	1	ab55b65e-f092-4236-bb66-dafb2bc4b6f8	1	71	1	all_india
3b2e7dab-e543-4434-b5cd-f31fb48f74d9	4	2023-12-16 05:18:10.559237+00	2023-12-19 12:02:54.699644+00	f	\N	Akshay	Home Aplliances	\N	\N	pangode	9846100100	nikil@example.com	Union Bank	Nikhil Antony	pangode	FDRL0001117	61720200019087	credit	10000.00	Qatar	-10000.00	media/laptop_mMnOJFl.jpg	thiruvananthapuram	monthly	5.00	\N	8075957492	1	315baf6b-b762-4f97-b8ae-67bec8c7c824	1	69	1	all_india
240fa96a-d0eb-4232-95fa-f218f1f7497c	5	2023-12-19 12:07:51.908893+00	2023-12-19 12:07:51.908921+00	f	\N	Noufal	Electronics	\N	\N	noufal manzil	9846100234	noufal@gmail.com	sbi	noufal a a	kozhikode	sbin0003334	1115203169862	debit	15000.00	kerala	15000.00	media/test.png	anakkampoyil	monthly	3.00	\N	123456	1	ab55b65e-f092-4236-bb66-dafb2bc4b6f8	1	70	1	all_india
9ba81d34-6984-4c58-9db3-912717fe5a68	1	2023-10-31 05:55:14.751121+00	2023-11-29 11:52:22.768026+00	t	n	Akhin	Home Appliances	\N	\N	Ramanattukara (h)	9539291024	akhin@example.com	FEDERAL BANK	Akhin K	Ramanattukara	FDRL03562	617202010056789	debit	10000.00	India	10000.00	media/profile-image.jpg	Kochikode	monthly	0.00	\N	AkhinK#2023	1	ab55b65e-f092-4236-bb66-dafb2bc4b6f8	1	13	1	all_india
5f5fa95c-afa9-4320-bbd0-3c4897313a74	2	2023-11-29 12:01:17.050409+00	2023-11-29 12:07:01.076368+00	t	ha	Ashin	Grocery	\N	\N	Mallapilly House	9768900098	ashin@example.com	FEDERAL BANK	Ashin M Niyas	Thoppumpady	FDRL03562	87347348752672	debit	200000.00	India	200000.00	media/profile-image-man.jpg	Kochikode	monthly	0.00	\N	Ashin#2023	1	3cb1e8ac-5b86-40c1-bde3-2324d5b756d1	1	49	1	all_india
cc14514a-159f-44f1-bacc-c9b78a3830be	7	2024-01-03 12:54:49.753984+00	2024-01-03 12:54:49.754019+00	f	\N	Abin1	Grocery	\N	\N	asd	9745212222	1122@gmail.com	\N	\N	\N	\N	\N	debit	25.00	India	25.00	media/galaxy-s23-ultra-rear-colors_kkyFMth.jpg	\N	monthly	0.00	\N	9745212222	1	3e56cd20-0bf5-4240-bb48-a0159da38c0d	1	77	4859	all_india
\.


--
-- Data for Name: vendors_vendor_deliverable_location; Type: TABLE DATA; Schema: public; Owner: nexsme
--

COPY public.vendors_vendor_deliverable_location (id, vendor_id, zone_id) FROM stdin;
369	3b2e7dab-e543-4434-b5cd-f31fb48f74d9	1
370	3b2e7dab-e543-4434-b5cd-f31fb48f74d9	2
371	3b2e7dab-e543-4434-b5cd-f31fb48f74d9	3
372	3b2e7dab-e543-4434-b5cd-f31fb48f74d9	4
373	3b2e7dab-e543-4434-b5cd-f31fb48f74d9	5
374	3b2e7dab-e543-4434-b5cd-f31fb48f74d9	6
375	3b2e7dab-e543-4434-b5cd-f31fb48f74d9	7
376	3b2e7dab-e543-4434-b5cd-f31fb48f74d9	8
377	3b2e7dab-e543-4434-b5cd-f31fb48f74d9	9
378	3b2e7dab-e543-4434-b5cd-f31fb48f74d9	10
379	3b2e7dab-e543-4434-b5cd-f31fb48f74d9	11
380	3b2e7dab-e543-4434-b5cd-f31fb48f74d9	12
381	3b2e7dab-e543-4434-b5cd-f31fb48f74d9	13
382	3b2e7dab-e543-4434-b5cd-f31fb48f74d9	14
383	3b2e7dab-e543-4434-b5cd-f31fb48f74d9	15
384	3b2e7dab-e543-4434-b5cd-f31fb48f74d9	16
385	3b2e7dab-e543-4434-b5cd-f31fb48f74d9	17
386	3b2e7dab-e543-4434-b5cd-f31fb48f74d9	18
387	3b2e7dab-e543-4434-b5cd-f31fb48f74d9	19
388	3b2e7dab-e543-4434-b5cd-f31fb48f74d9	20
389	3b2e7dab-e543-4434-b5cd-f31fb48f74d9	21
390	3b2e7dab-e543-4434-b5cd-f31fb48f74d9	22
391	3b2e7dab-e543-4434-b5cd-f31fb48f74d9	23
392	3b2e7dab-e543-4434-b5cd-f31fb48f74d9	24
393	3b2e7dab-e543-4434-b5cd-f31fb48f74d9	25
394	3b2e7dab-e543-4434-b5cd-f31fb48f74d9	26
395	3b2e7dab-e543-4434-b5cd-f31fb48f74d9	27
396	3b2e7dab-e543-4434-b5cd-f31fb48f74d9	28
397	3b2e7dab-e543-4434-b5cd-f31fb48f74d9	29
398	3b2e7dab-e543-4434-b5cd-f31fb48f74d9	30
399	3b2e7dab-e543-4434-b5cd-f31fb48f74d9	31
400	3b2e7dab-e543-4434-b5cd-f31fb48f74d9	32
401	3b2e7dab-e543-4434-b5cd-f31fb48f74d9	33
402	3b2e7dab-e543-4434-b5cd-f31fb48f74d9	34
403	3b2e7dab-e543-4434-b5cd-f31fb48f74d9	35
404	3b2e7dab-e543-4434-b5cd-f31fb48f74d9	36
405	3b2e7dab-e543-4434-b5cd-f31fb48f74d9	37
406	3b2e7dab-e543-4434-b5cd-f31fb48f74d9	38
407	3b2e7dab-e543-4434-b5cd-f31fb48f74d9	39
408	3b2e7dab-e543-4434-b5cd-f31fb48f74d9	40
409	3b2e7dab-e543-4434-b5cd-f31fb48f74d9	41
410	3b2e7dab-e543-4434-b5cd-f31fb48f74d9	42
411	3b2e7dab-e543-4434-b5cd-f31fb48f74d9	43
412	3b2e7dab-e543-4434-b5cd-f31fb48f74d9	44
413	3b2e7dab-e543-4434-b5cd-f31fb48f74d9	45
414	3b2e7dab-e543-4434-b5cd-f31fb48f74d9	46
415	3b2e7dab-e543-4434-b5cd-f31fb48f74d9	47
416	3b2e7dab-e543-4434-b5cd-f31fb48f74d9	48
417	3b2e7dab-e543-4434-b5cd-f31fb48f74d9	49
418	3b2e7dab-e543-4434-b5cd-f31fb48f74d9	50
419	3b2e7dab-e543-4434-b5cd-f31fb48f74d9	51
420	3b2e7dab-e543-4434-b5cd-f31fb48f74d9	52
421	3b2e7dab-e543-4434-b5cd-f31fb48f74d9	53
422	3b2e7dab-e543-4434-b5cd-f31fb48f74d9	54
423	3b2e7dab-e543-4434-b5cd-f31fb48f74d9	55
424	3b2e7dab-e543-4434-b5cd-f31fb48f74d9	56
425	3b2e7dab-e543-4434-b5cd-f31fb48f74d9	57
426	3b2e7dab-e543-4434-b5cd-f31fb48f74d9	58
427	3b2e7dab-e543-4434-b5cd-f31fb48f74d9	59
428	3b2e7dab-e543-4434-b5cd-f31fb48f74d9	60
429	3b2e7dab-e543-4434-b5cd-f31fb48f74d9	61
430	3b2e7dab-e543-4434-b5cd-f31fb48f74d9	62
431	3b2e7dab-e543-4434-b5cd-f31fb48f74d9	63
432	3b2e7dab-e543-4434-b5cd-f31fb48f74d9	64
433	3b2e7dab-e543-4434-b5cd-f31fb48f74d9	65
434	3b2e7dab-e543-4434-b5cd-f31fb48f74d9	66
435	3b2e7dab-e543-4434-b5cd-f31fb48f74d9	67
436	3b2e7dab-e543-4434-b5cd-f31fb48f74d9	68
437	3b2e7dab-e543-4434-b5cd-f31fb48f74d9	69
438	3b2e7dab-e543-4434-b5cd-f31fb48f74d9	70
439	3b2e7dab-e543-4434-b5cd-f31fb48f74d9	71
440	3b2e7dab-e543-4434-b5cd-f31fb48f74d9	72
441	3b2e7dab-e543-4434-b5cd-f31fb48f74d9	73
442	3b2e7dab-e543-4434-b5cd-f31fb48f74d9	74
443	3b2e7dab-e543-4434-b5cd-f31fb48f74d9	75
444	3b2e7dab-e543-4434-b5cd-f31fb48f74d9	76
445	3b2e7dab-e543-4434-b5cd-f31fb48f74d9	77
446	3b2e7dab-e543-4434-b5cd-f31fb48f74d9	78
447	3b2e7dab-e543-4434-b5cd-f31fb48f74d9	79
448	3b2e7dab-e543-4434-b5cd-f31fb48f74d9	80
449	3b2e7dab-e543-4434-b5cd-f31fb48f74d9	81
450	3b2e7dab-e543-4434-b5cd-f31fb48f74d9	82
451	3b2e7dab-e543-4434-b5cd-f31fb48f74d9	83
452	3b2e7dab-e543-4434-b5cd-f31fb48f74d9	84
453	3b2e7dab-e543-4434-b5cd-f31fb48f74d9	85
454	3b2e7dab-e543-4434-b5cd-f31fb48f74d9	86
455	3b2e7dab-e543-4434-b5cd-f31fb48f74d9	87
456	3b2e7dab-e543-4434-b5cd-f31fb48f74d9	88
457	3b2e7dab-e543-4434-b5cd-f31fb48f74d9	89
458	3b2e7dab-e543-4434-b5cd-f31fb48f74d9	90
459	3b2e7dab-e543-4434-b5cd-f31fb48f74d9	91
460	3b2e7dab-e543-4434-b5cd-f31fb48f74d9	92
461	3b2e7dab-e543-4434-b5cd-f31fb48f74d9	93
462	3b2e7dab-e543-4434-b5cd-f31fb48f74d9	94
463	3b2e7dab-e543-4434-b5cd-f31fb48f74d9	95
464	3b2e7dab-e543-4434-b5cd-f31fb48f74d9	96
465	3b2e7dab-e543-4434-b5cd-f31fb48f74d9	97
466	3b2e7dab-e543-4434-b5cd-f31fb48f74d9	98
467	3b2e7dab-e543-4434-b5cd-f31fb48f74d9	99
468	3b2e7dab-e543-4434-b5cd-f31fb48f74d9	100
\.


--
-- Data for Name: warehouse; Type: TABLE DATA; Schema: public; Owner: nexsme
--

COPY public.warehouse (id, auto_id, date_added, date_updated, is_deleted, deleted_reason, name, phone, address, country, creator_id, location_id, manager_id, updater_id, zone_id) FROM stdin;
575471ba-a8a4-4701-bb08-247366b15565	4	2024-03-18 06:40:09.235281+00	2024-03-18 06:40:09.235315+00	f	\N	afsalpp	8089666456	Pallikandam Road	India	1	f8e30be2-dc38-48f2-be21-b45e807af543	01adde65-23fa-4f9b-827b-dbf339ba7632	1	2
c0aafe7a-8025-4ae3-b58e-0ce3a4985192	3	2024-01-03 12:49:47.404271+00	2024-01-03 12:49:47.404288+00	t	Test	test_deleted_3	7510375372	test	India	1	2e55e306-93b0-464c-a683-de14a65a71da	01adde65-23fa-4f9b-827b-dbf339ba7632	1	5
d8b47019-eb0b-42e5-a38a-2589ad67e52d	2	2023-11-17 05:27:53.057321+00	2023-11-17 05:27:53.057338+00	t	Test	Palode_deleted_2	0000000000	Palode	India	1	3e56cd20-0bf5-4240-bb48-a0159da38c0d	416e56c6-cfe3-4e91-80a9-533e8fd6802c	1	4950
d9403eb0-6359-43b6-977d-27cc2d3b8c59	1	2023-10-18 10:46:08.029126+00	2023-10-18 10:46:08.029154+00	t	Test	Cochin Warehouse_deleted_1	7293207753	fedex pvt lmd, vyttila	India	1	885a4a84-400c-47c9-b35e-858e82062e1b	01adde65-23fa-4f9b-827b-dbf339ba7632	1	2
4befa75c-1373-4cb8-8a14-6e8f989a111b	6	2024-03-22 11:27:07.178556+00	2024-03-22 11:27:07.178582+00	f	\N	test	0918803071	Talrop's Techies Park at NAHER Arts and Science College	India	1	983f9ba7-b748-4fe4-b073-1d3bd68e1250	d1a084a3-34d4-4a6a-a10d-09b9b3a2f24d	1	2
cf56e35a-cff2-4d6d-a90c-d551ac3899f6	7	2024-03-23 04:44:12.622077+00	2024-03-23 04:44:12.622106+00	f	\N	TP Warehouse	7098654321	TP test	India	1	ab55b65e-f092-4236-bb66-dafb2bc4b6f8	5a49f098-53c6-4556-a81f-5c5740224ed2	1	2
0122e5da-0707-4d63-b59a-a8efc0fccb69	5	2024-03-22 11:15:36.606262+00	2024-03-22 11:15:36.606287+00	t	yes	test_deleted_5	1234567890	tes	India	1	983f9ba7-b748-4fe4-b073-1d3bd68e1250	d1a084a3-34d4-4a6a-a10d-09b9b3a2f24d	1	2
\.


--
-- Data for Name: warehouse_deliverable_location; Type: TABLE DATA; Schema: public; Owner: nexsme
--

COPY public.warehouse_deliverable_location (id, warehouse_id, zone_id) FROM stdin;
1	d9403eb0-6359-43b6-977d-27cc2d3b8c59	1
2	d9403eb0-6359-43b6-977d-27cc2d3b8c59	3
3	d9403eb0-6359-43b6-977d-27cc2d3b8c59	5
4	d9403eb0-6359-43b6-977d-27cc2d3b8c59	7
5	d9403eb0-6359-43b6-977d-27cc2d3b8c59	9
6	d9403eb0-6359-43b6-977d-27cc2d3b8c59	11
131	d9403eb0-6359-43b6-977d-27cc2d3b8c59	2
132	d9403eb0-6359-43b6-977d-27cc2d3b8c59	4
133	d9403eb0-6359-43b6-977d-27cc2d3b8c59	6
134	d9403eb0-6359-43b6-977d-27cc2d3b8c59	8
135	d9403eb0-6359-43b6-977d-27cc2d3b8c59	10
136	d9403eb0-6359-43b6-977d-27cc2d3b8c59	12
137	d9403eb0-6359-43b6-977d-27cc2d3b8c59	13
138	d9403eb0-6359-43b6-977d-27cc2d3b8c59	14
139	d9403eb0-6359-43b6-977d-27cc2d3b8c59	15
140	d9403eb0-6359-43b6-977d-27cc2d3b8c59	16
141	d9403eb0-6359-43b6-977d-27cc2d3b8c59	17
142	d9403eb0-6359-43b6-977d-27cc2d3b8c59	18
143	d9403eb0-6359-43b6-977d-27cc2d3b8c59	19
144	d9403eb0-6359-43b6-977d-27cc2d3b8c59	20
145	d9403eb0-6359-43b6-977d-27cc2d3b8c59	21
146	d9403eb0-6359-43b6-977d-27cc2d3b8c59	22
147	d9403eb0-6359-43b6-977d-27cc2d3b8c59	23
148	d9403eb0-6359-43b6-977d-27cc2d3b8c59	24
149	d9403eb0-6359-43b6-977d-27cc2d3b8c59	25
150	d9403eb0-6359-43b6-977d-27cc2d3b8c59	26
151	d9403eb0-6359-43b6-977d-27cc2d3b8c59	27
152	d9403eb0-6359-43b6-977d-27cc2d3b8c59	28
153	d9403eb0-6359-43b6-977d-27cc2d3b8c59	29
154	d9403eb0-6359-43b6-977d-27cc2d3b8c59	30
155	d9403eb0-6359-43b6-977d-27cc2d3b8c59	31
156	d9403eb0-6359-43b6-977d-27cc2d3b8c59	32
157	d9403eb0-6359-43b6-977d-27cc2d3b8c59	33
158	d9403eb0-6359-43b6-977d-27cc2d3b8c59	34
159	d9403eb0-6359-43b6-977d-27cc2d3b8c59	35
160	d9403eb0-6359-43b6-977d-27cc2d3b8c59	36
161	d9403eb0-6359-43b6-977d-27cc2d3b8c59	37
162	d9403eb0-6359-43b6-977d-27cc2d3b8c59	38
163	d9403eb0-6359-43b6-977d-27cc2d3b8c59	39
164	d9403eb0-6359-43b6-977d-27cc2d3b8c59	40
165	d9403eb0-6359-43b6-977d-27cc2d3b8c59	41
166	d9403eb0-6359-43b6-977d-27cc2d3b8c59	42
167	d9403eb0-6359-43b6-977d-27cc2d3b8c59	43
168	d9403eb0-6359-43b6-977d-27cc2d3b8c59	44
169	d9403eb0-6359-43b6-977d-27cc2d3b8c59	45
170	d9403eb0-6359-43b6-977d-27cc2d3b8c59	46
171	d9403eb0-6359-43b6-977d-27cc2d3b8c59	47
172	d9403eb0-6359-43b6-977d-27cc2d3b8c59	48
173	d9403eb0-6359-43b6-977d-27cc2d3b8c59	49
174	d9403eb0-6359-43b6-977d-27cc2d3b8c59	50
175	d9403eb0-6359-43b6-977d-27cc2d3b8c59	51
176	d9403eb0-6359-43b6-977d-27cc2d3b8c59	52
177	d9403eb0-6359-43b6-977d-27cc2d3b8c59	53
178	d9403eb0-6359-43b6-977d-27cc2d3b8c59	54
179	d9403eb0-6359-43b6-977d-27cc2d3b8c59	55
180	d9403eb0-6359-43b6-977d-27cc2d3b8c59	56
181	d9403eb0-6359-43b6-977d-27cc2d3b8c59	57
182	d9403eb0-6359-43b6-977d-27cc2d3b8c59	58
183	d9403eb0-6359-43b6-977d-27cc2d3b8c59	59
184	d9403eb0-6359-43b6-977d-27cc2d3b8c59	60
185	d9403eb0-6359-43b6-977d-27cc2d3b8c59	61
186	d9403eb0-6359-43b6-977d-27cc2d3b8c59	62
187	d9403eb0-6359-43b6-977d-27cc2d3b8c59	63
188	d9403eb0-6359-43b6-977d-27cc2d3b8c59	64
189	d9403eb0-6359-43b6-977d-27cc2d3b8c59	65
190	d9403eb0-6359-43b6-977d-27cc2d3b8c59	66
191	d9403eb0-6359-43b6-977d-27cc2d3b8c59	67
192	d9403eb0-6359-43b6-977d-27cc2d3b8c59	68
193	d9403eb0-6359-43b6-977d-27cc2d3b8c59	69
194	d9403eb0-6359-43b6-977d-27cc2d3b8c59	70
195	d9403eb0-6359-43b6-977d-27cc2d3b8c59	71
196	d9403eb0-6359-43b6-977d-27cc2d3b8c59	72
197	d9403eb0-6359-43b6-977d-27cc2d3b8c59	73
198	d9403eb0-6359-43b6-977d-27cc2d3b8c59	74
199	d9403eb0-6359-43b6-977d-27cc2d3b8c59	75
200	d9403eb0-6359-43b6-977d-27cc2d3b8c59	76
201	d9403eb0-6359-43b6-977d-27cc2d3b8c59	77
202	d9403eb0-6359-43b6-977d-27cc2d3b8c59	78
203	d9403eb0-6359-43b6-977d-27cc2d3b8c59	79
204	d9403eb0-6359-43b6-977d-27cc2d3b8c59	80
205	d9403eb0-6359-43b6-977d-27cc2d3b8c59	81
206	d9403eb0-6359-43b6-977d-27cc2d3b8c59	82
207	d9403eb0-6359-43b6-977d-27cc2d3b8c59	83
208	d9403eb0-6359-43b6-977d-27cc2d3b8c59	84
209	d9403eb0-6359-43b6-977d-27cc2d3b8c59	85
210	d9403eb0-6359-43b6-977d-27cc2d3b8c59	86
211	d9403eb0-6359-43b6-977d-27cc2d3b8c59	87
212	d9403eb0-6359-43b6-977d-27cc2d3b8c59	88
213	d9403eb0-6359-43b6-977d-27cc2d3b8c59	89
214	d9403eb0-6359-43b6-977d-27cc2d3b8c59	90
91	d8b47019-eb0b-42e5-a38a-2589ad67e52d	1
92	d8b47019-eb0b-42e5-a38a-2589ad67e52d	2
93	d8b47019-eb0b-42e5-a38a-2589ad67e52d	3
94	d8b47019-eb0b-42e5-a38a-2589ad67e52d	4
95	d8b47019-eb0b-42e5-a38a-2589ad67e52d	5
96	d8b47019-eb0b-42e5-a38a-2589ad67e52d	6
97	d8b47019-eb0b-42e5-a38a-2589ad67e52d	7
98	d8b47019-eb0b-42e5-a38a-2589ad67e52d	8
99	d8b47019-eb0b-42e5-a38a-2589ad67e52d	9
100	d8b47019-eb0b-42e5-a38a-2589ad67e52d	10
101	d8b47019-eb0b-42e5-a38a-2589ad67e52d	11
102	d8b47019-eb0b-42e5-a38a-2589ad67e52d	12
103	d8b47019-eb0b-42e5-a38a-2589ad67e52d	13
104	d8b47019-eb0b-42e5-a38a-2589ad67e52d	14
105	d8b47019-eb0b-42e5-a38a-2589ad67e52d	15
106	d8b47019-eb0b-42e5-a38a-2589ad67e52d	16
107	d8b47019-eb0b-42e5-a38a-2589ad67e52d	17
108	d8b47019-eb0b-42e5-a38a-2589ad67e52d	18
109	d8b47019-eb0b-42e5-a38a-2589ad67e52d	19
110	d8b47019-eb0b-42e5-a38a-2589ad67e52d	20
111	d8b47019-eb0b-42e5-a38a-2589ad67e52d	1067
112	d8b47019-eb0b-42e5-a38a-2589ad67e52d	1089
113	d8b47019-eb0b-42e5-a38a-2589ad67e52d	1091
114	d8b47019-eb0b-42e5-a38a-2589ad67e52d	1107
115	d8b47019-eb0b-42e5-a38a-2589ad67e52d	1118
116	d8b47019-eb0b-42e5-a38a-2589ad67e52d	1129
117	d8b47019-eb0b-42e5-a38a-2589ad67e52d	1141
118	d8b47019-eb0b-42e5-a38a-2589ad67e52d	1155
119	d8b47019-eb0b-42e5-a38a-2589ad67e52d	1169
120	d8b47019-eb0b-42e5-a38a-2589ad67e52d	1172
121	d8b47019-eb0b-42e5-a38a-2589ad67e52d	1181
122	d8b47019-eb0b-42e5-a38a-2589ad67e52d	1211
123	d8b47019-eb0b-42e5-a38a-2589ad67e52d	4859
124	d8b47019-eb0b-42e5-a38a-2589ad67e52d	4885
125	d8b47019-eb0b-42e5-a38a-2589ad67e52d	4886
126	d8b47019-eb0b-42e5-a38a-2589ad67e52d	4946
127	d8b47019-eb0b-42e5-a38a-2589ad67e52d	4950
128	d8b47019-eb0b-42e5-a38a-2589ad67e52d	4951
129	d8b47019-eb0b-42e5-a38a-2589ad67e52d	4956
130	d8b47019-eb0b-42e5-a38a-2589ad67e52d	5069
215	d9403eb0-6359-43b6-977d-27cc2d3b8c59	91
216	d9403eb0-6359-43b6-977d-27cc2d3b8c59	92
217	d9403eb0-6359-43b6-977d-27cc2d3b8c59	93
218	d9403eb0-6359-43b6-977d-27cc2d3b8c59	94
219	d9403eb0-6359-43b6-977d-27cc2d3b8c59	95
220	d9403eb0-6359-43b6-977d-27cc2d3b8c59	96
221	d9403eb0-6359-43b6-977d-27cc2d3b8c59	97
222	d9403eb0-6359-43b6-977d-27cc2d3b8c59	98
223	d9403eb0-6359-43b6-977d-27cc2d3b8c59	99
224	d9403eb0-6359-43b6-977d-27cc2d3b8c59	100
225	d9403eb0-6359-43b6-977d-27cc2d3b8c59	101
226	d9403eb0-6359-43b6-977d-27cc2d3b8c59	102
227	d9403eb0-6359-43b6-977d-27cc2d3b8c59	103
228	d9403eb0-6359-43b6-977d-27cc2d3b8c59	104
229	d9403eb0-6359-43b6-977d-27cc2d3b8c59	105
230	d9403eb0-6359-43b6-977d-27cc2d3b8c59	106
231	d9403eb0-6359-43b6-977d-27cc2d3b8c59	107
232	d9403eb0-6359-43b6-977d-27cc2d3b8c59	108
233	d9403eb0-6359-43b6-977d-27cc2d3b8c59	109
234	d9403eb0-6359-43b6-977d-27cc2d3b8c59	110
235	d9403eb0-6359-43b6-977d-27cc2d3b8c59	111
236	d9403eb0-6359-43b6-977d-27cc2d3b8c59	112
237	d9403eb0-6359-43b6-977d-27cc2d3b8c59	113
238	d9403eb0-6359-43b6-977d-27cc2d3b8c59	114
239	d9403eb0-6359-43b6-977d-27cc2d3b8c59	115
240	d9403eb0-6359-43b6-977d-27cc2d3b8c59	116
241	d9403eb0-6359-43b6-977d-27cc2d3b8c59	117
242	d9403eb0-6359-43b6-977d-27cc2d3b8c59	118
243	d9403eb0-6359-43b6-977d-27cc2d3b8c59	119
244	d9403eb0-6359-43b6-977d-27cc2d3b8c59	120
245	d9403eb0-6359-43b6-977d-27cc2d3b8c59	121
246	d9403eb0-6359-43b6-977d-27cc2d3b8c59	122
247	d9403eb0-6359-43b6-977d-27cc2d3b8c59	123
248	d9403eb0-6359-43b6-977d-27cc2d3b8c59	124
249	d9403eb0-6359-43b6-977d-27cc2d3b8c59	125
250	d9403eb0-6359-43b6-977d-27cc2d3b8c59	126
251	d9403eb0-6359-43b6-977d-27cc2d3b8c59	127
252	d9403eb0-6359-43b6-977d-27cc2d3b8c59	128
253	d9403eb0-6359-43b6-977d-27cc2d3b8c59	129
254	d9403eb0-6359-43b6-977d-27cc2d3b8c59	130
255	d9403eb0-6359-43b6-977d-27cc2d3b8c59	131
256	d9403eb0-6359-43b6-977d-27cc2d3b8c59	132
257	d9403eb0-6359-43b6-977d-27cc2d3b8c59	133
258	d9403eb0-6359-43b6-977d-27cc2d3b8c59	134
259	d9403eb0-6359-43b6-977d-27cc2d3b8c59	135
260	d9403eb0-6359-43b6-977d-27cc2d3b8c59	136
261	d9403eb0-6359-43b6-977d-27cc2d3b8c59	137
262	d9403eb0-6359-43b6-977d-27cc2d3b8c59	138
263	d9403eb0-6359-43b6-977d-27cc2d3b8c59	139
264	d9403eb0-6359-43b6-977d-27cc2d3b8c59	140
265	d9403eb0-6359-43b6-977d-27cc2d3b8c59	141
266	d9403eb0-6359-43b6-977d-27cc2d3b8c59	142
267	d9403eb0-6359-43b6-977d-27cc2d3b8c59	143
268	d9403eb0-6359-43b6-977d-27cc2d3b8c59	144
269	d9403eb0-6359-43b6-977d-27cc2d3b8c59	145
270	d9403eb0-6359-43b6-977d-27cc2d3b8c59	146
271	d9403eb0-6359-43b6-977d-27cc2d3b8c59	147
272	d9403eb0-6359-43b6-977d-27cc2d3b8c59	148
273	d9403eb0-6359-43b6-977d-27cc2d3b8c59	149
274	d9403eb0-6359-43b6-977d-27cc2d3b8c59	150
275	d9403eb0-6359-43b6-977d-27cc2d3b8c59	151
276	d9403eb0-6359-43b6-977d-27cc2d3b8c59	152
277	d9403eb0-6359-43b6-977d-27cc2d3b8c59	153
278	d9403eb0-6359-43b6-977d-27cc2d3b8c59	154
279	d9403eb0-6359-43b6-977d-27cc2d3b8c59	155
280	d9403eb0-6359-43b6-977d-27cc2d3b8c59	156
281	d9403eb0-6359-43b6-977d-27cc2d3b8c59	157
282	d9403eb0-6359-43b6-977d-27cc2d3b8c59	158
283	d9403eb0-6359-43b6-977d-27cc2d3b8c59	159
284	d9403eb0-6359-43b6-977d-27cc2d3b8c59	160
285	d9403eb0-6359-43b6-977d-27cc2d3b8c59	161
286	d9403eb0-6359-43b6-977d-27cc2d3b8c59	162
287	d9403eb0-6359-43b6-977d-27cc2d3b8c59	163
288	d9403eb0-6359-43b6-977d-27cc2d3b8c59	164
289	d9403eb0-6359-43b6-977d-27cc2d3b8c59	165
290	d9403eb0-6359-43b6-977d-27cc2d3b8c59	166
291	d9403eb0-6359-43b6-977d-27cc2d3b8c59	167
292	d9403eb0-6359-43b6-977d-27cc2d3b8c59	168
293	d9403eb0-6359-43b6-977d-27cc2d3b8c59	169
294	d9403eb0-6359-43b6-977d-27cc2d3b8c59	170
295	d9403eb0-6359-43b6-977d-27cc2d3b8c59	171
296	d9403eb0-6359-43b6-977d-27cc2d3b8c59	172
297	d9403eb0-6359-43b6-977d-27cc2d3b8c59	173
298	d9403eb0-6359-43b6-977d-27cc2d3b8c59	174
299	d9403eb0-6359-43b6-977d-27cc2d3b8c59	175
300	d9403eb0-6359-43b6-977d-27cc2d3b8c59	176
301	d9403eb0-6359-43b6-977d-27cc2d3b8c59	177
302	d9403eb0-6359-43b6-977d-27cc2d3b8c59	178
303	d9403eb0-6359-43b6-977d-27cc2d3b8c59	179
304	d9403eb0-6359-43b6-977d-27cc2d3b8c59	180
305	d9403eb0-6359-43b6-977d-27cc2d3b8c59	181
306	d9403eb0-6359-43b6-977d-27cc2d3b8c59	182
307	d9403eb0-6359-43b6-977d-27cc2d3b8c59	183
308	d9403eb0-6359-43b6-977d-27cc2d3b8c59	184
309	d9403eb0-6359-43b6-977d-27cc2d3b8c59	185
310	d9403eb0-6359-43b6-977d-27cc2d3b8c59	186
311	d9403eb0-6359-43b6-977d-27cc2d3b8c59	187
312	d9403eb0-6359-43b6-977d-27cc2d3b8c59	188
313	d9403eb0-6359-43b6-977d-27cc2d3b8c59	189
314	d9403eb0-6359-43b6-977d-27cc2d3b8c59	190
315	d9403eb0-6359-43b6-977d-27cc2d3b8c59	191
316	d9403eb0-6359-43b6-977d-27cc2d3b8c59	192
317	d9403eb0-6359-43b6-977d-27cc2d3b8c59	193
318	d9403eb0-6359-43b6-977d-27cc2d3b8c59	194
319	d9403eb0-6359-43b6-977d-27cc2d3b8c59	195
320	d9403eb0-6359-43b6-977d-27cc2d3b8c59	196
321	d9403eb0-6359-43b6-977d-27cc2d3b8c59	197
322	d9403eb0-6359-43b6-977d-27cc2d3b8c59	198
323	d9403eb0-6359-43b6-977d-27cc2d3b8c59	199
324	d9403eb0-6359-43b6-977d-27cc2d3b8c59	200
325	d9403eb0-6359-43b6-977d-27cc2d3b8c59	201
326	d9403eb0-6359-43b6-977d-27cc2d3b8c59	202
327	d9403eb0-6359-43b6-977d-27cc2d3b8c59	203
328	d9403eb0-6359-43b6-977d-27cc2d3b8c59	204
329	d9403eb0-6359-43b6-977d-27cc2d3b8c59	205
330	d9403eb0-6359-43b6-977d-27cc2d3b8c59	206
331	d9403eb0-6359-43b6-977d-27cc2d3b8c59	207
332	d9403eb0-6359-43b6-977d-27cc2d3b8c59	208
333	d9403eb0-6359-43b6-977d-27cc2d3b8c59	209
334	d9403eb0-6359-43b6-977d-27cc2d3b8c59	210
335	d9403eb0-6359-43b6-977d-27cc2d3b8c59	211
336	d9403eb0-6359-43b6-977d-27cc2d3b8c59	212
337	d9403eb0-6359-43b6-977d-27cc2d3b8c59	213
338	d9403eb0-6359-43b6-977d-27cc2d3b8c59	214
339	d9403eb0-6359-43b6-977d-27cc2d3b8c59	215
340	d9403eb0-6359-43b6-977d-27cc2d3b8c59	216
341	d9403eb0-6359-43b6-977d-27cc2d3b8c59	217
342	d9403eb0-6359-43b6-977d-27cc2d3b8c59	218
343	d9403eb0-6359-43b6-977d-27cc2d3b8c59	219
344	d9403eb0-6359-43b6-977d-27cc2d3b8c59	220
345	d9403eb0-6359-43b6-977d-27cc2d3b8c59	221
346	d9403eb0-6359-43b6-977d-27cc2d3b8c59	222
347	d9403eb0-6359-43b6-977d-27cc2d3b8c59	223
348	d9403eb0-6359-43b6-977d-27cc2d3b8c59	224
349	d9403eb0-6359-43b6-977d-27cc2d3b8c59	225
350	d9403eb0-6359-43b6-977d-27cc2d3b8c59	226
351	d9403eb0-6359-43b6-977d-27cc2d3b8c59	227
352	d9403eb0-6359-43b6-977d-27cc2d3b8c59	228
353	d9403eb0-6359-43b6-977d-27cc2d3b8c59	229
354	d9403eb0-6359-43b6-977d-27cc2d3b8c59	230
355	d9403eb0-6359-43b6-977d-27cc2d3b8c59	231
356	d9403eb0-6359-43b6-977d-27cc2d3b8c59	232
357	d9403eb0-6359-43b6-977d-27cc2d3b8c59	233
358	d9403eb0-6359-43b6-977d-27cc2d3b8c59	234
359	d9403eb0-6359-43b6-977d-27cc2d3b8c59	235
360	d9403eb0-6359-43b6-977d-27cc2d3b8c59	236
361	d9403eb0-6359-43b6-977d-27cc2d3b8c59	237
362	d9403eb0-6359-43b6-977d-27cc2d3b8c59	238
363	d9403eb0-6359-43b6-977d-27cc2d3b8c59	239
364	d9403eb0-6359-43b6-977d-27cc2d3b8c59	240
365	d9403eb0-6359-43b6-977d-27cc2d3b8c59	241
366	d9403eb0-6359-43b6-977d-27cc2d3b8c59	242
367	d9403eb0-6359-43b6-977d-27cc2d3b8c59	243
368	d9403eb0-6359-43b6-977d-27cc2d3b8c59	244
369	d9403eb0-6359-43b6-977d-27cc2d3b8c59	245
370	d9403eb0-6359-43b6-977d-27cc2d3b8c59	246
371	d9403eb0-6359-43b6-977d-27cc2d3b8c59	247
372	d9403eb0-6359-43b6-977d-27cc2d3b8c59	248
373	d9403eb0-6359-43b6-977d-27cc2d3b8c59	249
374	d9403eb0-6359-43b6-977d-27cc2d3b8c59	250
375	d9403eb0-6359-43b6-977d-27cc2d3b8c59	251
376	d9403eb0-6359-43b6-977d-27cc2d3b8c59	252
377	d9403eb0-6359-43b6-977d-27cc2d3b8c59	253
378	d9403eb0-6359-43b6-977d-27cc2d3b8c59	254
379	d9403eb0-6359-43b6-977d-27cc2d3b8c59	255
380	d9403eb0-6359-43b6-977d-27cc2d3b8c59	256
381	d9403eb0-6359-43b6-977d-27cc2d3b8c59	257
382	d9403eb0-6359-43b6-977d-27cc2d3b8c59	258
383	d9403eb0-6359-43b6-977d-27cc2d3b8c59	259
384	d9403eb0-6359-43b6-977d-27cc2d3b8c59	260
385	d9403eb0-6359-43b6-977d-27cc2d3b8c59	261
386	d9403eb0-6359-43b6-977d-27cc2d3b8c59	262
387	d9403eb0-6359-43b6-977d-27cc2d3b8c59	263
388	d9403eb0-6359-43b6-977d-27cc2d3b8c59	264
389	d9403eb0-6359-43b6-977d-27cc2d3b8c59	265
390	d9403eb0-6359-43b6-977d-27cc2d3b8c59	266
391	d9403eb0-6359-43b6-977d-27cc2d3b8c59	267
392	d9403eb0-6359-43b6-977d-27cc2d3b8c59	268
393	d9403eb0-6359-43b6-977d-27cc2d3b8c59	269
394	d9403eb0-6359-43b6-977d-27cc2d3b8c59	270
395	d9403eb0-6359-43b6-977d-27cc2d3b8c59	271
396	d9403eb0-6359-43b6-977d-27cc2d3b8c59	272
397	d9403eb0-6359-43b6-977d-27cc2d3b8c59	273
398	d9403eb0-6359-43b6-977d-27cc2d3b8c59	274
399	d9403eb0-6359-43b6-977d-27cc2d3b8c59	275
400	d9403eb0-6359-43b6-977d-27cc2d3b8c59	276
401	d9403eb0-6359-43b6-977d-27cc2d3b8c59	277
402	d9403eb0-6359-43b6-977d-27cc2d3b8c59	278
403	d9403eb0-6359-43b6-977d-27cc2d3b8c59	279
404	d9403eb0-6359-43b6-977d-27cc2d3b8c59	280
405	d9403eb0-6359-43b6-977d-27cc2d3b8c59	281
406	d9403eb0-6359-43b6-977d-27cc2d3b8c59	282
407	d9403eb0-6359-43b6-977d-27cc2d3b8c59	283
408	d9403eb0-6359-43b6-977d-27cc2d3b8c59	284
409	d9403eb0-6359-43b6-977d-27cc2d3b8c59	285
410	d9403eb0-6359-43b6-977d-27cc2d3b8c59	286
411	d9403eb0-6359-43b6-977d-27cc2d3b8c59	287
412	d9403eb0-6359-43b6-977d-27cc2d3b8c59	288
413	d9403eb0-6359-43b6-977d-27cc2d3b8c59	289
414	d9403eb0-6359-43b6-977d-27cc2d3b8c59	290
415	d9403eb0-6359-43b6-977d-27cc2d3b8c59	291
416	d9403eb0-6359-43b6-977d-27cc2d3b8c59	292
417	d9403eb0-6359-43b6-977d-27cc2d3b8c59	293
418	d9403eb0-6359-43b6-977d-27cc2d3b8c59	294
419	d9403eb0-6359-43b6-977d-27cc2d3b8c59	295
420	d9403eb0-6359-43b6-977d-27cc2d3b8c59	296
421	d9403eb0-6359-43b6-977d-27cc2d3b8c59	297
422	d9403eb0-6359-43b6-977d-27cc2d3b8c59	298
423	d9403eb0-6359-43b6-977d-27cc2d3b8c59	299
424	d9403eb0-6359-43b6-977d-27cc2d3b8c59	300
425	d9403eb0-6359-43b6-977d-27cc2d3b8c59	301
426	d9403eb0-6359-43b6-977d-27cc2d3b8c59	302
427	d9403eb0-6359-43b6-977d-27cc2d3b8c59	303
428	d9403eb0-6359-43b6-977d-27cc2d3b8c59	304
429	d9403eb0-6359-43b6-977d-27cc2d3b8c59	305
430	d9403eb0-6359-43b6-977d-27cc2d3b8c59	306
431	d9403eb0-6359-43b6-977d-27cc2d3b8c59	307
432	d9403eb0-6359-43b6-977d-27cc2d3b8c59	308
433	d9403eb0-6359-43b6-977d-27cc2d3b8c59	309
434	d9403eb0-6359-43b6-977d-27cc2d3b8c59	310
435	d9403eb0-6359-43b6-977d-27cc2d3b8c59	311
436	d9403eb0-6359-43b6-977d-27cc2d3b8c59	312
437	d9403eb0-6359-43b6-977d-27cc2d3b8c59	313
438	d9403eb0-6359-43b6-977d-27cc2d3b8c59	314
439	d9403eb0-6359-43b6-977d-27cc2d3b8c59	315
440	d9403eb0-6359-43b6-977d-27cc2d3b8c59	316
441	d9403eb0-6359-43b6-977d-27cc2d3b8c59	317
442	d9403eb0-6359-43b6-977d-27cc2d3b8c59	318
443	d9403eb0-6359-43b6-977d-27cc2d3b8c59	319
444	d9403eb0-6359-43b6-977d-27cc2d3b8c59	320
445	d9403eb0-6359-43b6-977d-27cc2d3b8c59	321
446	d9403eb0-6359-43b6-977d-27cc2d3b8c59	322
447	d9403eb0-6359-43b6-977d-27cc2d3b8c59	323
448	d9403eb0-6359-43b6-977d-27cc2d3b8c59	324
449	d9403eb0-6359-43b6-977d-27cc2d3b8c59	325
450	d9403eb0-6359-43b6-977d-27cc2d3b8c59	326
451	d9403eb0-6359-43b6-977d-27cc2d3b8c59	327
452	d9403eb0-6359-43b6-977d-27cc2d3b8c59	328
453	d9403eb0-6359-43b6-977d-27cc2d3b8c59	329
454	d9403eb0-6359-43b6-977d-27cc2d3b8c59	330
455	d9403eb0-6359-43b6-977d-27cc2d3b8c59	331
456	d9403eb0-6359-43b6-977d-27cc2d3b8c59	332
457	d9403eb0-6359-43b6-977d-27cc2d3b8c59	333
458	d9403eb0-6359-43b6-977d-27cc2d3b8c59	334
459	d9403eb0-6359-43b6-977d-27cc2d3b8c59	335
460	d9403eb0-6359-43b6-977d-27cc2d3b8c59	336
461	d9403eb0-6359-43b6-977d-27cc2d3b8c59	337
462	d9403eb0-6359-43b6-977d-27cc2d3b8c59	338
463	d9403eb0-6359-43b6-977d-27cc2d3b8c59	339
464	d9403eb0-6359-43b6-977d-27cc2d3b8c59	340
465	d9403eb0-6359-43b6-977d-27cc2d3b8c59	341
466	d9403eb0-6359-43b6-977d-27cc2d3b8c59	342
467	d9403eb0-6359-43b6-977d-27cc2d3b8c59	343
468	d9403eb0-6359-43b6-977d-27cc2d3b8c59	344
469	d9403eb0-6359-43b6-977d-27cc2d3b8c59	345
470	d9403eb0-6359-43b6-977d-27cc2d3b8c59	346
471	d9403eb0-6359-43b6-977d-27cc2d3b8c59	347
472	d9403eb0-6359-43b6-977d-27cc2d3b8c59	348
473	d9403eb0-6359-43b6-977d-27cc2d3b8c59	349
474	d9403eb0-6359-43b6-977d-27cc2d3b8c59	350
475	d9403eb0-6359-43b6-977d-27cc2d3b8c59	351
476	d9403eb0-6359-43b6-977d-27cc2d3b8c59	352
477	d9403eb0-6359-43b6-977d-27cc2d3b8c59	353
478	d9403eb0-6359-43b6-977d-27cc2d3b8c59	354
479	d9403eb0-6359-43b6-977d-27cc2d3b8c59	355
480	d9403eb0-6359-43b6-977d-27cc2d3b8c59	356
481	d9403eb0-6359-43b6-977d-27cc2d3b8c59	357
482	d9403eb0-6359-43b6-977d-27cc2d3b8c59	358
483	d9403eb0-6359-43b6-977d-27cc2d3b8c59	359
484	d9403eb0-6359-43b6-977d-27cc2d3b8c59	360
485	d9403eb0-6359-43b6-977d-27cc2d3b8c59	361
486	d9403eb0-6359-43b6-977d-27cc2d3b8c59	362
487	d9403eb0-6359-43b6-977d-27cc2d3b8c59	363
488	d9403eb0-6359-43b6-977d-27cc2d3b8c59	364
489	d9403eb0-6359-43b6-977d-27cc2d3b8c59	365
490	d9403eb0-6359-43b6-977d-27cc2d3b8c59	366
491	d9403eb0-6359-43b6-977d-27cc2d3b8c59	367
492	d9403eb0-6359-43b6-977d-27cc2d3b8c59	368
493	d9403eb0-6359-43b6-977d-27cc2d3b8c59	369
494	d9403eb0-6359-43b6-977d-27cc2d3b8c59	370
495	d9403eb0-6359-43b6-977d-27cc2d3b8c59	371
496	d9403eb0-6359-43b6-977d-27cc2d3b8c59	372
497	d9403eb0-6359-43b6-977d-27cc2d3b8c59	373
498	d9403eb0-6359-43b6-977d-27cc2d3b8c59	374
499	d9403eb0-6359-43b6-977d-27cc2d3b8c59	375
500	d9403eb0-6359-43b6-977d-27cc2d3b8c59	376
501	d9403eb0-6359-43b6-977d-27cc2d3b8c59	377
502	d9403eb0-6359-43b6-977d-27cc2d3b8c59	378
503	d9403eb0-6359-43b6-977d-27cc2d3b8c59	379
504	d9403eb0-6359-43b6-977d-27cc2d3b8c59	380
505	d9403eb0-6359-43b6-977d-27cc2d3b8c59	381
506	d9403eb0-6359-43b6-977d-27cc2d3b8c59	382
507	d9403eb0-6359-43b6-977d-27cc2d3b8c59	383
508	d9403eb0-6359-43b6-977d-27cc2d3b8c59	384
509	d9403eb0-6359-43b6-977d-27cc2d3b8c59	385
510	d9403eb0-6359-43b6-977d-27cc2d3b8c59	386
511	d9403eb0-6359-43b6-977d-27cc2d3b8c59	387
512	d9403eb0-6359-43b6-977d-27cc2d3b8c59	388
513	d9403eb0-6359-43b6-977d-27cc2d3b8c59	389
514	d9403eb0-6359-43b6-977d-27cc2d3b8c59	390
515	d9403eb0-6359-43b6-977d-27cc2d3b8c59	391
516	d9403eb0-6359-43b6-977d-27cc2d3b8c59	392
517	d9403eb0-6359-43b6-977d-27cc2d3b8c59	393
518	d9403eb0-6359-43b6-977d-27cc2d3b8c59	394
519	d9403eb0-6359-43b6-977d-27cc2d3b8c59	395
520	d9403eb0-6359-43b6-977d-27cc2d3b8c59	396
521	d9403eb0-6359-43b6-977d-27cc2d3b8c59	397
522	d9403eb0-6359-43b6-977d-27cc2d3b8c59	398
523	d9403eb0-6359-43b6-977d-27cc2d3b8c59	399
524	d9403eb0-6359-43b6-977d-27cc2d3b8c59	400
525	d9403eb0-6359-43b6-977d-27cc2d3b8c59	401
526	d9403eb0-6359-43b6-977d-27cc2d3b8c59	402
527	d9403eb0-6359-43b6-977d-27cc2d3b8c59	403
528	d9403eb0-6359-43b6-977d-27cc2d3b8c59	404
529	d9403eb0-6359-43b6-977d-27cc2d3b8c59	405
530	d9403eb0-6359-43b6-977d-27cc2d3b8c59	406
531	d9403eb0-6359-43b6-977d-27cc2d3b8c59	407
532	d9403eb0-6359-43b6-977d-27cc2d3b8c59	408
533	d9403eb0-6359-43b6-977d-27cc2d3b8c59	409
534	d9403eb0-6359-43b6-977d-27cc2d3b8c59	410
535	d9403eb0-6359-43b6-977d-27cc2d3b8c59	411
536	d9403eb0-6359-43b6-977d-27cc2d3b8c59	412
537	d9403eb0-6359-43b6-977d-27cc2d3b8c59	413
538	d9403eb0-6359-43b6-977d-27cc2d3b8c59	414
539	d9403eb0-6359-43b6-977d-27cc2d3b8c59	415
540	d9403eb0-6359-43b6-977d-27cc2d3b8c59	416
541	d9403eb0-6359-43b6-977d-27cc2d3b8c59	417
542	d9403eb0-6359-43b6-977d-27cc2d3b8c59	418
543	d9403eb0-6359-43b6-977d-27cc2d3b8c59	419
544	d9403eb0-6359-43b6-977d-27cc2d3b8c59	420
545	d9403eb0-6359-43b6-977d-27cc2d3b8c59	421
546	d9403eb0-6359-43b6-977d-27cc2d3b8c59	422
547	d9403eb0-6359-43b6-977d-27cc2d3b8c59	423
548	d9403eb0-6359-43b6-977d-27cc2d3b8c59	424
549	d9403eb0-6359-43b6-977d-27cc2d3b8c59	425
550	d9403eb0-6359-43b6-977d-27cc2d3b8c59	426
551	d9403eb0-6359-43b6-977d-27cc2d3b8c59	427
552	d9403eb0-6359-43b6-977d-27cc2d3b8c59	428
553	d9403eb0-6359-43b6-977d-27cc2d3b8c59	429
554	d9403eb0-6359-43b6-977d-27cc2d3b8c59	430
555	d9403eb0-6359-43b6-977d-27cc2d3b8c59	431
556	d9403eb0-6359-43b6-977d-27cc2d3b8c59	432
557	d9403eb0-6359-43b6-977d-27cc2d3b8c59	433
558	d9403eb0-6359-43b6-977d-27cc2d3b8c59	434
559	d9403eb0-6359-43b6-977d-27cc2d3b8c59	435
560	d9403eb0-6359-43b6-977d-27cc2d3b8c59	436
561	d9403eb0-6359-43b6-977d-27cc2d3b8c59	437
562	d9403eb0-6359-43b6-977d-27cc2d3b8c59	438
563	d9403eb0-6359-43b6-977d-27cc2d3b8c59	439
564	d9403eb0-6359-43b6-977d-27cc2d3b8c59	440
565	d9403eb0-6359-43b6-977d-27cc2d3b8c59	441
566	d9403eb0-6359-43b6-977d-27cc2d3b8c59	442
567	d9403eb0-6359-43b6-977d-27cc2d3b8c59	443
568	d9403eb0-6359-43b6-977d-27cc2d3b8c59	444
569	d9403eb0-6359-43b6-977d-27cc2d3b8c59	445
570	d9403eb0-6359-43b6-977d-27cc2d3b8c59	446
571	d9403eb0-6359-43b6-977d-27cc2d3b8c59	447
572	d9403eb0-6359-43b6-977d-27cc2d3b8c59	448
573	d9403eb0-6359-43b6-977d-27cc2d3b8c59	449
574	d9403eb0-6359-43b6-977d-27cc2d3b8c59	450
575	d9403eb0-6359-43b6-977d-27cc2d3b8c59	451
576	d9403eb0-6359-43b6-977d-27cc2d3b8c59	452
577	d9403eb0-6359-43b6-977d-27cc2d3b8c59	453
578	d9403eb0-6359-43b6-977d-27cc2d3b8c59	454
579	d9403eb0-6359-43b6-977d-27cc2d3b8c59	455
580	d9403eb0-6359-43b6-977d-27cc2d3b8c59	456
581	d9403eb0-6359-43b6-977d-27cc2d3b8c59	457
582	d9403eb0-6359-43b6-977d-27cc2d3b8c59	458
583	d9403eb0-6359-43b6-977d-27cc2d3b8c59	459
584	d9403eb0-6359-43b6-977d-27cc2d3b8c59	460
585	d9403eb0-6359-43b6-977d-27cc2d3b8c59	461
586	d9403eb0-6359-43b6-977d-27cc2d3b8c59	462
587	d9403eb0-6359-43b6-977d-27cc2d3b8c59	463
588	d9403eb0-6359-43b6-977d-27cc2d3b8c59	464
589	d9403eb0-6359-43b6-977d-27cc2d3b8c59	465
590	d9403eb0-6359-43b6-977d-27cc2d3b8c59	466
591	d9403eb0-6359-43b6-977d-27cc2d3b8c59	467
592	d9403eb0-6359-43b6-977d-27cc2d3b8c59	468
593	d9403eb0-6359-43b6-977d-27cc2d3b8c59	469
594	d9403eb0-6359-43b6-977d-27cc2d3b8c59	470
595	d9403eb0-6359-43b6-977d-27cc2d3b8c59	471
596	d9403eb0-6359-43b6-977d-27cc2d3b8c59	472
597	d9403eb0-6359-43b6-977d-27cc2d3b8c59	473
598	d9403eb0-6359-43b6-977d-27cc2d3b8c59	474
599	d9403eb0-6359-43b6-977d-27cc2d3b8c59	475
600	d9403eb0-6359-43b6-977d-27cc2d3b8c59	476
601	d9403eb0-6359-43b6-977d-27cc2d3b8c59	477
602	d9403eb0-6359-43b6-977d-27cc2d3b8c59	478
603	d9403eb0-6359-43b6-977d-27cc2d3b8c59	479
604	d9403eb0-6359-43b6-977d-27cc2d3b8c59	480
605	d9403eb0-6359-43b6-977d-27cc2d3b8c59	481
606	d9403eb0-6359-43b6-977d-27cc2d3b8c59	482
607	d9403eb0-6359-43b6-977d-27cc2d3b8c59	483
608	d9403eb0-6359-43b6-977d-27cc2d3b8c59	484
609	d9403eb0-6359-43b6-977d-27cc2d3b8c59	485
610	d9403eb0-6359-43b6-977d-27cc2d3b8c59	486
611	d9403eb0-6359-43b6-977d-27cc2d3b8c59	487
612	d9403eb0-6359-43b6-977d-27cc2d3b8c59	488
613	d9403eb0-6359-43b6-977d-27cc2d3b8c59	489
614	d9403eb0-6359-43b6-977d-27cc2d3b8c59	490
615	d9403eb0-6359-43b6-977d-27cc2d3b8c59	491
616	d9403eb0-6359-43b6-977d-27cc2d3b8c59	492
617	d9403eb0-6359-43b6-977d-27cc2d3b8c59	493
618	d9403eb0-6359-43b6-977d-27cc2d3b8c59	494
619	d9403eb0-6359-43b6-977d-27cc2d3b8c59	495
620	d9403eb0-6359-43b6-977d-27cc2d3b8c59	496
621	d9403eb0-6359-43b6-977d-27cc2d3b8c59	497
622	d9403eb0-6359-43b6-977d-27cc2d3b8c59	498
623	d9403eb0-6359-43b6-977d-27cc2d3b8c59	499
624	d9403eb0-6359-43b6-977d-27cc2d3b8c59	500
625	d9403eb0-6359-43b6-977d-27cc2d3b8c59	501
626	d9403eb0-6359-43b6-977d-27cc2d3b8c59	502
627	d9403eb0-6359-43b6-977d-27cc2d3b8c59	503
628	d9403eb0-6359-43b6-977d-27cc2d3b8c59	504
629	d9403eb0-6359-43b6-977d-27cc2d3b8c59	505
630	d9403eb0-6359-43b6-977d-27cc2d3b8c59	506
631	d9403eb0-6359-43b6-977d-27cc2d3b8c59	507
632	d9403eb0-6359-43b6-977d-27cc2d3b8c59	508
633	d9403eb0-6359-43b6-977d-27cc2d3b8c59	509
634	d9403eb0-6359-43b6-977d-27cc2d3b8c59	510
635	d9403eb0-6359-43b6-977d-27cc2d3b8c59	511
636	d9403eb0-6359-43b6-977d-27cc2d3b8c59	512
637	d9403eb0-6359-43b6-977d-27cc2d3b8c59	513
638	d9403eb0-6359-43b6-977d-27cc2d3b8c59	514
639	d9403eb0-6359-43b6-977d-27cc2d3b8c59	515
640	d9403eb0-6359-43b6-977d-27cc2d3b8c59	516
641	d9403eb0-6359-43b6-977d-27cc2d3b8c59	517
642	d9403eb0-6359-43b6-977d-27cc2d3b8c59	518
643	d9403eb0-6359-43b6-977d-27cc2d3b8c59	519
644	d9403eb0-6359-43b6-977d-27cc2d3b8c59	520
645	d9403eb0-6359-43b6-977d-27cc2d3b8c59	521
646	d9403eb0-6359-43b6-977d-27cc2d3b8c59	522
647	d9403eb0-6359-43b6-977d-27cc2d3b8c59	523
648	d9403eb0-6359-43b6-977d-27cc2d3b8c59	524
649	d9403eb0-6359-43b6-977d-27cc2d3b8c59	525
650	d9403eb0-6359-43b6-977d-27cc2d3b8c59	526
651	d9403eb0-6359-43b6-977d-27cc2d3b8c59	527
652	d9403eb0-6359-43b6-977d-27cc2d3b8c59	528
653	d9403eb0-6359-43b6-977d-27cc2d3b8c59	529
654	d9403eb0-6359-43b6-977d-27cc2d3b8c59	530
655	d9403eb0-6359-43b6-977d-27cc2d3b8c59	531
656	d9403eb0-6359-43b6-977d-27cc2d3b8c59	532
657	d9403eb0-6359-43b6-977d-27cc2d3b8c59	533
658	d9403eb0-6359-43b6-977d-27cc2d3b8c59	534
659	d9403eb0-6359-43b6-977d-27cc2d3b8c59	535
660	d9403eb0-6359-43b6-977d-27cc2d3b8c59	536
661	d9403eb0-6359-43b6-977d-27cc2d3b8c59	537
662	d9403eb0-6359-43b6-977d-27cc2d3b8c59	538
663	d9403eb0-6359-43b6-977d-27cc2d3b8c59	539
664	d9403eb0-6359-43b6-977d-27cc2d3b8c59	540
665	d9403eb0-6359-43b6-977d-27cc2d3b8c59	541
666	d9403eb0-6359-43b6-977d-27cc2d3b8c59	542
667	d9403eb0-6359-43b6-977d-27cc2d3b8c59	543
668	d9403eb0-6359-43b6-977d-27cc2d3b8c59	544
669	d9403eb0-6359-43b6-977d-27cc2d3b8c59	545
670	d9403eb0-6359-43b6-977d-27cc2d3b8c59	546
671	d9403eb0-6359-43b6-977d-27cc2d3b8c59	547
672	d9403eb0-6359-43b6-977d-27cc2d3b8c59	548
673	d9403eb0-6359-43b6-977d-27cc2d3b8c59	549
674	d9403eb0-6359-43b6-977d-27cc2d3b8c59	550
675	d9403eb0-6359-43b6-977d-27cc2d3b8c59	551
676	d9403eb0-6359-43b6-977d-27cc2d3b8c59	552
677	d9403eb0-6359-43b6-977d-27cc2d3b8c59	553
678	d9403eb0-6359-43b6-977d-27cc2d3b8c59	554
679	d9403eb0-6359-43b6-977d-27cc2d3b8c59	555
680	d9403eb0-6359-43b6-977d-27cc2d3b8c59	556
681	d9403eb0-6359-43b6-977d-27cc2d3b8c59	557
682	d9403eb0-6359-43b6-977d-27cc2d3b8c59	558
683	d9403eb0-6359-43b6-977d-27cc2d3b8c59	559
684	d9403eb0-6359-43b6-977d-27cc2d3b8c59	560
685	d9403eb0-6359-43b6-977d-27cc2d3b8c59	561
686	d9403eb0-6359-43b6-977d-27cc2d3b8c59	562
687	d9403eb0-6359-43b6-977d-27cc2d3b8c59	563
688	d9403eb0-6359-43b6-977d-27cc2d3b8c59	564
689	d9403eb0-6359-43b6-977d-27cc2d3b8c59	565
690	d9403eb0-6359-43b6-977d-27cc2d3b8c59	566
691	d9403eb0-6359-43b6-977d-27cc2d3b8c59	567
692	d9403eb0-6359-43b6-977d-27cc2d3b8c59	568
693	d9403eb0-6359-43b6-977d-27cc2d3b8c59	569
694	d9403eb0-6359-43b6-977d-27cc2d3b8c59	570
695	d9403eb0-6359-43b6-977d-27cc2d3b8c59	571
696	d9403eb0-6359-43b6-977d-27cc2d3b8c59	572
697	d9403eb0-6359-43b6-977d-27cc2d3b8c59	573
698	d9403eb0-6359-43b6-977d-27cc2d3b8c59	574
699	d9403eb0-6359-43b6-977d-27cc2d3b8c59	575
700	d9403eb0-6359-43b6-977d-27cc2d3b8c59	576
701	d9403eb0-6359-43b6-977d-27cc2d3b8c59	577
702	d9403eb0-6359-43b6-977d-27cc2d3b8c59	578
703	d9403eb0-6359-43b6-977d-27cc2d3b8c59	579
704	d9403eb0-6359-43b6-977d-27cc2d3b8c59	580
705	d9403eb0-6359-43b6-977d-27cc2d3b8c59	581
706	d9403eb0-6359-43b6-977d-27cc2d3b8c59	582
707	d9403eb0-6359-43b6-977d-27cc2d3b8c59	583
708	d9403eb0-6359-43b6-977d-27cc2d3b8c59	584
709	d9403eb0-6359-43b6-977d-27cc2d3b8c59	585
710	d9403eb0-6359-43b6-977d-27cc2d3b8c59	586
711	d9403eb0-6359-43b6-977d-27cc2d3b8c59	587
712	d9403eb0-6359-43b6-977d-27cc2d3b8c59	588
713	d9403eb0-6359-43b6-977d-27cc2d3b8c59	589
714	d9403eb0-6359-43b6-977d-27cc2d3b8c59	590
715	d9403eb0-6359-43b6-977d-27cc2d3b8c59	591
716	d9403eb0-6359-43b6-977d-27cc2d3b8c59	592
717	d9403eb0-6359-43b6-977d-27cc2d3b8c59	593
718	d9403eb0-6359-43b6-977d-27cc2d3b8c59	594
719	d9403eb0-6359-43b6-977d-27cc2d3b8c59	595
720	d9403eb0-6359-43b6-977d-27cc2d3b8c59	596
721	d9403eb0-6359-43b6-977d-27cc2d3b8c59	597
722	d9403eb0-6359-43b6-977d-27cc2d3b8c59	598
723	d9403eb0-6359-43b6-977d-27cc2d3b8c59	599
724	d9403eb0-6359-43b6-977d-27cc2d3b8c59	600
725	d9403eb0-6359-43b6-977d-27cc2d3b8c59	601
726	d9403eb0-6359-43b6-977d-27cc2d3b8c59	602
727	d9403eb0-6359-43b6-977d-27cc2d3b8c59	603
728	d9403eb0-6359-43b6-977d-27cc2d3b8c59	604
729	d9403eb0-6359-43b6-977d-27cc2d3b8c59	605
730	d9403eb0-6359-43b6-977d-27cc2d3b8c59	606
731	d9403eb0-6359-43b6-977d-27cc2d3b8c59	607
732	d9403eb0-6359-43b6-977d-27cc2d3b8c59	608
733	d9403eb0-6359-43b6-977d-27cc2d3b8c59	609
734	d9403eb0-6359-43b6-977d-27cc2d3b8c59	610
735	d9403eb0-6359-43b6-977d-27cc2d3b8c59	611
736	d9403eb0-6359-43b6-977d-27cc2d3b8c59	612
737	d9403eb0-6359-43b6-977d-27cc2d3b8c59	613
738	d9403eb0-6359-43b6-977d-27cc2d3b8c59	614
739	d9403eb0-6359-43b6-977d-27cc2d3b8c59	615
740	d9403eb0-6359-43b6-977d-27cc2d3b8c59	616
741	d9403eb0-6359-43b6-977d-27cc2d3b8c59	617
742	d9403eb0-6359-43b6-977d-27cc2d3b8c59	618
743	d9403eb0-6359-43b6-977d-27cc2d3b8c59	619
744	d9403eb0-6359-43b6-977d-27cc2d3b8c59	620
745	d9403eb0-6359-43b6-977d-27cc2d3b8c59	621
746	d9403eb0-6359-43b6-977d-27cc2d3b8c59	622
747	d9403eb0-6359-43b6-977d-27cc2d3b8c59	623
748	d9403eb0-6359-43b6-977d-27cc2d3b8c59	624
749	d9403eb0-6359-43b6-977d-27cc2d3b8c59	625
750	d9403eb0-6359-43b6-977d-27cc2d3b8c59	626
751	d9403eb0-6359-43b6-977d-27cc2d3b8c59	627
752	d9403eb0-6359-43b6-977d-27cc2d3b8c59	628
753	d9403eb0-6359-43b6-977d-27cc2d3b8c59	629
754	d9403eb0-6359-43b6-977d-27cc2d3b8c59	630
755	d9403eb0-6359-43b6-977d-27cc2d3b8c59	631
756	d9403eb0-6359-43b6-977d-27cc2d3b8c59	632
757	d9403eb0-6359-43b6-977d-27cc2d3b8c59	633
758	d9403eb0-6359-43b6-977d-27cc2d3b8c59	634
759	d9403eb0-6359-43b6-977d-27cc2d3b8c59	635
760	d9403eb0-6359-43b6-977d-27cc2d3b8c59	636
761	d9403eb0-6359-43b6-977d-27cc2d3b8c59	637
762	d9403eb0-6359-43b6-977d-27cc2d3b8c59	638
763	d9403eb0-6359-43b6-977d-27cc2d3b8c59	639
764	d9403eb0-6359-43b6-977d-27cc2d3b8c59	640
765	d9403eb0-6359-43b6-977d-27cc2d3b8c59	641
766	d9403eb0-6359-43b6-977d-27cc2d3b8c59	642
767	d9403eb0-6359-43b6-977d-27cc2d3b8c59	643
768	d9403eb0-6359-43b6-977d-27cc2d3b8c59	644
769	d9403eb0-6359-43b6-977d-27cc2d3b8c59	645
770	d9403eb0-6359-43b6-977d-27cc2d3b8c59	646
771	d9403eb0-6359-43b6-977d-27cc2d3b8c59	647
772	d9403eb0-6359-43b6-977d-27cc2d3b8c59	648
773	d9403eb0-6359-43b6-977d-27cc2d3b8c59	649
774	d9403eb0-6359-43b6-977d-27cc2d3b8c59	650
775	d9403eb0-6359-43b6-977d-27cc2d3b8c59	651
776	d9403eb0-6359-43b6-977d-27cc2d3b8c59	652
777	d9403eb0-6359-43b6-977d-27cc2d3b8c59	653
778	d9403eb0-6359-43b6-977d-27cc2d3b8c59	654
779	d9403eb0-6359-43b6-977d-27cc2d3b8c59	655
780	d9403eb0-6359-43b6-977d-27cc2d3b8c59	656
781	d9403eb0-6359-43b6-977d-27cc2d3b8c59	657
782	d9403eb0-6359-43b6-977d-27cc2d3b8c59	658
783	d9403eb0-6359-43b6-977d-27cc2d3b8c59	659
784	d9403eb0-6359-43b6-977d-27cc2d3b8c59	660
785	d9403eb0-6359-43b6-977d-27cc2d3b8c59	661
786	d9403eb0-6359-43b6-977d-27cc2d3b8c59	662
787	d9403eb0-6359-43b6-977d-27cc2d3b8c59	663
788	d9403eb0-6359-43b6-977d-27cc2d3b8c59	664
789	d9403eb0-6359-43b6-977d-27cc2d3b8c59	665
790	d9403eb0-6359-43b6-977d-27cc2d3b8c59	666
791	d9403eb0-6359-43b6-977d-27cc2d3b8c59	667
792	d9403eb0-6359-43b6-977d-27cc2d3b8c59	668
793	d9403eb0-6359-43b6-977d-27cc2d3b8c59	669
794	d9403eb0-6359-43b6-977d-27cc2d3b8c59	670
795	d9403eb0-6359-43b6-977d-27cc2d3b8c59	671
796	d9403eb0-6359-43b6-977d-27cc2d3b8c59	672
797	d9403eb0-6359-43b6-977d-27cc2d3b8c59	673
798	d9403eb0-6359-43b6-977d-27cc2d3b8c59	674
799	d9403eb0-6359-43b6-977d-27cc2d3b8c59	675
800	d9403eb0-6359-43b6-977d-27cc2d3b8c59	676
801	d9403eb0-6359-43b6-977d-27cc2d3b8c59	677
802	d9403eb0-6359-43b6-977d-27cc2d3b8c59	678
803	d9403eb0-6359-43b6-977d-27cc2d3b8c59	679
804	d9403eb0-6359-43b6-977d-27cc2d3b8c59	680
805	d9403eb0-6359-43b6-977d-27cc2d3b8c59	681
806	d9403eb0-6359-43b6-977d-27cc2d3b8c59	682
807	d9403eb0-6359-43b6-977d-27cc2d3b8c59	683
808	d9403eb0-6359-43b6-977d-27cc2d3b8c59	684
809	d9403eb0-6359-43b6-977d-27cc2d3b8c59	685
810	d9403eb0-6359-43b6-977d-27cc2d3b8c59	686
811	d9403eb0-6359-43b6-977d-27cc2d3b8c59	687
812	d9403eb0-6359-43b6-977d-27cc2d3b8c59	688
813	d9403eb0-6359-43b6-977d-27cc2d3b8c59	689
814	d9403eb0-6359-43b6-977d-27cc2d3b8c59	690
815	d9403eb0-6359-43b6-977d-27cc2d3b8c59	691
816	d9403eb0-6359-43b6-977d-27cc2d3b8c59	692
817	d9403eb0-6359-43b6-977d-27cc2d3b8c59	693
818	d9403eb0-6359-43b6-977d-27cc2d3b8c59	694
819	d9403eb0-6359-43b6-977d-27cc2d3b8c59	695
820	d9403eb0-6359-43b6-977d-27cc2d3b8c59	696
821	d9403eb0-6359-43b6-977d-27cc2d3b8c59	697
822	d9403eb0-6359-43b6-977d-27cc2d3b8c59	698
823	d9403eb0-6359-43b6-977d-27cc2d3b8c59	699
824	d9403eb0-6359-43b6-977d-27cc2d3b8c59	700
825	d9403eb0-6359-43b6-977d-27cc2d3b8c59	701
826	d9403eb0-6359-43b6-977d-27cc2d3b8c59	702
827	d9403eb0-6359-43b6-977d-27cc2d3b8c59	703
828	d9403eb0-6359-43b6-977d-27cc2d3b8c59	704
829	d9403eb0-6359-43b6-977d-27cc2d3b8c59	705
830	d9403eb0-6359-43b6-977d-27cc2d3b8c59	706
831	d9403eb0-6359-43b6-977d-27cc2d3b8c59	707
832	d9403eb0-6359-43b6-977d-27cc2d3b8c59	708
833	d9403eb0-6359-43b6-977d-27cc2d3b8c59	709
834	d9403eb0-6359-43b6-977d-27cc2d3b8c59	710
835	d9403eb0-6359-43b6-977d-27cc2d3b8c59	711
836	d9403eb0-6359-43b6-977d-27cc2d3b8c59	712
837	d9403eb0-6359-43b6-977d-27cc2d3b8c59	713
838	d9403eb0-6359-43b6-977d-27cc2d3b8c59	714
839	d9403eb0-6359-43b6-977d-27cc2d3b8c59	715
840	d9403eb0-6359-43b6-977d-27cc2d3b8c59	716
841	d9403eb0-6359-43b6-977d-27cc2d3b8c59	717
842	d9403eb0-6359-43b6-977d-27cc2d3b8c59	718
843	d9403eb0-6359-43b6-977d-27cc2d3b8c59	719
844	d9403eb0-6359-43b6-977d-27cc2d3b8c59	720
845	d9403eb0-6359-43b6-977d-27cc2d3b8c59	721
846	d9403eb0-6359-43b6-977d-27cc2d3b8c59	722
847	d9403eb0-6359-43b6-977d-27cc2d3b8c59	723
848	d9403eb0-6359-43b6-977d-27cc2d3b8c59	724
849	d9403eb0-6359-43b6-977d-27cc2d3b8c59	725
850	d9403eb0-6359-43b6-977d-27cc2d3b8c59	726
851	d9403eb0-6359-43b6-977d-27cc2d3b8c59	727
852	d9403eb0-6359-43b6-977d-27cc2d3b8c59	728
853	d9403eb0-6359-43b6-977d-27cc2d3b8c59	729
854	d9403eb0-6359-43b6-977d-27cc2d3b8c59	730
855	d9403eb0-6359-43b6-977d-27cc2d3b8c59	731
856	d9403eb0-6359-43b6-977d-27cc2d3b8c59	732
857	d9403eb0-6359-43b6-977d-27cc2d3b8c59	733
858	d9403eb0-6359-43b6-977d-27cc2d3b8c59	734
859	d9403eb0-6359-43b6-977d-27cc2d3b8c59	735
860	d9403eb0-6359-43b6-977d-27cc2d3b8c59	736
861	d9403eb0-6359-43b6-977d-27cc2d3b8c59	737
862	d9403eb0-6359-43b6-977d-27cc2d3b8c59	738
863	d9403eb0-6359-43b6-977d-27cc2d3b8c59	739
864	d9403eb0-6359-43b6-977d-27cc2d3b8c59	740
865	d9403eb0-6359-43b6-977d-27cc2d3b8c59	741
866	d9403eb0-6359-43b6-977d-27cc2d3b8c59	742
867	d9403eb0-6359-43b6-977d-27cc2d3b8c59	743
868	d9403eb0-6359-43b6-977d-27cc2d3b8c59	744
869	d9403eb0-6359-43b6-977d-27cc2d3b8c59	745
870	d9403eb0-6359-43b6-977d-27cc2d3b8c59	746
871	d9403eb0-6359-43b6-977d-27cc2d3b8c59	747
872	d9403eb0-6359-43b6-977d-27cc2d3b8c59	748
873	d9403eb0-6359-43b6-977d-27cc2d3b8c59	749
874	d9403eb0-6359-43b6-977d-27cc2d3b8c59	750
875	d9403eb0-6359-43b6-977d-27cc2d3b8c59	751
876	d9403eb0-6359-43b6-977d-27cc2d3b8c59	752
877	d9403eb0-6359-43b6-977d-27cc2d3b8c59	753
878	d9403eb0-6359-43b6-977d-27cc2d3b8c59	754
879	d9403eb0-6359-43b6-977d-27cc2d3b8c59	755
880	d9403eb0-6359-43b6-977d-27cc2d3b8c59	756
881	d9403eb0-6359-43b6-977d-27cc2d3b8c59	757
882	d9403eb0-6359-43b6-977d-27cc2d3b8c59	758
883	d9403eb0-6359-43b6-977d-27cc2d3b8c59	759
884	d9403eb0-6359-43b6-977d-27cc2d3b8c59	760
885	d9403eb0-6359-43b6-977d-27cc2d3b8c59	761
886	d9403eb0-6359-43b6-977d-27cc2d3b8c59	762
887	d9403eb0-6359-43b6-977d-27cc2d3b8c59	763
888	d9403eb0-6359-43b6-977d-27cc2d3b8c59	764
889	d9403eb0-6359-43b6-977d-27cc2d3b8c59	765
890	d9403eb0-6359-43b6-977d-27cc2d3b8c59	766
891	d9403eb0-6359-43b6-977d-27cc2d3b8c59	767
892	d9403eb0-6359-43b6-977d-27cc2d3b8c59	768
893	d9403eb0-6359-43b6-977d-27cc2d3b8c59	769
894	d9403eb0-6359-43b6-977d-27cc2d3b8c59	770
895	d9403eb0-6359-43b6-977d-27cc2d3b8c59	771
896	d9403eb0-6359-43b6-977d-27cc2d3b8c59	772
897	d9403eb0-6359-43b6-977d-27cc2d3b8c59	773
898	d9403eb0-6359-43b6-977d-27cc2d3b8c59	774
899	d9403eb0-6359-43b6-977d-27cc2d3b8c59	775
900	d9403eb0-6359-43b6-977d-27cc2d3b8c59	776
901	d9403eb0-6359-43b6-977d-27cc2d3b8c59	777
902	d9403eb0-6359-43b6-977d-27cc2d3b8c59	778
903	d9403eb0-6359-43b6-977d-27cc2d3b8c59	779
904	d9403eb0-6359-43b6-977d-27cc2d3b8c59	780
905	d9403eb0-6359-43b6-977d-27cc2d3b8c59	781
906	d9403eb0-6359-43b6-977d-27cc2d3b8c59	782
907	d9403eb0-6359-43b6-977d-27cc2d3b8c59	783
908	d9403eb0-6359-43b6-977d-27cc2d3b8c59	784
909	d9403eb0-6359-43b6-977d-27cc2d3b8c59	785
910	d9403eb0-6359-43b6-977d-27cc2d3b8c59	786
911	d9403eb0-6359-43b6-977d-27cc2d3b8c59	787
912	d9403eb0-6359-43b6-977d-27cc2d3b8c59	788
913	d9403eb0-6359-43b6-977d-27cc2d3b8c59	789
914	d9403eb0-6359-43b6-977d-27cc2d3b8c59	790
915	d9403eb0-6359-43b6-977d-27cc2d3b8c59	791
916	d9403eb0-6359-43b6-977d-27cc2d3b8c59	792
917	d9403eb0-6359-43b6-977d-27cc2d3b8c59	793
918	d9403eb0-6359-43b6-977d-27cc2d3b8c59	794
919	d9403eb0-6359-43b6-977d-27cc2d3b8c59	795
920	d9403eb0-6359-43b6-977d-27cc2d3b8c59	796
921	d9403eb0-6359-43b6-977d-27cc2d3b8c59	797
922	d9403eb0-6359-43b6-977d-27cc2d3b8c59	798
923	d9403eb0-6359-43b6-977d-27cc2d3b8c59	799
924	d9403eb0-6359-43b6-977d-27cc2d3b8c59	800
925	d9403eb0-6359-43b6-977d-27cc2d3b8c59	801
926	d9403eb0-6359-43b6-977d-27cc2d3b8c59	802
927	d9403eb0-6359-43b6-977d-27cc2d3b8c59	803
928	d9403eb0-6359-43b6-977d-27cc2d3b8c59	804
929	d9403eb0-6359-43b6-977d-27cc2d3b8c59	805
930	d9403eb0-6359-43b6-977d-27cc2d3b8c59	806
931	d9403eb0-6359-43b6-977d-27cc2d3b8c59	807
932	d9403eb0-6359-43b6-977d-27cc2d3b8c59	808
933	d9403eb0-6359-43b6-977d-27cc2d3b8c59	809
934	d9403eb0-6359-43b6-977d-27cc2d3b8c59	810
935	d9403eb0-6359-43b6-977d-27cc2d3b8c59	811
936	d9403eb0-6359-43b6-977d-27cc2d3b8c59	812
937	d9403eb0-6359-43b6-977d-27cc2d3b8c59	813
938	d9403eb0-6359-43b6-977d-27cc2d3b8c59	814
939	d9403eb0-6359-43b6-977d-27cc2d3b8c59	815
940	d9403eb0-6359-43b6-977d-27cc2d3b8c59	816
941	d9403eb0-6359-43b6-977d-27cc2d3b8c59	817
942	d9403eb0-6359-43b6-977d-27cc2d3b8c59	818
943	d9403eb0-6359-43b6-977d-27cc2d3b8c59	819
944	d9403eb0-6359-43b6-977d-27cc2d3b8c59	820
945	d9403eb0-6359-43b6-977d-27cc2d3b8c59	821
946	d9403eb0-6359-43b6-977d-27cc2d3b8c59	822
947	d9403eb0-6359-43b6-977d-27cc2d3b8c59	823
948	d9403eb0-6359-43b6-977d-27cc2d3b8c59	824
949	d9403eb0-6359-43b6-977d-27cc2d3b8c59	825
950	d9403eb0-6359-43b6-977d-27cc2d3b8c59	826
951	d9403eb0-6359-43b6-977d-27cc2d3b8c59	827
952	d9403eb0-6359-43b6-977d-27cc2d3b8c59	828
953	d9403eb0-6359-43b6-977d-27cc2d3b8c59	829
954	d9403eb0-6359-43b6-977d-27cc2d3b8c59	830
955	d9403eb0-6359-43b6-977d-27cc2d3b8c59	831
956	d9403eb0-6359-43b6-977d-27cc2d3b8c59	832
957	d9403eb0-6359-43b6-977d-27cc2d3b8c59	833
958	d9403eb0-6359-43b6-977d-27cc2d3b8c59	834
959	d9403eb0-6359-43b6-977d-27cc2d3b8c59	835
960	d9403eb0-6359-43b6-977d-27cc2d3b8c59	836
961	d9403eb0-6359-43b6-977d-27cc2d3b8c59	837
962	d9403eb0-6359-43b6-977d-27cc2d3b8c59	838
963	d9403eb0-6359-43b6-977d-27cc2d3b8c59	839
964	d9403eb0-6359-43b6-977d-27cc2d3b8c59	840
965	d9403eb0-6359-43b6-977d-27cc2d3b8c59	841
966	d9403eb0-6359-43b6-977d-27cc2d3b8c59	842
967	d9403eb0-6359-43b6-977d-27cc2d3b8c59	843
968	d9403eb0-6359-43b6-977d-27cc2d3b8c59	844
969	d9403eb0-6359-43b6-977d-27cc2d3b8c59	845
970	d9403eb0-6359-43b6-977d-27cc2d3b8c59	846
971	d9403eb0-6359-43b6-977d-27cc2d3b8c59	847
972	d9403eb0-6359-43b6-977d-27cc2d3b8c59	848
973	d9403eb0-6359-43b6-977d-27cc2d3b8c59	849
974	d9403eb0-6359-43b6-977d-27cc2d3b8c59	850
975	d9403eb0-6359-43b6-977d-27cc2d3b8c59	851
976	d9403eb0-6359-43b6-977d-27cc2d3b8c59	852
977	d9403eb0-6359-43b6-977d-27cc2d3b8c59	853
978	d9403eb0-6359-43b6-977d-27cc2d3b8c59	854
979	d9403eb0-6359-43b6-977d-27cc2d3b8c59	855
980	d9403eb0-6359-43b6-977d-27cc2d3b8c59	856
981	d9403eb0-6359-43b6-977d-27cc2d3b8c59	857
982	d9403eb0-6359-43b6-977d-27cc2d3b8c59	858
983	d9403eb0-6359-43b6-977d-27cc2d3b8c59	859
984	d9403eb0-6359-43b6-977d-27cc2d3b8c59	860
985	d9403eb0-6359-43b6-977d-27cc2d3b8c59	861
986	d9403eb0-6359-43b6-977d-27cc2d3b8c59	862
987	d9403eb0-6359-43b6-977d-27cc2d3b8c59	863
988	d9403eb0-6359-43b6-977d-27cc2d3b8c59	864
989	d9403eb0-6359-43b6-977d-27cc2d3b8c59	865
990	d9403eb0-6359-43b6-977d-27cc2d3b8c59	866
991	d9403eb0-6359-43b6-977d-27cc2d3b8c59	867
992	d9403eb0-6359-43b6-977d-27cc2d3b8c59	868
993	d9403eb0-6359-43b6-977d-27cc2d3b8c59	869
994	d9403eb0-6359-43b6-977d-27cc2d3b8c59	870
995	d9403eb0-6359-43b6-977d-27cc2d3b8c59	871
996	d9403eb0-6359-43b6-977d-27cc2d3b8c59	872
997	d9403eb0-6359-43b6-977d-27cc2d3b8c59	873
998	d9403eb0-6359-43b6-977d-27cc2d3b8c59	874
999	d9403eb0-6359-43b6-977d-27cc2d3b8c59	875
1000	d9403eb0-6359-43b6-977d-27cc2d3b8c59	876
1001	d9403eb0-6359-43b6-977d-27cc2d3b8c59	877
1002	d9403eb0-6359-43b6-977d-27cc2d3b8c59	878
1003	d9403eb0-6359-43b6-977d-27cc2d3b8c59	879
1004	d9403eb0-6359-43b6-977d-27cc2d3b8c59	880
1005	d9403eb0-6359-43b6-977d-27cc2d3b8c59	881
1006	d9403eb0-6359-43b6-977d-27cc2d3b8c59	882
1007	d9403eb0-6359-43b6-977d-27cc2d3b8c59	883
1008	d9403eb0-6359-43b6-977d-27cc2d3b8c59	884
1009	d9403eb0-6359-43b6-977d-27cc2d3b8c59	885
1010	d9403eb0-6359-43b6-977d-27cc2d3b8c59	886
1011	d9403eb0-6359-43b6-977d-27cc2d3b8c59	887
1012	d9403eb0-6359-43b6-977d-27cc2d3b8c59	888
1013	d9403eb0-6359-43b6-977d-27cc2d3b8c59	889
1014	d9403eb0-6359-43b6-977d-27cc2d3b8c59	890
1015	d9403eb0-6359-43b6-977d-27cc2d3b8c59	891
1016	d9403eb0-6359-43b6-977d-27cc2d3b8c59	892
1017	d9403eb0-6359-43b6-977d-27cc2d3b8c59	893
1018	d9403eb0-6359-43b6-977d-27cc2d3b8c59	894
1019	d9403eb0-6359-43b6-977d-27cc2d3b8c59	895
1020	d9403eb0-6359-43b6-977d-27cc2d3b8c59	896
1021	d9403eb0-6359-43b6-977d-27cc2d3b8c59	897
1022	d9403eb0-6359-43b6-977d-27cc2d3b8c59	898
1023	d9403eb0-6359-43b6-977d-27cc2d3b8c59	899
1024	d9403eb0-6359-43b6-977d-27cc2d3b8c59	900
1025	d9403eb0-6359-43b6-977d-27cc2d3b8c59	901
1026	d9403eb0-6359-43b6-977d-27cc2d3b8c59	902
1027	d9403eb0-6359-43b6-977d-27cc2d3b8c59	903
1028	d9403eb0-6359-43b6-977d-27cc2d3b8c59	904
1029	d9403eb0-6359-43b6-977d-27cc2d3b8c59	905
1030	d9403eb0-6359-43b6-977d-27cc2d3b8c59	906
1031	d9403eb0-6359-43b6-977d-27cc2d3b8c59	907
1032	d9403eb0-6359-43b6-977d-27cc2d3b8c59	908
1033	d9403eb0-6359-43b6-977d-27cc2d3b8c59	909
1034	d9403eb0-6359-43b6-977d-27cc2d3b8c59	910
1035	d9403eb0-6359-43b6-977d-27cc2d3b8c59	911
1036	d9403eb0-6359-43b6-977d-27cc2d3b8c59	912
1037	d9403eb0-6359-43b6-977d-27cc2d3b8c59	913
1038	d9403eb0-6359-43b6-977d-27cc2d3b8c59	914
1039	d9403eb0-6359-43b6-977d-27cc2d3b8c59	915
1040	d9403eb0-6359-43b6-977d-27cc2d3b8c59	916
1041	d9403eb0-6359-43b6-977d-27cc2d3b8c59	917
1042	d9403eb0-6359-43b6-977d-27cc2d3b8c59	918
1043	d9403eb0-6359-43b6-977d-27cc2d3b8c59	919
1044	d9403eb0-6359-43b6-977d-27cc2d3b8c59	920
1045	d9403eb0-6359-43b6-977d-27cc2d3b8c59	921
1046	d9403eb0-6359-43b6-977d-27cc2d3b8c59	922
1047	d9403eb0-6359-43b6-977d-27cc2d3b8c59	923
1048	d9403eb0-6359-43b6-977d-27cc2d3b8c59	924
1049	d9403eb0-6359-43b6-977d-27cc2d3b8c59	925
1050	d9403eb0-6359-43b6-977d-27cc2d3b8c59	926
1051	d9403eb0-6359-43b6-977d-27cc2d3b8c59	927
1052	d9403eb0-6359-43b6-977d-27cc2d3b8c59	928
1053	d9403eb0-6359-43b6-977d-27cc2d3b8c59	929
1054	d9403eb0-6359-43b6-977d-27cc2d3b8c59	930
1055	d9403eb0-6359-43b6-977d-27cc2d3b8c59	931
1056	d9403eb0-6359-43b6-977d-27cc2d3b8c59	932
1057	d9403eb0-6359-43b6-977d-27cc2d3b8c59	933
1058	d9403eb0-6359-43b6-977d-27cc2d3b8c59	934
1059	d9403eb0-6359-43b6-977d-27cc2d3b8c59	935
1060	d9403eb0-6359-43b6-977d-27cc2d3b8c59	936
1061	d9403eb0-6359-43b6-977d-27cc2d3b8c59	937
1062	d9403eb0-6359-43b6-977d-27cc2d3b8c59	938
1063	d9403eb0-6359-43b6-977d-27cc2d3b8c59	939
1064	d9403eb0-6359-43b6-977d-27cc2d3b8c59	940
1065	d9403eb0-6359-43b6-977d-27cc2d3b8c59	941
1066	d9403eb0-6359-43b6-977d-27cc2d3b8c59	942
1067	d9403eb0-6359-43b6-977d-27cc2d3b8c59	943
1068	d9403eb0-6359-43b6-977d-27cc2d3b8c59	944
1069	d9403eb0-6359-43b6-977d-27cc2d3b8c59	945
1070	d9403eb0-6359-43b6-977d-27cc2d3b8c59	946
1071	d9403eb0-6359-43b6-977d-27cc2d3b8c59	947
1072	d9403eb0-6359-43b6-977d-27cc2d3b8c59	948
1073	d9403eb0-6359-43b6-977d-27cc2d3b8c59	949
1074	d9403eb0-6359-43b6-977d-27cc2d3b8c59	950
1075	d9403eb0-6359-43b6-977d-27cc2d3b8c59	951
1076	d9403eb0-6359-43b6-977d-27cc2d3b8c59	952
1077	d9403eb0-6359-43b6-977d-27cc2d3b8c59	953
1078	d9403eb0-6359-43b6-977d-27cc2d3b8c59	954
1079	d9403eb0-6359-43b6-977d-27cc2d3b8c59	955
1080	d9403eb0-6359-43b6-977d-27cc2d3b8c59	956
1081	d9403eb0-6359-43b6-977d-27cc2d3b8c59	957
1082	d9403eb0-6359-43b6-977d-27cc2d3b8c59	958
1083	d9403eb0-6359-43b6-977d-27cc2d3b8c59	959
1084	d9403eb0-6359-43b6-977d-27cc2d3b8c59	960
1085	d9403eb0-6359-43b6-977d-27cc2d3b8c59	961
1086	d9403eb0-6359-43b6-977d-27cc2d3b8c59	962
1087	d9403eb0-6359-43b6-977d-27cc2d3b8c59	963
1088	d9403eb0-6359-43b6-977d-27cc2d3b8c59	964
1089	d9403eb0-6359-43b6-977d-27cc2d3b8c59	965
1090	d9403eb0-6359-43b6-977d-27cc2d3b8c59	966
1091	d9403eb0-6359-43b6-977d-27cc2d3b8c59	967
1092	d9403eb0-6359-43b6-977d-27cc2d3b8c59	968
1093	d9403eb0-6359-43b6-977d-27cc2d3b8c59	969
1094	d9403eb0-6359-43b6-977d-27cc2d3b8c59	970
1095	d9403eb0-6359-43b6-977d-27cc2d3b8c59	971
1096	d9403eb0-6359-43b6-977d-27cc2d3b8c59	972
1097	d9403eb0-6359-43b6-977d-27cc2d3b8c59	973
1098	d9403eb0-6359-43b6-977d-27cc2d3b8c59	974
1099	d9403eb0-6359-43b6-977d-27cc2d3b8c59	975
1100	d9403eb0-6359-43b6-977d-27cc2d3b8c59	976
1101	d9403eb0-6359-43b6-977d-27cc2d3b8c59	977
1102	d9403eb0-6359-43b6-977d-27cc2d3b8c59	978
1103	d9403eb0-6359-43b6-977d-27cc2d3b8c59	979
1104	d9403eb0-6359-43b6-977d-27cc2d3b8c59	980
1105	d9403eb0-6359-43b6-977d-27cc2d3b8c59	981
1106	d9403eb0-6359-43b6-977d-27cc2d3b8c59	982
1107	d9403eb0-6359-43b6-977d-27cc2d3b8c59	983
1108	d9403eb0-6359-43b6-977d-27cc2d3b8c59	984
1109	d9403eb0-6359-43b6-977d-27cc2d3b8c59	985
1110	d9403eb0-6359-43b6-977d-27cc2d3b8c59	986
1111	d9403eb0-6359-43b6-977d-27cc2d3b8c59	987
1112	d9403eb0-6359-43b6-977d-27cc2d3b8c59	988
1113	d9403eb0-6359-43b6-977d-27cc2d3b8c59	989
1114	d9403eb0-6359-43b6-977d-27cc2d3b8c59	990
1115	d9403eb0-6359-43b6-977d-27cc2d3b8c59	991
1116	d9403eb0-6359-43b6-977d-27cc2d3b8c59	992
1117	d9403eb0-6359-43b6-977d-27cc2d3b8c59	993
1118	d9403eb0-6359-43b6-977d-27cc2d3b8c59	994
1119	d9403eb0-6359-43b6-977d-27cc2d3b8c59	995
1120	d9403eb0-6359-43b6-977d-27cc2d3b8c59	996
1121	d9403eb0-6359-43b6-977d-27cc2d3b8c59	997
1122	d9403eb0-6359-43b6-977d-27cc2d3b8c59	998
1123	d9403eb0-6359-43b6-977d-27cc2d3b8c59	999
1124	d9403eb0-6359-43b6-977d-27cc2d3b8c59	1000
1125	d9403eb0-6359-43b6-977d-27cc2d3b8c59	1001
1126	d9403eb0-6359-43b6-977d-27cc2d3b8c59	1002
1127	d9403eb0-6359-43b6-977d-27cc2d3b8c59	1003
1128	d9403eb0-6359-43b6-977d-27cc2d3b8c59	1004
1129	d9403eb0-6359-43b6-977d-27cc2d3b8c59	1005
1130	d9403eb0-6359-43b6-977d-27cc2d3b8c59	1006
1131	d9403eb0-6359-43b6-977d-27cc2d3b8c59	1007
1132	d9403eb0-6359-43b6-977d-27cc2d3b8c59	1008
1133	d9403eb0-6359-43b6-977d-27cc2d3b8c59	1009
1134	d9403eb0-6359-43b6-977d-27cc2d3b8c59	1010
1135	d9403eb0-6359-43b6-977d-27cc2d3b8c59	1011
1136	d9403eb0-6359-43b6-977d-27cc2d3b8c59	1012
1137	d9403eb0-6359-43b6-977d-27cc2d3b8c59	1013
1138	d9403eb0-6359-43b6-977d-27cc2d3b8c59	1014
1139	d9403eb0-6359-43b6-977d-27cc2d3b8c59	1015
1140	d9403eb0-6359-43b6-977d-27cc2d3b8c59	1016
1141	d9403eb0-6359-43b6-977d-27cc2d3b8c59	1017
1142	d9403eb0-6359-43b6-977d-27cc2d3b8c59	1018
1143	d9403eb0-6359-43b6-977d-27cc2d3b8c59	1019
1144	d9403eb0-6359-43b6-977d-27cc2d3b8c59	1020
1145	d9403eb0-6359-43b6-977d-27cc2d3b8c59	1021
1146	d9403eb0-6359-43b6-977d-27cc2d3b8c59	1022
1147	d9403eb0-6359-43b6-977d-27cc2d3b8c59	1023
1148	d9403eb0-6359-43b6-977d-27cc2d3b8c59	1024
1149	d9403eb0-6359-43b6-977d-27cc2d3b8c59	1025
1150	d9403eb0-6359-43b6-977d-27cc2d3b8c59	1026
1151	d9403eb0-6359-43b6-977d-27cc2d3b8c59	1027
1152	d9403eb0-6359-43b6-977d-27cc2d3b8c59	1028
1153	d9403eb0-6359-43b6-977d-27cc2d3b8c59	1029
1154	d9403eb0-6359-43b6-977d-27cc2d3b8c59	1030
1155	d9403eb0-6359-43b6-977d-27cc2d3b8c59	1031
1156	d9403eb0-6359-43b6-977d-27cc2d3b8c59	1032
1157	d9403eb0-6359-43b6-977d-27cc2d3b8c59	1033
1158	d9403eb0-6359-43b6-977d-27cc2d3b8c59	1034
1159	d9403eb0-6359-43b6-977d-27cc2d3b8c59	1035
1160	d9403eb0-6359-43b6-977d-27cc2d3b8c59	1036
1161	d9403eb0-6359-43b6-977d-27cc2d3b8c59	1037
1162	d9403eb0-6359-43b6-977d-27cc2d3b8c59	1038
1163	d9403eb0-6359-43b6-977d-27cc2d3b8c59	1039
1164	d9403eb0-6359-43b6-977d-27cc2d3b8c59	1040
1165	d9403eb0-6359-43b6-977d-27cc2d3b8c59	1041
1166	d9403eb0-6359-43b6-977d-27cc2d3b8c59	1042
1167	d9403eb0-6359-43b6-977d-27cc2d3b8c59	1043
1168	d9403eb0-6359-43b6-977d-27cc2d3b8c59	1044
1169	d9403eb0-6359-43b6-977d-27cc2d3b8c59	1045
1170	d9403eb0-6359-43b6-977d-27cc2d3b8c59	1046
1171	d9403eb0-6359-43b6-977d-27cc2d3b8c59	1047
1172	d9403eb0-6359-43b6-977d-27cc2d3b8c59	1048
1173	d9403eb0-6359-43b6-977d-27cc2d3b8c59	1049
1174	d9403eb0-6359-43b6-977d-27cc2d3b8c59	1050
1175	d9403eb0-6359-43b6-977d-27cc2d3b8c59	1051
1176	d9403eb0-6359-43b6-977d-27cc2d3b8c59	1052
1177	d9403eb0-6359-43b6-977d-27cc2d3b8c59	1053
1178	d9403eb0-6359-43b6-977d-27cc2d3b8c59	1054
1179	d9403eb0-6359-43b6-977d-27cc2d3b8c59	1055
1180	d9403eb0-6359-43b6-977d-27cc2d3b8c59	1056
1181	d9403eb0-6359-43b6-977d-27cc2d3b8c59	1057
1182	d9403eb0-6359-43b6-977d-27cc2d3b8c59	1058
1183	d9403eb0-6359-43b6-977d-27cc2d3b8c59	1059
1184	d9403eb0-6359-43b6-977d-27cc2d3b8c59	1060
1185	d9403eb0-6359-43b6-977d-27cc2d3b8c59	1061
1186	d9403eb0-6359-43b6-977d-27cc2d3b8c59	1062
1187	d9403eb0-6359-43b6-977d-27cc2d3b8c59	1063
1188	d9403eb0-6359-43b6-977d-27cc2d3b8c59	1064
1189	d9403eb0-6359-43b6-977d-27cc2d3b8c59	1065
1190	d9403eb0-6359-43b6-977d-27cc2d3b8c59	1066
1191	d9403eb0-6359-43b6-977d-27cc2d3b8c59	1067
1192	d9403eb0-6359-43b6-977d-27cc2d3b8c59	1068
1193	d9403eb0-6359-43b6-977d-27cc2d3b8c59	1069
1194	d9403eb0-6359-43b6-977d-27cc2d3b8c59	1070
1195	d9403eb0-6359-43b6-977d-27cc2d3b8c59	1071
1196	d9403eb0-6359-43b6-977d-27cc2d3b8c59	1072
1197	d9403eb0-6359-43b6-977d-27cc2d3b8c59	1073
1198	d9403eb0-6359-43b6-977d-27cc2d3b8c59	1074
1199	d9403eb0-6359-43b6-977d-27cc2d3b8c59	1075
1200	d9403eb0-6359-43b6-977d-27cc2d3b8c59	1076
1201	d9403eb0-6359-43b6-977d-27cc2d3b8c59	1077
1202	d9403eb0-6359-43b6-977d-27cc2d3b8c59	1078
1203	d9403eb0-6359-43b6-977d-27cc2d3b8c59	1079
1204	d9403eb0-6359-43b6-977d-27cc2d3b8c59	1080
1205	d9403eb0-6359-43b6-977d-27cc2d3b8c59	1081
1206	d9403eb0-6359-43b6-977d-27cc2d3b8c59	1082
1207	d9403eb0-6359-43b6-977d-27cc2d3b8c59	1083
1208	d9403eb0-6359-43b6-977d-27cc2d3b8c59	1084
1209	d9403eb0-6359-43b6-977d-27cc2d3b8c59	1085
1210	d9403eb0-6359-43b6-977d-27cc2d3b8c59	1086
1211	d9403eb0-6359-43b6-977d-27cc2d3b8c59	1087
1212	d9403eb0-6359-43b6-977d-27cc2d3b8c59	1088
1213	d9403eb0-6359-43b6-977d-27cc2d3b8c59	1089
1214	d9403eb0-6359-43b6-977d-27cc2d3b8c59	1090
1215	d9403eb0-6359-43b6-977d-27cc2d3b8c59	1091
1216	d9403eb0-6359-43b6-977d-27cc2d3b8c59	1092
1217	d9403eb0-6359-43b6-977d-27cc2d3b8c59	1093
1218	d9403eb0-6359-43b6-977d-27cc2d3b8c59	1094
1219	d9403eb0-6359-43b6-977d-27cc2d3b8c59	1095
1220	d9403eb0-6359-43b6-977d-27cc2d3b8c59	1096
1221	d9403eb0-6359-43b6-977d-27cc2d3b8c59	1097
1222	d9403eb0-6359-43b6-977d-27cc2d3b8c59	1098
1223	d9403eb0-6359-43b6-977d-27cc2d3b8c59	1099
1224	d9403eb0-6359-43b6-977d-27cc2d3b8c59	1100
1225	d9403eb0-6359-43b6-977d-27cc2d3b8c59	1101
1226	d9403eb0-6359-43b6-977d-27cc2d3b8c59	1102
1227	d9403eb0-6359-43b6-977d-27cc2d3b8c59	1103
1228	d9403eb0-6359-43b6-977d-27cc2d3b8c59	1104
1229	d9403eb0-6359-43b6-977d-27cc2d3b8c59	1105
1230	d9403eb0-6359-43b6-977d-27cc2d3b8c59	1106
1231	d9403eb0-6359-43b6-977d-27cc2d3b8c59	1107
1232	d9403eb0-6359-43b6-977d-27cc2d3b8c59	1108
1233	d9403eb0-6359-43b6-977d-27cc2d3b8c59	1109
1234	d9403eb0-6359-43b6-977d-27cc2d3b8c59	1110
1235	d9403eb0-6359-43b6-977d-27cc2d3b8c59	1111
1236	d9403eb0-6359-43b6-977d-27cc2d3b8c59	1112
1237	d9403eb0-6359-43b6-977d-27cc2d3b8c59	1113
1238	d9403eb0-6359-43b6-977d-27cc2d3b8c59	1114
1239	d9403eb0-6359-43b6-977d-27cc2d3b8c59	1115
1240	d9403eb0-6359-43b6-977d-27cc2d3b8c59	1116
1241	d9403eb0-6359-43b6-977d-27cc2d3b8c59	1117
1242	d9403eb0-6359-43b6-977d-27cc2d3b8c59	1118
1243	d9403eb0-6359-43b6-977d-27cc2d3b8c59	1119
1244	d9403eb0-6359-43b6-977d-27cc2d3b8c59	1120
1245	d9403eb0-6359-43b6-977d-27cc2d3b8c59	1121
1246	d9403eb0-6359-43b6-977d-27cc2d3b8c59	1122
1247	d9403eb0-6359-43b6-977d-27cc2d3b8c59	1123
1248	d9403eb0-6359-43b6-977d-27cc2d3b8c59	1124
1249	d9403eb0-6359-43b6-977d-27cc2d3b8c59	1125
1250	d9403eb0-6359-43b6-977d-27cc2d3b8c59	1126
1251	d9403eb0-6359-43b6-977d-27cc2d3b8c59	1127
1252	d9403eb0-6359-43b6-977d-27cc2d3b8c59	1128
1253	d9403eb0-6359-43b6-977d-27cc2d3b8c59	1129
1254	d9403eb0-6359-43b6-977d-27cc2d3b8c59	1130
1255	d9403eb0-6359-43b6-977d-27cc2d3b8c59	1131
1256	d9403eb0-6359-43b6-977d-27cc2d3b8c59	1132
1257	d9403eb0-6359-43b6-977d-27cc2d3b8c59	1133
1258	d9403eb0-6359-43b6-977d-27cc2d3b8c59	1134
1259	d9403eb0-6359-43b6-977d-27cc2d3b8c59	1135
1260	d9403eb0-6359-43b6-977d-27cc2d3b8c59	1136
1261	d9403eb0-6359-43b6-977d-27cc2d3b8c59	1137
1262	d9403eb0-6359-43b6-977d-27cc2d3b8c59	1138
1263	d9403eb0-6359-43b6-977d-27cc2d3b8c59	1139
1264	d9403eb0-6359-43b6-977d-27cc2d3b8c59	1140
1265	d9403eb0-6359-43b6-977d-27cc2d3b8c59	1141
1266	d9403eb0-6359-43b6-977d-27cc2d3b8c59	1142
1267	d9403eb0-6359-43b6-977d-27cc2d3b8c59	1143
1268	d9403eb0-6359-43b6-977d-27cc2d3b8c59	1144
1269	d9403eb0-6359-43b6-977d-27cc2d3b8c59	1145
1270	d9403eb0-6359-43b6-977d-27cc2d3b8c59	1146
1271	d9403eb0-6359-43b6-977d-27cc2d3b8c59	1147
1272	d9403eb0-6359-43b6-977d-27cc2d3b8c59	1148
1273	d9403eb0-6359-43b6-977d-27cc2d3b8c59	1149
1274	d9403eb0-6359-43b6-977d-27cc2d3b8c59	1150
1275	d9403eb0-6359-43b6-977d-27cc2d3b8c59	1151
1276	d9403eb0-6359-43b6-977d-27cc2d3b8c59	1152
1277	d9403eb0-6359-43b6-977d-27cc2d3b8c59	1153
1278	d9403eb0-6359-43b6-977d-27cc2d3b8c59	1154
1279	d9403eb0-6359-43b6-977d-27cc2d3b8c59	1155
1280	d9403eb0-6359-43b6-977d-27cc2d3b8c59	1156
1281	d9403eb0-6359-43b6-977d-27cc2d3b8c59	1157
1282	d9403eb0-6359-43b6-977d-27cc2d3b8c59	1158
1283	d9403eb0-6359-43b6-977d-27cc2d3b8c59	1159
1284	d9403eb0-6359-43b6-977d-27cc2d3b8c59	1160
1285	d9403eb0-6359-43b6-977d-27cc2d3b8c59	1161
1286	d9403eb0-6359-43b6-977d-27cc2d3b8c59	1162
1287	d9403eb0-6359-43b6-977d-27cc2d3b8c59	1163
1288	d9403eb0-6359-43b6-977d-27cc2d3b8c59	1164
1289	d9403eb0-6359-43b6-977d-27cc2d3b8c59	1165
1290	d9403eb0-6359-43b6-977d-27cc2d3b8c59	1166
1291	d9403eb0-6359-43b6-977d-27cc2d3b8c59	1167
1292	d9403eb0-6359-43b6-977d-27cc2d3b8c59	1168
1293	d9403eb0-6359-43b6-977d-27cc2d3b8c59	1169
1294	d9403eb0-6359-43b6-977d-27cc2d3b8c59	1170
1295	d9403eb0-6359-43b6-977d-27cc2d3b8c59	1171
1296	d9403eb0-6359-43b6-977d-27cc2d3b8c59	1172
1297	d9403eb0-6359-43b6-977d-27cc2d3b8c59	1173
1298	d9403eb0-6359-43b6-977d-27cc2d3b8c59	1174
1299	d9403eb0-6359-43b6-977d-27cc2d3b8c59	1175
1300	d9403eb0-6359-43b6-977d-27cc2d3b8c59	1176
1301	d9403eb0-6359-43b6-977d-27cc2d3b8c59	1177
1302	d9403eb0-6359-43b6-977d-27cc2d3b8c59	1178
1303	d9403eb0-6359-43b6-977d-27cc2d3b8c59	1179
1304	d9403eb0-6359-43b6-977d-27cc2d3b8c59	1180
1305	d9403eb0-6359-43b6-977d-27cc2d3b8c59	1181
1306	d9403eb0-6359-43b6-977d-27cc2d3b8c59	1182
1307	d9403eb0-6359-43b6-977d-27cc2d3b8c59	1183
1308	d9403eb0-6359-43b6-977d-27cc2d3b8c59	1184
1309	d9403eb0-6359-43b6-977d-27cc2d3b8c59	1185
1310	d9403eb0-6359-43b6-977d-27cc2d3b8c59	1186
1311	d9403eb0-6359-43b6-977d-27cc2d3b8c59	1187
1312	d9403eb0-6359-43b6-977d-27cc2d3b8c59	1188
1313	d9403eb0-6359-43b6-977d-27cc2d3b8c59	1189
1314	d9403eb0-6359-43b6-977d-27cc2d3b8c59	1190
1315	d9403eb0-6359-43b6-977d-27cc2d3b8c59	1191
1316	d9403eb0-6359-43b6-977d-27cc2d3b8c59	1192
1317	d9403eb0-6359-43b6-977d-27cc2d3b8c59	1193
1318	d9403eb0-6359-43b6-977d-27cc2d3b8c59	1194
1319	d9403eb0-6359-43b6-977d-27cc2d3b8c59	1195
1320	d9403eb0-6359-43b6-977d-27cc2d3b8c59	1196
1321	d9403eb0-6359-43b6-977d-27cc2d3b8c59	1197
1322	d9403eb0-6359-43b6-977d-27cc2d3b8c59	1198
1323	d9403eb0-6359-43b6-977d-27cc2d3b8c59	1199
1324	d9403eb0-6359-43b6-977d-27cc2d3b8c59	1200
1325	d9403eb0-6359-43b6-977d-27cc2d3b8c59	1201
1326	d9403eb0-6359-43b6-977d-27cc2d3b8c59	1202
1327	d9403eb0-6359-43b6-977d-27cc2d3b8c59	1203
1328	d9403eb0-6359-43b6-977d-27cc2d3b8c59	1204
1329	d9403eb0-6359-43b6-977d-27cc2d3b8c59	1205
1330	d9403eb0-6359-43b6-977d-27cc2d3b8c59	1206
1331	d9403eb0-6359-43b6-977d-27cc2d3b8c59	1207
1332	d9403eb0-6359-43b6-977d-27cc2d3b8c59	1208
1333	d9403eb0-6359-43b6-977d-27cc2d3b8c59	1209
1334	d9403eb0-6359-43b6-977d-27cc2d3b8c59	1210
1335	d9403eb0-6359-43b6-977d-27cc2d3b8c59	1211
1336	d9403eb0-6359-43b6-977d-27cc2d3b8c59	1212
1337	d9403eb0-6359-43b6-977d-27cc2d3b8c59	1213
1338	d9403eb0-6359-43b6-977d-27cc2d3b8c59	1214
1339	d9403eb0-6359-43b6-977d-27cc2d3b8c59	1215
1340	d9403eb0-6359-43b6-977d-27cc2d3b8c59	1216
1341	d9403eb0-6359-43b6-977d-27cc2d3b8c59	1217
1342	d9403eb0-6359-43b6-977d-27cc2d3b8c59	1218
1343	d9403eb0-6359-43b6-977d-27cc2d3b8c59	1219
1344	d9403eb0-6359-43b6-977d-27cc2d3b8c59	1220
1345	d9403eb0-6359-43b6-977d-27cc2d3b8c59	1221
1346	d9403eb0-6359-43b6-977d-27cc2d3b8c59	1222
1347	d9403eb0-6359-43b6-977d-27cc2d3b8c59	1223
1348	d9403eb0-6359-43b6-977d-27cc2d3b8c59	1224
1349	d9403eb0-6359-43b6-977d-27cc2d3b8c59	1225
1350	d9403eb0-6359-43b6-977d-27cc2d3b8c59	1226
1351	d9403eb0-6359-43b6-977d-27cc2d3b8c59	1227
1352	d9403eb0-6359-43b6-977d-27cc2d3b8c59	1228
1353	d9403eb0-6359-43b6-977d-27cc2d3b8c59	1229
1354	d9403eb0-6359-43b6-977d-27cc2d3b8c59	1230
1355	d9403eb0-6359-43b6-977d-27cc2d3b8c59	1231
1356	d9403eb0-6359-43b6-977d-27cc2d3b8c59	1232
1357	d9403eb0-6359-43b6-977d-27cc2d3b8c59	1233
1358	d9403eb0-6359-43b6-977d-27cc2d3b8c59	1234
1359	d9403eb0-6359-43b6-977d-27cc2d3b8c59	1235
1360	d9403eb0-6359-43b6-977d-27cc2d3b8c59	1236
1361	d9403eb0-6359-43b6-977d-27cc2d3b8c59	1237
1362	d9403eb0-6359-43b6-977d-27cc2d3b8c59	1238
1363	d9403eb0-6359-43b6-977d-27cc2d3b8c59	1239
1364	d9403eb0-6359-43b6-977d-27cc2d3b8c59	1240
1365	d9403eb0-6359-43b6-977d-27cc2d3b8c59	1241
1366	d9403eb0-6359-43b6-977d-27cc2d3b8c59	1242
1367	d9403eb0-6359-43b6-977d-27cc2d3b8c59	1243
1368	d9403eb0-6359-43b6-977d-27cc2d3b8c59	1244
1369	d9403eb0-6359-43b6-977d-27cc2d3b8c59	1245
1370	d9403eb0-6359-43b6-977d-27cc2d3b8c59	1246
1371	d9403eb0-6359-43b6-977d-27cc2d3b8c59	1247
1372	d9403eb0-6359-43b6-977d-27cc2d3b8c59	1248
1373	d9403eb0-6359-43b6-977d-27cc2d3b8c59	1249
1374	d9403eb0-6359-43b6-977d-27cc2d3b8c59	1250
1375	d9403eb0-6359-43b6-977d-27cc2d3b8c59	1251
1376	d9403eb0-6359-43b6-977d-27cc2d3b8c59	1252
1377	d9403eb0-6359-43b6-977d-27cc2d3b8c59	1253
1378	d9403eb0-6359-43b6-977d-27cc2d3b8c59	1254
1379	d9403eb0-6359-43b6-977d-27cc2d3b8c59	1255
1380	d9403eb0-6359-43b6-977d-27cc2d3b8c59	1256
1381	d9403eb0-6359-43b6-977d-27cc2d3b8c59	1257
1382	d9403eb0-6359-43b6-977d-27cc2d3b8c59	1258
1383	d9403eb0-6359-43b6-977d-27cc2d3b8c59	1259
1384	d9403eb0-6359-43b6-977d-27cc2d3b8c59	1260
1385	d9403eb0-6359-43b6-977d-27cc2d3b8c59	1261
1386	d9403eb0-6359-43b6-977d-27cc2d3b8c59	1262
1387	d9403eb0-6359-43b6-977d-27cc2d3b8c59	1263
1388	d9403eb0-6359-43b6-977d-27cc2d3b8c59	1264
1389	d9403eb0-6359-43b6-977d-27cc2d3b8c59	1265
1390	d9403eb0-6359-43b6-977d-27cc2d3b8c59	1266
1391	d9403eb0-6359-43b6-977d-27cc2d3b8c59	1267
1392	d9403eb0-6359-43b6-977d-27cc2d3b8c59	1268
1393	d9403eb0-6359-43b6-977d-27cc2d3b8c59	1269
1394	d9403eb0-6359-43b6-977d-27cc2d3b8c59	1270
1395	d9403eb0-6359-43b6-977d-27cc2d3b8c59	1271
1396	d9403eb0-6359-43b6-977d-27cc2d3b8c59	1272
1397	d9403eb0-6359-43b6-977d-27cc2d3b8c59	1273
1398	d9403eb0-6359-43b6-977d-27cc2d3b8c59	1274
1399	d9403eb0-6359-43b6-977d-27cc2d3b8c59	1275
1400	d9403eb0-6359-43b6-977d-27cc2d3b8c59	1276
1401	d9403eb0-6359-43b6-977d-27cc2d3b8c59	1277
1402	d9403eb0-6359-43b6-977d-27cc2d3b8c59	1278
1403	d9403eb0-6359-43b6-977d-27cc2d3b8c59	1279
1404	d9403eb0-6359-43b6-977d-27cc2d3b8c59	1280
1405	d9403eb0-6359-43b6-977d-27cc2d3b8c59	1281
1406	d9403eb0-6359-43b6-977d-27cc2d3b8c59	1282
1407	d9403eb0-6359-43b6-977d-27cc2d3b8c59	1283
1408	d9403eb0-6359-43b6-977d-27cc2d3b8c59	1284
1409	d9403eb0-6359-43b6-977d-27cc2d3b8c59	1285
1410	d9403eb0-6359-43b6-977d-27cc2d3b8c59	1286
1411	d9403eb0-6359-43b6-977d-27cc2d3b8c59	1287
1412	d9403eb0-6359-43b6-977d-27cc2d3b8c59	1288
1413	d9403eb0-6359-43b6-977d-27cc2d3b8c59	1289
1414	d9403eb0-6359-43b6-977d-27cc2d3b8c59	1290
1415	d9403eb0-6359-43b6-977d-27cc2d3b8c59	1291
1416	d9403eb0-6359-43b6-977d-27cc2d3b8c59	1292
1417	d9403eb0-6359-43b6-977d-27cc2d3b8c59	1293
1418	d9403eb0-6359-43b6-977d-27cc2d3b8c59	1294
1419	d9403eb0-6359-43b6-977d-27cc2d3b8c59	1295
1420	d9403eb0-6359-43b6-977d-27cc2d3b8c59	1296
1421	d9403eb0-6359-43b6-977d-27cc2d3b8c59	1297
1422	d9403eb0-6359-43b6-977d-27cc2d3b8c59	1298
1423	d9403eb0-6359-43b6-977d-27cc2d3b8c59	1299
1424	d9403eb0-6359-43b6-977d-27cc2d3b8c59	1300
1425	d9403eb0-6359-43b6-977d-27cc2d3b8c59	1301
1426	d9403eb0-6359-43b6-977d-27cc2d3b8c59	1302
1427	d9403eb0-6359-43b6-977d-27cc2d3b8c59	1303
1428	d9403eb0-6359-43b6-977d-27cc2d3b8c59	1304
1429	d9403eb0-6359-43b6-977d-27cc2d3b8c59	1305
1430	d9403eb0-6359-43b6-977d-27cc2d3b8c59	1306
1431	d9403eb0-6359-43b6-977d-27cc2d3b8c59	1307
1432	d9403eb0-6359-43b6-977d-27cc2d3b8c59	1308
1433	d9403eb0-6359-43b6-977d-27cc2d3b8c59	1309
1434	d9403eb0-6359-43b6-977d-27cc2d3b8c59	1310
1435	d9403eb0-6359-43b6-977d-27cc2d3b8c59	1311
1436	d9403eb0-6359-43b6-977d-27cc2d3b8c59	1312
1437	d9403eb0-6359-43b6-977d-27cc2d3b8c59	1313
1438	d9403eb0-6359-43b6-977d-27cc2d3b8c59	1314
1439	d9403eb0-6359-43b6-977d-27cc2d3b8c59	1315
1440	d9403eb0-6359-43b6-977d-27cc2d3b8c59	1316
1441	d9403eb0-6359-43b6-977d-27cc2d3b8c59	1317
1442	d9403eb0-6359-43b6-977d-27cc2d3b8c59	1318
1443	d9403eb0-6359-43b6-977d-27cc2d3b8c59	1319
1444	d9403eb0-6359-43b6-977d-27cc2d3b8c59	1320
1445	d9403eb0-6359-43b6-977d-27cc2d3b8c59	1321
1446	d9403eb0-6359-43b6-977d-27cc2d3b8c59	1322
1447	d9403eb0-6359-43b6-977d-27cc2d3b8c59	1323
1448	d9403eb0-6359-43b6-977d-27cc2d3b8c59	1324
1449	d9403eb0-6359-43b6-977d-27cc2d3b8c59	1325
1450	d9403eb0-6359-43b6-977d-27cc2d3b8c59	1326
1451	d9403eb0-6359-43b6-977d-27cc2d3b8c59	1327
1452	d9403eb0-6359-43b6-977d-27cc2d3b8c59	1328
1453	d9403eb0-6359-43b6-977d-27cc2d3b8c59	1329
1454	d9403eb0-6359-43b6-977d-27cc2d3b8c59	1330
1455	d9403eb0-6359-43b6-977d-27cc2d3b8c59	1331
1456	d9403eb0-6359-43b6-977d-27cc2d3b8c59	1332
1457	d9403eb0-6359-43b6-977d-27cc2d3b8c59	1333
1458	d9403eb0-6359-43b6-977d-27cc2d3b8c59	1334
1459	d9403eb0-6359-43b6-977d-27cc2d3b8c59	1335
1460	d9403eb0-6359-43b6-977d-27cc2d3b8c59	1336
1461	d9403eb0-6359-43b6-977d-27cc2d3b8c59	1337
1462	d9403eb0-6359-43b6-977d-27cc2d3b8c59	1338
1463	d9403eb0-6359-43b6-977d-27cc2d3b8c59	1339
1464	d9403eb0-6359-43b6-977d-27cc2d3b8c59	1340
1465	d9403eb0-6359-43b6-977d-27cc2d3b8c59	1341
1466	d9403eb0-6359-43b6-977d-27cc2d3b8c59	1342
1467	d9403eb0-6359-43b6-977d-27cc2d3b8c59	1343
1468	d9403eb0-6359-43b6-977d-27cc2d3b8c59	1344
1469	d9403eb0-6359-43b6-977d-27cc2d3b8c59	1345
1470	d9403eb0-6359-43b6-977d-27cc2d3b8c59	1346
1471	d9403eb0-6359-43b6-977d-27cc2d3b8c59	1347
1472	d9403eb0-6359-43b6-977d-27cc2d3b8c59	1348
1473	d9403eb0-6359-43b6-977d-27cc2d3b8c59	1349
1474	d9403eb0-6359-43b6-977d-27cc2d3b8c59	1350
1475	d9403eb0-6359-43b6-977d-27cc2d3b8c59	1351
1476	d9403eb0-6359-43b6-977d-27cc2d3b8c59	1352
1477	d9403eb0-6359-43b6-977d-27cc2d3b8c59	1353
1478	d9403eb0-6359-43b6-977d-27cc2d3b8c59	1354
1479	d9403eb0-6359-43b6-977d-27cc2d3b8c59	1355
1480	d9403eb0-6359-43b6-977d-27cc2d3b8c59	1356
1481	d9403eb0-6359-43b6-977d-27cc2d3b8c59	1357
1482	d9403eb0-6359-43b6-977d-27cc2d3b8c59	1358
1483	d9403eb0-6359-43b6-977d-27cc2d3b8c59	1359
1484	d9403eb0-6359-43b6-977d-27cc2d3b8c59	1360
1485	d9403eb0-6359-43b6-977d-27cc2d3b8c59	1361
1486	d9403eb0-6359-43b6-977d-27cc2d3b8c59	1362
1487	d9403eb0-6359-43b6-977d-27cc2d3b8c59	1363
1488	d9403eb0-6359-43b6-977d-27cc2d3b8c59	1364
1489	d9403eb0-6359-43b6-977d-27cc2d3b8c59	1365
1490	d9403eb0-6359-43b6-977d-27cc2d3b8c59	1366
1491	d9403eb0-6359-43b6-977d-27cc2d3b8c59	1367
1492	d9403eb0-6359-43b6-977d-27cc2d3b8c59	1368
1493	d9403eb0-6359-43b6-977d-27cc2d3b8c59	1369
1494	d9403eb0-6359-43b6-977d-27cc2d3b8c59	1370
1495	d9403eb0-6359-43b6-977d-27cc2d3b8c59	1371
1496	d9403eb0-6359-43b6-977d-27cc2d3b8c59	1372
1497	d9403eb0-6359-43b6-977d-27cc2d3b8c59	1373
1498	d9403eb0-6359-43b6-977d-27cc2d3b8c59	1374
1499	d9403eb0-6359-43b6-977d-27cc2d3b8c59	1375
1500	d9403eb0-6359-43b6-977d-27cc2d3b8c59	1376
1501	d9403eb0-6359-43b6-977d-27cc2d3b8c59	1377
1502	d9403eb0-6359-43b6-977d-27cc2d3b8c59	1378
1503	d9403eb0-6359-43b6-977d-27cc2d3b8c59	1379
1504	d9403eb0-6359-43b6-977d-27cc2d3b8c59	1380
1505	d9403eb0-6359-43b6-977d-27cc2d3b8c59	1381
1506	d9403eb0-6359-43b6-977d-27cc2d3b8c59	1382
1507	d9403eb0-6359-43b6-977d-27cc2d3b8c59	1383
1508	d9403eb0-6359-43b6-977d-27cc2d3b8c59	1384
1509	d9403eb0-6359-43b6-977d-27cc2d3b8c59	1385
1510	d9403eb0-6359-43b6-977d-27cc2d3b8c59	1386
1511	d9403eb0-6359-43b6-977d-27cc2d3b8c59	1387
1512	d9403eb0-6359-43b6-977d-27cc2d3b8c59	1388
1513	d9403eb0-6359-43b6-977d-27cc2d3b8c59	1389
1514	d9403eb0-6359-43b6-977d-27cc2d3b8c59	1390
1515	d9403eb0-6359-43b6-977d-27cc2d3b8c59	1391
1516	d9403eb0-6359-43b6-977d-27cc2d3b8c59	1392
1517	d9403eb0-6359-43b6-977d-27cc2d3b8c59	1393
1518	d9403eb0-6359-43b6-977d-27cc2d3b8c59	1394
1519	d9403eb0-6359-43b6-977d-27cc2d3b8c59	1395
1520	d9403eb0-6359-43b6-977d-27cc2d3b8c59	1396
1521	d9403eb0-6359-43b6-977d-27cc2d3b8c59	1397
1522	d9403eb0-6359-43b6-977d-27cc2d3b8c59	1398
1523	d9403eb0-6359-43b6-977d-27cc2d3b8c59	1399
1524	d9403eb0-6359-43b6-977d-27cc2d3b8c59	1400
1525	d9403eb0-6359-43b6-977d-27cc2d3b8c59	1401
1526	d9403eb0-6359-43b6-977d-27cc2d3b8c59	1402
1527	d9403eb0-6359-43b6-977d-27cc2d3b8c59	1403
1528	d9403eb0-6359-43b6-977d-27cc2d3b8c59	1404
1529	d9403eb0-6359-43b6-977d-27cc2d3b8c59	1405
1530	d9403eb0-6359-43b6-977d-27cc2d3b8c59	1406
1531	d9403eb0-6359-43b6-977d-27cc2d3b8c59	1407
1532	d9403eb0-6359-43b6-977d-27cc2d3b8c59	1408
1533	d9403eb0-6359-43b6-977d-27cc2d3b8c59	1409
1534	d9403eb0-6359-43b6-977d-27cc2d3b8c59	1410
1535	d9403eb0-6359-43b6-977d-27cc2d3b8c59	1411
1536	d9403eb0-6359-43b6-977d-27cc2d3b8c59	1412
1537	d9403eb0-6359-43b6-977d-27cc2d3b8c59	1413
1538	d9403eb0-6359-43b6-977d-27cc2d3b8c59	1414
1539	d9403eb0-6359-43b6-977d-27cc2d3b8c59	1415
1540	d9403eb0-6359-43b6-977d-27cc2d3b8c59	1416
1541	d9403eb0-6359-43b6-977d-27cc2d3b8c59	1417
1542	d9403eb0-6359-43b6-977d-27cc2d3b8c59	1418
1543	d9403eb0-6359-43b6-977d-27cc2d3b8c59	1419
1544	d9403eb0-6359-43b6-977d-27cc2d3b8c59	1420
1545	d9403eb0-6359-43b6-977d-27cc2d3b8c59	1421
1546	d9403eb0-6359-43b6-977d-27cc2d3b8c59	1422
1547	d9403eb0-6359-43b6-977d-27cc2d3b8c59	1423
1548	d9403eb0-6359-43b6-977d-27cc2d3b8c59	1424
1549	d9403eb0-6359-43b6-977d-27cc2d3b8c59	1425
1550	d9403eb0-6359-43b6-977d-27cc2d3b8c59	1426
1551	d9403eb0-6359-43b6-977d-27cc2d3b8c59	1427
1552	d9403eb0-6359-43b6-977d-27cc2d3b8c59	1428
1553	d9403eb0-6359-43b6-977d-27cc2d3b8c59	1429
1554	d9403eb0-6359-43b6-977d-27cc2d3b8c59	1430
1555	d9403eb0-6359-43b6-977d-27cc2d3b8c59	1431
1556	d9403eb0-6359-43b6-977d-27cc2d3b8c59	1432
1557	d9403eb0-6359-43b6-977d-27cc2d3b8c59	1433
1558	d9403eb0-6359-43b6-977d-27cc2d3b8c59	1434
1559	d9403eb0-6359-43b6-977d-27cc2d3b8c59	1435
1560	d9403eb0-6359-43b6-977d-27cc2d3b8c59	1436
1561	d9403eb0-6359-43b6-977d-27cc2d3b8c59	1437
1562	d9403eb0-6359-43b6-977d-27cc2d3b8c59	1438
1563	d9403eb0-6359-43b6-977d-27cc2d3b8c59	1439
1564	d9403eb0-6359-43b6-977d-27cc2d3b8c59	1440
1565	d9403eb0-6359-43b6-977d-27cc2d3b8c59	1441
1566	d9403eb0-6359-43b6-977d-27cc2d3b8c59	1442
1567	d9403eb0-6359-43b6-977d-27cc2d3b8c59	1443
1568	d9403eb0-6359-43b6-977d-27cc2d3b8c59	1444
1569	d9403eb0-6359-43b6-977d-27cc2d3b8c59	1445
1570	d9403eb0-6359-43b6-977d-27cc2d3b8c59	1446
1571	d9403eb0-6359-43b6-977d-27cc2d3b8c59	1447
1572	d9403eb0-6359-43b6-977d-27cc2d3b8c59	1448
1573	d9403eb0-6359-43b6-977d-27cc2d3b8c59	1449
1574	d9403eb0-6359-43b6-977d-27cc2d3b8c59	1450
1575	d9403eb0-6359-43b6-977d-27cc2d3b8c59	1451
1576	d9403eb0-6359-43b6-977d-27cc2d3b8c59	1452
1577	d9403eb0-6359-43b6-977d-27cc2d3b8c59	1453
1578	d9403eb0-6359-43b6-977d-27cc2d3b8c59	1454
1579	d9403eb0-6359-43b6-977d-27cc2d3b8c59	1455
1580	d9403eb0-6359-43b6-977d-27cc2d3b8c59	1456
1581	d9403eb0-6359-43b6-977d-27cc2d3b8c59	1457
1582	d9403eb0-6359-43b6-977d-27cc2d3b8c59	1458
1583	d9403eb0-6359-43b6-977d-27cc2d3b8c59	1459
1584	d9403eb0-6359-43b6-977d-27cc2d3b8c59	1460
1585	d9403eb0-6359-43b6-977d-27cc2d3b8c59	1461
1586	d9403eb0-6359-43b6-977d-27cc2d3b8c59	1462
1587	d9403eb0-6359-43b6-977d-27cc2d3b8c59	1463
1588	d9403eb0-6359-43b6-977d-27cc2d3b8c59	1464
1589	d9403eb0-6359-43b6-977d-27cc2d3b8c59	1465
1590	d9403eb0-6359-43b6-977d-27cc2d3b8c59	1466
1591	d9403eb0-6359-43b6-977d-27cc2d3b8c59	1467
1592	d9403eb0-6359-43b6-977d-27cc2d3b8c59	1468
1593	d9403eb0-6359-43b6-977d-27cc2d3b8c59	1469
1594	d9403eb0-6359-43b6-977d-27cc2d3b8c59	1470
1595	d9403eb0-6359-43b6-977d-27cc2d3b8c59	1471
1596	d9403eb0-6359-43b6-977d-27cc2d3b8c59	1472
1597	d9403eb0-6359-43b6-977d-27cc2d3b8c59	1473
1598	d9403eb0-6359-43b6-977d-27cc2d3b8c59	1474
1599	d9403eb0-6359-43b6-977d-27cc2d3b8c59	1475
1600	d9403eb0-6359-43b6-977d-27cc2d3b8c59	1476
1601	d9403eb0-6359-43b6-977d-27cc2d3b8c59	1477
1602	d9403eb0-6359-43b6-977d-27cc2d3b8c59	1478
1603	d9403eb0-6359-43b6-977d-27cc2d3b8c59	1479
1604	d9403eb0-6359-43b6-977d-27cc2d3b8c59	1480
1605	d9403eb0-6359-43b6-977d-27cc2d3b8c59	1481
1606	d9403eb0-6359-43b6-977d-27cc2d3b8c59	1482
1607	d9403eb0-6359-43b6-977d-27cc2d3b8c59	1483
1608	d9403eb0-6359-43b6-977d-27cc2d3b8c59	1484
1609	d9403eb0-6359-43b6-977d-27cc2d3b8c59	1485
1610	d9403eb0-6359-43b6-977d-27cc2d3b8c59	1486
1611	d9403eb0-6359-43b6-977d-27cc2d3b8c59	1487
1612	d9403eb0-6359-43b6-977d-27cc2d3b8c59	1488
1613	d9403eb0-6359-43b6-977d-27cc2d3b8c59	1489
1614	d9403eb0-6359-43b6-977d-27cc2d3b8c59	1490
1615	d9403eb0-6359-43b6-977d-27cc2d3b8c59	1491
1616	d9403eb0-6359-43b6-977d-27cc2d3b8c59	1492
1617	d9403eb0-6359-43b6-977d-27cc2d3b8c59	1493
1618	d9403eb0-6359-43b6-977d-27cc2d3b8c59	1494
1619	d9403eb0-6359-43b6-977d-27cc2d3b8c59	1495
1620	d9403eb0-6359-43b6-977d-27cc2d3b8c59	1496
1621	d9403eb0-6359-43b6-977d-27cc2d3b8c59	1497
1622	d9403eb0-6359-43b6-977d-27cc2d3b8c59	1498
1623	d9403eb0-6359-43b6-977d-27cc2d3b8c59	1499
1624	d9403eb0-6359-43b6-977d-27cc2d3b8c59	1500
1625	d9403eb0-6359-43b6-977d-27cc2d3b8c59	1501
1626	d9403eb0-6359-43b6-977d-27cc2d3b8c59	1502
1627	d9403eb0-6359-43b6-977d-27cc2d3b8c59	1503
1628	d9403eb0-6359-43b6-977d-27cc2d3b8c59	1504
1629	d9403eb0-6359-43b6-977d-27cc2d3b8c59	1505
1630	d9403eb0-6359-43b6-977d-27cc2d3b8c59	1506
1631	d9403eb0-6359-43b6-977d-27cc2d3b8c59	1507
1632	d9403eb0-6359-43b6-977d-27cc2d3b8c59	1508
1633	d9403eb0-6359-43b6-977d-27cc2d3b8c59	1509
1634	d9403eb0-6359-43b6-977d-27cc2d3b8c59	1510
1635	d9403eb0-6359-43b6-977d-27cc2d3b8c59	1511
1636	d9403eb0-6359-43b6-977d-27cc2d3b8c59	1512
1637	d9403eb0-6359-43b6-977d-27cc2d3b8c59	1513
1638	d9403eb0-6359-43b6-977d-27cc2d3b8c59	1514
1639	d9403eb0-6359-43b6-977d-27cc2d3b8c59	1515
1640	d9403eb0-6359-43b6-977d-27cc2d3b8c59	1516
1641	d9403eb0-6359-43b6-977d-27cc2d3b8c59	1517
1642	d9403eb0-6359-43b6-977d-27cc2d3b8c59	1518
1643	d9403eb0-6359-43b6-977d-27cc2d3b8c59	1519
1644	d9403eb0-6359-43b6-977d-27cc2d3b8c59	1520
1645	d9403eb0-6359-43b6-977d-27cc2d3b8c59	1521
1646	d9403eb0-6359-43b6-977d-27cc2d3b8c59	1522
1647	d9403eb0-6359-43b6-977d-27cc2d3b8c59	1523
1648	d9403eb0-6359-43b6-977d-27cc2d3b8c59	1524
1649	d9403eb0-6359-43b6-977d-27cc2d3b8c59	1525
1650	d9403eb0-6359-43b6-977d-27cc2d3b8c59	1526
1651	d9403eb0-6359-43b6-977d-27cc2d3b8c59	1527
1652	d9403eb0-6359-43b6-977d-27cc2d3b8c59	1528
1653	d9403eb0-6359-43b6-977d-27cc2d3b8c59	1529
1654	d9403eb0-6359-43b6-977d-27cc2d3b8c59	1530
1655	d9403eb0-6359-43b6-977d-27cc2d3b8c59	1531
1656	d9403eb0-6359-43b6-977d-27cc2d3b8c59	1532
1657	d9403eb0-6359-43b6-977d-27cc2d3b8c59	1533
1658	d9403eb0-6359-43b6-977d-27cc2d3b8c59	1534
1659	d9403eb0-6359-43b6-977d-27cc2d3b8c59	1535
1660	d9403eb0-6359-43b6-977d-27cc2d3b8c59	1536
1661	d9403eb0-6359-43b6-977d-27cc2d3b8c59	1537
1662	d9403eb0-6359-43b6-977d-27cc2d3b8c59	1538
1663	d9403eb0-6359-43b6-977d-27cc2d3b8c59	1539
1664	d9403eb0-6359-43b6-977d-27cc2d3b8c59	1540
1665	d9403eb0-6359-43b6-977d-27cc2d3b8c59	1541
1666	d9403eb0-6359-43b6-977d-27cc2d3b8c59	1542
1667	d9403eb0-6359-43b6-977d-27cc2d3b8c59	1543
1668	d9403eb0-6359-43b6-977d-27cc2d3b8c59	1544
1669	d9403eb0-6359-43b6-977d-27cc2d3b8c59	1545
1670	d9403eb0-6359-43b6-977d-27cc2d3b8c59	1546
1671	d9403eb0-6359-43b6-977d-27cc2d3b8c59	1547
1672	d9403eb0-6359-43b6-977d-27cc2d3b8c59	1548
1673	d9403eb0-6359-43b6-977d-27cc2d3b8c59	1549
1674	d9403eb0-6359-43b6-977d-27cc2d3b8c59	1550
1675	d9403eb0-6359-43b6-977d-27cc2d3b8c59	1551
1676	d9403eb0-6359-43b6-977d-27cc2d3b8c59	1552
1677	d9403eb0-6359-43b6-977d-27cc2d3b8c59	1553
1678	d9403eb0-6359-43b6-977d-27cc2d3b8c59	1554
1679	d9403eb0-6359-43b6-977d-27cc2d3b8c59	1555
1680	d9403eb0-6359-43b6-977d-27cc2d3b8c59	1556
1681	d9403eb0-6359-43b6-977d-27cc2d3b8c59	1557
1682	d9403eb0-6359-43b6-977d-27cc2d3b8c59	1558
1683	d9403eb0-6359-43b6-977d-27cc2d3b8c59	1559
1684	d9403eb0-6359-43b6-977d-27cc2d3b8c59	1560
1685	d9403eb0-6359-43b6-977d-27cc2d3b8c59	1561
1686	d9403eb0-6359-43b6-977d-27cc2d3b8c59	1562
1687	d9403eb0-6359-43b6-977d-27cc2d3b8c59	1563
1688	d9403eb0-6359-43b6-977d-27cc2d3b8c59	1564
1689	d9403eb0-6359-43b6-977d-27cc2d3b8c59	1565
1690	d9403eb0-6359-43b6-977d-27cc2d3b8c59	1566
1691	d9403eb0-6359-43b6-977d-27cc2d3b8c59	1567
1692	d9403eb0-6359-43b6-977d-27cc2d3b8c59	1568
1693	d9403eb0-6359-43b6-977d-27cc2d3b8c59	1569
1694	d9403eb0-6359-43b6-977d-27cc2d3b8c59	1570
1695	d9403eb0-6359-43b6-977d-27cc2d3b8c59	1571
1696	d9403eb0-6359-43b6-977d-27cc2d3b8c59	1572
1697	d9403eb0-6359-43b6-977d-27cc2d3b8c59	1573
1698	d9403eb0-6359-43b6-977d-27cc2d3b8c59	1574
1699	d9403eb0-6359-43b6-977d-27cc2d3b8c59	1575
1700	d9403eb0-6359-43b6-977d-27cc2d3b8c59	1576
1701	d9403eb0-6359-43b6-977d-27cc2d3b8c59	1577
1702	d9403eb0-6359-43b6-977d-27cc2d3b8c59	1578
1703	d9403eb0-6359-43b6-977d-27cc2d3b8c59	1579
1704	d9403eb0-6359-43b6-977d-27cc2d3b8c59	1580
1705	d9403eb0-6359-43b6-977d-27cc2d3b8c59	1581
1706	d9403eb0-6359-43b6-977d-27cc2d3b8c59	1582
1707	d9403eb0-6359-43b6-977d-27cc2d3b8c59	1583
1708	d9403eb0-6359-43b6-977d-27cc2d3b8c59	1584
1709	d9403eb0-6359-43b6-977d-27cc2d3b8c59	1585
1710	d9403eb0-6359-43b6-977d-27cc2d3b8c59	1586
1711	d9403eb0-6359-43b6-977d-27cc2d3b8c59	1587
1712	d9403eb0-6359-43b6-977d-27cc2d3b8c59	1588
1713	d9403eb0-6359-43b6-977d-27cc2d3b8c59	1589
1714	d9403eb0-6359-43b6-977d-27cc2d3b8c59	1590
1715	d9403eb0-6359-43b6-977d-27cc2d3b8c59	1591
1716	d9403eb0-6359-43b6-977d-27cc2d3b8c59	1592
1717	d9403eb0-6359-43b6-977d-27cc2d3b8c59	1593
1718	d9403eb0-6359-43b6-977d-27cc2d3b8c59	1594
1719	d9403eb0-6359-43b6-977d-27cc2d3b8c59	1595
1720	d9403eb0-6359-43b6-977d-27cc2d3b8c59	1596
1721	d9403eb0-6359-43b6-977d-27cc2d3b8c59	1597
1722	d9403eb0-6359-43b6-977d-27cc2d3b8c59	1598
1723	d9403eb0-6359-43b6-977d-27cc2d3b8c59	1599
1724	d9403eb0-6359-43b6-977d-27cc2d3b8c59	1600
1725	d9403eb0-6359-43b6-977d-27cc2d3b8c59	1601
1726	d9403eb0-6359-43b6-977d-27cc2d3b8c59	1602
1727	d9403eb0-6359-43b6-977d-27cc2d3b8c59	1603
1728	d9403eb0-6359-43b6-977d-27cc2d3b8c59	1604
1729	d9403eb0-6359-43b6-977d-27cc2d3b8c59	1605
1730	d9403eb0-6359-43b6-977d-27cc2d3b8c59	1606
1731	d9403eb0-6359-43b6-977d-27cc2d3b8c59	1607
1732	d9403eb0-6359-43b6-977d-27cc2d3b8c59	1608
1733	d9403eb0-6359-43b6-977d-27cc2d3b8c59	1609
1734	d9403eb0-6359-43b6-977d-27cc2d3b8c59	1610
1735	d9403eb0-6359-43b6-977d-27cc2d3b8c59	1611
1736	d9403eb0-6359-43b6-977d-27cc2d3b8c59	1612
1737	d9403eb0-6359-43b6-977d-27cc2d3b8c59	1613
1738	d9403eb0-6359-43b6-977d-27cc2d3b8c59	1614
1739	d9403eb0-6359-43b6-977d-27cc2d3b8c59	1615
1740	d9403eb0-6359-43b6-977d-27cc2d3b8c59	1616
1741	d9403eb0-6359-43b6-977d-27cc2d3b8c59	1617
1742	d9403eb0-6359-43b6-977d-27cc2d3b8c59	1618
1743	d9403eb0-6359-43b6-977d-27cc2d3b8c59	1619
1744	d9403eb0-6359-43b6-977d-27cc2d3b8c59	1620
1745	d9403eb0-6359-43b6-977d-27cc2d3b8c59	1621
1746	d9403eb0-6359-43b6-977d-27cc2d3b8c59	1622
1747	d9403eb0-6359-43b6-977d-27cc2d3b8c59	1623
1748	d9403eb0-6359-43b6-977d-27cc2d3b8c59	1624
1749	d9403eb0-6359-43b6-977d-27cc2d3b8c59	1625
1750	d9403eb0-6359-43b6-977d-27cc2d3b8c59	1626
1751	d9403eb0-6359-43b6-977d-27cc2d3b8c59	1627
1752	d9403eb0-6359-43b6-977d-27cc2d3b8c59	1628
1753	d9403eb0-6359-43b6-977d-27cc2d3b8c59	1629
1754	d9403eb0-6359-43b6-977d-27cc2d3b8c59	1630
1755	d9403eb0-6359-43b6-977d-27cc2d3b8c59	1631
1756	d9403eb0-6359-43b6-977d-27cc2d3b8c59	1632
1757	d9403eb0-6359-43b6-977d-27cc2d3b8c59	1633
1758	d9403eb0-6359-43b6-977d-27cc2d3b8c59	1634
1759	d9403eb0-6359-43b6-977d-27cc2d3b8c59	1635
1760	d9403eb0-6359-43b6-977d-27cc2d3b8c59	1636
1761	d9403eb0-6359-43b6-977d-27cc2d3b8c59	1637
1762	d9403eb0-6359-43b6-977d-27cc2d3b8c59	1638
1763	d9403eb0-6359-43b6-977d-27cc2d3b8c59	1639
1764	d9403eb0-6359-43b6-977d-27cc2d3b8c59	1640
1765	d9403eb0-6359-43b6-977d-27cc2d3b8c59	1641
1766	d9403eb0-6359-43b6-977d-27cc2d3b8c59	1642
1767	d9403eb0-6359-43b6-977d-27cc2d3b8c59	1643
1768	d9403eb0-6359-43b6-977d-27cc2d3b8c59	1644
1769	d9403eb0-6359-43b6-977d-27cc2d3b8c59	1645
1770	d9403eb0-6359-43b6-977d-27cc2d3b8c59	1646
1771	d9403eb0-6359-43b6-977d-27cc2d3b8c59	1647
1772	d9403eb0-6359-43b6-977d-27cc2d3b8c59	1648
1773	d9403eb0-6359-43b6-977d-27cc2d3b8c59	1649
1774	d9403eb0-6359-43b6-977d-27cc2d3b8c59	1650
1775	d9403eb0-6359-43b6-977d-27cc2d3b8c59	1651
1776	d9403eb0-6359-43b6-977d-27cc2d3b8c59	1652
1777	d9403eb0-6359-43b6-977d-27cc2d3b8c59	1653
1778	d9403eb0-6359-43b6-977d-27cc2d3b8c59	1654
1779	d9403eb0-6359-43b6-977d-27cc2d3b8c59	1655
1780	d9403eb0-6359-43b6-977d-27cc2d3b8c59	1656
1781	d9403eb0-6359-43b6-977d-27cc2d3b8c59	1657
1782	d9403eb0-6359-43b6-977d-27cc2d3b8c59	1658
1783	d9403eb0-6359-43b6-977d-27cc2d3b8c59	1659
1784	d9403eb0-6359-43b6-977d-27cc2d3b8c59	1660
1785	d9403eb0-6359-43b6-977d-27cc2d3b8c59	1661
1786	d9403eb0-6359-43b6-977d-27cc2d3b8c59	1662
1787	d9403eb0-6359-43b6-977d-27cc2d3b8c59	1663
1788	d9403eb0-6359-43b6-977d-27cc2d3b8c59	1664
1789	d9403eb0-6359-43b6-977d-27cc2d3b8c59	1665
1790	d9403eb0-6359-43b6-977d-27cc2d3b8c59	1666
1791	d9403eb0-6359-43b6-977d-27cc2d3b8c59	1667
1792	d9403eb0-6359-43b6-977d-27cc2d3b8c59	1668
1793	d9403eb0-6359-43b6-977d-27cc2d3b8c59	1669
1794	d9403eb0-6359-43b6-977d-27cc2d3b8c59	1670
1795	d9403eb0-6359-43b6-977d-27cc2d3b8c59	1671
1796	d9403eb0-6359-43b6-977d-27cc2d3b8c59	1672
1797	d9403eb0-6359-43b6-977d-27cc2d3b8c59	1673
1798	d9403eb0-6359-43b6-977d-27cc2d3b8c59	1674
1799	d9403eb0-6359-43b6-977d-27cc2d3b8c59	1675
1800	d9403eb0-6359-43b6-977d-27cc2d3b8c59	1676
1801	d9403eb0-6359-43b6-977d-27cc2d3b8c59	1677
1802	d9403eb0-6359-43b6-977d-27cc2d3b8c59	1678
1803	d9403eb0-6359-43b6-977d-27cc2d3b8c59	1679
1804	d9403eb0-6359-43b6-977d-27cc2d3b8c59	1680
1805	d9403eb0-6359-43b6-977d-27cc2d3b8c59	1681
1806	d9403eb0-6359-43b6-977d-27cc2d3b8c59	1682
1807	d9403eb0-6359-43b6-977d-27cc2d3b8c59	1683
1808	d9403eb0-6359-43b6-977d-27cc2d3b8c59	1684
1809	d9403eb0-6359-43b6-977d-27cc2d3b8c59	1685
1810	d9403eb0-6359-43b6-977d-27cc2d3b8c59	1686
1811	d9403eb0-6359-43b6-977d-27cc2d3b8c59	1687
1812	d9403eb0-6359-43b6-977d-27cc2d3b8c59	1688
1813	d9403eb0-6359-43b6-977d-27cc2d3b8c59	1689
1814	d9403eb0-6359-43b6-977d-27cc2d3b8c59	1690
1815	d9403eb0-6359-43b6-977d-27cc2d3b8c59	1691
1816	d9403eb0-6359-43b6-977d-27cc2d3b8c59	1692
1817	d9403eb0-6359-43b6-977d-27cc2d3b8c59	1693
1818	d9403eb0-6359-43b6-977d-27cc2d3b8c59	1694
1819	d9403eb0-6359-43b6-977d-27cc2d3b8c59	1695
1820	d9403eb0-6359-43b6-977d-27cc2d3b8c59	1696
1821	d9403eb0-6359-43b6-977d-27cc2d3b8c59	1697
1822	d9403eb0-6359-43b6-977d-27cc2d3b8c59	1698
1823	d9403eb0-6359-43b6-977d-27cc2d3b8c59	1699
1824	d9403eb0-6359-43b6-977d-27cc2d3b8c59	1700
1825	d9403eb0-6359-43b6-977d-27cc2d3b8c59	1701
1826	d9403eb0-6359-43b6-977d-27cc2d3b8c59	1702
1827	d9403eb0-6359-43b6-977d-27cc2d3b8c59	1703
1828	d9403eb0-6359-43b6-977d-27cc2d3b8c59	1704
1829	d9403eb0-6359-43b6-977d-27cc2d3b8c59	1705
1830	d9403eb0-6359-43b6-977d-27cc2d3b8c59	1706
1831	d9403eb0-6359-43b6-977d-27cc2d3b8c59	1707
1832	d9403eb0-6359-43b6-977d-27cc2d3b8c59	1708
1833	d9403eb0-6359-43b6-977d-27cc2d3b8c59	1709
1834	d9403eb0-6359-43b6-977d-27cc2d3b8c59	1710
1835	d9403eb0-6359-43b6-977d-27cc2d3b8c59	1711
1836	d9403eb0-6359-43b6-977d-27cc2d3b8c59	1712
1837	d9403eb0-6359-43b6-977d-27cc2d3b8c59	1713
1838	d9403eb0-6359-43b6-977d-27cc2d3b8c59	1714
1839	d9403eb0-6359-43b6-977d-27cc2d3b8c59	1715
1840	d9403eb0-6359-43b6-977d-27cc2d3b8c59	1716
1841	d9403eb0-6359-43b6-977d-27cc2d3b8c59	1717
1842	d9403eb0-6359-43b6-977d-27cc2d3b8c59	1718
1843	d9403eb0-6359-43b6-977d-27cc2d3b8c59	1719
1844	d9403eb0-6359-43b6-977d-27cc2d3b8c59	1720
1845	d9403eb0-6359-43b6-977d-27cc2d3b8c59	1721
1846	d9403eb0-6359-43b6-977d-27cc2d3b8c59	1722
1847	d9403eb0-6359-43b6-977d-27cc2d3b8c59	1723
1848	d9403eb0-6359-43b6-977d-27cc2d3b8c59	1724
1849	d9403eb0-6359-43b6-977d-27cc2d3b8c59	1725
1850	d9403eb0-6359-43b6-977d-27cc2d3b8c59	1726
1851	d9403eb0-6359-43b6-977d-27cc2d3b8c59	1727
1852	d9403eb0-6359-43b6-977d-27cc2d3b8c59	1728
1853	d9403eb0-6359-43b6-977d-27cc2d3b8c59	1729
1854	d9403eb0-6359-43b6-977d-27cc2d3b8c59	1730
1855	d9403eb0-6359-43b6-977d-27cc2d3b8c59	1731
1856	d9403eb0-6359-43b6-977d-27cc2d3b8c59	1732
1857	d9403eb0-6359-43b6-977d-27cc2d3b8c59	1733
1858	d9403eb0-6359-43b6-977d-27cc2d3b8c59	1734
1859	d9403eb0-6359-43b6-977d-27cc2d3b8c59	1735
1860	d9403eb0-6359-43b6-977d-27cc2d3b8c59	1736
1861	d9403eb0-6359-43b6-977d-27cc2d3b8c59	1737
1862	d9403eb0-6359-43b6-977d-27cc2d3b8c59	1738
1863	d9403eb0-6359-43b6-977d-27cc2d3b8c59	1739
1864	d9403eb0-6359-43b6-977d-27cc2d3b8c59	1740
1865	d9403eb0-6359-43b6-977d-27cc2d3b8c59	1741
1866	d9403eb0-6359-43b6-977d-27cc2d3b8c59	1742
1867	d9403eb0-6359-43b6-977d-27cc2d3b8c59	1743
1868	d9403eb0-6359-43b6-977d-27cc2d3b8c59	1744
1869	d9403eb0-6359-43b6-977d-27cc2d3b8c59	1745
1870	d9403eb0-6359-43b6-977d-27cc2d3b8c59	1746
1871	d9403eb0-6359-43b6-977d-27cc2d3b8c59	1747
1872	d9403eb0-6359-43b6-977d-27cc2d3b8c59	1748
1873	d9403eb0-6359-43b6-977d-27cc2d3b8c59	1749
1874	d9403eb0-6359-43b6-977d-27cc2d3b8c59	1750
1875	d9403eb0-6359-43b6-977d-27cc2d3b8c59	1751
1876	d9403eb0-6359-43b6-977d-27cc2d3b8c59	1752
1877	d9403eb0-6359-43b6-977d-27cc2d3b8c59	1753
1878	d9403eb0-6359-43b6-977d-27cc2d3b8c59	1754
1879	d9403eb0-6359-43b6-977d-27cc2d3b8c59	1755
1880	d9403eb0-6359-43b6-977d-27cc2d3b8c59	1756
1881	d9403eb0-6359-43b6-977d-27cc2d3b8c59	1757
1882	d9403eb0-6359-43b6-977d-27cc2d3b8c59	1758
1883	d9403eb0-6359-43b6-977d-27cc2d3b8c59	1759
1884	d9403eb0-6359-43b6-977d-27cc2d3b8c59	1760
1885	d9403eb0-6359-43b6-977d-27cc2d3b8c59	1761
1886	d9403eb0-6359-43b6-977d-27cc2d3b8c59	1762
1887	d9403eb0-6359-43b6-977d-27cc2d3b8c59	1763
1888	d9403eb0-6359-43b6-977d-27cc2d3b8c59	1764
1889	d9403eb0-6359-43b6-977d-27cc2d3b8c59	1765
1890	d9403eb0-6359-43b6-977d-27cc2d3b8c59	1766
1891	d9403eb0-6359-43b6-977d-27cc2d3b8c59	1767
1892	d9403eb0-6359-43b6-977d-27cc2d3b8c59	1768
1893	d9403eb0-6359-43b6-977d-27cc2d3b8c59	1769
1894	d9403eb0-6359-43b6-977d-27cc2d3b8c59	1770
1895	d9403eb0-6359-43b6-977d-27cc2d3b8c59	1771
1896	d9403eb0-6359-43b6-977d-27cc2d3b8c59	1772
1897	d9403eb0-6359-43b6-977d-27cc2d3b8c59	1773
1898	d9403eb0-6359-43b6-977d-27cc2d3b8c59	1774
1899	d9403eb0-6359-43b6-977d-27cc2d3b8c59	1775
1900	d9403eb0-6359-43b6-977d-27cc2d3b8c59	1776
1901	d9403eb0-6359-43b6-977d-27cc2d3b8c59	1777
1902	d9403eb0-6359-43b6-977d-27cc2d3b8c59	1778
1903	d9403eb0-6359-43b6-977d-27cc2d3b8c59	1779
1904	d9403eb0-6359-43b6-977d-27cc2d3b8c59	1780
1905	d9403eb0-6359-43b6-977d-27cc2d3b8c59	1781
1906	d9403eb0-6359-43b6-977d-27cc2d3b8c59	1782
1907	d9403eb0-6359-43b6-977d-27cc2d3b8c59	1783
1908	d9403eb0-6359-43b6-977d-27cc2d3b8c59	1784
1909	d9403eb0-6359-43b6-977d-27cc2d3b8c59	1785
1910	d9403eb0-6359-43b6-977d-27cc2d3b8c59	1786
1911	d9403eb0-6359-43b6-977d-27cc2d3b8c59	1787
1912	d9403eb0-6359-43b6-977d-27cc2d3b8c59	1788
1913	d9403eb0-6359-43b6-977d-27cc2d3b8c59	1789
1914	d9403eb0-6359-43b6-977d-27cc2d3b8c59	1790
1915	d9403eb0-6359-43b6-977d-27cc2d3b8c59	1791
1916	d9403eb0-6359-43b6-977d-27cc2d3b8c59	1792
1917	d9403eb0-6359-43b6-977d-27cc2d3b8c59	1793
1918	d9403eb0-6359-43b6-977d-27cc2d3b8c59	1794
1919	d9403eb0-6359-43b6-977d-27cc2d3b8c59	1795
1920	d9403eb0-6359-43b6-977d-27cc2d3b8c59	1796
1921	d9403eb0-6359-43b6-977d-27cc2d3b8c59	1797
1922	d9403eb0-6359-43b6-977d-27cc2d3b8c59	1798
1923	d9403eb0-6359-43b6-977d-27cc2d3b8c59	1799
1924	d9403eb0-6359-43b6-977d-27cc2d3b8c59	1800
1925	d9403eb0-6359-43b6-977d-27cc2d3b8c59	1801
1926	d9403eb0-6359-43b6-977d-27cc2d3b8c59	1802
1927	d9403eb0-6359-43b6-977d-27cc2d3b8c59	1803
1928	d9403eb0-6359-43b6-977d-27cc2d3b8c59	1804
1929	d9403eb0-6359-43b6-977d-27cc2d3b8c59	1805
1930	d9403eb0-6359-43b6-977d-27cc2d3b8c59	1806
1931	d9403eb0-6359-43b6-977d-27cc2d3b8c59	1807
1932	d9403eb0-6359-43b6-977d-27cc2d3b8c59	1808
1933	d9403eb0-6359-43b6-977d-27cc2d3b8c59	1809
1934	d9403eb0-6359-43b6-977d-27cc2d3b8c59	1810
1935	d9403eb0-6359-43b6-977d-27cc2d3b8c59	1811
1936	d9403eb0-6359-43b6-977d-27cc2d3b8c59	1812
1937	d9403eb0-6359-43b6-977d-27cc2d3b8c59	1813
1938	d9403eb0-6359-43b6-977d-27cc2d3b8c59	1814
1939	d9403eb0-6359-43b6-977d-27cc2d3b8c59	1815
1940	d9403eb0-6359-43b6-977d-27cc2d3b8c59	1816
1941	d9403eb0-6359-43b6-977d-27cc2d3b8c59	1817
1942	d9403eb0-6359-43b6-977d-27cc2d3b8c59	1818
1943	d9403eb0-6359-43b6-977d-27cc2d3b8c59	1819
1944	d9403eb0-6359-43b6-977d-27cc2d3b8c59	1820
1945	d9403eb0-6359-43b6-977d-27cc2d3b8c59	1821
1946	d9403eb0-6359-43b6-977d-27cc2d3b8c59	1822
1947	d9403eb0-6359-43b6-977d-27cc2d3b8c59	1823
1948	d9403eb0-6359-43b6-977d-27cc2d3b8c59	1824
1949	d9403eb0-6359-43b6-977d-27cc2d3b8c59	1825
1950	d9403eb0-6359-43b6-977d-27cc2d3b8c59	1826
1951	d9403eb0-6359-43b6-977d-27cc2d3b8c59	1827
1952	d9403eb0-6359-43b6-977d-27cc2d3b8c59	1828
1953	d9403eb0-6359-43b6-977d-27cc2d3b8c59	1829
1954	d9403eb0-6359-43b6-977d-27cc2d3b8c59	1830
1955	d9403eb0-6359-43b6-977d-27cc2d3b8c59	1831
1956	d9403eb0-6359-43b6-977d-27cc2d3b8c59	1832
1957	d9403eb0-6359-43b6-977d-27cc2d3b8c59	1833
1958	d9403eb0-6359-43b6-977d-27cc2d3b8c59	1834
1959	d9403eb0-6359-43b6-977d-27cc2d3b8c59	1835
1960	d9403eb0-6359-43b6-977d-27cc2d3b8c59	1836
1961	d9403eb0-6359-43b6-977d-27cc2d3b8c59	1837
1962	d9403eb0-6359-43b6-977d-27cc2d3b8c59	1838
1963	d9403eb0-6359-43b6-977d-27cc2d3b8c59	1839
1964	d9403eb0-6359-43b6-977d-27cc2d3b8c59	1840
1965	d9403eb0-6359-43b6-977d-27cc2d3b8c59	1841
1966	d9403eb0-6359-43b6-977d-27cc2d3b8c59	1842
1967	d9403eb0-6359-43b6-977d-27cc2d3b8c59	1843
1968	d9403eb0-6359-43b6-977d-27cc2d3b8c59	1844
1969	d9403eb0-6359-43b6-977d-27cc2d3b8c59	1845
1970	d9403eb0-6359-43b6-977d-27cc2d3b8c59	1846
1971	d9403eb0-6359-43b6-977d-27cc2d3b8c59	1847
1972	d9403eb0-6359-43b6-977d-27cc2d3b8c59	1848
1973	d9403eb0-6359-43b6-977d-27cc2d3b8c59	1849
1974	d9403eb0-6359-43b6-977d-27cc2d3b8c59	1850
1975	d9403eb0-6359-43b6-977d-27cc2d3b8c59	1851
1976	d9403eb0-6359-43b6-977d-27cc2d3b8c59	1852
1977	d9403eb0-6359-43b6-977d-27cc2d3b8c59	1853
1978	d9403eb0-6359-43b6-977d-27cc2d3b8c59	1854
1979	d9403eb0-6359-43b6-977d-27cc2d3b8c59	1855
1980	d9403eb0-6359-43b6-977d-27cc2d3b8c59	1856
1981	d9403eb0-6359-43b6-977d-27cc2d3b8c59	1857
1982	d9403eb0-6359-43b6-977d-27cc2d3b8c59	1858
1983	d9403eb0-6359-43b6-977d-27cc2d3b8c59	1859
1984	d9403eb0-6359-43b6-977d-27cc2d3b8c59	1860
1985	d9403eb0-6359-43b6-977d-27cc2d3b8c59	1861
1986	d9403eb0-6359-43b6-977d-27cc2d3b8c59	1862
1987	d9403eb0-6359-43b6-977d-27cc2d3b8c59	1863
1988	d9403eb0-6359-43b6-977d-27cc2d3b8c59	1864
1989	d9403eb0-6359-43b6-977d-27cc2d3b8c59	1865
1990	d9403eb0-6359-43b6-977d-27cc2d3b8c59	1866
1991	d9403eb0-6359-43b6-977d-27cc2d3b8c59	1867
1992	d9403eb0-6359-43b6-977d-27cc2d3b8c59	1868
1993	d9403eb0-6359-43b6-977d-27cc2d3b8c59	1869
1994	d9403eb0-6359-43b6-977d-27cc2d3b8c59	1870
1995	d9403eb0-6359-43b6-977d-27cc2d3b8c59	1871
1996	d9403eb0-6359-43b6-977d-27cc2d3b8c59	1872
1997	d9403eb0-6359-43b6-977d-27cc2d3b8c59	1873
1998	d9403eb0-6359-43b6-977d-27cc2d3b8c59	1874
1999	d9403eb0-6359-43b6-977d-27cc2d3b8c59	1875
2000	d9403eb0-6359-43b6-977d-27cc2d3b8c59	1876
2001	d9403eb0-6359-43b6-977d-27cc2d3b8c59	1877
2002	d9403eb0-6359-43b6-977d-27cc2d3b8c59	1878
2003	d9403eb0-6359-43b6-977d-27cc2d3b8c59	1879
2004	d9403eb0-6359-43b6-977d-27cc2d3b8c59	1880
2005	d9403eb0-6359-43b6-977d-27cc2d3b8c59	1881
2006	d9403eb0-6359-43b6-977d-27cc2d3b8c59	1882
2007	d9403eb0-6359-43b6-977d-27cc2d3b8c59	1883
2008	d9403eb0-6359-43b6-977d-27cc2d3b8c59	1884
2009	d9403eb0-6359-43b6-977d-27cc2d3b8c59	1885
2010	d9403eb0-6359-43b6-977d-27cc2d3b8c59	1886
2011	d9403eb0-6359-43b6-977d-27cc2d3b8c59	1887
2012	d9403eb0-6359-43b6-977d-27cc2d3b8c59	1888
2013	d9403eb0-6359-43b6-977d-27cc2d3b8c59	1889
2014	d9403eb0-6359-43b6-977d-27cc2d3b8c59	1890
2015	d9403eb0-6359-43b6-977d-27cc2d3b8c59	1891
2016	d9403eb0-6359-43b6-977d-27cc2d3b8c59	1892
2017	d9403eb0-6359-43b6-977d-27cc2d3b8c59	1893
2018	d9403eb0-6359-43b6-977d-27cc2d3b8c59	1894
2019	d9403eb0-6359-43b6-977d-27cc2d3b8c59	1895
2020	d9403eb0-6359-43b6-977d-27cc2d3b8c59	1896
2021	d9403eb0-6359-43b6-977d-27cc2d3b8c59	1897
2022	d9403eb0-6359-43b6-977d-27cc2d3b8c59	1898
2023	d9403eb0-6359-43b6-977d-27cc2d3b8c59	1899
2024	d9403eb0-6359-43b6-977d-27cc2d3b8c59	1900
2025	d9403eb0-6359-43b6-977d-27cc2d3b8c59	1901
2026	d9403eb0-6359-43b6-977d-27cc2d3b8c59	1902
2027	d9403eb0-6359-43b6-977d-27cc2d3b8c59	1903
2028	d9403eb0-6359-43b6-977d-27cc2d3b8c59	1904
2029	d9403eb0-6359-43b6-977d-27cc2d3b8c59	1905
2030	d9403eb0-6359-43b6-977d-27cc2d3b8c59	1906
2031	d9403eb0-6359-43b6-977d-27cc2d3b8c59	1907
2032	d9403eb0-6359-43b6-977d-27cc2d3b8c59	1908
2033	d9403eb0-6359-43b6-977d-27cc2d3b8c59	1909
2034	d9403eb0-6359-43b6-977d-27cc2d3b8c59	1910
2035	d9403eb0-6359-43b6-977d-27cc2d3b8c59	1911
2036	d9403eb0-6359-43b6-977d-27cc2d3b8c59	1912
2037	d9403eb0-6359-43b6-977d-27cc2d3b8c59	1913
2038	d9403eb0-6359-43b6-977d-27cc2d3b8c59	1914
2039	d9403eb0-6359-43b6-977d-27cc2d3b8c59	1915
2040	d9403eb0-6359-43b6-977d-27cc2d3b8c59	1916
2041	d9403eb0-6359-43b6-977d-27cc2d3b8c59	1917
2042	d9403eb0-6359-43b6-977d-27cc2d3b8c59	1918
2043	d9403eb0-6359-43b6-977d-27cc2d3b8c59	1919
2044	d9403eb0-6359-43b6-977d-27cc2d3b8c59	1920
2045	d9403eb0-6359-43b6-977d-27cc2d3b8c59	1921
2046	d9403eb0-6359-43b6-977d-27cc2d3b8c59	1922
2047	d9403eb0-6359-43b6-977d-27cc2d3b8c59	1923
2048	d9403eb0-6359-43b6-977d-27cc2d3b8c59	1924
2049	d9403eb0-6359-43b6-977d-27cc2d3b8c59	1925
2050	d9403eb0-6359-43b6-977d-27cc2d3b8c59	1926
2051	d9403eb0-6359-43b6-977d-27cc2d3b8c59	1927
2052	d9403eb0-6359-43b6-977d-27cc2d3b8c59	1928
2053	d9403eb0-6359-43b6-977d-27cc2d3b8c59	1929
2054	d9403eb0-6359-43b6-977d-27cc2d3b8c59	1930
2055	d9403eb0-6359-43b6-977d-27cc2d3b8c59	1931
2056	d9403eb0-6359-43b6-977d-27cc2d3b8c59	1932
2057	d9403eb0-6359-43b6-977d-27cc2d3b8c59	1933
2058	d9403eb0-6359-43b6-977d-27cc2d3b8c59	1934
2059	d9403eb0-6359-43b6-977d-27cc2d3b8c59	1935
2060	d9403eb0-6359-43b6-977d-27cc2d3b8c59	1936
2061	d9403eb0-6359-43b6-977d-27cc2d3b8c59	1937
2062	d9403eb0-6359-43b6-977d-27cc2d3b8c59	1938
2063	d9403eb0-6359-43b6-977d-27cc2d3b8c59	1939
2064	d9403eb0-6359-43b6-977d-27cc2d3b8c59	1940
2065	d9403eb0-6359-43b6-977d-27cc2d3b8c59	1941
2066	d9403eb0-6359-43b6-977d-27cc2d3b8c59	1942
2067	d9403eb0-6359-43b6-977d-27cc2d3b8c59	1943
2068	d9403eb0-6359-43b6-977d-27cc2d3b8c59	1944
2069	d9403eb0-6359-43b6-977d-27cc2d3b8c59	1945
2070	d9403eb0-6359-43b6-977d-27cc2d3b8c59	1946
2071	d9403eb0-6359-43b6-977d-27cc2d3b8c59	1947
2072	d9403eb0-6359-43b6-977d-27cc2d3b8c59	1948
2073	d9403eb0-6359-43b6-977d-27cc2d3b8c59	1949
2074	d9403eb0-6359-43b6-977d-27cc2d3b8c59	1950
2075	d9403eb0-6359-43b6-977d-27cc2d3b8c59	1951
2076	d9403eb0-6359-43b6-977d-27cc2d3b8c59	1952
2077	d9403eb0-6359-43b6-977d-27cc2d3b8c59	1953
2078	d9403eb0-6359-43b6-977d-27cc2d3b8c59	1954
2079	d9403eb0-6359-43b6-977d-27cc2d3b8c59	1955
2080	d9403eb0-6359-43b6-977d-27cc2d3b8c59	1956
2081	d9403eb0-6359-43b6-977d-27cc2d3b8c59	1957
2082	d9403eb0-6359-43b6-977d-27cc2d3b8c59	1958
2083	d9403eb0-6359-43b6-977d-27cc2d3b8c59	1959
2084	d9403eb0-6359-43b6-977d-27cc2d3b8c59	1960
2085	d9403eb0-6359-43b6-977d-27cc2d3b8c59	1961
2086	d9403eb0-6359-43b6-977d-27cc2d3b8c59	1962
2087	d9403eb0-6359-43b6-977d-27cc2d3b8c59	1963
2088	d9403eb0-6359-43b6-977d-27cc2d3b8c59	1964
2089	d9403eb0-6359-43b6-977d-27cc2d3b8c59	1965
2090	d9403eb0-6359-43b6-977d-27cc2d3b8c59	1966
2091	d9403eb0-6359-43b6-977d-27cc2d3b8c59	1967
2092	d9403eb0-6359-43b6-977d-27cc2d3b8c59	1968
2093	d9403eb0-6359-43b6-977d-27cc2d3b8c59	1969
2094	d9403eb0-6359-43b6-977d-27cc2d3b8c59	1970
2095	d9403eb0-6359-43b6-977d-27cc2d3b8c59	1971
2096	d9403eb0-6359-43b6-977d-27cc2d3b8c59	1972
2097	d9403eb0-6359-43b6-977d-27cc2d3b8c59	1973
2098	d9403eb0-6359-43b6-977d-27cc2d3b8c59	1974
2099	d9403eb0-6359-43b6-977d-27cc2d3b8c59	1975
2100	d9403eb0-6359-43b6-977d-27cc2d3b8c59	1976
2101	d9403eb0-6359-43b6-977d-27cc2d3b8c59	1977
2102	d9403eb0-6359-43b6-977d-27cc2d3b8c59	1978
2103	d9403eb0-6359-43b6-977d-27cc2d3b8c59	1979
2104	d9403eb0-6359-43b6-977d-27cc2d3b8c59	1980
2105	d9403eb0-6359-43b6-977d-27cc2d3b8c59	1981
2106	d9403eb0-6359-43b6-977d-27cc2d3b8c59	1982
2107	d9403eb0-6359-43b6-977d-27cc2d3b8c59	1983
2108	d9403eb0-6359-43b6-977d-27cc2d3b8c59	1984
2109	d9403eb0-6359-43b6-977d-27cc2d3b8c59	1985
2110	d9403eb0-6359-43b6-977d-27cc2d3b8c59	1986
2111	d9403eb0-6359-43b6-977d-27cc2d3b8c59	1987
2112	d9403eb0-6359-43b6-977d-27cc2d3b8c59	1988
2113	d9403eb0-6359-43b6-977d-27cc2d3b8c59	1989
2114	d9403eb0-6359-43b6-977d-27cc2d3b8c59	1990
2115	d9403eb0-6359-43b6-977d-27cc2d3b8c59	1991
2116	d9403eb0-6359-43b6-977d-27cc2d3b8c59	1992
2117	d9403eb0-6359-43b6-977d-27cc2d3b8c59	1993
2118	d9403eb0-6359-43b6-977d-27cc2d3b8c59	1994
2119	d9403eb0-6359-43b6-977d-27cc2d3b8c59	1995
2120	d9403eb0-6359-43b6-977d-27cc2d3b8c59	1996
2121	d9403eb0-6359-43b6-977d-27cc2d3b8c59	1997
2122	d9403eb0-6359-43b6-977d-27cc2d3b8c59	1998
2123	d9403eb0-6359-43b6-977d-27cc2d3b8c59	1999
2124	d9403eb0-6359-43b6-977d-27cc2d3b8c59	2000
2125	d9403eb0-6359-43b6-977d-27cc2d3b8c59	2001
2126	d9403eb0-6359-43b6-977d-27cc2d3b8c59	2002
2127	d9403eb0-6359-43b6-977d-27cc2d3b8c59	2003
2128	d9403eb0-6359-43b6-977d-27cc2d3b8c59	2004
2129	d9403eb0-6359-43b6-977d-27cc2d3b8c59	2005
2130	d9403eb0-6359-43b6-977d-27cc2d3b8c59	2006
2131	d9403eb0-6359-43b6-977d-27cc2d3b8c59	2007
2132	d9403eb0-6359-43b6-977d-27cc2d3b8c59	2008
2133	d9403eb0-6359-43b6-977d-27cc2d3b8c59	2009
2134	d9403eb0-6359-43b6-977d-27cc2d3b8c59	2010
2135	d9403eb0-6359-43b6-977d-27cc2d3b8c59	2011
2136	d9403eb0-6359-43b6-977d-27cc2d3b8c59	2012
2137	d9403eb0-6359-43b6-977d-27cc2d3b8c59	2013
2138	d9403eb0-6359-43b6-977d-27cc2d3b8c59	2014
2139	d9403eb0-6359-43b6-977d-27cc2d3b8c59	2015
2140	d9403eb0-6359-43b6-977d-27cc2d3b8c59	2016
2141	d9403eb0-6359-43b6-977d-27cc2d3b8c59	2017
2142	d9403eb0-6359-43b6-977d-27cc2d3b8c59	2018
2143	d9403eb0-6359-43b6-977d-27cc2d3b8c59	2019
2144	d9403eb0-6359-43b6-977d-27cc2d3b8c59	2020
2145	d9403eb0-6359-43b6-977d-27cc2d3b8c59	2021
2146	d9403eb0-6359-43b6-977d-27cc2d3b8c59	2022
2147	d9403eb0-6359-43b6-977d-27cc2d3b8c59	2023
2148	d9403eb0-6359-43b6-977d-27cc2d3b8c59	2024
2149	d9403eb0-6359-43b6-977d-27cc2d3b8c59	2025
2150	d9403eb0-6359-43b6-977d-27cc2d3b8c59	2026
2151	d9403eb0-6359-43b6-977d-27cc2d3b8c59	2027
2152	d9403eb0-6359-43b6-977d-27cc2d3b8c59	2028
2153	d9403eb0-6359-43b6-977d-27cc2d3b8c59	2029
2154	d9403eb0-6359-43b6-977d-27cc2d3b8c59	2030
2155	d9403eb0-6359-43b6-977d-27cc2d3b8c59	2031
2156	d9403eb0-6359-43b6-977d-27cc2d3b8c59	2032
2157	d9403eb0-6359-43b6-977d-27cc2d3b8c59	2033
2158	d9403eb0-6359-43b6-977d-27cc2d3b8c59	2034
2159	d9403eb0-6359-43b6-977d-27cc2d3b8c59	2035
2160	d9403eb0-6359-43b6-977d-27cc2d3b8c59	2036
2161	d9403eb0-6359-43b6-977d-27cc2d3b8c59	2037
2162	d9403eb0-6359-43b6-977d-27cc2d3b8c59	2038
2163	d9403eb0-6359-43b6-977d-27cc2d3b8c59	2039
2164	d9403eb0-6359-43b6-977d-27cc2d3b8c59	2040
2165	d9403eb0-6359-43b6-977d-27cc2d3b8c59	2041
2166	d9403eb0-6359-43b6-977d-27cc2d3b8c59	2042
2167	d9403eb0-6359-43b6-977d-27cc2d3b8c59	2043
2168	d9403eb0-6359-43b6-977d-27cc2d3b8c59	2044
2169	d9403eb0-6359-43b6-977d-27cc2d3b8c59	2045
2170	d9403eb0-6359-43b6-977d-27cc2d3b8c59	2046
2171	d9403eb0-6359-43b6-977d-27cc2d3b8c59	2047
2172	d9403eb0-6359-43b6-977d-27cc2d3b8c59	2048
2173	d9403eb0-6359-43b6-977d-27cc2d3b8c59	2049
2174	d9403eb0-6359-43b6-977d-27cc2d3b8c59	2050
2175	d9403eb0-6359-43b6-977d-27cc2d3b8c59	2051
2176	d9403eb0-6359-43b6-977d-27cc2d3b8c59	2052
2177	d9403eb0-6359-43b6-977d-27cc2d3b8c59	2053
2178	d9403eb0-6359-43b6-977d-27cc2d3b8c59	2054
2179	d9403eb0-6359-43b6-977d-27cc2d3b8c59	2055
2180	d9403eb0-6359-43b6-977d-27cc2d3b8c59	2056
2181	d9403eb0-6359-43b6-977d-27cc2d3b8c59	2057
2182	d9403eb0-6359-43b6-977d-27cc2d3b8c59	2058
2183	d9403eb0-6359-43b6-977d-27cc2d3b8c59	2059
2184	d9403eb0-6359-43b6-977d-27cc2d3b8c59	2060
2185	d9403eb0-6359-43b6-977d-27cc2d3b8c59	2061
2186	d9403eb0-6359-43b6-977d-27cc2d3b8c59	2062
2187	d9403eb0-6359-43b6-977d-27cc2d3b8c59	2063
2188	d9403eb0-6359-43b6-977d-27cc2d3b8c59	2064
2189	d9403eb0-6359-43b6-977d-27cc2d3b8c59	2065
2190	d9403eb0-6359-43b6-977d-27cc2d3b8c59	2066
2191	d9403eb0-6359-43b6-977d-27cc2d3b8c59	2067
2192	d9403eb0-6359-43b6-977d-27cc2d3b8c59	2068
2193	d9403eb0-6359-43b6-977d-27cc2d3b8c59	2069
2194	d9403eb0-6359-43b6-977d-27cc2d3b8c59	2070
2195	d9403eb0-6359-43b6-977d-27cc2d3b8c59	2071
2196	d9403eb0-6359-43b6-977d-27cc2d3b8c59	2072
2197	d9403eb0-6359-43b6-977d-27cc2d3b8c59	2073
2198	d9403eb0-6359-43b6-977d-27cc2d3b8c59	2074
2199	d9403eb0-6359-43b6-977d-27cc2d3b8c59	2075
2200	d9403eb0-6359-43b6-977d-27cc2d3b8c59	2076
2201	d9403eb0-6359-43b6-977d-27cc2d3b8c59	2077
2202	d9403eb0-6359-43b6-977d-27cc2d3b8c59	2078
2203	d9403eb0-6359-43b6-977d-27cc2d3b8c59	2079
2204	d9403eb0-6359-43b6-977d-27cc2d3b8c59	2080
2205	d9403eb0-6359-43b6-977d-27cc2d3b8c59	2081
2206	d9403eb0-6359-43b6-977d-27cc2d3b8c59	2082
2207	d9403eb0-6359-43b6-977d-27cc2d3b8c59	2083
2208	d9403eb0-6359-43b6-977d-27cc2d3b8c59	2084
2209	d9403eb0-6359-43b6-977d-27cc2d3b8c59	2085
2210	d9403eb0-6359-43b6-977d-27cc2d3b8c59	2086
2211	d9403eb0-6359-43b6-977d-27cc2d3b8c59	2087
2212	d9403eb0-6359-43b6-977d-27cc2d3b8c59	2088
2213	d9403eb0-6359-43b6-977d-27cc2d3b8c59	2089
2214	d9403eb0-6359-43b6-977d-27cc2d3b8c59	2090
2215	d9403eb0-6359-43b6-977d-27cc2d3b8c59	2091
2216	d9403eb0-6359-43b6-977d-27cc2d3b8c59	2092
2217	d9403eb0-6359-43b6-977d-27cc2d3b8c59	2093
2218	d9403eb0-6359-43b6-977d-27cc2d3b8c59	2094
2219	d9403eb0-6359-43b6-977d-27cc2d3b8c59	2095
2220	d9403eb0-6359-43b6-977d-27cc2d3b8c59	2096
2221	d9403eb0-6359-43b6-977d-27cc2d3b8c59	2097
2222	d9403eb0-6359-43b6-977d-27cc2d3b8c59	2098
2223	d9403eb0-6359-43b6-977d-27cc2d3b8c59	2099
2224	d9403eb0-6359-43b6-977d-27cc2d3b8c59	2100
2225	d9403eb0-6359-43b6-977d-27cc2d3b8c59	2101
2226	d9403eb0-6359-43b6-977d-27cc2d3b8c59	2102
2227	d9403eb0-6359-43b6-977d-27cc2d3b8c59	2103
2228	d9403eb0-6359-43b6-977d-27cc2d3b8c59	2104
2229	d9403eb0-6359-43b6-977d-27cc2d3b8c59	2105
2230	d9403eb0-6359-43b6-977d-27cc2d3b8c59	2106
2231	d9403eb0-6359-43b6-977d-27cc2d3b8c59	2107
2232	d9403eb0-6359-43b6-977d-27cc2d3b8c59	2108
2233	d9403eb0-6359-43b6-977d-27cc2d3b8c59	2109
2234	d9403eb0-6359-43b6-977d-27cc2d3b8c59	2110
2235	d9403eb0-6359-43b6-977d-27cc2d3b8c59	2111
2236	d9403eb0-6359-43b6-977d-27cc2d3b8c59	2112
2237	d9403eb0-6359-43b6-977d-27cc2d3b8c59	2113
2238	d9403eb0-6359-43b6-977d-27cc2d3b8c59	2114
2239	d9403eb0-6359-43b6-977d-27cc2d3b8c59	2115
2240	d9403eb0-6359-43b6-977d-27cc2d3b8c59	2116
2241	d9403eb0-6359-43b6-977d-27cc2d3b8c59	2117
2242	d9403eb0-6359-43b6-977d-27cc2d3b8c59	2118
2243	d9403eb0-6359-43b6-977d-27cc2d3b8c59	2119
2244	d9403eb0-6359-43b6-977d-27cc2d3b8c59	2120
2245	d9403eb0-6359-43b6-977d-27cc2d3b8c59	2121
2246	d9403eb0-6359-43b6-977d-27cc2d3b8c59	2122
2247	d9403eb0-6359-43b6-977d-27cc2d3b8c59	2123
2248	d9403eb0-6359-43b6-977d-27cc2d3b8c59	2124
2249	d9403eb0-6359-43b6-977d-27cc2d3b8c59	2125
2250	d9403eb0-6359-43b6-977d-27cc2d3b8c59	2126
2251	d9403eb0-6359-43b6-977d-27cc2d3b8c59	2127
2252	d9403eb0-6359-43b6-977d-27cc2d3b8c59	2128
2253	d9403eb0-6359-43b6-977d-27cc2d3b8c59	2129
2254	d9403eb0-6359-43b6-977d-27cc2d3b8c59	2130
2255	d9403eb0-6359-43b6-977d-27cc2d3b8c59	2131
2256	d9403eb0-6359-43b6-977d-27cc2d3b8c59	2132
2257	d9403eb0-6359-43b6-977d-27cc2d3b8c59	2133
2258	d9403eb0-6359-43b6-977d-27cc2d3b8c59	2134
2259	d9403eb0-6359-43b6-977d-27cc2d3b8c59	2135
2260	d9403eb0-6359-43b6-977d-27cc2d3b8c59	2136
2261	d9403eb0-6359-43b6-977d-27cc2d3b8c59	2137
2262	d9403eb0-6359-43b6-977d-27cc2d3b8c59	2138
2263	d9403eb0-6359-43b6-977d-27cc2d3b8c59	2139
2264	d9403eb0-6359-43b6-977d-27cc2d3b8c59	2140
2265	d9403eb0-6359-43b6-977d-27cc2d3b8c59	2141
2266	d9403eb0-6359-43b6-977d-27cc2d3b8c59	2142
2267	d9403eb0-6359-43b6-977d-27cc2d3b8c59	2143
2268	d9403eb0-6359-43b6-977d-27cc2d3b8c59	2144
2269	d9403eb0-6359-43b6-977d-27cc2d3b8c59	2145
2270	d9403eb0-6359-43b6-977d-27cc2d3b8c59	2146
2271	d9403eb0-6359-43b6-977d-27cc2d3b8c59	2147
2272	d9403eb0-6359-43b6-977d-27cc2d3b8c59	2148
2273	d9403eb0-6359-43b6-977d-27cc2d3b8c59	2149
2274	d9403eb0-6359-43b6-977d-27cc2d3b8c59	2150
2275	d9403eb0-6359-43b6-977d-27cc2d3b8c59	2151
2276	d9403eb0-6359-43b6-977d-27cc2d3b8c59	2152
2277	d9403eb0-6359-43b6-977d-27cc2d3b8c59	2153
2278	d9403eb0-6359-43b6-977d-27cc2d3b8c59	2154
2279	d9403eb0-6359-43b6-977d-27cc2d3b8c59	2155
2280	d9403eb0-6359-43b6-977d-27cc2d3b8c59	2156
2281	d9403eb0-6359-43b6-977d-27cc2d3b8c59	2157
2282	d9403eb0-6359-43b6-977d-27cc2d3b8c59	2158
2283	d9403eb0-6359-43b6-977d-27cc2d3b8c59	2159
2284	d9403eb0-6359-43b6-977d-27cc2d3b8c59	2160
2285	d9403eb0-6359-43b6-977d-27cc2d3b8c59	2161
2286	d9403eb0-6359-43b6-977d-27cc2d3b8c59	2162
2287	d9403eb0-6359-43b6-977d-27cc2d3b8c59	2163
2288	d9403eb0-6359-43b6-977d-27cc2d3b8c59	2164
2289	d9403eb0-6359-43b6-977d-27cc2d3b8c59	2165
2290	d9403eb0-6359-43b6-977d-27cc2d3b8c59	2166
2291	d9403eb0-6359-43b6-977d-27cc2d3b8c59	2167
2292	d9403eb0-6359-43b6-977d-27cc2d3b8c59	2168
2293	d9403eb0-6359-43b6-977d-27cc2d3b8c59	2169
2294	d9403eb0-6359-43b6-977d-27cc2d3b8c59	2170
2295	d9403eb0-6359-43b6-977d-27cc2d3b8c59	2171
2296	d9403eb0-6359-43b6-977d-27cc2d3b8c59	2172
2297	d9403eb0-6359-43b6-977d-27cc2d3b8c59	2173
2298	d9403eb0-6359-43b6-977d-27cc2d3b8c59	2174
2299	d9403eb0-6359-43b6-977d-27cc2d3b8c59	2175
2300	d9403eb0-6359-43b6-977d-27cc2d3b8c59	2176
2301	d9403eb0-6359-43b6-977d-27cc2d3b8c59	2177
2302	d9403eb0-6359-43b6-977d-27cc2d3b8c59	2178
2303	d9403eb0-6359-43b6-977d-27cc2d3b8c59	2179
2304	d9403eb0-6359-43b6-977d-27cc2d3b8c59	2180
2305	d9403eb0-6359-43b6-977d-27cc2d3b8c59	2181
2306	d9403eb0-6359-43b6-977d-27cc2d3b8c59	2182
2307	d9403eb0-6359-43b6-977d-27cc2d3b8c59	2183
2308	d9403eb0-6359-43b6-977d-27cc2d3b8c59	2184
2309	d9403eb0-6359-43b6-977d-27cc2d3b8c59	2185
2310	d9403eb0-6359-43b6-977d-27cc2d3b8c59	2186
2311	d9403eb0-6359-43b6-977d-27cc2d3b8c59	2187
2312	d9403eb0-6359-43b6-977d-27cc2d3b8c59	2188
2313	d9403eb0-6359-43b6-977d-27cc2d3b8c59	2189
2314	d9403eb0-6359-43b6-977d-27cc2d3b8c59	2190
2315	d9403eb0-6359-43b6-977d-27cc2d3b8c59	2191
2316	d9403eb0-6359-43b6-977d-27cc2d3b8c59	2192
2317	d9403eb0-6359-43b6-977d-27cc2d3b8c59	2193
2318	d9403eb0-6359-43b6-977d-27cc2d3b8c59	2194
2319	d9403eb0-6359-43b6-977d-27cc2d3b8c59	2195
2320	d9403eb0-6359-43b6-977d-27cc2d3b8c59	2196
2321	d9403eb0-6359-43b6-977d-27cc2d3b8c59	2197
2322	d9403eb0-6359-43b6-977d-27cc2d3b8c59	2198
2323	d9403eb0-6359-43b6-977d-27cc2d3b8c59	2199
2324	d9403eb0-6359-43b6-977d-27cc2d3b8c59	2200
2325	d9403eb0-6359-43b6-977d-27cc2d3b8c59	2201
2326	d9403eb0-6359-43b6-977d-27cc2d3b8c59	2202
2327	d9403eb0-6359-43b6-977d-27cc2d3b8c59	2203
2328	d9403eb0-6359-43b6-977d-27cc2d3b8c59	2204
2329	d9403eb0-6359-43b6-977d-27cc2d3b8c59	2205
2330	d9403eb0-6359-43b6-977d-27cc2d3b8c59	2206
2331	d9403eb0-6359-43b6-977d-27cc2d3b8c59	2207
2332	d9403eb0-6359-43b6-977d-27cc2d3b8c59	2208
2333	d9403eb0-6359-43b6-977d-27cc2d3b8c59	2209
2334	d9403eb0-6359-43b6-977d-27cc2d3b8c59	2210
2335	d9403eb0-6359-43b6-977d-27cc2d3b8c59	2211
2336	d9403eb0-6359-43b6-977d-27cc2d3b8c59	2212
2337	d9403eb0-6359-43b6-977d-27cc2d3b8c59	2213
2338	d9403eb0-6359-43b6-977d-27cc2d3b8c59	2214
2339	d9403eb0-6359-43b6-977d-27cc2d3b8c59	2215
2340	d9403eb0-6359-43b6-977d-27cc2d3b8c59	2216
2341	d9403eb0-6359-43b6-977d-27cc2d3b8c59	2217
2342	d9403eb0-6359-43b6-977d-27cc2d3b8c59	2218
2343	d9403eb0-6359-43b6-977d-27cc2d3b8c59	2219
2344	d9403eb0-6359-43b6-977d-27cc2d3b8c59	2220
2345	d9403eb0-6359-43b6-977d-27cc2d3b8c59	2221
2346	d9403eb0-6359-43b6-977d-27cc2d3b8c59	2222
2347	d9403eb0-6359-43b6-977d-27cc2d3b8c59	2223
2348	d9403eb0-6359-43b6-977d-27cc2d3b8c59	2224
2349	d9403eb0-6359-43b6-977d-27cc2d3b8c59	2225
2350	d9403eb0-6359-43b6-977d-27cc2d3b8c59	2226
2351	d9403eb0-6359-43b6-977d-27cc2d3b8c59	2227
2352	d9403eb0-6359-43b6-977d-27cc2d3b8c59	2228
2353	d9403eb0-6359-43b6-977d-27cc2d3b8c59	2229
2354	d9403eb0-6359-43b6-977d-27cc2d3b8c59	2230
2355	d9403eb0-6359-43b6-977d-27cc2d3b8c59	2231
2356	d9403eb0-6359-43b6-977d-27cc2d3b8c59	2232
2357	d9403eb0-6359-43b6-977d-27cc2d3b8c59	2233
2358	d9403eb0-6359-43b6-977d-27cc2d3b8c59	2234
2359	d9403eb0-6359-43b6-977d-27cc2d3b8c59	2235
2360	d9403eb0-6359-43b6-977d-27cc2d3b8c59	2236
2361	d9403eb0-6359-43b6-977d-27cc2d3b8c59	2237
2362	d9403eb0-6359-43b6-977d-27cc2d3b8c59	2238
2363	d9403eb0-6359-43b6-977d-27cc2d3b8c59	2239
2364	d9403eb0-6359-43b6-977d-27cc2d3b8c59	2240
2365	d9403eb0-6359-43b6-977d-27cc2d3b8c59	2241
2366	d9403eb0-6359-43b6-977d-27cc2d3b8c59	2242
2367	d9403eb0-6359-43b6-977d-27cc2d3b8c59	2243
2368	d9403eb0-6359-43b6-977d-27cc2d3b8c59	2244
2369	d9403eb0-6359-43b6-977d-27cc2d3b8c59	2245
2370	d9403eb0-6359-43b6-977d-27cc2d3b8c59	2246
2371	d9403eb0-6359-43b6-977d-27cc2d3b8c59	2247
2372	d9403eb0-6359-43b6-977d-27cc2d3b8c59	2248
2373	d9403eb0-6359-43b6-977d-27cc2d3b8c59	2249
2374	d9403eb0-6359-43b6-977d-27cc2d3b8c59	2250
2375	d9403eb0-6359-43b6-977d-27cc2d3b8c59	2251
2376	d9403eb0-6359-43b6-977d-27cc2d3b8c59	2252
2377	d9403eb0-6359-43b6-977d-27cc2d3b8c59	2253
2378	d9403eb0-6359-43b6-977d-27cc2d3b8c59	2254
2379	d9403eb0-6359-43b6-977d-27cc2d3b8c59	2255
2380	d9403eb0-6359-43b6-977d-27cc2d3b8c59	2256
2381	d9403eb0-6359-43b6-977d-27cc2d3b8c59	2257
2382	d9403eb0-6359-43b6-977d-27cc2d3b8c59	2258
2383	d9403eb0-6359-43b6-977d-27cc2d3b8c59	2259
2384	d9403eb0-6359-43b6-977d-27cc2d3b8c59	2260
2385	d9403eb0-6359-43b6-977d-27cc2d3b8c59	2261
2386	d9403eb0-6359-43b6-977d-27cc2d3b8c59	2262
2387	d9403eb0-6359-43b6-977d-27cc2d3b8c59	2263
2388	d9403eb0-6359-43b6-977d-27cc2d3b8c59	2264
2389	d9403eb0-6359-43b6-977d-27cc2d3b8c59	2265
2390	d9403eb0-6359-43b6-977d-27cc2d3b8c59	2266
2391	d9403eb0-6359-43b6-977d-27cc2d3b8c59	2267
2392	d9403eb0-6359-43b6-977d-27cc2d3b8c59	2268
2393	d9403eb0-6359-43b6-977d-27cc2d3b8c59	2269
2394	d9403eb0-6359-43b6-977d-27cc2d3b8c59	2270
2395	d9403eb0-6359-43b6-977d-27cc2d3b8c59	2271
2396	d9403eb0-6359-43b6-977d-27cc2d3b8c59	2272
2397	d9403eb0-6359-43b6-977d-27cc2d3b8c59	2273
2398	d9403eb0-6359-43b6-977d-27cc2d3b8c59	2274
2399	d9403eb0-6359-43b6-977d-27cc2d3b8c59	2275
2400	d9403eb0-6359-43b6-977d-27cc2d3b8c59	2276
2401	d9403eb0-6359-43b6-977d-27cc2d3b8c59	2277
2402	d9403eb0-6359-43b6-977d-27cc2d3b8c59	2278
2403	d9403eb0-6359-43b6-977d-27cc2d3b8c59	2279
2404	d9403eb0-6359-43b6-977d-27cc2d3b8c59	2280
2405	d9403eb0-6359-43b6-977d-27cc2d3b8c59	2281
2406	d9403eb0-6359-43b6-977d-27cc2d3b8c59	2282
2407	d9403eb0-6359-43b6-977d-27cc2d3b8c59	2283
2408	d9403eb0-6359-43b6-977d-27cc2d3b8c59	2284
2409	d9403eb0-6359-43b6-977d-27cc2d3b8c59	2285
2410	d9403eb0-6359-43b6-977d-27cc2d3b8c59	2286
2411	d9403eb0-6359-43b6-977d-27cc2d3b8c59	2287
2412	d9403eb0-6359-43b6-977d-27cc2d3b8c59	2288
2413	d9403eb0-6359-43b6-977d-27cc2d3b8c59	2289
2414	d9403eb0-6359-43b6-977d-27cc2d3b8c59	2290
2415	d9403eb0-6359-43b6-977d-27cc2d3b8c59	2291
2416	d9403eb0-6359-43b6-977d-27cc2d3b8c59	2292
2417	d9403eb0-6359-43b6-977d-27cc2d3b8c59	2293
2418	d9403eb0-6359-43b6-977d-27cc2d3b8c59	2294
2419	d9403eb0-6359-43b6-977d-27cc2d3b8c59	2295
2420	d9403eb0-6359-43b6-977d-27cc2d3b8c59	2296
2421	d9403eb0-6359-43b6-977d-27cc2d3b8c59	2297
2422	d9403eb0-6359-43b6-977d-27cc2d3b8c59	2298
2423	d9403eb0-6359-43b6-977d-27cc2d3b8c59	2299
2424	d9403eb0-6359-43b6-977d-27cc2d3b8c59	2300
2425	d9403eb0-6359-43b6-977d-27cc2d3b8c59	2301
2426	d9403eb0-6359-43b6-977d-27cc2d3b8c59	2302
2427	d9403eb0-6359-43b6-977d-27cc2d3b8c59	2303
2428	d9403eb0-6359-43b6-977d-27cc2d3b8c59	2304
2429	d9403eb0-6359-43b6-977d-27cc2d3b8c59	2305
2430	d9403eb0-6359-43b6-977d-27cc2d3b8c59	2306
2431	d9403eb0-6359-43b6-977d-27cc2d3b8c59	2307
2432	d9403eb0-6359-43b6-977d-27cc2d3b8c59	2308
2433	d9403eb0-6359-43b6-977d-27cc2d3b8c59	2309
2434	d9403eb0-6359-43b6-977d-27cc2d3b8c59	2310
2435	d9403eb0-6359-43b6-977d-27cc2d3b8c59	2311
2436	d9403eb0-6359-43b6-977d-27cc2d3b8c59	2312
2437	d9403eb0-6359-43b6-977d-27cc2d3b8c59	2313
2438	d9403eb0-6359-43b6-977d-27cc2d3b8c59	2314
2439	d9403eb0-6359-43b6-977d-27cc2d3b8c59	2315
2440	d9403eb0-6359-43b6-977d-27cc2d3b8c59	2316
2441	d9403eb0-6359-43b6-977d-27cc2d3b8c59	2317
2442	d9403eb0-6359-43b6-977d-27cc2d3b8c59	2318
2443	d9403eb0-6359-43b6-977d-27cc2d3b8c59	2319
2444	d9403eb0-6359-43b6-977d-27cc2d3b8c59	2320
2445	d9403eb0-6359-43b6-977d-27cc2d3b8c59	2321
2446	d9403eb0-6359-43b6-977d-27cc2d3b8c59	2322
2447	d9403eb0-6359-43b6-977d-27cc2d3b8c59	2323
2448	d9403eb0-6359-43b6-977d-27cc2d3b8c59	2324
2449	d9403eb0-6359-43b6-977d-27cc2d3b8c59	2325
2450	d9403eb0-6359-43b6-977d-27cc2d3b8c59	2326
2451	d9403eb0-6359-43b6-977d-27cc2d3b8c59	2327
2452	d9403eb0-6359-43b6-977d-27cc2d3b8c59	2328
2453	d9403eb0-6359-43b6-977d-27cc2d3b8c59	2329
2454	d9403eb0-6359-43b6-977d-27cc2d3b8c59	2330
2455	d9403eb0-6359-43b6-977d-27cc2d3b8c59	2331
2456	d9403eb0-6359-43b6-977d-27cc2d3b8c59	2332
2457	d9403eb0-6359-43b6-977d-27cc2d3b8c59	2333
2458	d9403eb0-6359-43b6-977d-27cc2d3b8c59	2334
2459	d9403eb0-6359-43b6-977d-27cc2d3b8c59	2335
2460	d9403eb0-6359-43b6-977d-27cc2d3b8c59	2336
2461	d9403eb0-6359-43b6-977d-27cc2d3b8c59	2337
2462	d9403eb0-6359-43b6-977d-27cc2d3b8c59	2338
2463	d9403eb0-6359-43b6-977d-27cc2d3b8c59	2339
2464	d9403eb0-6359-43b6-977d-27cc2d3b8c59	2340
2465	d9403eb0-6359-43b6-977d-27cc2d3b8c59	2341
2466	d9403eb0-6359-43b6-977d-27cc2d3b8c59	2342
2467	d9403eb0-6359-43b6-977d-27cc2d3b8c59	2343
2468	d9403eb0-6359-43b6-977d-27cc2d3b8c59	2344
2469	d9403eb0-6359-43b6-977d-27cc2d3b8c59	2345
2470	d9403eb0-6359-43b6-977d-27cc2d3b8c59	2346
2471	d9403eb0-6359-43b6-977d-27cc2d3b8c59	2347
2472	d9403eb0-6359-43b6-977d-27cc2d3b8c59	2348
2473	d9403eb0-6359-43b6-977d-27cc2d3b8c59	2349
2474	d9403eb0-6359-43b6-977d-27cc2d3b8c59	2350
2475	d9403eb0-6359-43b6-977d-27cc2d3b8c59	2351
2476	d9403eb0-6359-43b6-977d-27cc2d3b8c59	2352
2477	d9403eb0-6359-43b6-977d-27cc2d3b8c59	2353
2478	d9403eb0-6359-43b6-977d-27cc2d3b8c59	2354
2479	d9403eb0-6359-43b6-977d-27cc2d3b8c59	2355
2480	d9403eb0-6359-43b6-977d-27cc2d3b8c59	2356
2481	d9403eb0-6359-43b6-977d-27cc2d3b8c59	2357
2482	d9403eb0-6359-43b6-977d-27cc2d3b8c59	2358
2483	d9403eb0-6359-43b6-977d-27cc2d3b8c59	2359
2484	d9403eb0-6359-43b6-977d-27cc2d3b8c59	2360
2485	d9403eb0-6359-43b6-977d-27cc2d3b8c59	2361
2486	d9403eb0-6359-43b6-977d-27cc2d3b8c59	2362
2487	d9403eb0-6359-43b6-977d-27cc2d3b8c59	2363
2488	d9403eb0-6359-43b6-977d-27cc2d3b8c59	2364
2489	d9403eb0-6359-43b6-977d-27cc2d3b8c59	2365
2490	d9403eb0-6359-43b6-977d-27cc2d3b8c59	2366
2491	d9403eb0-6359-43b6-977d-27cc2d3b8c59	2367
2492	d9403eb0-6359-43b6-977d-27cc2d3b8c59	2368
2493	d9403eb0-6359-43b6-977d-27cc2d3b8c59	2369
2494	d9403eb0-6359-43b6-977d-27cc2d3b8c59	2370
2495	d9403eb0-6359-43b6-977d-27cc2d3b8c59	2371
2496	d9403eb0-6359-43b6-977d-27cc2d3b8c59	2372
2497	d9403eb0-6359-43b6-977d-27cc2d3b8c59	2373
2498	d9403eb0-6359-43b6-977d-27cc2d3b8c59	2374
2499	d9403eb0-6359-43b6-977d-27cc2d3b8c59	2375
2500	d9403eb0-6359-43b6-977d-27cc2d3b8c59	2376
2501	d9403eb0-6359-43b6-977d-27cc2d3b8c59	2377
2502	d9403eb0-6359-43b6-977d-27cc2d3b8c59	2378
2503	d9403eb0-6359-43b6-977d-27cc2d3b8c59	2379
2504	d9403eb0-6359-43b6-977d-27cc2d3b8c59	2380
2505	d9403eb0-6359-43b6-977d-27cc2d3b8c59	2381
2506	d9403eb0-6359-43b6-977d-27cc2d3b8c59	2382
2507	d9403eb0-6359-43b6-977d-27cc2d3b8c59	2383
2508	d9403eb0-6359-43b6-977d-27cc2d3b8c59	2384
2509	d9403eb0-6359-43b6-977d-27cc2d3b8c59	2385
2510	d9403eb0-6359-43b6-977d-27cc2d3b8c59	2386
2511	d9403eb0-6359-43b6-977d-27cc2d3b8c59	2387
2512	d9403eb0-6359-43b6-977d-27cc2d3b8c59	2388
2513	d9403eb0-6359-43b6-977d-27cc2d3b8c59	2389
2514	d9403eb0-6359-43b6-977d-27cc2d3b8c59	2390
2515	d9403eb0-6359-43b6-977d-27cc2d3b8c59	2391
2516	d9403eb0-6359-43b6-977d-27cc2d3b8c59	2392
2517	d9403eb0-6359-43b6-977d-27cc2d3b8c59	2393
2518	d9403eb0-6359-43b6-977d-27cc2d3b8c59	2394
2519	d9403eb0-6359-43b6-977d-27cc2d3b8c59	2395
2520	d9403eb0-6359-43b6-977d-27cc2d3b8c59	2396
2521	d9403eb0-6359-43b6-977d-27cc2d3b8c59	2397
2522	d9403eb0-6359-43b6-977d-27cc2d3b8c59	2398
2523	d9403eb0-6359-43b6-977d-27cc2d3b8c59	2399
2524	d9403eb0-6359-43b6-977d-27cc2d3b8c59	2400
2525	d9403eb0-6359-43b6-977d-27cc2d3b8c59	2401
2526	d9403eb0-6359-43b6-977d-27cc2d3b8c59	2402
2527	d9403eb0-6359-43b6-977d-27cc2d3b8c59	2403
2528	d9403eb0-6359-43b6-977d-27cc2d3b8c59	2404
2529	d9403eb0-6359-43b6-977d-27cc2d3b8c59	2405
2530	d9403eb0-6359-43b6-977d-27cc2d3b8c59	2406
2531	d9403eb0-6359-43b6-977d-27cc2d3b8c59	2407
2532	d9403eb0-6359-43b6-977d-27cc2d3b8c59	2408
2533	d9403eb0-6359-43b6-977d-27cc2d3b8c59	2409
2534	d9403eb0-6359-43b6-977d-27cc2d3b8c59	2410
2535	d9403eb0-6359-43b6-977d-27cc2d3b8c59	2411
2536	d9403eb0-6359-43b6-977d-27cc2d3b8c59	2412
2537	d9403eb0-6359-43b6-977d-27cc2d3b8c59	2413
2538	d9403eb0-6359-43b6-977d-27cc2d3b8c59	2414
2539	d9403eb0-6359-43b6-977d-27cc2d3b8c59	2415
2540	d9403eb0-6359-43b6-977d-27cc2d3b8c59	2416
2541	d9403eb0-6359-43b6-977d-27cc2d3b8c59	2417
2542	d9403eb0-6359-43b6-977d-27cc2d3b8c59	2418
2543	d9403eb0-6359-43b6-977d-27cc2d3b8c59	2419
2544	d9403eb0-6359-43b6-977d-27cc2d3b8c59	2420
2545	d9403eb0-6359-43b6-977d-27cc2d3b8c59	2421
2546	d9403eb0-6359-43b6-977d-27cc2d3b8c59	2422
2547	d9403eb0-6359-43b6-977d-27cc2d3b8c59	2423
2548	d9403eb0-6359-43b6-977d-27cc2d3b8c59	2424
2549	d9403eb0-6359-43b6-977d-27cc2d3b8c59	2425
2550	d9403eb0-6359-43b6-977d-27cc2d3b8c59	2426
2551	d9403eb0-6359-43b6-977d-27cc2d3b8c59	2427
2552	d9403eb0-6359-43b6-977d-27cc2d3b8c59	2428
2553	d9403eb0-6359-43b6-977d-27cc2d3b8c59	2429
2554	d9403eb0-6359-43b6-977d-27cc2d3b8c59	2430
2555	d9403eb0-6359-43b6-977d-27cc2d3b8c59	2431
2556	d9403eb0-6359-43b6-977d-27cc2d3b8c59	2432
2557	d9403eb0-6359-43b6-977d-27cc2d3b8c59	2433
2558	d9403eb0-6359-43b6-977d-27cc2d3b8c59	2434
2559	d9403eb0-6359-43b6-977d-27cc2d3b8c59	2435
2560	d9403eb0-6359-43b6-977d-27cc2d3b8c59	2436
2561	d9403eb0-6359-43b6-977d-27cc2d3b8c59	2437
2562	d9403eb0-6359-43b6-977d-27cc2d3b8c59	2438
2563	d9403eb0-6359-43b6-977d-27cc2d3b8c59	2439
2564	d9403eb0-6359-43b6-977d-27cc2d3b8c59	2440
2565	d9403eb0-6359-43b6-977d-27cc2d3b8c59	2441
2566	d9403eb0-6359-43b6-977d-27cc2d3b8c59	2442
2567	d9403eb0-6359-43b6-977d-27cc2d3b8c59	2443
2568	d9403eb0-6359-43b6-977d-27cc2d3b8c59	2444
2569	d9403eb0-6359-43b6-977d-27cc2d3b8c59	2445
2570	d9403eb0-6359-43b6-977d-27cc2d3b8c59	2446
2571	d9403eb0-6359-43b6-977d-27cc2d3b8c59	2447
2572	d9403eb0-6359-43b6-977d-27cc2d3b8c59	2448
2573	d9403eb0-6359-43b6-977d-27cc2d3b8c59	2449
2574	d9403eb0-6359-43b6-977d-27cc2d3b8c59	2450
2575	d9403eb0-6359-43b6-977d-27cc2d3b8c59	2451
2576	d9403eb0-6359-43b6-977d-27cc2d3b8c59	2452
2577	d9403eb0-6359-43b6-977d-27cc2d3b8c59	2453
2578	d9403eb0-6359-43b6-977d-27cc2d3b8c59	2454
2579	d9403eb0-6359-43b6-977d-27cc2d3b8c59	2455
2580	d9403eb0-6359-43b6-977d-27cc2d3b8c59	2456
2581	d9403eb0-6359-43b6-977d-27cc2d3b8c59	2457
2582	d9403eb0-6359-43b6-977d-27cc2d3b8c59	2458
2583	d9403eb0-6359-43b6-977d-27cc2d3b8c59	2459
2584	d9403eb0-6359-43b6-977d-27cc2d3b8c59	2460
2585	d9403eb0-6359-43b6-977d-27cc2d3b8c59	2461
2586	d9403eb0-6359-43b6-977d-27cc2d3b8c59	2462
2587	d9403eb0-6359-43b6-977d-27cc2d3b8c59	2463
2588	d9403eb0-6359-43b6-977d-27cc2d3b8c59	2464
2589	d9403eb0-6359-43b6-977d-27cc2d3b8c59	2465
2590	d9403eb0-6359-43b6-977d-27cc2d3b8c59	2466
2591	d9403eb0-6359-43b6-977d-27cc2d3b8c59	2467
2592	d9403eb0-6359-43b6-977d-27cc2d3b8c59	2468
2593	d9403eb0-6359-43b6-977d-27cc2d3b8c59	2469
2594	d9403eb0-6359-43b6-977d-27cc2d3b8c59	2470
2595	d9403eb0-6359-43b6-977d-27cc2d3b8c59	2471
2596	d9403eb0-6359-43b6-977d-27cc2d3b8c59	2472
2597	d9403eb0-6359-43b6-977d-27cc2d3b8c59	2473
2598	d9403eb0-6359-43b6-977d-27cc2d3b8c59	2474
2599	d9403eb0-6359-43b6-977d-27cc2d3b8c59	2475
2600	d9403eb0-6359-43b6-977d-27cc2d3b8c59	2476
2601	d9403eb0-6359-43b6-977d-27cc2d3b8c59	2477
2602	d9403eb0-6359-43b6-977d-27cc2d3b8c59	2478
2603	d9403eb0-6359-43b6-977d-27cc2d3b8c59	2479
2604	d9403eb0-6359-43b6-977d-27cc2d3b8c59	2480
2605	d9403eb0-6359-43b6-977d-27cc2d3b8c59	2481
2606	d9403eb0-6359-43b6-977d-27cc2d3b8c59	2482
2607	d9403eb0-6359-43b6-977d-27cc2d3b8c59	2483
2608	d9403eb0-6359-43b6-977d-27cc2d3b8c59	2484
2609	d9403eb0-6359-43b6-977d-27cc2d3b8c59	2485
2610	d9403eb0-6359-43b6-977d-27cc2d3b8c59	2486
2611	d9403eb0-6359-43b6-977d-27cc2d3b8c59	2487
2612	d9403eb0-6359-43b6-977d-27cc2d3b8c59	2488
2613	d9403eb0-6359-43b6-977d-27cc2d3b8c59	2489
2614	d9403eb0-6359-43b6-977d-27cc2d3b8c59	2490
2615	d9403eb0-6359-43b6-977d-27cc2d3b8c59	2491
2616	d9403eb0-6359-43b6-977d-27cc2d3b8c59	2492
2617	d9403eb0-6359-43b6-977d-27cc2d3b8c59	2493
2618	d9403eb0-6359-43b6-977d-27cc2d3b8c59	2494
2619	d9403eb0-6359-43b6-977d-27cc2d3b8c59	2495
2620	d9403eb0-6359-43b6-977d-27cc2d3b8c59	2496
2621	d9403eb0-6359-43b6-977d-27cc2d3b8c59	2497
2622	d9403eb0-6359-43b6-977d-27cc2d3b8c59	2498
2623	d9403eb0-6359-43b6-977d-27cc2d3b8c59	2499
2624	d9403eb0-6359-43b6-977d-27cc2d3b8c59	2500
2625	d9403eb0-6359-43b6-977d-27cc2d3b8c59	2501
2626	d9403eb0-6359-43b6-977d-27cc2d3b8c59	2502
2627	d9403eb0-6359-43b6-977d-27cc2d3b8c59	2503
2628	d9403eb0-6359-43b6-977d-27cc2d3b8c59	2504
2629	d9403eb0-6359-43b6-977d-27cc2d3b8c59	2505
2630	d9403eb0-6359-43b6-977d-27cc2d3b8c59	2506
2631	d9403eb0-6359-43b6-977d-27cc2d3b8c59	2507
2632	d9403eb0-6359-43b6-977d-27cc2d3b8c59	2508
2633	d9403eb0-6359-43b6-977d-27cc2d3b8c59	2509
2634	d9403eb0-6359-43b6-977d-27cc2d3b8c59	2510
2635	d9403eb0-6359-43b6-977d-27cc2d3b8c59	2511
2636	d9403eb0-6359-43b6-977d-27cc2d3b8c59	2512
2637	d9403eb0-6359-43b6-977d-27cc2d3b8c59	2513
2638	d9403eb0-6359-43b6-977d-27cc2d3b8c59	2514
2639	d9403eb0-6359-43b6-977d-27cc2d3b8c59	2515
2640	d9403eb0-6359-43b6-977d-27cc2d3b8c59	2516
2641	d9403eb0-6359-43b6-977d-27cc2d3b8c59	2517
2642	d9403eb0-6359-43b6-977d-27cc2d3b8c59	2518
2643	d9403eb0-6359-43b6-977d-27cc2d3b8c59	2519
2644	d9403eb0-6359-43b6-977d-27cc2d3b8c59	2520
2645	d9403eb0-6359-43b6-977d-27cc2d3b8c59	2521
2646	d9403eb0-6359-43b6-977d-27cc2d3b8c59	2522
2647	d9403eb0-6359-43b6-977d-27cc2d3b8c59	2523
2648	d9403eb0-6359-43b6-977d-27cc2d3b8c59	2524
2649	d9403eb0-6359-43b6-977d-27cc2d3b8c59	2525
2650	d9403eb0-6359-43b6-977d-27cc2d3b8c59	2526
2651	d9403eb0-6359-43b6-977d-27cc2d3b8c59	2527
2652	d9403eb0-6359-43b6-977d-27cc2d3b8c59	2528
2653	d9403eb0-6359-43b6-977d-27cc2d3b8c59	2529
2654	d9403eb0-6359-43b6-977d-27cc2d3b8c59	2530
2655	d9403eb0-6359-43b6-977d-27cc2d3b8c59	2531
2656	d9403eb0-6359-43b6-977d-27cc2d3b8c59	2532
2657	d9403eb0-6359-43b6-977d-27cc2d3b8c59	2533
2658	d9403eb0-6359-43b6-977d-27cc2d3b8c59	2534
2659	d9403eb0-6359-43b6-977d-27cc2d3b8c59	2535
2660	d9403eb0-6359-43b6-977d-27cc2d3b8c59	2536
2661	d9403eb0-6359-43b6-977d-27cc2d3b8c59	2537
2662	d9403eb0-6359-43b6-977d-27cc2d3b8c59	2538
2663	d9403eb0-6359-43b6-977d-27cc2d3b8c59	2539
2664	d9403eb0-6359-43b6-977d-27cc2d3b8c59	2540
2665	d9403eb0-6359-43b6-977d-27cc2d3b8c59	2541
2666	d9403eb0-6359-43b6-977d-27cc2d3b8c59	2542
2667	d9403eb0-6359-43b6-977d-27cc2d3b8c59	2543
2668	d9403eb0-6359-43b6-977d-27cc2d3b8c59	2544
2669	d9403eb0-6359-43b6-977d-27cc2d3b8c59	2545
2670	d9403eb0-6359-43b6-977d-27cc2d3b8c59	2546
2671	d9403eb0-6359-43b6-977d-27cc2d3b8c59	2547
2672	d9403eb0-6359-43b6-977d-27cc2d3b8c59	2548
2673	d9403eb0-6359-43b6-977d-27cc2d3b8c59	2549
2674	d9403eb0-6359-43b6-977d-27cc2d3b8c59	2550
2675	d9403eb0-6359-43b6-977d-27cc2d3b8c59	2551
2676	d9403eb0-6359-43b6-977d-27cc2d3b8c59	2552
2677	d9403eb0-6359-43b6-977d-27cc2d3b8c59	2553
2678	d9403eb0-6359-43b6-977d-27cc2d3b8c59	2554
2679	d9403eb0-6359-43b6-977d-27cc2d3b8c59	2555
2680	d9403eb0-6359-43b6-977d-27cc2d3b8c59	2556
2681	d9403eb0-6359-43b6-977d-27cc2d3b8c59	2557
2682	d9403eb0-6359-43b6-977d-27cc2d3b8c59	2558
2683	d9403eb0-6359-43b6-977d-27cc2d3b8c59	2559
2684	d9403eb0-6359-43b6-977d-27cc2d3b8c59	2560
2685	d9403eb0-6359-43b6-977d-27cc2d3b8c59	2561
2686	d9403eb0-6359-43b6-977d-27cc2d3b8c59	2562
2687	d9403eb0-6359-43b6-977d-27cc2d3b8c59	2563
2688	d9403eb0-6359-43b6-977d-27cc2d3b8c59	2564
2689	d9403eb0-6359-43b6-977d-27cc2d3b8c59	2565
2690	d9403eb0-6359-43b6-977d-27cc2d3b8c59	2566
2691	d9403eb0-6359-43b6-977d-27cc2d3b8c59	2567
2692	d9403eb0-6359-43b6-977d-27cc2d3b8c59	2568
2693	d9403eb0-6359-43b6-977d-27cc2d3b8c59	2569
2694	d9403eb0-6359-43b6-977d-27cc2d3b8c59	2570
2695	d9403eb0-6359-43b6-977d-27cc2d3b8c59	2571
2696	d9403eb0-6359-43b6-977d-27cc2d3b8c59	2572
2697	d9403eb0-6359-43b6-977d-27cc2d3b8c59	2573
2698	d9403eb0-6359-43b6-977d-27cc2d3b8c59	2574
2699	d9403eb0-6359-43b6-977d-27cc2d3b8c59	2575
2700	d9403eb0-6359-43b6-977d-27cc2d3b8c59	2576
2701	d9403eb0-6359-43b6-977d-27cc2d3b8c59	2577
2702	d9403eb0-6359-43b6-977d-27cc2d3b8c59	2578
2703	d9403eb0-6359-43b6-977d-27cc2d3b8c59	2579
2704	d9403eb0-6359-43b6-977d-27cc2d3b8c59	2580
2705	d9403eb0-6359-43b6-977d-27cc2d3b8c59	2581
2706	d9403eb0-6359-43b6-977d-27cc2d3b8c59	2582
2707	d9403eb0-6359-43b6-977d-27cc2d3b8c59	2583
2708	d9403eb0-6359-43b6-977d-27cc2d3b8c59	2584
2709	d9403eb0-6359-43b6-977d-27cc2d3b8c59	2585
2710	d9403eb0-6359-43b6-977d-27cc2d3b8c59	2586
2711	d9403eb0-6359-43b6-977d-27cc2d3b8c59	2587
2712	d9403eb0-6359-43b6-977d-27cc2d3b8c59	2588
2713	d9403eb0-6359-43b6-977d-27cc2d3b8c59	2589
2714	d9403eb0-6359-43b6-977d-27cc2d3b8c59	2590
2715	d9403eb0-6359-43b6-977d-27cc2d3b8c59	2591
2716	d9403eb0-6359-43b6-977d-27cc2d3b8c59	2592
2717	d9403eb0-6359-43b6-977d-27cc2d3b8c59	2593
2718	d9403eb0-6359-43b6-977d-27cc2d3b8c59	2594
2719	d9403eb0-6359-43b6-977d-27cc2d3b8c59	2595
2720	d9403eb0-6359-43b6-977d-27cc2d3b8c59	2596
2721	d9403eb0-6359-43b6-977d-27cc2d3b8c59	2597
2722	d9403eb0-6359-43b6-977d-27cc2d3b8c59	2598
2723	d9403eb0-6359-43b6-977d-27cc2d3b8c59	2599
2724	d9403eb0-6359-43b6-977d-27cc2d3b8c59	2600
2725	d9403eb0-6359-43b6-977d-27cc2d3b8c59	2601
2726	d9403eb0-6359-43b6-977d-27cc2d3b8c59	2602
2727	d9403eb0-6359-43b6-977d-27cc2d3b8c59	2603
2728	d9403eb0-6359-43b6-977d-27cc2d3b8c59	2604
2729	d9403eb0-6359-43b6-977d-27cc2d3b8c59	2605
2730	d9403eb0-6359-43b6-977d-27cc2d3b8c59	2606
2731	d9403eb0-6359-43b6-977d-27cc2d3b8c59	2607
2732	d9403eb0-6359-43b6-977d-27cc2d3b8c59	2608
2733	d9403eb0-6359-43b6-977d-27cc2d3b8c59	2609
2734	d9403eb0-6359-43b6-977d-27cc2d3b8c59	2610
2735	d9403eb0-6359-43b6-977d-27cc2d3b8c59	2611
2736	d9403eb0-6359-43b6-977d-27cc2d3b8c59	2612
2737	d9403eb0-6359-43b6-977d-27cc2d3b8c59	2613
2738	d9403eb0-6359-43b6-977d-27cc2d3b8c59	2614
2739	d9403eb0-6359-43b6-977d-27cc2d3b8c59	2615
2740	d9403eb0-6359-43b6-977d-27cc2d3b8c59	2616
2741	d9403eb0-6359-43b6-977d-27cc2d3b8c59	2617
2742	d9403eb0-6359-43b6-977d-27cc2d3b8c59	2618
2743	d9403eb0-6359-43b6-977d-27cc2d3b8c59	2619
2744	d9403eb0-6359-43b6-977d-27cc2d3b8c59	2620
2745	d9403eb0-6359-43b6-977d-27cc2d3b8c59	2621
2746	d9403eb0-6359-43b6-977d-27cc2d3b8c59	2622
2747	d9403eb0-6359-43b6-977d-27cc2d3b8c59	2623
2748	d9403eb0-6359-43b6-977d-27cc2d3b8c59	2624
2749	d9403eb0-6359-43b6-977d-27cc2d3b8c59	2625
2750	d9403eb0-6359-43b6-977d-27cc2d3b8c59	2626
2751	d9403eb0-6359-43b6-977d-27cc2d3b8c59	2627
2752	d9403eb0-6359-43b6-977d-27cc2d3b8c59	2628
2753	d9403eb0-6359-43b6-977d-27cc2d3b8c59	2629
2754	d9403eb0-6359-43b6-977d-27cc2d3b8c59	2630
2755	d9403eb0-6359-43b6-977d-27cc2d3b8c59	2631
2756	d9403eb0-6359-43b6-977d-27cc2d3b8c59	2632
2757	d9403eb0-6359-43b6-977d-27cc2d3b8c59	2633
2758	d9403eb0-6359-43b6-977d-27cc2d3b8c59	2634
2759	d9403eb0-6359-43b6-977d-27cc2d3b8c59	2635
2760	d9403eb0-6359-43b6-977d-27cc2d3b8c59	2636
2761	d9403eb0-6359-43b6-977d-27cc2d3b8c59	2637
2762	d9403eb0-6359-43b6-977d-27cc2d3b8c59	2638
2763	d9403eb0-6359-43b6-977d-27cc2d3b8c59	2639
2764	d9403eb0-6359-43b6-977d-27cc2d3b8c59	2640
2765	d9403eb0-6359-43b6-977d-27cc2d3b8c59	2641
2766	d9403eb0-6359-43b6-977d-27cc2d3b8c59	2642
2767	d9403eb0-6359-43b6-977d-27cc2d3b8c59	2643
2768	d9403eb0-6359-43b6-977d-27cc2d3b8c59	2644
2769	d9403eb0-6359-43b6-977d-27cc2d3b8c59	2645
2770	d9403eb0-6359-43b6-977d-27cc2d3b8c59	2646
2771	d9403eb0-6359-43b6-977d-27cc2d3b8c59	2647
2772	d9403eb0-6359-43b6-977d-27cc2d3b8c59	2648
2773	d9403eb0-6359-43b6-977d-27cc2d3b8c59	2649
2774	d9403eb0-6359-43b6-977d-27cc2d3b8c59	2650
2775	d9403eb0-6359-43b6-977d-27cc2d3b8c59	2651
2776	d9403eb0-6359-43b6-977d-27cc2d3b8c59	2652
2777	d9403eb0-6359-43b6-977d-27cc2d3b8c59	2653
2778	d9403eb0-6359-43b6-977d-27cc2d3b8c59	2654
2779	d9403eb0-6359-43b6-977d-27cc2d3b8c59	2655
2780	d9403eb0-6359-43b6-977d-27cc2d3b8c59	2656
2781	d9403eb0-6359-43b6-977d-27cc2d3b8c59	2657
2782	d9403eb0-6359-43b6-977d-27cc2d3b8c59	2658
2783	d9403eb0-6359-43b6-977d-27cc2d3b8c59	2659
2784	d9403eb0-6359-43b6-977d-27cc2d3b8c59	2660
2785	d9403eb0-6359-43b6-977d-27cc2d3b8c59	2661
2786	d9403eb0-6359-43b6-977d-27cc2d3b8c59	2662
2787	d9403eb0-6359-43b6-977d-27cc2d3b8c59	2663
2788	d9403eb0-6359-43b6-977d-27cc2d3b8c59	2664
2789	d9403eb0-6359-43b6-977d-27cc2d3b8c59	2665
2790	d9403eb0-6359-43b6-977d-27cc2d3b8c59	2666
2791	d9403eb0-6359-43b6-977d-27cc2d3b8c59	2667
2792	d9403eb0-6359-43b6-977d-27cc2d3b8c59	2668
2793	d9403eb0-6359-43b6-977d-27cc2d3b8c59	2669
2794	d9403eb0-6359-43b6-977d-27cc2d3b8c59	2670
2795	d9403eb0-6359-43b6-977d-27cc2d3b8c59	2671
2796	d9403eb0-6359-43b6-977d-27cc2d3b8c59	2672
2797	d9403eb0-6359-43b6-977d-27cc2d3b8c59	2673
2798	d9403eb0-6359-43b6-977d-27cc2d3b8c59	2674
2799	d9403eb0-6359-43b6-977d-27cc2d3b8c59	2675
2800	d9403eb0-6359-43b6-977d-27cc2d3b8c59	2676
2801	d9403eb0-6359-43b6-977d-27cc2d3b8c59	2677
2802	d9403eb0-6359-43b6-977d-27cc2d3b8c59	2678
2803	d9403eb0-6359-43b6-977d-27cc2d3b8c59	2679
2804	d9403eb0-6359-43b6-977d-27cc2d3b8c59	2680
2805	d9403eb0-6359-43b6-977d-27cc2d3b8c59	2681
2806	d9403eb0-6359-43b6-977d-27cc2d3b8c59	2682
2807	d9403eb0-6359-43b6-977d-27cc2d3b8c59	2683
2808	d9403eb0-6359-43b6-977d-27cc2d3b8c59	2684
2809	d9403eb0-6359-43b6-977d-27cc2d3b8c59	2685
2810	d9403eb0-6359-43b6-977d-27cc2d3b8c59	2686
2811	d9403eb0-6359-43b6-977d-27cc2d3b8c59	2687
2812	d9403eb0-6359-43b6-977d-27cc2d3b8c59	2688
2813	d9403eb0-6359-43b6-977d-27cc2d3b8c59	2689
2814	d9403eb0-6359-43b6-977d-27cc2d3b8c59	2690
2815	d9403eb0-6359-43b6-977d-27cc2d3b8c59	2691
2816	d9403eb0-6359-43b6-977d-27cc2d3b8c59	2692
2817	d9403eb0-6359-43b6-977d-27cc2d3b8c59	2693
2818	d9403eb0-6359-43b6-977d-27cc2d3b8c59	2694
2819	d9403eb0-6359-43b6-977d-27cc2d3b8c59	2695
2820	d9403eb0-6359-43b6-977d-27cc2d3b8c59	2696
2821	d9403eb0-6359-43b6-977d-27cc2d3b8c59	2697
2822	d9403eb0-6359-43b6-977d-27cc2d3b8c59	2698
2823	d9403eb0-6359-43b6-977d-27cc2d3b8c59	2699
2824	d9403eb0-6359-43b6-977d-27cc2d3b8c59	2700
2825	d9403eb0-6359-43b6-977d-27cc2d3b8c59	2701
2826	d9403eb0-6359-43b6-977d-27cc2d3b8c59	2702
2827	d9403eb0-6359-43b6-977d-27cc2d3b8c59	2703
2828	d9403eb0-6359-43b6-977d-27cc2d3b8c59	2704
2829	d9403eb0-6359-43b6-977d-27cc2d3b8c59	2705
2830	d9403eb0-6359-43b6-977d-27cc2d3b8c59	2706
2831	d9403eb0-6359-43b6-977d-27cc2d3b8c59	2707
2832	d9403eb0-6359-43b6-977d-27cc2d3b8c59	2708
2833	d9403eb0-6359-43b6-977d-27cc2d3b8c59	2709
2834	d9403eb0-6359-43b6-977d-27cc2d3b8c59	2710
2835	d9403eb0-6359-43b6-977d-27cc2d3b8c59	2711
2836	d9403eb0-6359-43b6-977d-27cc2d3b8c59	2712
2837	d9403eb0-6359-43b6-977d-27cc2d3b8c59	2713
2838	d9403eb0-6359-43b6-977d-27cc2d3b8c59	2714
2839	d9403eb0-6359-43b6-977d-27cc2d3b8c59	2715
2840	d9403eb0-6359-43b6-977d-27cc2d3b8c59	2716
2841	d9403eb0-6359-43b6-977d-27cc2d3b8c59	2717
2842	d9403eb0-6359-43b6-977d-27cc2d3b8c59	2718
2843	d9403eb0-6359-43b6-977d-27cc2d3b8c59	2719
2844	d9403eb0-6359-43b6-977d-27cc2d3b8c59	2720
2845	d9403eb0-6359-43b6-977d-27cc2d3b8c59	2721
2846	d9403eb0-6359-43b6-977d-27cc2d3b8c59	2722
2847	d9403eb0-6359-43b6-977d-27cc2d3b8c59	2723
2848	d9403eb0-6359-43b6-977d-27cc2d3b8c59	2724
2849	d9403eb0-6359-43b6-977d-27cc2d3b8c59	2725
2850	d9403eb0-6359-43b6-977d-27cc2d3b8c59	2726
2851	d9403eb0-6359-43b6-977d-27cc2d3b8c59	2727
2852	d9403eb0-6359-43b6-977d-27cc2d3b8c59	2728
2853	d9403eb0-6359-43b6-977d-27cc2d3b8c59	2729
2854	d9403eb0-6359-43b6-977d-27cc2d3b8c59	2730
2855	d9403eb0-6359-43b6-977d-27cc2d3b8c59	2731
2856	d9403eb0-6359-43b6-977d-27cc2d3b8c59	2732
2857	d9403eb0-6359-43b6-977d-27cc2d3b8c59	2733
2858	d9403eb0-6359-43b6-977d-27cc2d3b8c59	2734
2859	d9403eb0-6359-43b6-977d-27cc2d3b8c59	2735
2860	d9403eb0-6359-43b6-977d-27cc2d3b8c59	2736
2861	d9403eb0-6359-43b6-977d-27cc2d3b8c59	2737
2862	d9403eb0-6359-43b6-977d-27cc2d3b8c59	2738
2863	d9403eb0-6359-43b6-977d-27cc2d3b8c59	2739
2864	d9403eb0-6359-43b6-977d-27cc2d3b8c59	2740
2865	d9403eb0-6359-43b6-977d-27cc2d3b8c59	2741
2866	d9403eb0-6359-43b6-977d-27cc2d3b8c59	2742
2867	d9403eb0-6359-43b6-977d-27cc2d3b8c59	2743
2868	d9403eb0-6359-43b6-977d-27cc2d3b8c59	2744
2869	d9403eb0-6359-43b6-977d-27cc2d3b8c59	2745
2870	d9403eb0-6359-43b6-977d-27cc2d3b8c59	2746
2871	d9403eb0-6359-43b6-977d-27cc2d3b8c59	2747
2872	d9403eb0-6359-43b6-977d-27cc2d3b8c59	2748
2873	d9403eb0-6359-43b6-977d-27cc2d3b8c59	2749
2874	d9403eb0-6359-43b6-977d-27cc2d3b8c59	2750
2875	d9403eb0-6359-43b6-977d-27cc2d3b8c59	2751
2876	d9403eb0-6359-43b6-977d-27cc2d3b8c59	2752
2877	d9403eb0-6359-43b6-977d-27cc2d3b8c59	2753
2878	d9403eb0-6359-43b6-977d-27cc2d3b8c59	2754
2879	d9403eb0-6359-43b6-977d-27cc2d3b8c59	2755
2880	d9403eb0-6359-43b6-977d-27cc2d3b8c59	2756
2881	d9403eb0-6359-43b6-977d-27cc2d3b8c59	2757
2882	d9403eb0-6359-43b6-977d-27cc2d3b8c59	2758
2883	d9403eb0-6359-43b6-977d-27cc2d3b8c59	2759
2884	d9403eb0-6359-43b6-977d-27cc2d3b8c59	2760
2885	d9403eb0-6359-43b6-977d-27cc2d3b8c59	2761
2886	d9403eb0-6359-43b6-977d-27cc2d3b8c59	2762
2887	d9403eb0-6359-43b6-977d-27cc2d3b8c59	2763
2888	d9403eb0-6359-43b6-977d-27cc2d3b8c59	2764
2889	d9403eb0-6359-43b6-977d-27cc2d3b8c59	2765
2890	d9403eb0-6359-43b6-977d-27cc2d3b8c59	2766
2891	d9403eb0-6359-43b6-977d-27cc2d3b8c59	2767
2892	d9403eb0-6359-43b6-977d-27cc2d3b8c59	2768
2893	d9403eb0-6359-43b6-977d-27cc2d3b8c59	2769
2894	d9403eb0-6359-43b6-977d-27cc2d3b8c59	2770
2895	d9403eb0-6359-43b6-977d-27cc2d3b8c59	2771
2896	d9403eb0-6359-43b6-977d-27cc2d3b8c59	2772
2897	d9403eb0-6359-43b6-977d-27cc2d3b8c59	2773
2898	d9403eb0-6359-43b6-977d-27cc2d3b8c59	2774
2899	d9403eb0-6359-43b6-977d-27cc2d3b8c59	2775
2900	d9403eb0-6359-43b6-977d-27cc2d3b8c59	2776
2901	d9403eb0-6359-43b6-977d-27cc2d3b8c59	2777
2902	d9403eb0-6359-43b6-977d-27cc2d3b8c59	2778
2903	d9403eb0-6359-43b6-977d-27cc2d3b8c59	2779
2904	d9403eb0-6359-43b6-977d-27cc2d3b8c59	2780
2905	d9403eb0-6359-43b6-977d-27cc2d3b8c59	2781
2906	d9403eb0-6359-43b6-977d-27cc2d3b8c59	2782
2907	d9403eb0-6359-43b6-977d-27cc2d3b8c59	2783
2908	d9403eb0-6359-43b6-977d-27cc2d3b8c59	2784
2909	d9403eb0-6359-43b6-977d-27cc2d3b8c59	2785
2910	d9403eb0-6359-43b6-977d-27cc2d3b8c59	2786
2911	d9403eb0-6359-43b6-977d-27cc2d3b8c59	2787
2912	d9403eb0-6359-43b6-977d-27cc2d3b8c59	2788
2913	d9403eb0-6359-43b6-977d-27cc2d3b8c59	2789
2914	d9403eb0-6359-43b6-977d-27cc2d3b8c59	2790
2915	d9403eb0-6359-43b6-977d-27cc2d3b8c59	2791
2916	d9403eb0-6359-43b6-977d-27cc2d3b8c59	2792
2917	d9403eb0-6359-43b6-977d-27cc2d3b8c59	2793
2918	d9403eb0-6359-43b6-977d-27cc2d3b8c59	2794
2919	d9403eb0-6359-43b6-977d-27cc2d3b8c59	2795
2920	d9403eb0-6359-43b6-977d-27cc2d3b8c59	2796
2921	d9403eb0-6359-43b6-977d-27cc2d3b8c59	2797
2922	d9403eb0-6359-43b6-977d-27cc2d3b8c59	2798
2923	d9403eb0-6359-43b6-977d-27cc2d3b8c59	2799
2924	d9403eb0-6359-43b6-977d-27cc2d3b8c59	2800
2925	d9403eb0-6359-43b6-977d-27cc2d3b8c59	2801
2926	d9403eb0-6359-43b6-977d-27cc2d3b8c59	2802
2927	d9403eb0-6359-43b6-977d-27cc2d3b8c59	2803
2928	d9403eb0-6359-43b6-977d-27cc2d3b8c59	2804
2929	d9403eb0-6359-43b6-977d-27cc2d3b8c59	2805
2930	d9403eb0-6359-43b6-977d-27cc2d3b8c59	2806
2931	d9403eb0-6359-43b6-977d-27cc2d3b8c59	2807
2932	d9403eb0-6359-43b6-977d-27cc2d3b8c59	2808
2933	d9403eb0-6359-43b6-977d-27cc2d3b8c59	2809
2934	d9403eb0-6359-43b6-977d-27cc2d3b8c59	2810
2935	d9403eb0-6359-43b6-977d-27cc2d3b8c59	2811
2936	d9403eb0-6359-43b6-977d-27cc2d3b8c59	2812
2937	d9403eb0-6359-43b6-977d-27cc2d3b8c59	2813
2938	d9403eb0-6359-43b6-977d-27cc2d3b8c59	2814
2939	d9403eb0-6359-43b6-977d-27cc2d3b8c59	2815
2940	d9403eb0-6359-43b6-977d-27cc2d3b8c59	2816
2941	d9403eb0-6359-43b6-977d-27cc2d3b8c59	2817
2942	d9403eb0-6359-43b6-977d-27cc2d3b8c59	2818
2943	d9403eb0-6359-43b6-977d-27cc2d3b8c59	2819
2944	d9403eb0-6359-43b6-977d-27cc2d3b8c59	2820
2945	d9403eb0-6359-43b6-977d-27cc2d3b8c59	2821
2946	d9403eb0-6359-43b6-977d-27cc2d3b8c59	2822
2947	d9403eb0-6359-43b6-977d-27cc2d3b8c59	2823
2948	d9403eb0-6359-43b6-977d-27cc2d3b8c59	2824
2949	d9403eb0-6359-43b6-977d-27cc2d3b8c59	2825
2950	d9403eb0-6359-43b6-977d-27cc2d3b8c59	2826
2951	d9403eb0-6359-43b6-977d-27cc2d3b8c59	2827
2952	d9403eb0-6359-43b6-977d-27cc2d3b8c59	2828
2953	d9403eb0-6359-43b6-977d-27cc2d3b8c59	2829
2954	d9403eb0-6359-43b6-977d-27cc2d3b8c59	2830
2955	d9403eb0-6359-43b6-977d-27cc2d3b8c59	2831
2956	d9403eb0-6359-43b6-977d-27cc2d3b8c59	2832
2957	d9403eb0-6359-43b6-977d-27cc2d3b8c59	2833
2958	d9403eb0-6359-43b6-977d-27cc2d3b8c59	2834
2959	d9403eb0-6359-43b6-977d-27cc2d3b8c59	2835
2960	d9403eb0-6359-43b6-977d-27cc2d3b8c59	2836
2961	d9403eb0-6359-43b6-977d-27cc2d3b8c59	2837
2962	d9403eb0-6359-43b6-977d-27cc2d3b8c59	2838
2963	d9403eb0-6359-43b6-977d-27cc2d3b8c59	2839
2964	d9403eb0-6359-43b6-977d-27cc2d3b8c59	2840
2965	d9403eb0-6359-43b6-977d-27cc2d3b8c59	2841
2966	d9403eb0-6359-43b6-977d-27cc2d3b8c59	2842
2967	d9403eb0-6359-43b6-977d-27cc2d3b8c59	2843
2968	d9403eb0-6359-43b6-977d-27cc2d3b8c59	2844
2969	d9403eb0-6359-43b6-977d-27cc2d3b8c59	2845
2970	d9403eb0-6359-43b6-977d-27cc2d3b8c59	2846
2971	d9403eb0-6359-43b6-977d-27cc2d3b8c59	2847
2972	d9403eb0-6359-43b6-977d-27cc2d3b8c59	2848
2973	d9403eb0-6359-43b6-977d-27cc2d3b8c59	2849
2974	d9403eb0-6359-43b6-977d-27cc2d3b8c59	2850
2975	d9403eb0-6359-43b6-977d-27cc2d3b8c59	2851
2976	d9403eb0-6359-43b6-977d-27cc2d3b8c59	2852
2977	d9403eb0-6359-43b6-977d-27cc2d3b8c59	2853
2978	d9403eb0-6359-43b6-977d-27cc2d3b8c59	2854
2979	d9403eb0-6359-43b6-977d-27cc2d3b8c59	2855
2980	d9403eb0-6359-43b6-977d-27cc2d3b8c59	2856
2981	d9403eb0-6359-43b6-977d-27cc2d3b8c59	2857
2982	d9403eb0-6359-43b6-977d-27cc2d3b8c59	2858
2983	d9403eb0-6359-43b6-977d-27cc2d3b8c59	2859
2984	d9403eb0-6359-43b6-977d-27cc2d3b8c59	2860
2985	d9403eb0-6359-43b6-977d-27cc2d3b8c59	2861
2986	d9403eb0-6359-43b6-977d-27cc2d3b8c59	2862
2987	d9403eb0-6359-43b6-977d-27cc2d3b8c59	2863
2988	d9403eb0-6359-43b6-977d-27cc2d3b8c59	2864
2989	d9403eb0-6359-43b6-977d-27cc2d3b8c59	2865
2990	d9403eb0-6359-43b6-977d-27cc2d3b8c59	2866
2991	d9403eb0-6359-43b6-977d-27cc2d3b8c59	2867
2992	d9403eb0-6359-43b6-977d-27cc2d3b8c59	2868
2993	d9403eb0-6359-43b6-977d-27cc2d3b8c59	2869
2994	d9403eb0-6359-43b6-977d-27cc2d3b8c59	2870
2995	d9403eb0-6359-43b6-977d-27cc2d3b8c59	2871
2996	d9403eb0-6359-43b6-977d-27cc2d3b8c59	2872
2997	d9403eb0-6359-43b6-977d-27cc2d3b8c59	2873
2998	d9403eb0-6359-43b6-977d-27cc2d3b8c59	2874
2999	d9403eb0-6359-43b6-977d-27cc2d3b8c59	2875
3000	d9403eb0-6359-43b6-977d-27cc2d3b8c59	2876
3001	d9403eb0-6359-43b6-977d-27cc2d3b8c59	2877
3002	d9403eb0-6359-43b6-977d-27cc2d3b8c59	2878
3003	d9403eb0-6359-43b6-977d-27cc2d3b8c59	2879
3004	d9403eb0-6359-43b6-977d-27cc2d3b8c59	2880
3005	d9403eb0-6359-43b6-977d-27cc2d3b8c59	2881
3006	d9403eb0-6359-43b6-977d-27cc2d3b8c59	2882
3007	d9403eb0-6359-43b6-977d-27cc2d3b8c59	2883
3008	d9403eb0-6359-43b6-977d-27cc2d3b8c59	2884
3009	d9403eb0-6359-43b6-977d-27cc2d3b8c59	2885
3010	d9403eb0-6359-43b6-977d-27cc2d3b8c59	2886
3011	d9403eb0-6359-43b6-977d-27cc2d3b8c59	2887
3012	d9403eb0-6359-43b6-977d-27cc2d3b8c59	2888
3013	d9403eb0-6359-43b6-977d-27cc2d3b8c59	2889
3014	d9403eb0-6359-43b6-977d-27cc2d3b8c59	2890
3015	d9403eb0-6359-43b6-977d-27cc2d3b8c59	2891
3016	d9403eb0-6359-43b6-977d-27cc2d3b8c59	2892
3017	d9403eb0-6359-43b6-977d-27cc2d3b8c59	2893
3018	d9403eb0-6359-43b6-977d-27cc2d3b8c59	2894
3019	d9403eb0-6359-43b6-977d-27cc2d3b8c59	2895
3020	d9403eb0-6359-43b6-977d-27cc2d3b8c59	2896
3021	d9403eb0-6359-43b6-977d-27cc2d3b8c59	2897
3022	d9403eb0-6359-43b6-977d-27cc2d3b8c59	2898
3023	d9403eb0-6359-43b6-977d-27cc2d3b8c59	2899
3024	d9403eb0-6359-43b6-977d-27cc2d3b8c59	2900
3025	d9403eb0-6359-43b6-977d-27cc2d3b8c59	2901
3026	d9403eb0-6359-43b6-977d-27cc2d3b8c59	2902
3027	d9403eb0-6359-43b6-977d-27cc2d3b8c59	2903
3028	d9403eb0-6359-43b6-977d-27cc2d3b8c59	2904
3029	d9403eb0-6359-43b6-977d-27cc2d3b8c59	2905
3030	d9403eb0-6359-43b6-977d-27cc2d3b8c59	2906
3031	d9403eb0-6359-43b6-977d-27cc2d3b8c59	2907
3032	d9403eb0-6359-43b6-977d-27cc2d3b8c59	2908
3033	d9403eb0-6359-43b6-977d-27cc2d3b8c59	2909
3034	d9403eb0-6359-43b6-977d-27cc2d3b8c59	2910
3035	d9403eb0-6359-43b6-977d-27cc2d3b8c59	2911
3036	d9403eb0-6359-43b6-977d-27cc2d3b8c59	2912
3037	d9403eb0-6359-43b6-977d-27cc2d3b8c59	2913
3038	d9403eb0-6359-43b6-977d-27cc2d3b8c59	2914
3039	d9403eb0-6359-43b6-977d-27cc2d3b8c59	2915
3040	d9403eb0-6359-43b6-977d-27cc2d3b8c59	2916
3041	d9403eb0-6359-43b6-977d-27cc2d3b8c59	2917
3042	d9403eb0-6359-43b6-977d-27cc2d3b8c59	2918
3043	d9403eb0-6359-43b6-977d-27cc2d3b8c59	2919
3044	d9403eb0-6359-43b6-977d-27cc2d3b8c59	2920
3045	d9403eb0-6359-43b6-977d-27cc2d3b8c59	2921
3046	d9403eb0-6359-43b6-977d-27cc2d3b8c59	2922
3047	d9403eb0-6359-43b6-977d-27cc2d3b8c59	2923
3048	d9403eb0-6359-43b6-977d-27cc2d3b8c59	2924
3049	d9403eb0-6359-43b6-977d-27cc2d3b8c59	2925
3050	d9403eb0-6359-43b6-977d-27cc2d3b8c59	2926
3051	d9403eb0-6359-43b6-977d-27cc2d3b8c59	2927
3052	d9403eb0-6359-43b6-977d-27cc2d3b8c59	2928
3053	d9403eb0-6359-43b6-977d-27cc2d3b8c59	2929
3054	d9403eb0-6359-43b6-977d-27cc2d3b8c59	2930
3055	d9403eb0-6359-43b6-977d-27cc2d3b8c59	2931
3056	d9403eb0-6359-43b6-977d-27cc2d3b8c59	2932
3057	d9403eb0-6359-43b6-977d-27cc2d3b8c59	2933
3058	d9403eb0-6359-43b6-977d-27cc2d3b8c59	2934
3059	d9403eb0-6359-43b6-977d-27cc2d3b8c59	2935
3060	d9403eb0-6359-43b6-977d-27cc2d3b8c59	2936
3061	d9403eb0-6359-43b6-977d-27cc2d3b8c59	2937
3062	d9403eb0-6359-43b6-977d-27cc2d3b8c59	2938
3063	d9403eb0-6359-43b6-977d-27cc2d3b8c59	2939
3064	d9403eb0-6359-43b6-977d-27cc2d3b8c59	2940
3065	d9403eb0-6359-43b6-977d-27cc2d3b8c59	2941
3066	d9403eb0-6359-43b6-977d-27cc2d3b8c59	2942
3067	d9403eb0-6359-43b6-977d-27cc2d3b8c59	2943
3068	d9403eb0-6359-43b6-977d-27cc2d3b8c59	2944
3069	d9403eb0-6359-43b6-977d-27cc2d3b8c59	2945
3070	d9403eb0-6359-43b6-977d-27cc2d3b8c59	2946
3071	d9403eb0-6359-43b6-977d-27cc2d3b8c59	2947
3072	d9403eb0-6359-43b6-977d-27cc2d3b8c59	2948
3073	d9403eb0-6359-43b6-977d-27cc2d3b8c59	2949
3074	d9403eb0-6359-43b6-977d-27cc2d3b8c59	2950
3075	d9403eb0-6359-43b6-977d-27cc2d3b8c59	2951
3076	d9403eb0-6359-43b6-977d-27cc2d3b8c59	2952
3077	d9403eb0-6359-43b6-977d-27cc2d3b8c59	2953
3078	d9403eb0-6359-43b6-977d-27cc2d3b8c59	2954
3079	d9403eb0-6359-43b6-977d-27cc2d3b8c59	2955
3080	d9403eb0-6359-43b6-977d-27cc2d3b8c59	2956
3081	d9403eb0-6359-43b6-977d-27cc2d3b8c59	2957
3082	d9403eb0-6359-43b6-977d-27cc2d3b8c59	2958
3083	d9403eb0-6359-43b6-977d-27cc2d3b8c59	2959
3084	d9403eb0-6359-43b6-977d-27cc2d3b8c59	2960
3085	d9403eb0-6359-43b6-977d-27cc2d3b8c59	2961
3086	d9403eb0-6359-43b6-977d-27cc2d3b8c59	2962
3087	d9403eb0-6359-43b6-977d-27cc2d3b8c59	2963
3088	d9403eb0-6359-43b6-977d-27cc2d3b8c59	2964
3089	d9403eb0-6359-43b6-977d-27cc2d3b8c59	2965
3090	d9403eb0-6359-43b6-977d-27cc2d3b8c59	2966
3091	d9403eb0-6359-43b6-977d-27cc2d3b8c59	2967
3092	d9403eb0-6359-43b6-977d-27cc2d3b8c59	2968
3093	d9403eb0-6359-43b6-977d-27cc2d3b8c59	2969
3094	d9403eb0-6359-43b6-977d-27cc2d3b8c59	2970
3095	d9403eb0-6359-43b6-977d-27cc2d3b8c59	2971
3096	d9403eb0-6359-43b6-977d-27cc2d3b8c59	2972
3097	d9403eb0-6359-43b6-977d-27cc2d3b8c59	2973
3098	d9403eb0-6359-43b6-977d-27cc2d3b8c59	2974
3099	d9403eb0-6359-43b6-977d-27cc2d3b8c59	2975
3100	d9403eb0-6359-43b6-977d-27cc2d3b8c59	2976
3101	d9403eb0-6359-43b6-977d-27cc2d3b8c59	2977
3102	d9403eb0-6359-43b6-977d-27cc2d3b8c59	2978
3103	d9403eb0-6359-43b6-977d-27cc2d3b8c59	2979
3104	d9403eb0-6359-43b6-977d-27cc2d3b8c59	2980
3105	d9403eb0-6359-43b6-977d-27cc2d3b8c59	2981
3106	d9403eb0-6359-43b6-977d-27cc2d3b8c59	2982
3107	d9403eb0-6359-43b6-977d-27cc2d3b8c59	2983
3108	d9403eb0-6359-43b6-977d-27cc2d3b8c59	2984
3109	d9403eb0-6359-43b6-977d-27cc2d3b8c59	2985
3110	d9403eb0-6359-43b6-977d-27cc2d3b8c59	2986
3111	d9403eb0-6359-43b6-977d-27cc2d3b8c59	2987
3112	d9403eb0-6359-43b6-977d-27cc2d3b8c59	2988
3113	d9403eb0-6359-43b6-977d-27cc2d3b8c59	2989
3114	d9403eb0-6359-43b6-977d-27cc2d3b8c59	2990
3115	d9403eb0-6359-43b6-977d-27cc2d3b8c59	2991
3116	d9403eb0-6359-43b6-977d-27cc2d3b8c59	2992
3117	d9403eb0-6359-43b6-977d-27cc2d3b8c59	2993
3118	d9403eb0-6359-43b6-977d-27cc2d3b8c59	2994
3119	d9403eb0-6359-43b6-977d-27cc2d3b8c59	2995
3120	d9403eb0-6359-43b6-977d-27cc2d3b8c59	2996
3121	d9403eb0-6359-43b6-977d-27cc2d3b8c59	2997
3122	d9403eb0-6359-43b6-977d-27cc2d3b8c59	2998
3123	d9403eb0-6359-43b6-977d-27cc2d3b8c59	2999
3124	d9403eb0-6359-43b6-977d-27cc2d3b8c59	3000
3125	d9403eb0-6359-43b6-977d-27cc2d3b8c59	3001
3126	d9403eb0-6359-43b6-977d-27cc2d3b8c59	3002
3127	d9403eb0-6359-43b6-977d-27cc2d3b8c59	3003
3128	d9403eb0-6359-43b6-977d-27cc2d3b8c59	3004
3129	d9403eb0-6359-43b6-977d-27cc2d3b8c59	3005
3130	d9403eb0-6359-43b6-977d-27cc2d3b8c59	3006
3131	d9403eb0-6359-43b6-977d-27cc2d3b8c59	3007
3132	d9403eb0-6359-43b6-977d-27cc2d3b8c59	3008
3133	d9403eb0-6359-43b6-977d-27cc2d3b8c59	3009
3134	d9403eb0-6359-43b6-977d-27cc2d3b8c59	3010
3135	d9403eb0-6359-43b6-977d-27cc2d3b8c59	3011
3136	d9403eb0-6359-43b6-977d-27cc2d3b8c59	3012
3137	d9403eb0-6359-43b6-977d-27cc2d3b8c59	3013
3138	d9403eb0-6359-43b6-977d-27cc2d3b8c59	3014
3139	d9403eb0-6359-43b6-977d-27cc2d3b8c59	3015
3140	d9403eb0-6359-43b6-977d-27cc2d3b8c59	3016
3141	d9403eb0-6359-43b6-977d-27cc2d3b8c59	3017
3142	d9403eb0-6359-43b6-977d-27cc2d3b8c59	3018
3143	d9403eb0-6359-43b6-977d-27cc2d3b8c59	3019
3144	d9403eb0-6359-43b6-977d-27cc2d3b8c59	3020
3145	d9403eb0-6359-43b6-977d-27cc2d3b8c59	3021
3146	d9403eb0-6359-43b6-977d-27cc2d3b8c59	3022
3147	d9403eb0-6359-43b6-977d-27cc2d3b8c59	3023
3148	d9403eb0-6359-43b6-977d-27cc2d3b8c59	3024
3149	d9403eb0-6359-43b6-977d-27cc2d3b8c59	3025
3150	d9403eb0-6359-43b6-977d-27cc2d3b8c59	3026
3151	d9403eb0-6359-43b6-977d-27cc2d3b8c59	3027
3152	d9403eb0-6359-43b6-977d-27cc2d3b8c59	3028
3153	d9403eb0-6359-43b6-977d-27cc2d3b8c59	3029
3154	d9403eb0-6359-43b6-977d-27cc2d3b8c59	3030
3155	d9403eb0-6359-43b6-977d-27cc2d3b8c59	3031
3156	d9403eb0-6359-43b6-977d-27cc2d3b8c59	3032
3157	d9403eb0-6359-43b6-977d-27cc2d3b8c59	3033
3158	d9403eb0-6359-43b6-977d-27cc2d3b8c59	3034
3159	d9403eb0-6359-43b6-977d-27cc2d3b8c59	3035
3160	d9403eb0-6359-43b6-977d-27cc2d3b8c59	3036
3161	d9403eb0-6359-43b6-977d-27cc2d3b8c59	3037
3162	d9403eb0-6359-43b6-977d-27cc2d3b8c59	3038
3163	d9403eb0-6359-43b6-977d-27cc2d3b8c59	3039
3164	d9403eb0-6359-43b6-977d-27cc2d3b8c59	3040
3165	d9403eb0-6359-43b6-977d-27cc2d3b8c59	3041
3166	d9403eb0-6359-43b6-977d-27cc2d3b8c59	3042
3167	d9403eb0-6359-43b6-977d-27cc2d3b8c59	3043
3168	d9403eb0-6359-43b6-977d-27cc2d3b8c59	3044
3169	d9403eb0-6359-43b6-977d-27cc2d3b8c59	3045
3170	d9403eb0-6359-43b6-977d-27cc2d3b8c59	3046
3171	d9403eb0-6359-43b6-977d-27cc2d3b8c59	3047
3172	d9403eb0-6359-43b6-977d-27cc2d3b8c59	3048
3173	d9403eb0-6359-43b6-977d-27cc2d3b8c59	3049
3174	d9403eb0-6359-43b6-977d-27cc2d3b8c59	3050
3175	d9403eb0-6359-43b6-977d-27cc2d3b8c59	3051
3176	d9403eb0-6359-43b6-977d-27cc2d3b8c59	3052
3177	d9403eb0-6359-43b6-977d-27cc2d3b8c59	3053
3178	d9403eb0-6359-43b6-977d-27cc2d3b8c59	3054
3179	d9403eb0-6359-43b6-977d-27cc2d3b8c59	3055
3180	d9403eb0-6359-43b6-977d-27cc2d3b8c59	3056
3181	d9403eb0-6359-43b6-977d-27cc2d3b8c59	3057
3182	d9403eb0-6359-43b6-977d-27cc2d3b8c59	3058
3183	d9403eb0-6359-43b6-977d-27cc2d3b8c59	3059
3184	d9403eb0-6359-43b6-977d-27cc2d3b8c59	3060
3185	d9403eb0-6359-43b6-977d-27cc2d3b8c59	3061
3186	d9403eb0-6359-43b6-977d-27cc2d3b8c59	3062
3187	d9403eb0-6359-43b6-977d-27cc2d3b8c59	3063
3188	d9403eb0-6359-43b6-977d-27cc2d3b8c59	3064
3189	d9403eb0-6359-43b6-977d-27cc2d3b8c59	3065
3190	d9403eb0-6359-43b6-977d-27cc2d3b8c59	3066
3191	d9403eb0-6359-43b6-977d-27cc2d3b8c59	3067
3192	d9403eb0-6359-43b6-977d-27cc2d3b8c59	3068
3193	d9403eb0-6359-43b6-977d-27cc2d3b8c59	3069
3194	d9403eb0-6359-43b6-977d-27cc2d3b8c59	3070
3195	d9403eb0-6359-43b6-977d-27cc2d3b8c59	3071
3196	d9403eb0-6359-43b6-977d-27cc2d3b8c59	3072
3197	d9403eb0-6359-43b6-977d-27cc2d3b8c59	3073
3198	d9403eb0-6359-43b6-977d-27cc2d3b8c59	3074
3199	d9403eb0-6359-43b6-977d-27cc2d3b8c59	3075
3200	d9403eb0-6359-43b6-977d-27cc2d3b8c59	3076
3201	d9403eb0-6359-43b6-977d-27cc2d3b8c59	3077
3202	d9403eb0-6359-43b6-977d-27cc2d3b8c59	3078
3203	d9403eb0-6359-43b6-977d-27cc2d3b8c59	3079
3204	d9403eb0-6359-43b6-977d-27cc2d3b8c59	3080
3205	d9403eb0-6359-43b6-977d-27cc2d3b8c59	3081
3206	d9403eb0-6359-43b6-977d-27cc2d3b8c59	3082
3207	d9403eb0-6359-43b6-977d-27cc2d3b8c59	3083
3208	d9403eb0-6359-43b6-977d-27cc2d3b8c59	3084
3209	d9403eb0-6359-43b6-977d-27cc2d3b8c59	3085
3210	d9403eb0-6359-43b6-977d-27cc2d3b8c59	3086
3211	d9403eb0-6359-43b6-977d-27cc2d3b8c59	3087
3212	d9403eb0-6359-43b6-977d-27cc2d3b8c59	3088
3213	d9403eb0-6359-43b6-977d-27cc2d3b8c59	3089
3214	d9403eb0-6359-43b6-977d-27cc2d3b8c59	3090
3215	d9403eb0-6359-43b6-977d-27cc2d3b8c59	3091
3216	d9403eb0-6359-43b6-977d-27cc2d3b8c59	3092
3217	d9403eb0-6359-43b6-977d-27cc2d3b8c59	3093
3218	d9403eb0-6359-43b6-977d-27cc2d3b8c59	3094
3219	d9403eb0-6359-43b6-977d-27cc2d3b8c59	3095
3220	d9403eb0-6359-43b6-977d-27cc2d3b8c59	3096
3221	d9403eb0-6359-43b6-977d-27cc2d3b8c59	3097
3222	d9403eb0-6359-43b6-977d-27cc2d3b8c59	3098
3223	d9403eb0-6359-43b6-977d-27cc2d3b8c59	3099
3224	d9403eb0-6359-43b6-977d-27cc2d3b8c59	3100
3225	d9403eb0-6359-43b6-977d-27cc2d3b8c59	3101
3226	d9403eb0-6359-43b6-977d-27cc2d3b8c59	3102
3227	d9403eb0-6359-43b6-977d-27cc2d3b8c59	3103
3228	d9403eb0-6359-43b6-977d-27cc2d3b8c59	3104
3229	d9403eb0-6359-43b6-977d-27cc2d3b8c59	3105
3230	d9403eb0-6359-43b6-977d-27cc2d3b8c59	3106
3231	d9403eb0-6359-43b6-977d-27cc2d3b8c59	3107
3232	d9403eb0-6359-43b6-977d-27cc2d3b8c59	3108
3233	d9403eb0-6359-43b6-977d-27cc2d3b8c59	3109
3234	d9403eb0-6359-43b6-977d-27cc2d3b8c59	3110
3235	d9403eb0-6359-43b6-977d-27cc2d3b8c59	3111
3236	d9403eb0-6359-43b6-977d-27cc2d3b8c59	3112
3237	d9403eb0-6359-43b6-977d-27cc2d3b8c59	3113
3238	d9403eb0-6359-43b6-977d-27cc2d3b8c59	3114
3239	d9403eb0-6359-43b6-977d-27cc2d3b8c59	3115
3240	d9403eb0-6359-43b6-977d-27cc2d3b8c59	3116
3241	d9403eb0-6359-43b6-977d-27cc2d3b8c59	3117
3242	d9403eb0-6359-43b6-977d-27cc2d3b8c59	3118
3243	d9403eb0-6359-43b6-977d-27cc2d3b8c59	3119
3244	d9403eb0-6359-43b6-977d-27cc2d3b8c59	3120
3245	d9403eb0-6359-43b6-977d-27cc2d3b8c59	3121
3246	d9403eb0-6359-43b6-977d-27cc2d3b8c59	3122
3247	d9403eb0-6359-43b6-977d-27cc2d3b8c59	3123
3248	d9403eb0-6359-43b6-977d-27cc2d3b8c59	3124
3249	d9403eb0-6359-43b6-977d-27cc2d3b8c59	3125
3250	d9403eb0-6359-43b6-977d-27cc2d3b8c59	3126
3251	d9403eb0-6359-43b6-977d-27cc2d3b8c59	3127
3252	d9403eb0-6359-43b6-977d-27cc2d3b8c59	3128
3253	d9403eb0-6359-43b6-977d-27cc2d3b8c59	3129
3254	d9403eb0-6359-43b6-977d-27cc2d3b8c59	3130
3255	d9403eb0-6359-43b6-977d-27cc2d3b8c59	3131
3256	d9403eb0-6359-43b6-977d-27cc2d3b8c59	3132
3257	d9403eb0-6359-43b6-977d-27cc2d3b8c59	3133
3258	d9403eb0-6359-43b6-977d-27cc2d3b8c59	3134
3259	d9403eb0-6359-43b6-977d-27cc2d3b8c59	3135
3260	d9403eb0-6359-43b6-977d-27cc2d3b8c59	3136
3261	d9403eb0-6359-43b6-977d-27cc2d3b8c59	3137
3262	d9403eb0-6359-43b6-977d-27cc2d3b8c59	3138
3263	d9403eb0-6359-43b6-977d-27cc2d3b8c59	3139
3264	d9403eb0-6359-43b6-977d-27cc2d3b8c59	3140
3265	d9403eb0-6359-43b6-977d-27cc2d3b8c59	3141
3266	d9403eb0-6359-43b6-977d-27cc2d3b8c59	3142
3267	d9403eb0-6359-43b6-977d-27cc2d3b8c59	3143
3268	d9403eb0-6359-43b6-977d-27cc2d3b8c59	3144
3269	d9403eb0-6359-43b6-977d-27cc2d3b8c59	3145
3270	d9403eb0-6359-43b6-977d-27cc2d3b8c59	3146
3271	d9403eb0-6359-43b6-977d-27cc2d3b8c59	3147
3272	d9403eb0-6359-43b6-977d-27cc2d3b8c59	3148
3273	d9403eb0-6359-43b6-977d-27cc2d3b8c59	3149
3274	d9403eb0-6359-43b6-977d-27cc2d3b8c59	3150
3275	d9403eb0-6359-43b6-977d-27cc2d3b8c59	3151
3276	d9403eb0-6359-43b6-977d-27cc2d3b8c59	3152
3277	d9403eb0-6359-43b6-977d-27cc2d3b8c59	3153
3278	d9403eb0-6359-43b6-977d-27cc2d3b8c59	3154
3279	d9403eb0-6359-43b6-977d-27cc2d3b8c59	3155
3280	d9403eb0-6359-43b6-977d-27cc2d3b8c59	3156
3281	d9403eb0-6359-43b6-977d-27cc2d3b8c59	3157
3282	d9403eb0-6359-43b6-977d-27cc2d3b8c59	3158
3283	d9403eb0-6359-43b6-977d-27cc2d3b8c59	3159
3284	d9403eb0-6359-43b6-977d-27cc2d3b8c59	3160
3285	d9403eb0-6359-43b6-977d-27cc2d3b8c59	3161
3286	d9403eb0-6359-43b6-977d-27cc2d3b8c59	3162
3287	d9403eb0-6359-43b6-977d-27cc2d3b8c59	3163
3288	d9403eb0-6359-43b6-977d-27cc2d3b8c59	3164
3289	d9403eb0-6359-43b6-977d-27cc2d3b8c59	3165
3290	d9403eb0-6359-43b6-977d-27cc2d3b8c59	3166
3291	d9403eb0-6359-43b6-977d-27cc2d3b8c59	3167
3292	d9403eb0-6359-43b6-977d-27cc2d3b8c59	3168
3293	d9403eb0-6359-43b6-977d-27cc2d3b8c59	3169
3294	d9403eb0-6359-43b6-977d-27cc2d3b8c59	3170
3295	d9403eb0-6359-43b6-977d-27cc2d3b8c59	3171
3296	d9403eb0-6359-43b6-977d-27cc2d3b8c59	3172
3297	d9403eb0-6359-43b6-977d-27cc2d3b8c59	3173
3298	d9403eb0-6359-43b6-977d-27cc2d3b8c59	3174
3299	d9403eb0-6359-43b6-977d-27cc2d3b8c59	3175
3300	d9403eb0-6359-43b6-977d-27cc2d3b8c59	3176
3301	d9403eb0-6359-43b6-977d-27cc2d3b8c59	3177
3302	d9403eb0-6359-43b6-977d-27cc2d3b8c59	3178
3303	d9403eb0-6359-43b6-977d-27cc2d3b8c59	3179
3304	d9403eb0-6359-43b6-977d-27cc2d3b8c59	3180
3305	d9403eb0-6359-43b6-977d-27cc2d3b8c59	3181
3306	d9403eb0-6359-43b6-977d-27cc2d3b8c59	3182
3307	d9403eb0-6359-43b6-977d-27cc2d3b8c59	3183
3308	d9403eb0-6359-43b6-977d-27cc2d3b8c59	3184
3309	d9403eb0-6359-43b6-977d-27cc2d3b8c59	3185
3310	d9403eb0-6359-43b6-977d-27cc2d3b8c59	3186
3311	d9403eb0-6359-43b6-977d-27cc2d3b8c59	3187
3312	d9403eb0-6359-43b6-977d-27cc2d3b8c59	3188
3313	d9403eb0-6359-43b6-977d-27cc2d3b8c59	3189
3314	d9403eb0-6359-43b6-977d-27cc2d3b8c59	3190
3315	d9403eb0-6359-43b6-977d-27cc2d3b8c59	3191
3316	d9403eb0-6359-43b6-977d-27cc2d3b8c59	3192
3317	d9403eb0-6359-43b6-977d-27cc2d3b8c59	3193
3318	d9403eb0-6359-43b6-977d-27cc2d3b8c59	3194
3319	d9403eb0-6359-43b6-977d-27cc2d3b8c59	3195
3320	d9403eb0-6359-43b6-977d-27cc2d3b8c59	3196
3321	d9403eb0-6359-43b6-977d-27cc2d3b8c59	3197
3322	d9403eb0-6359-43b6-977d-27cc2d3b8c59	3198
3323	d9403eb0-6359-43b6-977d-27cc2d3b8c59	3199
3324	d9403eb0-6359-43b6-977d-27cc2d3b8c59	3200
3325	d9403eb0-6359-43b6-977d-27cc2d3b8c59	3201
3326	d9403eb0-6359-43b6-977d-27cc2d3b8c59	3202
3327	d9403eb0-6359-43b6-977d-27cc2d3b8c59	3203
3328	d9403eb0-6359-43b6-977d-27cc2d3b8c59	3204
3329	d9403eb0-6359-43b6-977d-27cc2d3b8c59	3205
3330	d9403eb0-6359-43b6-977d-27cc2d3b8c59	3206
3331	d9403eb0-6359-43b6-977d-27cc2d3b8c59	3207
3332	d9403eb0-6359-43b6-977d-27cc2d3b8c59	3208
3333	d9403eb0-6359-43b6-977d-27cc2d3b8c59	3209
3334	d9403eb0-6359-43b6-977d-27cc2d3b8c59	3210
3335	d9403eb0-6359-43b6-977d-27cc2d3b8c59	3211
3336	d9403eb0-6359-43b6-977d-27cc2d3b8c59	3212
3337	d9403eb0-6359-43b6-977d-27cc2d3b8c59	3213
3338	d9403eb0-6359-43b6-977d-27cc2d3b8c59	3214
3339	d9403eb0-6359-43b6-977d-27cc2d3b8c59	3215
3340	d9403eb0-6359-43b6-977d-27cc2d3b8c59	3216
3341	d9403eb0-6359-43b6-977d-27cc2d3b8c59	3217
3342	d9403eb0-6359-43b6-977d-27cc2d3b8c59	3218
3343	d9403eb0-6359-43b6-977d-27cc2d3b8c59	3219
3344	d9403eb0-6359-43b6-977d-27cc2d3b8c59	3220
3345	d9403eb0-6359-43b6-977d-27cc2d3b8c59	3221
3346	d9403eb0-6359-43b6-977d-27cc2d3b8c59	3222
3347	d9403eb0-6359-43b6-977d-27cc2d3b8c59	3223
3348	d9403eb0-6359-43b6-977d-27cc2d3b8c59	3224
3349	d9403eb0-6359-43b6-977d-27cc2d3b8c59	3225
3350	d9403eb0-6359-43b6-977d-27cc2d3b8c59	3226
3351	d9403eb0-6359-43b6-977d-27cc2d3b8c59	3227
3352	d9403eb0-6359-43b6-977d-27cc2d3b8c59	3228
3353	d9403eb0-6359-43b6-977d-27cc2d3b8c59	3229
3354	d9403eb0-6359-43b6-977d-27cc2d3b8c59	3230
3355	d9403eb0-6359-43b6-977d-27cc2d3b8c59	3231
3356	d9403eb0-6359-43b6-977d-27cc2d3b8c59	3232
3357	d9403eb0-6359-43b6-977d-27cc2d3b8c59	3233
3358	d9403eb0-6359-43b6-977d-27cc2d3b8c59	3234
3359	d9403eb0-6359-43b6-977d-27cc2d3b8c59	3235
3360	d9403eb0-6359-43b6-977d-27cc2d3b8c59	3236
3361	d9403eb0-6359-43b6-977d-27cc2d3b8c59	3237
3362	d9403eb0-6359-43b6-977d-27cc2d3b8c59	3238
3363	d9403eb0-6359-43b6-977d-27cc2d3b8c59	3239
3364	d9403eb0-6359-43b6-977d-27cc2d3b8c59	3240
3365	d9403eb0-6359-43b6-977d-27cc2d3b8c59	3241
3366	d9403eb0-6359-43b6-977d-27cc2d3b8c59	3242
3367	d9403eb0-6359-43b6-977d-27cc2d3b8c59	3243
3368	d9403eb0-6359-43b6-977d-27cc2d3b8c59	3244
3369	d9403eb0-6359-43b6-977d-27cc2d3b8c59	3245
3370	d9403eb0-6359-43b6-977d-27cc2d3b8c59	3246
3371	d9403eb0-6359-43b6-977d-27cc2d3b8c59	3247
3372	d9403eb0-6359-43b6-977d-27cc2d3b8c59	3248
3373	d9403eb0-6359-43b6-977d-27cc2d3b8c59	3249
3374	d9403eb0-6359-43b6-977d-27cc2d3b8c59	3250
3375	d9403eb0-6359-43b6-977d-27cc2d3b8c59	3251
3376	d9403eb0-6359-43b6-977d-27cc2d3b8c59	3252
3377	d9403eb0-6359-43b6-977d-27cc2d3b8c59	3253
3378	d9403eb0-6359-43b6-977d-27cc2d3b8c59	3254
3379	d9403eb0-6359-43b6-977d-27cc2d3b8c59	3255
3380	d9403eb0-6359-43b6-977d-27cc2d3b8c59	3256
3381	d9403eb0-6359-43b6-977d-27cc2d3b8c59	3257
3382	d9403eb0-6359-43b6-977d-27cc2d3b8c59	3258
3383	d9403eb0-6359-43b6-977d-27cc2d3b8c59	3259
3384	d9403eb0-6359-43b6-977d-27cc2d3b8c59	3260
3385	d9403eb0-6359-43b6-977d-27cc2d3b8c59	3261
3386	d9403eb0-6359-43b6-977d-27cc2d3b8c59	3262
3387	d9403eb0-6359-43b6-977d-27cc2d3b8c59	3263
3388	d9403eb0-6359-43b6-977d-27cc2d3b8c59	3264
3389	d9403eb0-6359-43b6-977d-27cc2d3b8c59	3265
3390	d9403eb0-6359-43b6-977d-27cc2d3b8c59	3266
3391	d9403eb0-6359-43b6-977d-27cc2d3b8c59	3267
3392	d9403eb0-6359-43b6-977d-27cc2d3b8c59	3268
3393	d9403eb0-6359-43b6-977d-27cc2d3b8c59	3269
3394	d9403eb0-6359-43b6-977d-27cc2d3b8c59	3270
3395	d9403eb0-6359-43b6-977d-27cc2d3b8c59	3271
3396	d9403eb0-6359-43b6-977d-27cc2d3b8c59	3272
3397	d9403eb0-6359-43b6-977d-27cc2d3b8c59	3273
3398	d9403eb0-6359-43b6-977d-27cc2d3b8c59	3274
3399	d9403eb0-6359-43b6-977d-27cc2d3b8c59	3275
3400	d9403eb0-6359-43b6-977d-27cc2d3b8c59	3276
3401	d9403eb0-6359-43b6-977d-27cc2d3b8c59	3277
3402	d9403eb0-6359-43b6-977d-27cc2d3b8c59	3278
3403	d9403eb0-6359-43b6-977d-27cc2d3b8c59	3279
3404	d9403eb0-6359-43b6-977d-27cc2d3b8c59	3280
3405	d9403eb0-6359-43b6-977d-27cc2d3b8c59	3281
3406	d9403eb0-6359-43b6-977d-27cc2d3b8c59	3282
3407	d9403eb0-6359-43b6-977d-27cc2d3b8c59	3283
3408	d9403eb0-6359-43b6-977d-27cc2d3b8c59	3284
3409	d9403eb0-6359-43b6-977d-27cc2d3b8c59	3285
3410	d9403eb0-6359-43b6-977d-27cc2d3b8c59	3286
3411	d9403eb0-6359-43b6-977d-27cc2d3b8c59	3287
3412	d9403eb0-6359-43b6-977d-27cc2d3b8c59	3288
3413	d9403eb0-6359-43b6-977d-27cc2d3b8c59	3289
3414	d9403eb0-6359-43b6-977d-27cc2d3b8c59	3290
3415	d9403eb0-6359-43b6-977d-27cc2d3b8c59	3291
3416	d9403eb0-6359-43b6-977d-27cc2d3b8c59	3292
3417	d9403eb0-6359-43b6-977d-27cc2d3b8c59	3293
3418	d9403eb0-6359-43b6-977d-27cc2d3b8c59	3294
3419	d9403eb0-6359-43b6-977d-27cc2d3b8c59	3295
3420	d9403eb0-6359-43b6-977d-27cc2d3b8c59	3296
3421	d9403eb0-6359-43b6-977d-27cc2d3b8c59	3297
3422	d9403eb0-6359-43b6-977d-27cc2d3b8c59	3298
3423	d9403eb0-6359-43b6-977d-27cc2d3b8c59	3299
3424	d9403eb0-6359-43b6-977d-27cc2d3b8c59	3300
3425	d9403eb0-6359-43b6-977d-27cc2d3b8c59	3301
3426	d9403eb0-6359-43b6-977d-27cc2d3b8c59	3302
3427	d9403eb0-6359-43b6-977d-27cc2d3b8c59	3303
3428	d9403eb0-6359-43b6-977d-27cc2d3b8c59	3304
3429	d9403eb0-6359-43b6-977d-27cc2d3b8c59	3305
3430	d9403eb0-6359-43b6-977d-27cc2d3b8c59	3306
3431	d9403eb0-6359-43b6-977d-27cc2d3b8c59	3307
3432	d9403eb0-6359-43b6-977d-27cc2d3b8c59	3308
3433	d9403eb0-6359-43b6-977d-27cc2d3b8c59	3309
3434	d9403eb0-6359-43b6-977d-27cc2d3b8c59	3310
3435	d9403eb0-6359-43b6-977d-27cc2d3b8c59	3311
3436	d9403eb0-6359-43b6-977d-27cc2d3b8c59	3312
3437	d9403eb0-6359-43b6-977d-27cc2d3b8c59	3313
3438	d9403eb0-6359-43b6-977d-27cc2d3b8c59	3314
3439	d9403eb0-6359-43b6-977d-27cc2d3b8c59	3315
3440	d9403eb0-6359-43b6-977d-27cc2d3b8c59	3316
3441	d9403eb0-6359-43b6-977d-27cc2d3b8c59	3317
3442	d9403eb0-6359-43b6-977d-27cc2d3b8c59	3318
3443	d9403eb0-6359-43b6-977d-27cc2d3b8c59	3319
3444	d9403eb0-6359-43b6-977d-27cc2d3b8c59	3320
3445	d9403eb0-6359-43b6-977d-27cc2d3b8c59	3321
3446	d9403eb0-6359-43b6-977d-27cc2d3b8c59	3322
3447	d9403eb0-6359-43b6-977d-27cc2d3b8c59	3323
3448	d9403eb0-6359-43b6-977d-27cc2d3b8c59	3324
3449	d9403eb0-6359-43b6-977d-27cc2d3b8c59	3325
3450	d9403eb0-6359-43b6-977d-27cc2d3b8c59	3326
3451	d9403eb0-6359-43b6-977d-27cc2d3b8c59	3327
3452	d9403eb0-6359-43b6-977d-27cc2d3b8c59	3328
3453	d9403eb0-6359-43b6-977d-27cc2d3b8c59	3329
3454	d9403eb0-6359-43b6-977d-27cc2d3b8c59	3330
3455	d9403eb0-6359-43b6-977d-27cc2d3b8c59	3331
3456	d9403eb0-6359-43b6-977d-27cc2d3b8c59	3332
3457	d9403eb0-6359-43b6-977d-27cc2d3b8c59	3333
3458	d9403eb0-6359-43b6-977d-27cc2d3b8c59	3334
3459	d9403eb0-6359-43b6-977d-27cc2d3b8c59	3335
3460	d9403eb0-6359-43b6-977d-27cc2d3b8c59	3336
3461	d9403eb0-6359-43b6-977d-27cc2d3b8c59	3337
3462	d9403eb0-6359-43b6-977d-27cc2d3b8c59	3338
3463	d9403eb0-6359-43b6-977d-27cc2d3b8c59	3339
3464	d9403eb0-6359-43b6-977d-27cc2d3b8c59	3340
3465	d9403eb0-6359-43b6-977d-27cc2d3b8c59	3341
3466	d9403eb0-6359-43b6-977d-27cc2d3b8c59	3342
3467	d9403eb0-6359-43b6-977d-27cc2d3b8c59	3343
3468	d9403eb0-6359-43b6-977d-27cc2d3b8c59	3344
3469	d9403eb0-6359-43b6-977d-27cc2d3b8c59	3345
3470	d9403eb0-6359-43b6-977d-27cc2d3b8c59	3346
3471	d9403eb0-6359-43b6-977d-27cc2d3b8c59	3347
3472	d9403eb0-6359-43b6-977d-27cc2d3b8c59	3348
3473	d9403eb0-6359-43b6-977d-27cc2d3b8c59	3349
3474	d9403eb0-6359-43b6-977d-27cc2d3b8c59	3350
3475	d9403eb0-6359-43b6-977d-27cc2d3b8c59	3351
3476	d9403eb0-6359-43b6-977d-27cc2d3b8c59	3352
3477	d9403eb0-6359-43b6-977d-27cc2d3b8c59	3353
3478	d9403eb0-6359-43b6-977d-27cc2d3b8c59	3354
3479	d9403eb0-6359-43b6-977d-27cc2d3b8c59	3355
3480	d9403eb0-6359-43b6-977d-27cc2d3b8c59	3356
3481	d9403eb0-6359-43b6-977d-27cc2d3b8c59	3357
3482	d9403eb0-6359-43b6-977d-27cc2d3b8c59	3358
3483	d9403eb0-6359-43b6-977d-27cc2d3b8c59	3359
3484	d9403eb0-6359-43b6-977d-27cc2d3b8c59	3360
3485	d9403eb0-6359-43b6-977d-27cc2d3b8c59	3361
3486	d9403eb0-6359-43b6-977d-27cc2d3b8c59	3362
3487	d9403eb0-6359-43b6-977d-27cc2d3b8c59	3363
3488	d9403eb0-6359-43b6-977d-27cc2d3b8c59	3364
3489	d9403eb0-6359-43b6-977d-27cc2d3b8c59	3365
3490	d9403eb0-6359-43b6-977d-27cc2d3b8c59	3366
3491	d9403eb0-6359-43b6-977d-27cc2d3b8c59	3367
3492	d9403eb0-6359-43b6-977d-27cc2d3b8c59	3368
3493	d9403eb0-6359-43b6-977d-27cc2d3b8c59	3369
3494	d9403eb0-6359-43b6-977d-27cc2d3b8c59	3370
3495	d9403eb0-6359-43b6-977d-27cc2d3b8c59	3371
3496	d9403eb0-6359-43b6-977d-27cc2d3b8c59	3372
3497	d9403eb0-6359-43b6-977d-27cc2d3b8c59	3373
3498	d9403eb0-6359-43b6-977d-27cc2d3b8c59	3374
3499	d9403eb0-6359-43b6-977d-27cc2d3b8c59	3375
3500	d9403eb0-6359-43b6-977d-27cc2d3b8c59	3376
3501	d9403eb0-6359-43b6-977d-27cc2d3b8c59	3377
3502	d9403eb0-6359-43b6-977d-27cc2d3b8c59	3378
3503	d9403eb0-6359-43b6-977d-27cc2d3b8c59	3379
3504	d9403eb0-6359-43b6-977d-27cc2d3b8c59	3380
3505	d9403eb0-6359-43b6-977d-27cc2d3b8c59	3381
3506	d9403eb0-6359-43b6-977d-27cc2d3b8c59	3382
3507	d9403eb0-6359-43b6-977d-27cc2d3b8c59	3383
3508	d9403eb0-6359-43b6-977d-27cc2d3b8c59	3384
3509	d9403eb0-6359-43b6-977d-27cc2d3b8c59	3385
3510	d9403eb0-6359-43b6-977d-27cc2d3b8c59	3386
3511	d9403eb0-6359-43b6-977d-27cc2d3b8c59	3387
3512	d9403eb0-6359-43b6-977d-27cc2d3b8c59	3388
3513	d9403eb0-6359-43b6-977d-27cc2d3b8c59	3389
3514	d9403eb0-6359-43b6-977d-27cc2d3b8c59	3390
3515	d9403eb0-6359-43b6-977d-27cc2d3b8c59	3391
3516	d9403eb0-6359-43b6-977d-27cc2d3b8c59	3392
3517	d9403eb0-6359-43b6-977d-27cc2d3b8c59	3393
3518	d9403eb0-6359-43b6-977d-27cc2d3b8c59	3394
3519	d9403eb0-6359-43b6-977d-27cc2d3b8c59	3395
3520	d9403eb0-6359-43b6-977d-27cc2d3b8c59	3396
3521	d9403eb0-6359-43b6-977d-27cc2d3b8c59	3397
3522	d9403eb0-6359-43b6-977d-27cc2d3b8c59	3398
3523	d9403eb0-6359-43b6-977d-27cc2d3b8c59	3399
3524	d9403eb0-6359-43b6-977d-27cc2d3b8c59	3400
3525	d9403eb0-6359-43b6-977d-27cc2d3b8c59	3401
3526	d9403eb0-6359-43b6-977d-27cc2d3b8c59	3402
3527	d9403eb0-6359-43b6-977d-27cc2d3b8c59	3403
3528	d9403eb0-6359-43b6-977d-27cc2d3b8c59	3404
3529	d9403eb0-6359-43b6-977d-27cc2d3b8c59	3405
3530	d9403eb0-6359-43b6-977d-27cc2d3b8c59	3406
3531	d9403eb0-6359-43b6-977d-27cc2d3b8c59	3407
3532	d9403eb0-6359-43b6-977d-27cc2d3b8c59	3408
3533	d9403eb0-6359-43b6-977d-27cc2d3b8c59	3409
3534	d9403eb0-6359-43b6-977d-27cc2d3b8c59	3410
3535	d9403eb0-6359-43b6-977d-27cc2d3b8c59	3411
3536	d9403eb0-6359-43b6-977d-27cc2d3b8c59	3412
3537	d9403eb0-6359-43b6-977d-27cc2d3b8c59	3413
3538	d9403eb0-6359-43b6-977d-27cc2d3b8c59	3414
3539	d9403eb0-6359-43b6-977d-27cc2d3b8c59	3415
3540	d9403eb0-6359-43b6-977d-27cc2d3b8c59	3416
3541	d9403eb0-6359-43b6-977d-27cc2d3b8c59	3417
3542	d9403eb0-6359-43b6-977d-27cc2d3b8c59	3418
3543	d9403eb0-6359-43b6-977d-27cc2d3b8c59	3419
3544	d9403eb0-6359-43b6-977d-27cc2d3b8c59	3420
3545	d9403eb0-6359-43b6-977d-27cc2d3b8c59	3421
3546	d9403eb0-6359-43b6-977d-27cc2d3b8c59	3422
3547	d9403eb0-6359-43b6-977d-27cc2d3b8c59	3423
3548	d9403eb0-6359-43b6-977d-27cc2d3b8c59	3424
3549	d9403eb0-6359-43b6-977d-27cc2d3b8c59	3425
3550	d9403eb0-6359-43b6-977d-27cc2d3b8c59	3426
3551	d9403eb0-6359-43b6-977d-27cc2d3b8c59	3427
3552	d9403eb0-6359-43b6-977d-27cc2d3b8c59	3428
3553	d9403eb0-6359-43b6-977d-27cc2d3b8c59	3429
3554	d9403eb0-6359-43b6-977d-27cc2d3b8c59	3430
3555	d9403eb0-6359-43b6-977d-27cc2d3b8c59	3431
3556	d9403eb0-6359-43b6-977d-27cc2d3b8c59	3432
3557	d9403eb0-6359-43b6-977d-27cc2d3b8c59	3433
3558	d9403eb0-6359-43b6-977d-27cc2d3b8c59	3434
3559	d9403eb0-6359-43b6-977d-27cc2d3b8c59	3435
3560	d9403eb0-6359-43b6-977d-27cc2d3b8c59	3436
3561	d9403eb0-6359-43b6-977d-27cc2d3b8c59	3437
3562	d9403eb0-6359-43b6-977d-27cc2d3b8c59	3438
3563	d9403eb0-6359-43b6-977d-27cc2d3b8c59	3439
3564	d9403eb0-6359-43b6-977d-27cc2d3b8c59	3440
3565	d9403eb0-6359-43b6-977d-27cc2d3b8c59	3441
3566	d9403eb0-6359-43b6-977d-27cc2d3b8c59	3442
3567	d9403eb0-6359-43b6-977d-27cc2d3b8c59	3443
3568	d9403eb0-6359-43b6-977d-27cc2d3b8c59	3444
3569	d9403eb0-6359-43b6-977d-27cc2d3b8c59	3445
3570	d9403eb0-6359-43b6-977d-27cc2d3b8c59	3446
3571	d9403eb0-6359-43b6-977d-27cc2d3b8c59	3447
3572	d9403eb0-6359-43b6-977d-27cc2d3b8c59	3448
3573	d9403eb0-6359-43b6-977d-27cc2d3b8c59	3449
3574	d9403eb0-6359-43b6-977d-27cc2d3b8c59	3450
3575	d9403eb0-6359-43b6-977d-27cc2d3b8c59	3451
3576	d9403eb0-6359-43b6-977d-27cc2d3b8c59	3452
3577	d9403eb0-6359-43b6-977d-27cc2d3b8c59	3453
3578	d9403eb0-6359-43b6-977d-27cc2d3b8c59	3454
3579	d9403eb0-6359-43b6-977d-27cc2d3b8c59	3455
3580	d9403eb0-6359-43b6-977d-27cc2d3b8c59	3456
3581	d9403eb0-6359-43b6-977d-27cc2d3b8c59	3457
3582	d9403eb0-6359-43b6-977d-27cc2d3b8c59	3458
3583	d9403eb0-6359-43b6-977d-27cc2d3b8c59	3459
3584	d9403eb0-6359-43b6-977d-27cc2d3b8c59	3460
3585	d9403eb0-6359-43b6-977d-27cc2d3b8c59	3461
3586	d9403eb0-6359-43b6-977d-27cc2d3b8c59	3462
3587	d9403eb0-6359-43b6-977d-27cc2d3b8c59	3463
3588	d9403eb0-6359-43b6-977d-27cc2d3b8c59	3464
3589	d9403eb0-6359-43b6-977d-27cc2d3b8c59	3465
3590	d9403eb0-6359-43b6-977d-27cc2d3b8c59	3466
3591	d9403eb0-6359-43b6-977d-27cc2d3b8c59	3467
3592	d9403eb0-6359-43b6-977d-27cc2d3b8c59	3468
3593	d9403eb0-6359-43b6-977d-27cc2d3b8c59	3469
3594	d9403eb0-6359-43b6-977d-27cc2d3b8c59	3470
3595	d9403eb0-6359-43b6-977d-27cc2d3b8c59	3471
3596	d9403eb0-6359-43b6-977d-27cc2d3b8c59	3472
3597	d9403eb0-6359-43b6-977d-27cc2d3b8c59	3473
3598	d9403eb0-6359-43b6-977d-27cc2d3b8c59	3474
3599	d9403eb0-6359-43b6-977d-27cc2d3b8c59	3475
3600	d9403eb0-6359-43b6-977d-27cc2d3b8c59	3476
3601	d9403eb0-6359-43b6-977d-27cc2d3b8c59	3477
3602	d9403eb0-6359-43b6-977d-27cc2d3b8c59	3478
3603	d9403eb0-6359-43b6-977d-27cc2d3b8c59	3479
3604	d9403eb0-6359-43b6-977d-27cc2d3b8c59	3480
3605	d9403eb0-6359-43b6-977d-27cc2d3b8c59	3481
3606	d9403eb0-6359-43b6-977d-27cc2d3b8c59	3482
3607	d9403eb0-6359-43b6-977d-27cc2d3b8c59	3483
3608	d9403eb0-6359-43b6-977d-27cc2d3b8c59	3484
3609	d9403eb0-6359-43b6-977d-27cc2d3b8c59	3485
3610	d9403eb0-6359-43b6-977d-27cc2d3b8c59	3486
3611	d9403eb0-6359-43b6-977d-27cc2d3b8c59	3487
3612	d9403eb0-6359-43b6-977d-27cc2d3b8c59	3488
3613	d9403eb0-6359-43b6-977d-27cc2d3b8c59	3489
3614	d9403eb0-6359-43b6-977d-27cc2d3b8c59	3490
3615	d9403eb0-6359-43b6-977d-27cc2d3b8c59	3491
3616	d9403eb0-6359-43b6-977d-27cc2d3b8c59	3492
3617	d9403eb0-6359-43b6-977d-27cc2d3b8c59	3493
3618	d9403eb0-6359-43b6-977d-27cc2d3b8c59	3494
3619	d9403eb0-6359-43b6-977d-27cc2d3b8c59	3495
3620	d9403eb0-6359-43b6-977d-27cc2d3b8c59	3496
3621	d9403eb0-6359-43b6-977d-27cc2d3b8c59	3497
3622	d9403eb0-6359-43b6-977d-27cc2d3b8c59	3498
3623	d9403eb0-6359-43b6-977d-27cc2d3b8c59	3499
3624	d9403eb0-6359-43b6-977d-27cc2d3b8c59	3500
3625	d9403eb0-6359-43b6-977d-27cc2d3b8c59	3501
3626	d9403eb0-6359-43b6-977d-27cc2d3b8c59	3502
3627	d9403eb0-6359-43b6-977d-27cc2d3b8c59	3503
3628	d9403eb0-6359-43b6-977d-27cc2d3b8c59	3504
3629	d9403eb0-6359-43b6-977d-27cc2d3b8c59	3505
3630	d9403eb0-6359-43b6-977d-27cc2d3b8c59	3506
3631	d9403eb0-6359-43b6-977d-27cc2d3b8c59	3507
3632	d9403eb0-6359-43b6-977d-27cc2d3b8c59	3508
3633	d9403eb0-6359-43b6-977d-27cc2d3b8c59	3509
3634	d9403eb0-6359-43b6-977d-27cc2d3b8c59	3510
3635	d9403eb0-6359-43b6-977d-27cc2d3b8c59	3511
3636	d9403eb0-6359-43b6-977d-27cc2d3b8c59	3512
3637	d9403eb0-6359-43b6-977d-27cc2d3b8c59	3513
3638	d9403eb0-6359-43b6-977d-27cc2d3b8c59	3514
3639	d9403eb0-6359-43b6-977d-27cc2d3b8c59	3515
3640	d9403eb0-6359-43b6-977d-27cc2d3b8c59	3516
3641	d9403eb0-6359-43b6-977d-27cc2d3b8c59	3517
3642	d9403eb0-6359-43b6-977d-27cc2d3b8c59	3518
3643	d9403eb0-6359-43b6-977d-27cc2d3b8c59	3519
3644	d9403eb0-6359-43b6-977d-27cc2d3b8c59	3520
3645	d9403eb0-6359-43b6-977d-27cc2d3b8c59	3521
3646	d9403eb0-6359-43b6-977d-27cc2d3b8c59	3522
3647	d9403eb0-6359-43b6-977d-27cc2d3b8c59	3523
3648	d9403eb0-6359-43b6-977d-27cc2d3b8c59	3524
3649	d9403eb0-6359-43b6-977d-27cc2d3b8c59	3525
3650	d9403eb0-6359-43b6-977d-27cc2d3b8c59	3526
3651	d9403eb0-6359-43b6-977d-27cc2d3b8c59	3527
3652	d9403eb0-6359-43b6-977d-27cc2d3b8c59	3528
3653	d9403eb0-6359-43b6-977d-27cc2d3b8c59	3529
3654	d9403eb0-6359-43b6-977d-27cc2d3b8c59	3530
3655	d9403eb0-6359-43b6-977d-27cc2d3b8c59	3531
3656	d9403eb0-6359-43b6-977d-27cc2d3b8c59	3532
3657	d9403eb0-6359-43b6-977d-27cc2d3b8c59	3533
3658	d9403eb0-6359-43b6-977d-27cc2d3b8c59	3534
3659	d9403eb0-6359-43b6-977d-27cc2d3b8c59	3535
3660	d9403eb0-6359-43b6-977d-27cc2d3b8c59	3536
3661	d9403eb0-6359-43b6-977d-27cc2d3b8c59	3537
3662	d9403eb0-6359-43b6-977d-27cc2d3b8c59	3538
3663	d9403eb0-6359-43b6-977d-27cc2d3b8c59	3539
3664	d9403eb0-6359-43b6-977d-27cc2d3b8c59	3540
3665	d9403eb0-6359-43b6-977d-27cc2d3b8c59	3541
3666	d9403eb0-6359-43b6-977d-27cc2d3b8c59	3542
3667	d9403eb0-6359-43b6-977d-27cc2d3b8c59	3543
3668	d9403eb0-6359-43b6-977d-27cc2d3b8c59	3544
3669	d9403eb0-6359-43b6-977d-27cc2d3b8c59	3545
3670	d9403eb0-6359-43b6-977d-27cc2d3b8c59	3546
3671	d9403eb0-6359-43b6-977d-27cc2d3b8c59	3547
3672	d9403eb0-6359-43b6-977d-27cc2d3b8c59	3548
3673	d9403eb0-6359-43b6-977d-27cc2d3b8c59	3549
3674	d9403eb0-6359-43b6-977d-27cc2d3b8c59	3550
3675	d9403eb0-6359-43b6-977d-27cc2d3b8c59	3551
3676	d9403eb0-6359-43b6-977d-27cc2d3b8c59	3552
3677	d9403eb0-6359-43b6-977d-27cc2d3b8c59	3553
3678	d9403eb0-6359-43b6-977d-27cc2d3b8c59	3554
3679	d9403eb0-6359-43b6-977d-27cc2d3b8c59	3555
3680	d9403eb0-6359-43b6-977d-27cc2d3b8c59	3556
3681	d9403eb0-6359-43b6-977d-27cc2d3b8c59	3557
3682	d9403eb0-6359-43b6-977d-27cc2d3b8c59	3558
3683	d9403eb0-6359-43b6-977d-27cc2d3b8c59	3559
3684	d9403eb0-6359-43b6-977d-27cc2d3b8c59	3560
3685	d9403eb0-6359-43b6-977d-27cc2d3b8c59	3561
3686	d9403eb0-6359-43b6-977d-27cc2d3b8c59	3562
3687	d9403eb0-6359-43b6-977d-27cc2d3b8c59	3563
3688	d9403eb0-6359-43b6-977d-27cc2d3b8c59	3564
3689	d9403eb0-6359-43b6-977d-27cc2d3b8c59	3565
3690	d9403eb0-6359-43b6-977d-27cc2d3b8c59	3566
3691	d9403eb0-6359-43b6-977d-27cc2d3b8c59	3567
3692	d9403eb0-6359-43b6-977d-27cc2d3b8c59	3568
3693	d9403eb0-6359-43b6-977d-27cc2d3b8c59	3569
3694	d9403eb0-6359-43b6-977d-27cc2d3b8c59	3570
3695	d9403eb0-6359-43b6-977d-27cc2d3b8c59	3571
3696	d9403eb0-6359-43b6-977d-27cc2d3b8c59	3572
3697	d9403eb0-6359-43b6-977d-27cc2d3b8c59	3573
3698	d9403eb0-6359-43b6-977d-27cc2d3b8c59	3574
3699	d9403eb0-6359-43b6-977d-27cc2d3b8c59	3575
3700	d9403eb0-6359-43b6-977d-27cc2d3b8c59	3576
3701	d9403eb0-6359-43b6-977d-27cc2d3b8c59	3577
3702	d9403eb0-6359-43b6-977d-27cc2d3b8c59	3578
3703	d9403eb0-6359-43b6-977d-27cc2d3b8c59	3579
3704	d9403eb0-6359-43b6-977d-27cc2d3b8c59	3580
3705	d9403eb0-6359-43b6-977d-27cc2d3b8c59	3581
3706	d9403eb0-6359-43b6-977d-27cc2d3b8c59	3582
3707	d9403eb0-6359-43b6-977d-27cc2d3b8c59	3583
3708	d9403eb0-6359-43b6-977d-27cc2d3b8c59	3584
3709	d9403eb0-6359-43b6-977d-27cc2d3b8c59	3585
3710	d9403eb0-6359-43b6-977d-27cc2d3b8c59	3586
3711	d9403eb0-6359-43b6-977d-27cc2d3b8c59	3587
3712	d9403eb0-6359-43b6-977d-27cc2d3b8c59	3588
3713	d9403eb0-6359-43b6-977d-27cc2d3b8c59	3589
3714	d9403eb0-6359-43b6-977d-27cc2d3b8c59	3590
3715	d9403eb0-6359-43b6-977d-27cc2d3b8c59	3591
3716	d9403eb0-6359-43b6-977d-27cc2d3b8c59	3592
3717	d9403eb0-6359-43b6-977d-27cc2d3b8c59	3593
3718	d9403eb0-6359-43b6-977d-27cc2d3b8c59	3594
3719	d9403eb0-6359-43b6-977d-27cc2d3b8c59	3595
3720	d9403eb0-6359-43b6-977d-27cc2d3b8c59	3596
3721	d9403eb0-6359-43b6-977d-27cc2d3b8c59	3597
3722	d9403eb0-6359-43b6-977d-27cc2d3b8c59	3598
3723	d9403eb0-6359-43b6-977d-27cc2d3b8c59	3599
3724	d9403eb0-6359-43b6-977d-27cc2d3b8c59	3600
3725	d9403eb0-6359-43b6-977d-27cc2d3b8c59	3601
3726	d9403eb0-6359-43b6-977d-27cc2d3b8c59	3602
3727	d9403eb0-6359-43b6-977d-27cc2d3b8c59	3603
3728	d9403eb0-6359-43b6-977d-27cc2d3b8c59	3604
3729	d9403eb0-6359-43b6-977d-27cc2d3b8c59	3605
3730	d9403eb0-6359-43b6-977d-27cc2d3b8c59	3606
3731	d9403eb0-6359-43b6-977d-27cc2d3b8c59	3607
3732	d9403eb0-6359-43b6-977d-27cc2d3b8c59	3608
3733	d9403eb0-6359-43b6-977d-27cc2d3b8c59	3609
3734	d9403eb0-6359-43b6-977d-27cc2d3b8c59	3610
3735	d9403eb0-6359-43b6-977d-27cc2d3b8c59	3611
3736	d9403eb0-6359-43b6-977d-27cc2d3b8c59	3612
3737	d9403eb0-6359-43b6-977d-27cc2d3b8c59	3613
3738	d9403eb0-6359-43b6-977d-27cc2d3b8c59	3614
3739	d9403eb0-6359-43b6-977d-27cc2d3b8c59	3615
3740	d9403eb0-6359-43b6-977d-27cc2d3b8c59	3616
3741	d9403eb0-6359-43b6-977d-27cc2d3b8c59	3617
3742	d9403eb0-6359-43b6-977d-27cc2d3b8c59	3618
3743	d9403eb0-6359-43b6-977d-27cc2d3b8c59	3619
3744	d9403eb0-6359-43b6-977d-27cc2d3b8c59	3620
3745	d9403eb0-6359-43b6-977d-27cc2d3b8c59	3621
3746	d9403eb0-6359-43b6-977d-27cc2d3b8c59	3622
3747	d9403eb0-6359-43b6-977d-27cc2d3b8c59	3623
3748	d9403eb0-6359-43b6-977d-27cc2d3b8c59	3624
3749	d9403eb0-6359-43b6-977d-27cc2d3b8c59	3625
3750	d9403eb0-6359-43b6-977d-27cc2d3b8c59	3626
3751	d9403eb0-6359-43b6-977d-27cc2d3b8c59	3627
3752	d9403eb0-6359-43b6-977d-27cc2d3b8c59	3628
3753	d9403eb0-6359-43b6-977d-27cc2d3b8c59	3629
3754	d9403eb0-6359-43b6-977d-27cc2d3b8c59	3630
3755	d9403eb0-6359-43b6-977d-27cc2d3b8c59	3631
3756	d9403eb0-6359-43b6-977d-27cc2d3b8c59	3632
3757	d9403eb0-6359-43b6-977d-27cc2d3b8c59	3633
3758	d9403eb0-6359-43b6-977d-27cc2d3b8c59	3634
3759	d9403eb0-6359-43b6-977d-27cc2d3b8c59	3635
3760	d9403eb0-6359-43b6-977d-27cc2d3b8c59	3636
3761	d9403eb0-6359-43b6-977d-27cc2d3b8c59	3637
3762	d9403eb0-6359-43b6-977d-27cc2d3b8c59	3638
3763	d9403eb0-6359-43b6-977d-27cc2d3b8c59	3639
3764	d9403eb0-6359-43b6-977d-27cc2d3b8c59	3640
3765	d9403eb0-6359-43b6-977d-27cc2d3b8c59	3641
3766	d9403eb0-6359-43b6-977d-27cc2d3b8c59	3642
3767	d9403eb0-6359-43b6-977d-27cc2d3b8c59	3643
3768	d9403eb0-6359-43b6-977d-27cc2d3b8c59	3644
3769	d9403eb0-6359-43b6-977d-27cc2d3b8c59	3645
3770	d9403eb0-6359-43b6-977d-27cc2d3b8c59	3646
3771	d9403eb0-6359-43b6-977d-27cc2d3b8c59	3647
3772	d9403eb0-6359-43b6-977d-27cc2d3b8c59	3648
3773	d9403eb0-6359-43b6-977d-27cc2d3b8c59	3649
3774	d9403eb0-6359-43b6-977d-27cc2d3b8c59	3650
3775	d9403eb0-6359-43b6-977d-27cc2d3b8c59	3651
3776	d9403eb0-6359-43b6-977d-27cc2d3b8c59	3652
3777	d9403eb0-6359-43b6-977d-27cc2d3b8c59	3653
3778	d9403eb0-6359-43b6-977d-27cc2d3b8c59	3654
3779	d9403eb0-6359-43b6-977d-27cc2d3b8c59	3655
3780	d9403eb0-6359-43b6-977d-27cc2d3b8c59	3656
3781	d9403eb0-6359-43b6-977d-27cc2d3b8c59	3657
3782	d9403eb0-6359-43b6-977d-27cc2d3b8c59	3658
3783	d9403eb0-6359-43b6-977d-27cc2d3b8c59	3659
3784	d9403eb0-6359-43b6-977d-27cc2d3b8c59	3660
3785	d9403eb0-6359-43b6-977d-27cc2d3b8c59	3661
3786	d9403eb0-6359-43b6-977d-27cc2d3b8c59	3662
3787	d9403eb0-6359-43b6-977d-27cc2d3b8c59	3663
3788	d9403eb0-6359-43b6-977d-27cc2d3b8c59	3664
3789	d9403eb0-6359-43b6-977d-27cc2d3b8c59	3665
3790	d9403eb0-6359-43b6-977d-27cc2d3b8c59	3666
3791	d9403eb0-6359-43b6-977d-27cc2d3b8c59	3667
3792	d9403eb0-6359-43b6-977d-27cc2d3b8c59	3668
3793	d9403eb0-6359-43b6-977d-27cc2d3b8c59	3669
3794	d9403eb0-6359-43b6-977d-27cc2d3b8c59	3670
3795	d9403eb0-6359-43b6-977d-27cc2d3b8c59	3671
3796	d9403eb0-6359-43b6-977d-27cc2d3b8c59	3672
3797	d9403eb0-6359-43b6-977d-27cc2d3b8c59	3673
3798	d9403eb0-6359-43b6-977d-27cc2d3b8c59	3674
3799	d9403eb0-6359-43b6-977d-27cc2d3b8c59	3675
3800	d9403eb0-6359-43b6-977d-27cc2d3b8c59	3676
3801	d9403eb0-6359-43b6-977d-27cc2d3b8c59	3677
3802	d9403eb0-6359-43b6-977d-27cc2d3b8c59	3678
3803	d9403eb0-6359-43b6-977d-27cc2d3b8c59	3679
3804	d9403eb0-6359-43b6-977d-27cc2d3b8c59	3680
3805	d9403eb0-6359-43b6-977d-27cc2d3b8c59	3681
3806	d9403eb0-6359-43b6-977d-27cc2d3b8c59	3682
3807	d9403eb0-6359-43b6-977d-27cc2d3b8c59	3683
3808	d9403eb0-6359-43b6-977d-27cc2d3b8c59	3684
3809	d9403eb0-6359-43b6-977d-27cc2d3b8c59	3685
3810	d9403eb0-6359-43b6-977d-27cc2d3b8c59	3686
3811	d9403eb0-6359-43b6-977d-27cc2d3b8c59	3687
3812	d9403eb0-6359-43b6-977d-27cc2d3b8c59	3688
3813	d9403eb0-6359-43b6-977d-27cc2d3b8c59	3689
3814	d9403eb0-6359-43b6-977d-27cc2d3b8c59	3690
3815	d9403eb0-6359-43b6-977d-27cc2d3b8c59	3691
3816	d9403eb0-6359-43b6-977d-27cc2d3b8c59	3692
3817	d9403eb0-6359-43b6-977d-27cc2d3b8c59	3693
3818	d9403eb0-6359-43b6-977d-27cc2d3b8c59	3694
3819	d9403eb0-6359-43b6-977d-27cc2d3b8c59	3695
3820	d9403eb0-6359-43b6-977d-27cc2d3b8c59	3696
3821	d9403eb0-6359-43b6-977d-27cc2d3b8c59	3697
3822	d9403eb0-6359-43b6-977d-27cc2d3b8c59	3698
3823	d9403eb0-6359-43b6-977d-27cc2d3b8c59	3699
3824	d9403eb0-6359-43b6-977d-27cc2d3b8c59	3700
3825	d9403eb0-6359-43b6-977d-27cc2d3b8c59	3701
3826	d9403eb0-6359-43b6-977d-27cc2d3b8c59	3702
3827	d9403eb0-6359-43b6-977d-27cc2d3b8c59	3703
3828	d9403eb0-6359-43b6-977d-27cc2d3b8c59	3704
3829	d9403eb0-6359-43b6-977d-27cc2d3b8c59	3705
3830	d9403eb0-6359-43b6-977d-27cc2d3b8c59	3706
3831	d9403eb0-6359-43b6-977d-27cc2d3b8c59	3707
3832	d9403eb0-6359-43b6-977d-27cc2d3b8c59	3708
3833	d9403eb0-6359-43b6-977d-27cc2d3b8c59	3709
3834	d9403eb0-6359-43b6-977d-27cc2d3b8c59	3710
3835	d9403eb0-6359-43b6-977d-27cc2d3b8c59	3711
3836	d9403eb0-6359-43b6-977d-27cc2d3b8c59	3712
3837	d9403eb0-6359-43b6-977d-27cc2d3b8c59	3713
3838	d9403eb0-6359-43b6-977d-27cc2d3b8c59	3714
3839	d9403eb0-6359-43b6-977d-27cc2d3b8c59	3715
3840	d9403eb0-6359-43b6-977d-27cc2d3b8c59	3716
3841	d9403eb0-6359-43b6-977d-27cc2d3b8c59	3717
3842	d9403eb0-6359-43b6-977d-27cc2d3b8c59	3718
3843	d9403eb0-6359-43b6-977d-27cc2d3b8c59	3719
3844	d9403eb0-6359-43b6-977d-27cc2d3b8c59	3720
3845	d9403eb0-6359-43b6-977d-27cc2d3b8c59	3721
3846	d9403eb0-6359-43b6-977d-27cc2d3b8c59	3722
3847	d9403eb0-6359-43b6-977d-27cc2d3b8c59	3723
3848	d9403eb0-6359-43b6-977d-27cc2d3b8c59	3724
3849	d9403eb0-6359-43b6-977d-27cc2d3b8c59	3725
3850	d9403eb0-6359-43b6-977d-27cc2d3b8c59	3726
3851	d9403eb0-6359-43b6-977d-27cc2d3b8c59	3727
3852	d9403eb0-6359-43b6-977d-27cc2d3b8c59	3728
3853	d9403eb0-6359-43b6-977d-27cc2d3b8c59	3729
3854	d9403eb0-6359-43b6-977d-27cc2d3b8c59	3730
3855	d9403eb0-6359-43b6-977d-27cc2d3b8c59	3731
3856	d9403eb0-6359-43b6-977d-27cc2d3b8c59	3732
3857	d9403eb0-6359-43b6-977d-27cc2d3b8c59	3733
3858	d9403eb0-6359-43b6-977d-27cc2d3b8c59	3734
3859	d9403eb0-6359-43b6-977d-27cc2d3b8c59	3735
3860	d9403eb0-6359-43b6-977d-27cc2d3b8c59	3736
3861	d9403eb0-6359-43b6-977d-27cc2d3b8c59	3737
3862	d9403eb0-6359-43b6-977d-27cc2d3b8c59	3738
3863	d9403eb0-6359-43b6-977d-27cc2d3b8c59	3739
3864	d9403eb0-6359-43b6-977d-27cc2d3b8c59	3740
3865	d9403eb0-6359-43b6-977d-27cc2d3b8c59	3741
3866	d9403eb0-6359-43b6-977d-27cc2d3b8c59	3742
3867	d9403eb0-6359-43b6-977d-27cc2d3b8c59	3743
3868	d9403eb0-6359-43b6-977d-27cc2d3b8c59	3744
3869	d9403eb0-6359-43b6-977d-27cc2d3b8c59	3745
3870	d9403eb0-6359-43b6-977d-27cc2d3b8c59	3746
3871	d9403eb0-6359-43b6-977d-27cc2d3b8c59	3747
3872	d9403eb0-6359-43b6-977d-27cc2d3b8c59	3748
3873	d9403eb0-6359-43b6-977d-27cc2d3b8c59	3749
3874	d9403eb0-6359-43b6-977d-27cc2d3b8c59	3750
3875	d9403eb0-6359-43b6-977d-27cc2d3b8c59	3751
3876	d9403eb0-6359-43b6-977d-27cc2d3b8c59	3752
3877	d9403eb0-6359-43b6-977d-27cc2d3b8c59	3753
3878	d9403eb0-6359-43b6-977d-27cc2d3b8c59	3754
3879	d9403eb0-6359-43b6-977d-27cc2d3b8c59	3755
3880	d9403eb0-6359-43b6-977d-27cc2d3b8c59	3756
3881	d9403eb0-6359-43b6-977d-27cc2d3b8c59	3757
3882	d9403eb0-6359-43b6-977d-27cc2d3b8c59	3758
3883	d9403eb0-6359-43b6-977d-27cc2d3b8c59	3759
3884	d9403eb0-6359-43b6-977d-27cc2d3b8c59	3760
3885	d9403eb0-6359-43b6-977d-27cc2d3b8c59	3761
3886	d9403eb0-6359-43b6-977d-27cc2d3b8c59	3762
3887	d9403eb0-6359-43b6-977d-27cc2d3b8c59	3763
3888	d9403eb0-6359-43b6-977d-27cc2d3b8c59	3764
3889	d9403eb0-6359-43b6-977d-27cc2d3b8c59	3765
3890	d9403eb0-6359-43b6-977d-27cc2d3b8c59	3766
3891	d9403eb0-6359-43b6-977d-27cc2d3b8c59	3767
3892	d9403eb0-6359-43b6-977d-27cc2d3b8c59	3768
3893	d9403eb0-6359-43b6-977d-27cc2d3b8c59	3769
3894	d9403eb0-6359-43b6-977d-27cc2d3b8c59	3770
3895	d9403eb0-6359-43b6-977d-27cc2d3b8c59	3771
3896	d9403eb0-6359-43b6-977d-27cc2d3b8c59	3772
3897	d9403eb0-6359-43b6-977d-27cc2d3b8c59	3773
3898	d9403eb0-6359-43b6-977d-27cc2d3b8c59	3774
3899	d9403eb0-6359-43b6-977d-27cc2d3b8c59	3775
3900	d9403eb0-6359-43b6-977d-27cc2d3b8c59	3776
3901	d9403eb0-6359-43b6-977d-27cc2d3b8c59	3777
3902	d9403eb0-6359-43b6-977d-27cc2d3b8c59	3778
3903	d9403eb0-6359-43b6-977d-27cc2d3b8c59	3779
3904	d9403eb0-6359-43b6-977d-27cc2d3b8c59	3780
3905	d9403eb0-6359-43b6-977d-27cc2d3b8c59	3781
3906	d9403eb0-6359-43b6-977d-27cc2d3b8c59	3782
3907	d9403eb0-6359-43b6-977d-27cc2d3b8c59	3783
3908	d9403eb0-6359-43b6-977d-27cc2d3b8c59	3784
3909	d9403eb0-6359-43b6-977d-27cc2d3b8c59	3785
3910	d9403eb0-6359-43b6-977d-27cc2d3b8c59	3786
3911	d9403eb0-6359-43b6-977d-27cc2d3b8c59	3787
3912	d9403eb0-6359-43b6-977d-27cc2d3b8c59	3788
3913	d9403eb0-6359-43b6-977d-27cc2d3b8c59	3789
3914	d9403eb0-6359-43b6-977d-27cc2d3b8c59	3790
3915	d9403eb0-6359-43b6-977d-27cc2d3b8c59	3791
3916	d9403eb0-6359-43b6-977d-27cc2d3b8c59	3792
3917	d9403eb0-6359-43b6-977d-27cc2d3b8c59	3793
3918	d9403eb0-6359-43b6-977d-27cc2d3b8c59	3794
3919	d9403eb0-6359-43b6-977d-27cc2d3b8c59	3795
3920	d9403eb0-6359-43b6-977d-27cc2d3b8c59	3796
3921	d9403eb0-6359-43b6-977d-27cc2d3b8c59	3797
3922	d9403eb0-6359-43b6-977d-27cc2d3b8c59	3798
3923	d9403eb0-6359-43b6-977d-27cc2d3b8c59	3799
3924	d9403eb0-6359-43b6-977d-27cc2d3b8c59	3800
3925	d9403eb0-6359-43b6-977d-27cc2d3b8c59	3801
3926	d9403eb0-6359-43b6-977d-27cc2d3b8c59	3802
3927	d9403eb0-6359-43b6-977d-27cc2d3b8c59	3803
3928	d9403eb0-6359-43b6-977d-27cc2d3b8c59	3804
3929	d9403eb0-6359-43b6-977d-27cc2d3b8c59	3805
3930	d9403eb0-6359-43b6-977d-27cc2d3b8c59	3806
3931	d9403eb0-6359-43b6-977d-27cc2d3b8c59	3807
3932	d9403eb0-6359-43b6-977d-27cc2d3b8c59	3808
3933	d9403eb0-6359-43b6-977d-27cc2d3b8c59	3809
3934	d9403eb0-6359-43b6-977d-27cc2d3b8c59	3810
3935	d9403eb0-6359-43b6-977d-27cc2d3b8c59	3811
3936	d9403eb0-6359-43b6-977d-27cc2d3b8c59	3812
3937	d9403eb0-6359-43b6-977d-27cc2d3b8c59	3813
3938	d9403eb0-6359-43b6-977d-27cc2d3b8c59	3814
3939	d9403eb0-6359-43b6-977d-27cc2d3b8c59	3815
3940	d9403eb0-6359-43b6-977d-27cc2d3b8c59	3816
3941	d9403eb0-6359-43b6-977d-27cc2d3b8c59	3817
3942	d9403eb0-6359-43b6-977d-27cc2d3b8c59	3818
3943	d9403eb0-6359-43b6-977d-27cc2d3b8c59	3819
3944	d9403eb0-6359-43b6-977d-27cc2d3b8c59	3820
3945	d9403eb0-6359-43b6-977d-27cc2d3b8c59	3821
3946	d9403eb0-6359-43b6-977d-27cc2d3b8c59	3822
3947	d9403eb0-6359-43b6-977d-27cc2d3b8c59	3823
3948	d9403eb0-6359-43b6-977d-27cc2d3b8c59	3824
3949	d9403eb0-6359-43b6-977d-27cc2d3b8c59	3825
3950	d9403eb0-6359-43b6-977d-27cc2d3b8c59	3826
3951	d9403eb0-6359-43b6-977d-27cc2d3b8c59	3827
3952	d9403eb0-6359-43b6-977d-27cc2d3b8c59	3828
3953	d9403eb0-6359-43b6-977d-27cc2d3b8c59	3829
3954	d9403eb0-6359-43b6-977d-27cc2d3b8c59	3830
3955	d9403eb0-6359-43b6-977d-27cc2d3b8c59	3831
3956	d9403eb0-6359-43b6-977d-27cc2d3b8c59	3832
3957	d9403eb0-6359-43b6-977d-27cc2d3b8c59	3833
3958	d9403eb0-6359-43b6-977d-27cc2d3b8c59	3834
3959	d9403eb0-6359-43b6-977d-27cc2d3b8c59	3835
3960	d9403eb0-6359-43b6-977d-27cc2d3b8c59	3836
3961	d9403eb0-6359-43b6-977d-27cc2d3b8c59	3837
3962	d9403eb0-6359-43b6-977d-27cc2d3b8c59	3838
3963	d9403eb0-6359-43b6-977d-27cc2d3b8c59	3839
3964	d9403eb0-6359-43b6-977d-27cc2d3b8c59	3840
3965	d9403eb0-6359-43b6-977d-27cc2d3b8c59	3841
3966	d9403eb0-6359-43b6-977d-27cc2d3b8c59	3842
3967	d9403eb0-6359-43b6-977d-27cc2d3b8c59	3843
3968	d9403eb0-6359-43b6-977d-27cc2d3b8c59	3844
3969	d9403eb0-6359-43b6-977d-27cc2d3b8c59	3845
3970	d9403eb0-6359-43b6-977d-27cc2d3b8c59	3846
3971	d9403eb0-6359-43b6-977d-27cc2d3b8c59	3847
3972	d9403eb0-6359-43b6-977d-27cc2d3b8c59	3848
3973	d9403eb0-6359-43b6-977d-27cc2d3b8c59	3849
3974	d9403eb0-6359-43b6-977d-27cc2d3b8c59	3850
3975	d9403eb0-6359-43b6-977d-27cc2d3b8c59	3851
3976	d9403eb0-6359-43b6-977d-27cc2d3b8c59	3852
3977	d9403eb0-6359-43b6-977d-27cc2d3b8c59	3853
3978	d9403eb0-6359-43b6-977d-27cc2d3b8c59	3854
3979	d9403eb0-6359-43b6-977d-27cc2d3b8c59	3855
3980	d9403eb0-6359-43b6-977d-27cc2d3b8c59	3856
3981	d9403eb0-6359-43b6-977d-27cc2d3b8c59	3857
3982	d9403eb0-6359-43b6-977d-27cc2d3b8c59	3858
3983	d9403eb0-6359-43b6-977d-27cc2d3b8c59	3859
3984	d9403eb0-6359-43b6-977d-27cc2d3b8c59	3860
3985	d9403eb0-6359-43b6-977d-27cc2d3b8c59	3861
3986	d9403eb0-6359-43b6-977d-27cc2d3b8c59	3862
3987	d9403eb0-6359-43b6-977d-27cc2d3b8c59	3863
3988	d9403eb0-6359-43b6-977d-27cc2d3b8c59	3864
3989	d9403eb0-6359-43b6-977d-27cc2d3b8c59	3865
3990	d9403eb0-6359-43b6-977d-27cc2d3b8c59	3866
3991	d9403eb0-6359-43b6-977d-27cc2d3b8c59	3867
3992	d9403eb0-6359-43b6-977d-27cc2d3b8c59	3868
3993	d9403eb0-6359-43b6-977d-27cc2d3b8c59	3869
3994	d9403eb0-6359-43b6-977d-27cc2d3b8c59	3870
3995	d9403eb0-6359-43b6-977d-27cc2d3b8c59	3871
3996	d9403eb0-6359-43b6-977d-27cc2d3b8c59	3872
3997	d9403eb0-6359-43b6-977d-27cc2d3b8c59	3873
3998	d9403eb0-6359-43b6-977d-27cc2d3b8c59	3874
3999	d9403eb0-6359-43b6-977d-27cc2d3b8c59	3875
4000	d9403eb0-6359-43b6-977d-27cc2d3b8c59	3876
4001	d9403eb0-6359-43b6-977d-27cc2d3b8c59	3877
4002	d9403eb0-6359-43b6-977d-27cc2d3b8c59	3878
4003	d9403eb0-6359-43b6-977d-27cc2d3b8c59	3879
4004	d9403eb0-6359-43b6-977d-27cc2d3b8c59	3880
4005	d9403eb0-6359-43b6-977d-27cc2d3b8c59	3881
4006	d9403eb0-6359-43b6-977d-27cc2d3b8c59	3882
4007	d9403eb0-6359-43b6-977d-27cc2d3b8c59	3883
4008	d9403eb0-6359-43b6-977d-27cc2d3b8c59	3884
4009	d9403eb0-6359-43b6-977d-27cc2d3b8c59	3885
4010	d9403eb0-6359-43b6-977d-27cc2d3b8c59	3886
4011	d9403eb0-6359-43b6-977d-27cc2d3b8c59	3887
4012	d9403eb0-6359-43b6-977d-27cc2d3b8c59	3888
4013	d9403eb0-6359-43b6-977d-27cc2d3b8c59	3889
4014	d9403eb0-6359-43b6-977d-27cc2d3b8c59	3890
4015	d9403eb0-6359-43b6-977d-27cc2d3b8c59	3891
4016	d9403eb0-6359-43b6-977d-27cc2d3b8c59	3892
4017	d9403eb0-6359-43b6-977d-27cc2d3b8c59	3893
4018	d9403eb0-6359-43b6-977d-27cc2d3b8c59	3894
4019	d9403eb0-6359-43b6-977d-27cc2d3b8c59	3895
4020	d9403eb0-6359-43b6-977d-27cc2d3b8c59	3896
4021	d9403eb0-6359-43b6-977d-27cc2d3b8c59	3897
4022	d9403eb0-6359-43b6-977d-27cc2d3b8c59	3898
4023	d9403eb0-6359-43b6-977d-27cc2d3b8c59	3899
4024	d9403eb0-6359-43b6-977d-27cc2d3b8c59	3900
4025	d9403eb0-6359-43b6-977d-27cc2d3b8c59	3901
4026	d9403eb0-6359-43b6-977d-27cc2d3b8c59	3902
4027	d9403eb0-6359-43b6-977d-27cc2d3b8c59	3903
4028	d9403eb0-6359-43b6-977d-27cc2d3b8c59	3904
4029	d9403eb0-6359-43b6-977d-27cc2d3b8c59	3905
4030	d9403eb0-6359-43b6-977d-27cc2d3b8c59	3906
4031	d9403eb0-6359-43b6-977d-27cc2d3b8c59	3907
4032	d9403eb0-6359-43b6-977d-27cc2d3b8c59	3908
4033	d9403eb0-6359-43b6-977d-27cc2d3b8c59	3909
4034	d9403eb0-6359-43b6-977d-27cc2d3b8c59	3910
4035	d9403eb0-6359-43b6-977d-27cc2d3b8c59	3911
4036	d9403eb0-6359-43b6-977d-27cc2d3b8c59	3912
4037	d9403eb0-6359-43b6-977d-27cc2d3b8c59	3913
4038	d9403eb0-6359-43b6-977d-27cc2d3b8c59	3914
4039	d9403eb0-6359-43b6-977d-27cc2d3b8c59	3915
4040	d9403eb0-6359-43b6-977d-27cc2d3b8c59	3916
4041	d9403eb0-6359-43b6-977d-27cc2d3b8c59	3917
4042	d9403eb0-6359-43b6-977d-27cc2d3b8c59	3918
4043	d9403eb0-6359-43b6-977d-27cc2d3b8c59	3919
4044	d9403eb0-6359-43b6-977d-27cc2d3b8c59	3920
4045	d9403eb0-6359-43b6-977d-27cc2d3b8c59	3921
4046	d9403eb0-6359-43b6-977d-27cc2d3b8c59	3922
4047	d9403eb0-6359-43b6-977d-27cc2d3b8c59	3923
4048	d9403eb0-6359-43b6-977d-27cc2d3b8c59	3924
4049	d9403eb0-6359-43b6-977d-27cc2d3b8c59	3925
4050	d9403eb0-6359-43b6-977d-27cc2d3b8c59	3926
4051	d9403eb0-6359-43b6-977d-27cc2d3b8c59	3927
4052	d9403eb0-6359-43b6-977d-27cc2d3b8c59	3928
4053	d9403eb0-6359-43b6-977d-27cc2d3b8c59	3929
4054	d9403eb0-6359-43b6-977d-27cc2d3b8c59	3930
4055	d9403eb0-6359-43b6-977d-27cc2d3b8c59	3931
4056	d9403eb0-6359-43b6-977d-27cc2d3b8c59	3932
4057	d9403eb0-6359-43b6-977d-27cc2d3b8c59	3933
4058	d9403eb0-6359-43b6-977d-27cc2d3b8c59	3934
4059	d9403eb0-6359-43b6-977d-27cc2d3b8c59	3935
4060	d9403eb0-6359-43b6-977d-27cc2d3b8c59	3936
4061	d9403eb0-6359-43b6-977d-27cc2d3b8c59	3937
4062	d9403eb0-6359-43b6-977d-27cc2d3b8c59	3938
4063	d9403eb0-6359-43b6-977d-27cc2d3b8c59	3939
4064	d9403eb0-6359-43b6-977d-27cc2d3b8c59	3940
4065	d9403eb0-6359-43b6-977d-27cc2d3b8c59	3941
4066	d9403eb0-6359-43b6-977d-27cc2d3b8c59	3942
4067	d9403eb0-6359-43b6-977d-27cc2d3b8c59	3943
4068	d9403eb0-6359-43b6-977d-27cc2d3b8c59	3944
4069	d9403eb0-6359-43b6-977d-27cc2d3b8c59	3945
4070	d9403eb0-6359-43b6-977d-27cc2d3b8c59	3946
4071	d9403eb0-6359-43b6-977d-27cc2d3b8c59	3947
4072	d9403eb0-6359-43b6-977d-27cc2d3b8c59	3948
4073	d9403eb0-6359-43b6-977d-27cc2d3b8c59	3949
4074	d9403eb0-6359-43b6-977d-27cc2d3b8c59	3950
4075	d9403eb0-6359-43b6-977d-27cc2d3b8c59	3951
4076	d9403eb0-6359-43b6-977d-27cc2d3b8c59	3952
4077	d9403eb0-6359-43b6-977d-27cc2d3b8c59	3953
4078	d9403eb0-6359-43b6-977d-27cc2d3b8c59	3954
4079	d9403eb0-6359-43b6-977d-27cc2d3b8c59	3955
4080	d9403eb0-6359-43b6-977d-27cc2d3b8c59	3956
4081	d9403eb0-6359-43b6-977d-27cc2d3b8c59	3957
4082	d9403eb0-6359-43b6-977d-27cc2d3b8c59	3958
4083	d9403eb0-6359-43b6-977d-27cc2d3b8c59	3959
4084	d9403eb0-6359-43b6-977d-27cc2d3b8c59	3960
4085	d9403eb0-6359-43b6-977d-27cc2d3b8c59	3961
4086	d9403eb0-6359-43b6-977d-27cc2d3b8c59	3962
4087	d9403eb0-6359-43b6-977d-27cc2d3b8c59	3963
4088	d9403eb0-6359-43b6-977d-27cc2d3b8c59	3964
4089	d9403eb0-6359-43b6-977d-27cc2d3b8c59	3965
4090	d9403eb0-6359-43b6-977d-27cc2d3b8c59	3966
4091	d9403eb0-6359-43b6-977d-27cc2d3b8c59	3967
4092	d9403eb0-6359-43b6-977d-27cc2d3b8c59	3968
4093	d9403eb0-6359-43b6-977d-27cc2d3b8c59	3969
4094	d9403eb0-6359-43b6-977d-27cc2d3b8c59	3970
4095	d9403eb0-6359-43b6-977d-27cc2d3b8c59	3971
4096	d9403eb0-6359-43b6-977d-27cc2d3b8c59	3972
4097	d9403eb0-6359-43b6-977d-27cc2d3b8c59	3973
4098	d9403eb0-6359-43b6-977d-27cc2d3b8c59	3974
4099	d9403eb0-6359-43b6-977d-27cc2d3b8c59	3975
4100	d9403eb0-6359-43b6-977d-27cc2d3b8c59	3976
4101	d9403eb0-6359-43b6-977d-27cc2d3b8c59	3977
4102	d9403eb0-6359-43b6-977d-27cc2d3b8c59	3978
4103	d9403eb0-6359-43b6-977d-27cc2d3b8c59	3979
4104	d9403eb0-6359-43b6-977d-27cc2d3b8c59	3980
4105	d9403eb0-6359-43b6-977d-27cc2d3b8c59	3981
4106	d9403eb0-6359-43b6-977d-27cc2d3b8c59	3982
4107	d9403eb0-6359-43b6-977d-27cc2d3b8c59	3983
4108	d9403eb0-6359-43b6-977d-27cc2d3b8c59	3984
4109	d9403eb0-6359-43b6-977d-27cc2d3b8c59	3985
4110	d9403eb0-6359-43b6-977d-27cc2d3b8c59	3986
4111	d9403eb0-6359-43b6-977d-27cc2d3b8c59	3987
4112	d9403eb0-6359-43b6-977d-27cc2d3b8c59	3988
4113	d9403eb0-6359-43b6-977d-27cc2d3b8c59	3989
4114	d9403eb0-6359-43b6-977d-27cc2d3b8c59	3990
4115	d9403eb0-6359-43b6-977d-27cc2d3b8c59	3991
4116	d9403eb0-6359-43b6-977d-27cc2d3b8c59	3992
4117	d9403eb0-6359-43b6-977d-27cc2d3b8c59	3993
4118	d9403eb0-6359-43b6-977d-27cc2d3b8c59	3994
4119	d9403eb0-6359-43b6-977d-27cc2d3b8c59	3995
4120	d9403eb0-6359-43b6-977d-27cc2d3b8c59	3996
4121	d9403eb0-6359-43b6-977d-27cc2d3b8c59	3997
4122	d9403eb0-6359-43b6-977d-27cc2d3b8c59	3998
4123	d9403eb0-6359-43b6-977d-27cc2d3b8c59	3999
4124	d9403eb0-6359-43b6-977d-27cc2d3b8c59	4000
4125	d9403eb0-6359-43b6-977d-27cc2d3b8c59	4001
4126	d9403eb0-6359-43b6-977d-27cc2d3b8c59	4002
4127	d9403eb0-6359-43b6-977d-27cc2d3b8c59	4003
4128	d9403eb0-6359-43b6-977d-27cc2d3b8c59	4004
4129	d9403eb0-6359-43b6-977d-27cc2d3b8c59	4005
4130	d9403eb0-6359-43b6-977d-27cc2d3b8c59	4006
4131	d9403eb0-6359-43b6-977d-27cc2d3b8c59	4007
4132	d9403eb0-6359-43b6-977d-27cc2d3b8c59	4008
4133	d9403eb0-6359-43b6-977d-27cc2d3b8c59	4009
4134	d9403eb0-6359-43b6-977d-27cc2d3b8c59	4010
4135	d9403eb0-6359-43b6-977d-27cc2d3b8c59	4011
4136	d9403eb0-6359-43b6-977d-27cc2d3b8c59	4012
4137	d9403eb0-6359-43b6-977d-27cc2d3b8c59	4013
4138	d9403eb0-6359-43b6-977d-27cc2d3b8c59	4014
4139	d9403eb0-6359-43b6-977d-27cc2d3b8c59	4015
4140	d9403eb0-6359-43b6-977d-27cc2d3b8c59	4016
4141	d9403eb0-6359-43b6-977d-27cc2d3b8c59	4017
4142	d9403eb0-6359-43b6-977d-27cc2d3b8c59	4018
4143	d9403eb0-6359-43b6-977d-27cc2d3b8c59	4019
4144	d9403eb0-6359-43b6-977d-27cc2d3b8c59	4020
4145	d9403eb0-6359-43b6-977d-27cc2d3b8c59	4021
4146	d9403eb0-6359-43b6-977d-27cc2d3b8c59	4022
4147	d9403eb0-6359-43b6-977d-27cc2d3b8c59	4023
4148	d9403eb0-6359-43b6-977d-27cc2d3b8c59	4024
4149	d9403eb0-6359-43b6-977d-27cc2d3b8c59	4025
4150	d9403eb0-6359-43b6-977d-27cc2d3b8c59	4026
4151	d9403eb0-6359-43b6-977d-27cc2d3b8c59	4027
4152	d9403eb0-6359-43b6-977d-27cc2d3b8c59	4028
4153	d9403eb0-6359-43b6-977d-27cc2d3b8c59	4029
4154	d9403eb0-6359-43b6-977d-27cc2d3b8c59	4030
4155	d9403eb0-6359-43b6-977d-27cc2d3b8c59	4031
4156	d9403eb0-6359-43b6-977d-27cc2d3b8c59	4032
4157	d9403eb0-6359-43b6-977d-27cc2d3b8c59	4033
4158	d9403eb0-6359-43b6-977d-27cc2d3b8c59	4034
4159	d9403eb0-6359-43b6-977d-27cc2d3b8c59	4035
4160	d9403eb0-6359-43b6-977d-27cc2d3b8c59	4036
4161	d9403eb0-6359-43b6-977d-27cc2d3b8c59	4037
4162	d9403eb0-6359-43b6-977d-27cc2d3b8c59	4038
4163	d9403eb0-6359-43b6-977d-27cc2d3b8c59	4039
4164	d9403eb0-6359-43b6-977d-27cc2d3b8c59	4040
4165	d9403eb0-6359-43b6-977d-27cc2d3b8c59	4041
4166	d9403eb0-6359-43b6-977d-27cc2d3b8c59	4042
4167	d9403eb0-6359-43b6-977d-27cc2d3b8c59	4043
4168	d9403eb0-6359-43b6-977d-27cc2d3b8c59	4044
4169	d9403eb0-6359-43b6-977d-27cc2d3b8c59	4045
4170	d9403eb0-6359-43b6-977d-27cc2d3b8c59	4046
4171	d9403eb0-6359-43b6-977d-27cc2d3b8c59	4047
4172	d9403eb0-6359-43b6-977d-27cc2d3b8c59	4048
4173	d9403eb0-6359-43b6-977d-27cc2d3b8c59	4049
4174	d9403eb0-6359-43b6-977d-27cc2d3b8c59	4050
4175	d9403eb0-6359-43b6-977d-27cc2d3b8c59	4051
4176	d9403eb0-6359-43b6-977d-27cc2d3b8c59	4052
4177	d9403eb0-6359-43b6-977d-27cc2d3b8c59	4053
4178	d9403eb0-6359-43b6-977d-27cc2d3b8c59	4054
4179	d9403eb0-6359-43b6-977d-27cc2d3b8c59	4055
4180	d9403eb0-6359-43b6-977d-27cc2d3b8c59	4056
4181	d9403eb0-6359-43b6-977d-27cc2d3b8c59	4057
4182	d9403eb0-6359-43b6-977d-27cc2d3b8c59	4058
4183	d9403eb0-6359-43b6-977d-27cc2d3b8c59	4059
4184	d9403eb0-6359-43b6-977d-27cc2d3b8c59	4060
4185	d9403eb0-6359-43b6-977d-27cc2d3b8c59	4061
4186	d9403eb0-6359-43b6-977d-27cc2d3b8c59	4062
4187	d9403eb0-6359-43b6-977d-27cc2d3b8c59	4063
4188	d9403eb0-6359-43b6-977d-27cc2d3b8c59	4064
4189	d9403eb0-6359-43b6-977d-27cc2d3b8c59	4065
4190	d9403eb0-6359-43b6-977d-27cc2d3b8c59	4066
4191	d9403eb0-6359-43b6-977d-27cc2d3b8c59	4067
4192	d9403eb0-6359-43b6-977d-27cc2d3b8c59	4068
4193	d9403eb0-6359-43b6-977d-27cc2d3b8c59	4069
4194	d9403eb0-6359-43b6-977d-27cc2d3b8c59	4070
4195	d9403eb0-6359-43b6-977d-27cc2d3b8c59	4071
4196	d9403eb0-6359-43b6-977d-27cc2d3b8c59	4072
4197	d9403eb0-6359-43b6-977d-27cc2d3b8c59	4073
4198	d9403eb0-6359-43b6-977d-27cc2d3b8c59	4074
4199	d9403eb0-6359-43b6-977d-27cc2d3b8c59	4075
4200	d9403eb0-6359-43b6-977d-27cc2d3b8c59	4076
4201	d9403eb0-6359-43b6-977d-27cc2d3b8c59	4077
4202	d9403eb0-6359-43b6-977d-27cc2d3b8c59	4078
4203	d9403eb0-6359-43b6-977d-27cc2d3b8c59	4079
4204	d9403eb0-6359-43b6-977d-27cc2d3b8c59	4080
4205	d9403eb0-6359-43b6-977d-27cc2d3b8c59	4081
4206	d9403eb0-6359-43b6-977d-27cc2d3b8c59	4082
4207	d9403eb0-6359-43b6-977d-27cc2d3b8c59	4083
4208	d9403eb0-6359-43b6-977d-27cc2d3b8c59	4084
4209	d9403eb0-6359-43b6-977d-27cc2d3b8c59	4085
4210	d9403eb0-6359-43b6-977d-27cc2d3b8c59	4086
4211	d9403eb0-6359-43b6-977d-27cc2d3b8c59	4087
4212	d9403eb0-6359-43b6-977d-27cc2d3b8c59	4088
4213	d9403eb0-6359-43b6-977d-27cc2d3b8c59	4089
4214	d9403eb0-6359-43b6-977d-27cc2d3b8c59	4090
4215	d9403eb0-6359-43b6-977d-27cc2d3b8c59	4091
4216	d9403eb0-6359-43b6-977d-27cc2d3b8c59	4092
4217	d9403eb0-6359-43b6-977d-27cc2d3b8c59	4093
4218	d9403eb0-6359-43b6-977d-27cc2d3b8c59	4094
4219	d9403eb0-6359-43b6-977d-27cc2d3b8c59	4095
4220	d9403eb0-6359-43b6-977d-27cc2d3b8c59	4096
4221	d9403eb0-6359-43b6-977d-27cc2d3b8c59	4097
4222	d9403eb0-6359-43b6-977d-27cc2d3b8c59	4098
4223	d9403eb0-6359-43b6-977d-27cc2d3b8c59	4099
4224	d9403eb0-6359-43b6-977d-27cc2d3b8c59	4100
4225	d9403eb0-6359-43b6-977d-27cc2d3b8c59	4101
4226	d9403eb0-6359-43b6-977d-27cc2d3b8c59	4102
4227	d9403eb0-6359-43b6-977d-27cc2d3b8c59	4103
4228	d9403eb0-6359-43b6-977d-27cc2d3b8c59	4104
4229	d9403eb0-6359-43b6-977d-27cc2d3b8c59	4105
4230	d9403eb0-6359-43b6-977d-27cc2d3b8c59	4106
4231	d9403eb0-6359-43b6-977d-27cc2d3b8c59	4107
4232	d9403eb0-6359-43b6-977d-27cc2d3b8c59	4108
4233	d9403eb0-6359-43b6-977d-27cc2d3b8c59	4109
4234	d9403eb0-6359-43b6-977d-27cc2d3b8c59	4110
4235	d9403eb0-6359-43b6-977d-27cc2d3b8c59	4111
4236	d9403eb0-6359-43b6-977d-27cc2d3b8c59	4112
4237	d9403eb0-6359-43b6-977d-27cc2d3b8c59	4113
4238	d9403eb0-6359-43b6-977d-27cc2d3b8c59	4114
4239	d9403eb0-6359-43b6-977d-27cc2d3b8c59	4115
4240	d9403eb0-6359-43b6-977d-27cc2d3b8c59	4116
4241	d9403eb0-6359-43b6-977d-27cc2d3b8c59	4117
4242	d9403eb0-6359-43b6-977d-27cc2d3b8c59	4118
4243	d9403eb0-6359-43b6-977d-27cc2d3b8c59	4119
4244	d9403eb0-6359-43b6-977d-27cc2d3b8c59	4120
4245	d9403eb0-6359-43b6-977d-27cc2d3b8c59	4121
4246	d9403eb0-6359-43b6-977d-27cc2d3b8c59	4122
4247	d9403eb0-6359-43b6-977d-27cc2d3b8c59	4123
4248	d9403eb0-6359-43b6-977d-27cc2d3b8c59	4124
4249	d9403eb0-6359-43b6-977d-27cc2d3b8c59	4125
4250	d9403eb0-6359-43b6-977d-27cc2d3b8c59	4126
4251	d9403eb0-6359-43b6-977d-27cc2d3b8c59	4127
4252	d9403eb0-6359-43b6-977d-27cc2d3b8c59	4128
4253	d9403eb0-6359-43b6-977d-27cc2d3b8c59	4129
4254	d9403eb0-6359-43b6-977d-27cc2d3b8c59	4130
4255	d9403eb0-6359-43b6-977d-27cc2d3b8c59	4131
4256	d9403eb0-6359-43b6-977d-27cc2d3b8c59	4132
4257	d9403eb0-6359-43b6-977d-27cc2d3b8c59	4133
4258	d9403eb0-6359-43b6-977d-27cc2d3b8c59	4134
4259	d9403eb0-6359-43b6-977d-27cc2d3b8c59	4135
4260	d9403eb0-6359-43b6-977d-27cc2d3b8c59	4136
4261	d9403eb0-6359-43b6-977d-27cc2d3b8c59	4137
4262	d9403eb0-6359-43b6-977d-27cc2d3b8c59	4138
4263	d9403eb0-6359-43b6-977d-27cc2d3b8c59	4139
4264	d9403eb0-6359-43b6-977d-27cc2d3b8c59	4140
4265	d9403eb0-6359-43b6-977d-27cc2d3b8c59	4141
4266	d9403eb0-6359-43b6-977d-27cc2d3b8c59	4142
4267	d9403eb0-6359-43b6-977d-27cc2d3b8c59	4143
4268	d9403eb0-6359-43b6-977d-27cc2d3b8c59	4144
4269	d9403eb0-6359-43b6-977d-27cc2d3b8c59	4145
4270	d9403eb0-6359-43b6-977d-27cc2d3b8c59	4146
4271	d9403eb0-6359-43b6-977d-27cc2d3b8c59	4147
4272	d9403eb0-6359-43b6-977d-27cc2d3b8c59	4148
4273	d9403eb0-6359-43b6-977d-27cc2d3b8c59	4149
4274	d9403eb0-6359-43b6-977d-27cc2d3b8c59	4150
4275	d9403eb0-6359-43b6-977d-27cc2d3b8c59	4151
4276	d9403eb0-6359-43b6-977d-27cc2d3b8c59	4152
4277	d9403eb0-6359-43b6-977d-27cc2d3b8c59	4153
4278	d9403eb0-6359-43b6-977d-27cc2d3b8c59	4154
4279	d9403eb0-6359-43b6-977d-27cc2d3b8c59	4155
4280	d9403eb0-6359-43b6-977d-27cc2d3b8c59	4156
4281	d9403eb0-6359-43b6-977d-27cc2d3b8c59	4157
4282	d9403eb0-6359-43b6-977d-27cc2d3b8c59	4158
4283	d9403eb0-6359-43b6-977d-27cc2d3b8c59	4159
4284	d9403eb0-6359-43b6-977d-27cc2d3b8c59	4160
4285	d9403eb0-6359-43b6-977d-27cc2d3b8c59	4161
4286	d9403eb0-6359-43b6-977d-27cc2d3b8c59	4162
4287	d9403eb0-6359-43b6-977d-27cc2d3b8c59	4163
4288	d9403eb0-6359-43b6-977d-27cc2d3b8c59	4164
4289	d9403eb0-6359-43b6-977d-27cc2d3b8c59	4165
4290	d9403eb0-6359-43b6-977d-27cc2d3b8c59	4166
4291	d9403eb0-6359-43b6-977d-27cc2d3b8c59	4167
4292	d9403eb0-6359-43b6-977d-27cc2d3b8c59	4168
4293	d9403eb0-6359-43b6-977d-27cc2d3b8c59	4169
4294	d9403eb0-6359-43b6-977d-27cc2d3b8c59	4170
4295	d9403eb0-6359-43b6-977d-27cc2d3b8c59	4171
4296	d9403eb0-6359-43b6-977d-27cc2d3b8c59	4172
4297	d9403eb0-6359-43b6-977d-27cc2d3b8c59	4173
4298	d9403eb0-6359-43b6-977d-27cc2d3b8c59	4174
4299	d9403eb0-6359-43b6-977d-27cc2d3b8c59	4175
4300	d9403eb0-6359-43b6-977d-27cc2d3b8c59	4176
4301	d9403eb0-6359-43b6-977d-27cc2d3b8c59	4177
4302	d9403eb0-6359-43b6-977d-27cc2d3b8c59	4178
4303	d9403eb0-6359-43b6-977d-27cc2d3b8c59	4179
4304	d9403eb0-6359-43b6-977d-27cc2d3b8c59	4180
4305	d9403eb0-6359-43b6-977d-27cc2d3b8c59	4181
4306	d9403eb0-6359-43b6-977d-27cc2d3b8c59	4182
4307	d9403eb0-6359-43b6-977d-27cc2d3b8c59	4183
4308	d9403eb0-6359-43b6-977d-27cc2d3b8c59	4184
4309	d9403eb0-6359-43b6-977d-27cc2d3b8c59	4185
4310	d9403eb0-6359-43b6-977d-27cc2d3b8c59	4186
4311	d9403eb0-6359-43b6-977d-27cc2d3b8c59	4187
4312	d9403eb0-6359-43b6-977d-27cc2d3b8c59	4188
4313	d9403eb0-6359-43b6-977d-27cc2d3b8c59	4189
4314	d9403eb0-6359-43b6-977d-27cc2d3b8c59	4190
4315	d9403eb0-6359-43b6-977d-27cc2d3b8c59	4191
4316	d9403eb0-6359-43b6-977d-27cc2d3b8c59	4192
4317	d9403eb0-6359-43b6-977d-27cc2d3b8c59	4193
4318	d9403eb0-6359-43b6-977d-27cc2d3b8c59	4194
4319	d9403eb0-6359-43b6-977d-27cc2d3b8c59	4195
4320	d9403eb0-6359-43b6-977d-27cc2d3b8c59	4196
4321	d9403eb0-6359-43b6-977d-27cc2d3b8c59	4197
4322	d9403eb0-6359-43b6-977d-27cc2d3b8c59	4198
4323	d9403eb0-6359-43b6-977d-27cc2d3b8c59	4199
4324	d9403eb0-6359-43b6-977d-27cc2d3b8c59	4200
4325	d9403eb0-6359-43b6-977d-27cc2d3b8c59	4201
4326	d9403eb0-6359-43b6-977d-27cc2d3b8c59	4202
4327	d9403eb0-6359-43b6-977d-27cc2d3b8c59	4203
4328	d9403eb0-6359-43b6-977d-27cc2d3b8c59	4204
4329	d9403eb0-6359-43b6-977d-27cc2d3b8c59	4205
4330	d9403eb0-6359-43b6-977d-27cc2d3b8c59	4206
4331	d9403eb0-6359-43b6-977d-27cc2d3b8c59	4207
4332	d9403eb0-6359-43b6-977d-27cc2d3b8c59	4208
4333	d9403eb0-6359-43b6-977d-27cc2d3b8c59	4209
4334	d9403eb0-6359-43b6-977d-27cc2d3b8c59	4210
4335	d9403eb0-6359-43b6-977d-27cc2d3b8c59	4211
4336	d9403eb0-6359-43b6-977d-27cc2d3b8c59	4212
4337	d9403eb0-6359-43b6-977d-27cc2d3b8c59	4213
4338	d9403eb0-6359-43b6-977d-27cc2d3b8c59	4214
4339	d9403eb0-6359-43b6-977d-27cc2d3b8c59	4215
4340	d9403eb0-6359-43b6-977d-27cc2d3b8c59	4216
4341	d9403eb0-6359-43b6-977d-27cc2d3b8c59	4217
4342	d9403eb0-6359-43b6-977d-27cc2d3b8c59	4218
4343	d9403eb0-6359-43b6-977d-27cc2d3b8c59	4219
4344	d9403eb0-6359-43b6-977d-27cc2d3b8c59	4220
4345	d9403eb0-6359-43b6-977d-27cc2d3b8c59	4221
4346	d9403eb0-6359-43b6-977d-27cc2d3b8c59	4222
4347	d9403eb0-6359-43b6-977d-27cc2d3b8c59	4223
4348	d9403eb0-6359-43b6-977d-27cc2d3b8c59	4224
4349	d9403eb0-6359-43b6-977d-27cc2d3b8c59	4225
4350	d9403eb0-6359-43b6-977d-27cc2d3b8c59	4226
4351	d9403eb0-6359-43b6-977d-27cc2d3b8c59	4227
4352	d9403eb0-6359-43b6-977d-27cc2d3b8c59	4228
4353	d9403eb0-6359-43b6-977d-27cc2d3b8c59	4229
4354	d9403eb0-6359-43b6-977d-27cc2d3b8c59	4230
4355	d9403eb0-6359-43b6-977d-27cc2d3b8c59	4231
4356	d9403eb0-6359-43b6-977d-27cc2d3b8c59	4232
4357	d9403eb0-6359-43b6-977d-27cc2d3b8c59	4233
4358	d9403eb0-6359-43b6-977d-27cc2d3b8c59	4234
4359	d9403eb0-6359-43b6-977d-27cc2d3b8c59	4235
4360	d9403eb0-6359-43b6-977d-27cc2d3b8c59	4236
4361	d9403eb0-6359-43b6-977d-27cc2d3b8c59	4237
4362	d9403eb0-6359-43b6-977d-27cc2d3b8c59	4238
4363	d9403eb0-6359-43b6-977d-27cc2d3b8c59	4239
4364	d9403eb0-6359-43b6-977d-27cc2d3b8c59	4240
4365	d9403eb0-6359-43b6-977d-27cc2d3b8c59	4241
4366	d9403eb0-6359-43b6-977d-27cc2d3b8c59	4242
4367	d9403eb0-6359-43b6-977d-27cc2d3b8c59	4243
4368	d9403eb0-6359-43b6-977d-27cc2d3b8c59	4244
4369	d9403eb0-6359-43b6-977d-27cc2d3b8c59	4245
4370	d9403eb0-6359-43b6-977d-27cc2d3b8c59	4246
4371	d9403eb0-6359-43b6-977d-27cc2d3b8c59	4247
4372	d9403eb0-6359-43b6-977d-27cc2d3b8c59	4248
4373	d9403eb0-6359-43b6-977d-27cc2d3b8c59	4249
4374	d9403eb0-6359-43b6-977d-27cc2d3b8c59	4250
4375	d9403eb0-6359-43b6-977d-27cc2d3b8c59	4251
4376	d9403eb0-6359-43b6-977d-27cc2d3b8c59	4252
4377	d9403eb0-6359-43b6-977d-27cc2d3b8c59	4253
4378	d9403eb0-6359-43b6-977d-27cc2d3b8c59	4254
4379	d9403eb0-6359-43b6-977d-27cc2d3b8c59	4255
4380	d9403eb0-6359-43b6-977d-27cc2d3b8c59	4256
4381	d9403eb0-6359-43b6-977d-27cc2d3b8c59	4257
4382	d9403eb0-6359-43b6-977d-27cc2d3b8c59	4258
4383	d9403eb0-6359-43b6-977d-27cc2d3b8c59	4259
4384	d9403eb0-6359-43b6-977d-27cc2d3b8c59	4260
4385	d9403eb0-6359-43b6-977d-27cc2d3b8c59	4261
4386	d9403eb0-6359-43b6-977d-27cc2d3b8c59	4262
4387	d9403eb0-6359-43b6-977d-27cc2d3b8c59	4263
4388	d9403eb0-6359-43b6-977d-27cc2d3b8c59	4264
4389	d9403eb0-6359-43b6-977d-27cc2d3b8c59	4265
4390	d9403eb0-6359-43b6-977d-27cc2d3b8c59	4266
4391	d9403eb0-6359-43b6-977d-27cc2d3b8c59	4267
4392	d9403eb0-6359-43b6-977d-27cc2d3b8c59	4268
4393	d9403eb0-6359-43b6-977d-27cc2d3b8c59	4269
4394	d9403eb0-6359-43b6-977d-27cc2d3b8c59	4270
4395	d9403eb0-6359-43b6-977d-27cc2d3b8c59	4271
4396	d9403eb0-6359-43b6-977d-27cc2d3b8c59	4272
4397	d9403eb0-6359-43b6-977d-27cc2d3b8c59	4273
4398	d9403eb0-6359-43b6-977d-27cc2d3b8c59	4274
4399	d9403eb0-6359-43b6-977d-27cc2d3b8c59	4275
4400	d9403eb0-6359-43b6-977d-27cc2d3b8c59	4276
4401	d9403eb0-6359-43b6-977d-27cc2d3b8c59	4277
4402	d9403eb0-6359-43b6-977d-27cc2d3b8c59	4278
4403	d9403eb0-6359-43b6-977d-27cc2d3b8c59	4279
4404	d9403eb0-6359-43b6-977d-27cc2d3b8c59	4280
4405	d9403eb0-6359-43b6-977d-27cc2d3b8c59	4281
4406	d9403eb0-6359-43b6-977d-27cc2d3b8c59	4282
4407	d9403eb0-6359-43b6-977d-27cc2d3b8c59	4283
4408	d9403eb0-6359-43b6-977d-27cc2d3b8c59	4284
4409	d9403eb0-6359-43b6-977d-27cc2d3b8c59	4285
4410	d9403eb0-6359-43b6-977d-27cc2d3b8c59	4286
4411	d9403eb0-6359-43b6-977d-27cc2d3b8c59	4287
4412	d9403eb0-6359-43b6-977d-27cc2d3b8c59	4288
4413	d9403eb0-6359-43b6-977d-27cc2d3b8c59	4289
4414	d9403eb0-6359-43b6-977d-27cc2d3b8c59	4290
4415	d9403eb0-6359-43b6-977d-27cc2d3b8c59	4291
4416	d9403eb0-6359-43b6-977d-27cc2d3b8c59	4292
4417	d9403eb0-6359-43b6-977d-27cc2d3b8c59	4293
4418	d9403eb0-6359-43b6-977d-27cc2d3b8c59	4294
4419	d9403eb0-6359-43b6-977d-27cc2d3b8c59	4295
4420	d9403eb0-6359-43b6-977d-27cc2d3b8c59	4296
4421	d9403eb0-6359-43b6-977d-27cc2d3b8c59	4297
4422	d9403eb0-6359-43b6-977d-27cc2d3b8c59	4298
4423	d9403eb0-6359-43b6-977d-27cc2d3b8c59	4299
4424	d9403eb0-6359-43b6-977d-27cc2d3b8c59	4300
4425	d9403eb0-6359-43b6-977d-27cc2d3b8c59	4301
4426	d9403eb0-6359-43b6-977d-27cc2d3b8c59	4302
4427	d9403eb0-6359-43b6-977d-27cc2d3b8c59	4303
4428	d9403eb0-6359-43b6-977d-27cc2d3b8c59	4304
4429	d9403eb0-6359-43b6-977d-27cc2d3b8c59	4305
4430	d9403eb0-6359-43b6-977d-27cc2d3b8c59	4306
4431	d9403eb0-6359-43b6-977d-27cc2d3b8c59	4307
4432	d9403eb0-6359-43b6-977d-27cc2d3b8c59	4308
4433	d9403eb0-6359-43b6-977d-27cc2d3b8c59	4309
4434	d9403eb0-6359-43b6-977d-27cc2d3b8c59	4310
4435	d9403eb0-6359-43b6-977d-27cc2d3b8c59	4311
4436	d9403eb0-6359-43b6-977d-27cc2d3b8c59	4312
4437	d9403eb0-6359-43b6-977d-27cc2d3b8c59	4313
4438	d9403eb0-6359-43b6-977d-27cc2d3b8c59	4314
4439	d9403eb0-6359-43b6-977d-27cc2d3b8c59	4315
4440	d9403eb0-6359-43b6-977d-27cc2d3b8c59	4316
4441	d9403eb0-6359-43b6-977d-27cc2d3b8c59	4317
4442	d9403eb0-6359-43b6-977d-27cc2d3b8c59	4318
4443	d9403eb0-6359-43b6-977d-27cc2d3b8c59	4319
4444	d9403eb0-6359-43b6-977d-27cc2d3b8c59	4320
4445	d9403eb0-6359-43b6-977d-27cc2d3b8c59	4321
4446	d9403eb0-6359-43b6-977d-27cc2d3b8c59	4322
4447	d9403eb0-6359-43b6-977d-27cc2d3b8c59	4323
4448	d9403eb0-6359-43b6-977d-27cc2d3b8c59	4324
4449	d9403eb0-6359-43b6-977d-27cc2d3b8c59	4325
4450	d9403eb0-6359-43b6-977d-27cc2d3b8c59	4326
4451	d9403eb0-6359-43b6-977d-27cc2d3b8c59	4327
4452	d9403eb0-6359-43b6-977d-27cc2d3b8c59	4328
4453	d9403eb0-6359-43b6-977d-27cc2d3b8c59	4329
4454	d9403eb0-6359-43b6-977d-27cc2d3b8c59	4330
4455	d9403eb0-6359-43b6-977d-27cc2d3b8c59	4331
4456	d9403eb0-6359-43b6-977d-27cc2d3b8c59	4332
4457	d9403eb0-6359-43b6-977d-27cc2d3b8c59	4333
4458	d9403eb0-6359-43b6-977d-27cc2d3b8c59	4334
4459	d9403eb0-6359-43b6-977d-27cc2d3b8c59	4335
4460	d9403eb0-6359-43b6-977d-27cc2d3b8c59	4336
4461	d9403eb0-6359-43b6-977d-27cc2d3b8c59	4337
4462	d9403eb0-6359-43b6-977d-27cc2d3b8c59	4338
4463	d9403eb0-6359-43b6-977d-27cc2d3b8c59	4339
4464	d9403eb0-6359-43b6-977d-27cc2d3b8c59	4340
4465	d9403eb0-6359-43b6-977d-27cc2d3b8c59	4341
4466	d9403eb0-6359-43b6-977d-27cc2d3b8c59	4342
4467	d9403eb0-6359-43b6-977d-27cc2d3b8c59	4343
4468	d9403eb0-6359-43b6-977d-27cc2d3b8c59	4344
4469	d9403eb0-6359-43b6-977d-27cc2d3b8c59	4345
4470	d9403eb0-6359-43b6-977d-27cc2d3b8c59	4346
4471	d9403eb0-6359-43b6-977d-27cc2d3b8c59	4347
4472	d9403eb0-6359-43b6-977d-27cc2d3b8c59	4348
4473	d9403eb0-6359-43b6-977d-27cc2d3b8c59	4349
4474	d9403eb0-6359-43b6-977d-27cc2d3b8c59	4350
4475	d9403eb0-6359-43b6-977d-27cc2d3b8c59	4351
4476	d9403eb0-6359-43b6-977d-27cc2d3b8c59	4352
4477	d9403eb0-6359-43b6-977d-27cc2d3b8c59	4353
4478	d9403eb0-6359-43b6-977d-27cc2d3b8c59	4354
4479	d9403eb0-6359-43b6-977d-27cc2d3b8c59	4355
4480	d9403eb0-6359-43b6-977d-27cc2d3b8c59	4356
4481	d9403eb0-6359-43b6-977d-27cc2d3b8c59	4357
4482	d9403eb0-6359-43b6-977d-27cc2d3b8c59	4358
4483	d9403eb0-6359-43b6-977d-27cc2d3b8c59	4359
4484	d9403eb0-6359-43b6-977d-27cc2d3b8c59	4360
4485	d9403eb0-6359-43b6-977d-27cc2d3b8c59	4361
4486	d9403eb0-6359-43b6-977d-27cc2d3b8c59	4362
4487	d9403eb0-6359-43b6-977d-27cc2d3b8c59	4363
4488	d9403eb0-6359-43b6-977d-27cc2d3b8c59	4364
4489	d9403eb0-6359-43b6-977d-27cc2d3b8c59	4365
4490	d9403eb0-6359-43b6-977d-27cc2d3b8c59	4366
4491	d9403eb0-6359-43b6-977d-27cc2d3b8c59	4367
4492	d9403eb0-6359-43b6-977d-27cc2d3b8c59	4368
4493	d9403eb0-6359-43b6-977d-27cc2d3b8c59	4369
4494	d9403eb0-6359-43b6-977d-27cc2d3b8c59	4370
4495	d9403eb0-6359-43b6-977d-27cc2d3b8c59	4371
4496	d9403eb0-6359-43b6-977d-27cc2d3b8c59	4372
4497	d9403eb0-6359-43b6-977d-27cc2d3b8c59	4373
4498	d9403eb0-6359-43b6-977d-27cc2d3b8c59	4374
4499	d9403eb0-6359-43b6-977d-27cc2d3b8c59	4375
4500	d9403eb0-6359-43b6-977d-27cc2d3b8c59	4376
4501	d9403eb0-6359-43b6-977d-27cc2d3b8c59	4377
4502	d9403eb0-6359-43b6-977d-27cc2d3b8c59	4378
4503	d9403eb0-6359-43b6-977d-27cc2d3b8c59	4379
4504	d9403eb0-6359-43b6-977d-27cc2d3b8c59	4380
4505	d9403eb0-6359-43b6-977d-27cc2d3b8c59	4381
4506	d9403eb0-6359-43b6-977d-27cc2d3b8c59	4382
4507	d9403eb0-6359-43b6-977d-27cc2d3b8c59	4383
4508	d9403eb0-6359-43b6-977d-27cc2d3b8c59	4384
4509	d9403eb0-6359-43b6-977d-27cc2d3b8c59	4385
4510	d9403eb0-6359-43b6-977d-27cc2d3b8c59	4386
4511	d9403eb0-6359-43b6-977d-27cc2d3b8c59	4387
4512	d9403eb0-6359-43b6-977d-27cc2d3b8c59	4388
4513	d9403eb0-6359-43b6-977d-27cc2d3b8c59	4389
4514	d9403eb0-6359-43b6-977d-27cc2d3b8c59	4390
4515	d9403eb0-6359-43b6-977d-27cc2d3b8c59	4391
4516	d9403eb0-6359-43b6-977d-27cc2d3b8c59	4392
4517	d9403eb0-6359-43b6-977d-27cc2d3b8c59	4393
4518	d9403eb0-6359-43b6-977d-27cc2d3b8c59	4394
4519	d9403eb0-6359-43b6-977d-27cc2d3b8c59	4395
4520	d9403eb0-6359-43b6-977d-27cc2d3b8c59	4396
4521	d9403eb0-6359-43b6-977d-27cc2d3b8c59	4397
4522	d9403eb0-6359-43b6-977d-27cc2d3b8c59	4398
4523	d9403eb0-6359-43b6-977d-27cc2d3b8c59	4399
4524	d9403eb0-6359-43b6-977d-27cc2d3b8c59	4400
4525	d9403eb0-6359-43b6-977d-27cc2d3b8c59	4401
4526	d9403eb0-6359-43b6-977d-27cc2d3b8c59	4402
4527	d9403eb0-6359-43b6-977d-27cc2d3b8c59	4403
4528	d9403eb0-6359-43b6-977d-27cc2d3b8c59	4404
4529	d9403eb0-6359-43b6-977d-27cc2d3b8c59	4405
4530	d9403eb0-6359-43b6-977d-27cc2d3b8c59	4406
4531	d9403eb0-6359-43b6-977d-27cc2d3b8c59	4407
4532	d9403eb0-6359-43b6-977d-27cc2d3b8c59	4408
4533	d9403eb0-6359-43b6-977d-27cc2d3b8c59	4409
4534	d9403eb0-6359-43b6-977d-27cc2d3b8c59	4410
4535	d9403eb0-6359-43b6-977d-27cc2d3b8c59	4411
4536	d9403eb0-6359-43b6-977d-27cc2d3b8c59	4412
4537	d9403eb0-6359-43b6-977d-27cc2d3b8c59	4413
4538	d9403eb0-6359-43b6-977d-27cc2d3b8c59	4414
4539	d9403eb0-6359-43b6-977d-27cc2d3b8c59	4415
4540	d9403eb0-6359-43b6-977d-27cc2d3b8c59	4416
4541	d9403eb0-6359-43b6-977d-27cc2d3b8c59	4417
4542	d9403eb0-6359-43b6-977d-27cc2d3b8c59	4418
4543	d9403eb0-6359-43b6-977d-27cc2d3b8c59	4419
4544	d9403eb0-6359-43b6-977d-27cc2d3b8c59	4420
4545	d9403eb0-6359-43b6-977d-27cc2d3b8c59	4421
4546	d9403eb0-6359-43b6-977d-27cc2d3b8c59	4422
4547	d9403eb0-6359-43b6-977d-27cc2d3b8c59	4423
4548	d9403eb0-6359-43b6-977d-27cc2d3b8c59	4424
4549	d9403eb0-6359-43b6-977d-27cc2d3b8c59	4425
4550	d9403eb0-6359-43b6-977d-27cc2d3b8c59	4426
4551	d9403eb0-6359-43b6-977d-27cc2d3b8c59	4427
4552	d9403eb0-6359-43b6-977d-27cc2d3b8c59	4428
4553	d9403eb0-6359-43b6-977d-27cc2d3b8c59	4429
4554	d9403eb0-6359-43b6-977d-27cc2d3b8c59	4430
4555	d9403eb0-6359-43b6-977d-27cc2d3b8c59	4431
4556	d9403eb0-6359-43b6-977d-27cc2d3b8c59	4432
4557	d9403eb0-6359-43b6-977d-27cc2d3b8c59	4433
4558	d9403eb0-6359-43b6-977d-27cc2d3b8c59	4434
4559	d9403eb0-6359-43b6-977d-27cc2d3b8c59	4435
4560	d9403eb0-6359-43b6-977d-27cc2d3b8c59	4436
4561	d9403eb0-6359-43b6-977d-27cc2d3b8c59	4437
4562	d9403eb0-6359-43b6-977d-27cc2d3b8c59	4438
4563	d9403eb0-6359-43b6-977d-27cc2d3b8c59	4439
4564	d9403eb0-6359-43b6-977d-27cc2d3b8c59	4440
4565	d9403eb0-6359-43b6-977d-27cc2d3b8c59	4441
4566	d9403eb0-6359-43b6-977d-27cc2d3b8c59	4442
4567	d9403eb0-6359-43b6-977d-27cc2d3b8c59	4443
4568	d9403eb0-6359-43b6-977d-27cc2d3b8c59	4444
4569	d9403eb0-6359-43b6-977d-27cc2d3b8c59	4445
4570	d9403eb0-6359-43b6-977d-27cc2d3b8c59	4446
4571	d9403eb0-6359-43b6-977d-27cc2d3b8c59	4447
4572	d9403eb0-6359-43b6-977d-27cc2d3b8c59	4448
4573	d9403eb0-6359-43b6-977d-27cc2d3b8c59	4449
4574	d9403eb0-6359-43b6-977d-27cc2d3b8c59	4450
4575	d9403eb0-6359-43b6-977d-27cc2d3b8c59	4451
4576	d9403eb0-6359-43b6-977d-27cc2d3b8c59	4452
4577	d9403eb0-6359-43b6-977d-27cc2d3b8c59	4453
4578	d9403eb0-6359-43b6-977d-27cc2d3b8c59	4454
4579	d9403eb0-6359-43b6-977d-27cc2d3b8c59	4455
4580	d9403eb0-6359-43b6-977d-27cc2d3b8c59	4456
4581	d9403eb0-6359-43b6-977d-27cc2d3b8c59	4457
4582	d9403eb0-6359-43b6-977d-27cc2d3b8c59	4458
4583	d9403eb0-6359-43b6-977d-27cc2d3b8c59	4459
4584	d9403eb0-6359-43b6-977d-27cc2d3b8c59	4460
4585	d9403eb0-6359-43b6-977d-27cc2d3b8c59	4461
4586	d9403eb0-6359-43b6-977d-27cc2d3b8c59	4462
4587	d9403eb0-6359-43b6-977d-27cc2d3b8c59	4463
4588	d9403eb0-6359-43b6-977d-27cc2d3b8c59	4464
4589	d9403eb0-6359-43b6-977d-27cc2d3b8c59	4465
4590	d9403eb0-6359-43b6-977d-27cc2d3b8c59	4466
4591	d9403eb0-6359-43b6-977d-27cc2d3b8c59	4467
4592	d9403eb0-6359-43b6-977d-27cc2d3b8c59	4468
4593	d9403eb0-6359-43b6-977d-27cc2d3b8c59	4469
4594	d9403eb0-6359-43b6-977d-27cc2d3b8c59	4470
4595	d9403eb0-6359-43b6-977d-27cc2d3b8c59	4471
4596	d9403eb0-6359-43b6-977d-27cc2d3b8c59	4472
4597	d9403eb0-6359-43b6-977d-27cc2d3b8c59	4473
4598	d9403eb0-6359-43b6-977d-27cc2d3b8c59	4474
4599	d9403eb0-6359-43b6-977d-27cc2d3b8c59	4475
4600	d9403eb0-6359-43b6-977d-27cc2d3b8c59	4476
4601	d9403eb0-6359-43b6-977d-27cc2d3b8c59	4477
4602	d9403eb0-6359-43b6-977d-27cc2d3b8c59	4478
4603	d9403eb0-6359-43b6-977d-27cc2d3b8c59	4479
4604	d9403eb0-6359-43b6-977d-27cc2d3b8c59	4480
4605	d9403eb0-6359-43b6-977d-27cc2d3b8c59	4481
4606	d9403eb0-6359-43b6-977d-27cc2d3b8c59	4482
4607	d9403eb0-6359-43b6-977d-27cc2d3b8c59	4483
4608	d9403eb0-6359-43b6-977d-27cc2d3b8c59	4484
4609	d9403eb0-6359-43b6-977d-27cc2d3b8c59	4485
4610	d9403eb0-6359-43b6-977d-27cc2d3b8c59	4486
4611	d9403eb0-6359-43b6-977d-27cc2d3b8c59	4487
4612	d9403eb0-6359-43b6-977d-27cc2d3b8c59	4488
4613	d9403eb0-6359-43b6-977d-27cc2d3b8c59	4489
4614	d9403eb0-6359-43b6-977d-27cc2d3b8c59	4490
4615	d9403eb0-6359-43b6-977d-27cc2d3b8c59	4491
4616	d9403eb0-6359-43b6-977d-27cc2d3b8c59	4492
4617	d9403eb0-6359-43b6-977d-27cc2d3b8c59	4493
4618	d9403eb0-6359-43b6-977d-27cc2d3b8c59	4494
4619	d9403eb0-6359-43b6-977d-27cc2d3b8c59	4495
4620	d9403eb0-6359-43b6-977d-27cc2d3b8c59	4496
4621	d9403eb0-6359-43b6-977d-27cc2d3b8c59	4497
4622	d9403eb0-6359-43b6-977d-27cc2d3b8c59	4498
4623	d9403eb0-6359-43b6-977d-27cc2d3b8c59	4499
4624	d9403eb0-6359-43b6-977d-27cc2d3b8c59	4500
4625	d9403eb0-6359-43b6-977d-27cc2d3b8c59	4501
4626	d9403eb0-6359-43b6-977d-27cc2d3b8c59	4502
4627	d9403eb0-6359-43b6-977d-27cc2d3b8c59	4503
4628	d9403eb0-6359-43b6-977d-27cc2d3b8c59	4504
4629	d9403eb0-6359-43b6-977d-27cc2d3b8c59	4505
4630	d9403eb0-6359-43b6-977d-27cc2d3b8c59	4506
4631	d9403eb0-6359-43b6-977d-27cc2d3b8c59	4507
4632	d9403eb0-6359-43b6-977d-27cc2d3b8c59	4508
4633	d9403eb0-6359-43b6-977d-27cc2d3b8c59	4509
4634	d9403eb0-6359-43b6-977d-27cc2d3b8c59	4510
4635	d9403eb0-6359-43b6-977d-27cc2d3b8c59	4511
4636	d9403eb0-6359-43b6-977d-27cc2d3b8c59	4512
4637	d9403eb0-6359-43b6-977d-27cc2d3b8c59	4513
4638	d9403eb0-6359-43b6-977d-27cc2d3b8c59	4514
4639	d9403eb0-6359-43b6-977d-27cc2d3b8c59	4515
4640	d9403eb0-6359-43b6-977d-27cc2d3b8c59	4516
4641	d9403eb0-6359-43b6-977d-27cc2d3b8c59	4517
4642	d9403eb0-6359-43b6-977d-27cc2d3b8c59	4518
4643	d9403eb0-6359-43b6-977d-27cc2d3b8c59	4519
4644	d9403eb0-6359-43b6-977d-27cc2d3b8c59	4520
4645	d9403eb0-6359-43b6-977d-27cc2d3b8c59	4521
4646	d9403eb0-6359-43b6-977d-27cc2d3b8c59	4522
4647	d9403eb0-6359-43b6-977d-27cc2d3b8c59	4523
4648	d9403eb0-6359-43b6-977d-27cc2d3b8c59	4524
4649	d9403eb0-6359-43b6-977d-27cc2d3b8c59	4525
4650	d9403eb0-6359-43b6-977d-27cc2d3b8c59	4526
4651	d9403eb0-6359-43b6-977d-27cc2d3b8c59	4527
4652	d9403eb0-6359-43b6-977d-27cc2d3b8c59	4528
4653	d9403eb0-6359-43b6-977d-27cc2d3b8c59	4529
4654	d9403eb0-6359-43b6-977d-27cc2d3b8c59	4530
4655	d9403eb0-6359-43b6-977d-27cc2d3b8c59	4531
4656	d9403eb0-6359-43b6-977d-27cc2d3b8c59	4532
4657	d9403eb0-6359-43b6-977d-27cc2d3b8c59	4533
4658	d9403eb0-6359-43b6-977d-27cc2d3b8c59	4534
4659	d9403eb0-6359-43b6-977d-27cc2d3b8c59	4535
4660	d9403eb0-6359-43b6-977d-27cc2d3b8c59	4536
4661	d9403eb0-6359-43b6-977d-27cc2d3b8c59	4537
4662	d9403eb0-6359-43b6-977d-27cc2d3b8c59	4538
4663	d9403eb0-6359-43b6-977d-27cc2d3b8c59	4539
4664	d9403eb0-6359-43b6-977d-27cc2d3b8c59	4540
4665	d9403eb0-6359-43b6-977d-27cc2d3b8c59	4541
4666	d9403eb0-6359-43b6-977d-27cc2d3b8c59	4542
4667	d9403eb0-6359-43b6-977d-27cc2d3b8c59	4543
4668	d9403eb0-6359-43b6-977d-27cc2d3b8c59	4544
4669	d9403eb0-6359-43b6-977d-27cc2d3b8c59	4545
4670	d9403eb0-6359-43b6-977d-27cc2d3b8c59	4546
4671	d9403eb0-6359-43b6-977d-27cc2d3b8c59	4547
4672	d9403eb0-6359-43b6-977d-27cc2d3b8c59	4548
4673	d9403eb0-6359-43b6-977d-27cc2d3b8c59	4549
4674	d9403eb0-6359-43b6-977d-27cc2d3b8c59	4550
4675	d9403eb0-6359-43b6-977d-27cc2d3b8c59	4551
4676	d9403eb0-6359-43b6-977d-27cc2d3b8c59	4552
4677	d9403eb0-6359-43b6-977d-27cc2d3b8c59	4553
4678	d9403eb0-6359-43b6-977d-27cc2d3b8c59	4554
4679	d9403eb0-6359-43b6-977d-27cc2d3b8c59	4555
4680	d9403eb0-6359-43b6-977d-27cc2d3b8c59	4556
4681	d9403eb0-6359-43b6-977d-27cc2d3b8c59	4557
4682	d9403eb0-6359-43b6-977d-27cc2d3b8c59	4558
4683	d9403eb0-6359-43b6-977d-27cc2d3b8c59	4559
4684	d9403eb0-6359-43b6-977d-27cc2d3b8c59	4560
4685	d9403eb0-6359-43b6-977d-27cc2d3b8c59	4561
4686	d9403eb0-6359-43b6-977d-27cc2d3b8c59	4562
4687	d9403eb0-6359-43b6-977d-27cc2d3b8c59	4563
4688	d9403eb0-6359-43b6-977d-27cc2d3b8c59	4564
4689	d9403eb0-6359-43b6-977d-27cc2d3b8c59	4565
4690	d9403eb0-6359-43b6-977d-27cc2d3b8c59	4566
4691	d9403eb0-6359-43b6-977d-27cc2d3b8c59	4567
4692	d9403eb0-6359-43b6-977d-27cc2d3b8c59	4568
4693	d9403eb0-6359-43b6-977d-27cc2d3b8c59	4569
4694	d9403eb0-6359-43b6-977d-27cc2d3b8c59	4570
4695	d9403eb0-6359-43b6-977d-27cc2d3b8c59	4571
4696	d9403eb0-6359-43b6-977d-27cc2d3b8c59	4572
4697	d9403eb0-6359-43b6-977d-27cc2d3b8c59	4573
4698	d9403eb0-6359-43b6-977d-27cc2d3b8c59	4574
4699	d9403eb0-6359-43b6-977d-27cc2d3b8c59	4575
4700	d9403eb0-6359-43b6-977d-27cc2d3b8c59	4576
4701	d9403eb0-6359-43b6-977d-27cc2d3b8c59	4577
4702	d9403eb0-6359-43b6-977d-27cc2d3b8c59	4578
4703	d9403eb0-6359-43b6-977d-27cc2d3b8c59	4579
4704	d9403eb0-6359-43b6-977d-27cc2d3b8c59	4580
4705	d9403eb0-6359-43b6-977d-27cc2d3b8c59	4581
4706	d9403eb0-6359-43b6-977d-27cc2d3b8c59	4582
4707	d9403eb0-6359-43b6-977d-27cc2d3b8c59	4583
4708	d9403eb0-6359-43b6-977d-27cc2d3b8c59	4584
4709	d9403eb0-6359-43b6-977d-27cc2d3b8c59	4585
4710	d9403eb0-6359-43b6-977d-27cc2d3b8c59	4586
4711	d9403eb0-6359-43b6-977d-27cc2d3b8c59	4587
4712	d9403eb0-6359-43b6-977d-27cc2d3b8c59	4588
4713	d9403eb0-6359-43b6-977d-27cc2d3b8c59	4589
4714	d9403eb0-6359-43b6-977d-27cc2d3b8c59	4590
4715	d9403eb0-6359-43b6-977d-27cc2d3b8c59	4591
4716	d9403eb0-6359-43b6-977d-27cc2d3b8c59	4592
4717	d9403eb0-6359-43b6-977d-27cc2d3b8c59	4593
4718	d9403eb0-6359-43b6-977d-27cc2d3b8c59	4594
4719	d9403eb0-6359-43b6-977d-27cc2d3b8c59	4595
4720	d9403eb0-6359-43b6-977d-27cc2d3b8c59	4596
4721	d9403eb0-6359-43b6-977d-27cc2d3b8c59	4597
4722	d9403eb0-6359-43b6-977d-27cc2d3b8c59	4598
4723	d9403eb0-6359-43b6-977d-27cc2d3b8c59	4599
4724	d9403eb0-6359-43b6-977d-27cc2d3b8c59	4600
4725	d9403eb0-6359-43b6-977d-27cc2d3b8c59	4601
4726	d9403eb0-6359-43b6-977d-27cc2d3b8c59	4602
4727	d9403eb0-6359-43b6-977d-27cc2d3b8c59	4603
4728	d9403eb0-6359-43b6-977d-27cc2d3b8c59	4604
4729	d9403eb0-6359-43b6-977d-27cc2d3b8c59	4605
4730	d9403eb0-6359-43b6-977d-27cc2d3b8c59	4606
4731	d9403eb0-6359-43b6-977d-27cc2d3b8c59	4607
4732	d9403eb0-6359-43b6-977d-27cc2d3b8c59	4608
4733	d9403eb0-6359-43b6-977d-27cc2d3b8c59	4609
4734	d9403eb0-6359-43b6-977d-27cc2d3b8c59	4610
4735	d9403eb0-6359-43b6-977d-27cc2d3b8c59	4611
4736	d9403eb0-6359-43b6-977d-27cc2d3b8c59	4612
4737	d9403eb0-6359-43b6-977d-27cc2d3b8c59	4613
4738	d9403eb0-6359-43b6-977d-27cc2d3b8c59	4614
4739	d9403eb0-6359-43b6-977d-27cc2d3b8c59	4615
4740	d9403eb0-6359-43b6-977d-27cc2d3b8c59	4616
4741	d9403eb0-6359-43b6-977d-27cc2d3b8c59	4617
4742	d9403eb0-6359-43b6-977d-27cc2d3b8c59	4618
4743	d9403eb0-6359-43b6-977d-27cc2d3b8c59	4619
4744	d9403eb0-6359-43b6-977d-27cc2d3b8c59	4620
4745	d9403eb0-6359-43b6-977d-27cc2d3b8c59	4621
4746	d9403eb0-6359-43b6-977d-27cc2d3b8c59	4622
4747	d9403eb0-6359-43b6-977d-27cc2d3b8c59	4623
4748	d9403eb0-6359-43b6-977d-27cc2d3b8c59	4624
4749	d9403eb0-6359-43b6-977d-27cc2d3b8c59	4625
4750	d9403eb0-6359-43b6-977d-27cc2d3b8c59	4626
4751	d9403eb0-6359-43b6-977d-27cc2d3b8c59	4627
4752	d9403eb0-6359-43b6-977d-27cc2d3b8c59	4628
4753	d9403eb0-6359-43b6-977d-27cc2d3b8c59	4629
4754	d9403eb0-6359-43b6-977d-27cc2d3b8c59	4630
4755	d9403eb0-6359-43b6-977d-27cc2d3b8c59	4631
4756	d9403eb0-6359-43b6-977d-27cc2d3b8c59	4632
4757	d9403eb0-6359-43b6-977d-27cc2d3b8c59	4633
4758	d9403eb0-6359-43b6-977d-27cc2d3b8c59	4634
4759	d9403eb0-6359-43b6-977d-27cc2d3b8c59	4635
4760	d9403eb0-6359-43b6-977d-27cc2d3b8c59	4636
4761	d9403eb0-6359-43b6-977d-27cc2d3b8c59	4637
4762	d9403eb0-6359-43b6-977d-27cc2d3b8c59	4638
4763	d9403eb0-6359-43b6-977d-27cc2d3b8c59	4639
4764	d9403eb0-6359-43b6-977d-27cc2d3b8c59	4640
4765	d9403eb0-6359-43b6-977d-27cc2d3b8c59	4641
4766	d9403eb0-6359-43b6-977d-27cc2d3b8c59	4642
4767	d9403eb0-6359-43b6-977d-27cc2d3b8c59	4643
4768	d9403eb0-6359-43b6-977d-27cc2d3b8c59	4644
4769	d9403eb0-6359-43b6-977d-27cc2d3b8c59	4645
4770	d9403eb0-6359-43b6-977d-27cc2d3b8c59	4646
4771	d9403eb0-6359-43b6-977d-27cc2d3b8c59	4647
4772	d9403eb0-6359-43b6-977d-27cc2d3b8c59	4648
4773	d9403eb0-6359-43b6-977d-27cc2d3b8c59	4649
4774	d9403eb0-6359-43b6-977d-27cc2d3b8c59	4650
4775	d9403eb0-6359-43b6-977d-27cc2d3b8c59	4651
4776	d9403eb0-6359-43b6-977d-27cc2d3b8c59	4652
4777	d9403eb0-6359-43b6-977d-27cc2d3b8c59	4653
4778	d9403eb0-6359-43b6-977d-27cc2d3b8c59	4654
4779	d9403eb0-6359-43b6-977d-27cc2d3b8c59	4655
4780	d9403eb0-6359-43b6-977d-27cc2d3b8c59	4656
4781	d9403eb0-6359-43b6-977d-27cc2d3b8c59	4657
4782	d9403eb0-6359-43b6-977d-27cc2d3b8c59	4658
4783	d9403eb0-6359-43b6-977d-27cc2d3b8c59	4659
4784	d9403eb0-6359-43b6-977d-27cc2d3b8c59	4660
4785	d9403eb0-6359-43b6-977d-27cc2d3b8c59	4661
4786	d9403eb0-6359-43b6-977d-27cc2d3b8c59	4662
4787	d9403eb0-6359-43b6-977d-27cc2d3b8c59	4663
4788	d9403eb0-6359-43b6-977d-27cc2d3b8c59	4664
4789	d9403eb0-6359-43b6-977d-27cc2d3b8c59	4665
4790	d9403eb0-6359-43b6-977d-27cc2d3b8c59	4666
4791	d9403eb0-6359-43b6-977d-27cc2d3b8c59	4667
4792	d9403eb0-6359-43b6-977d-27cc2d3b8c59	4668
4793	d9403eb0-6359-43b6-977d-27cc2d3b8c59	4669
4794	d9403eb0-6359-43b6-977d-27cc2d3b8c59	4670
4795	d9403eb0-6359-43b6-977d-27cc2d3b8c59	4671
4796	d9403eb0-6359-43b6-977d-27cc2d3b8c59	4672
4797	d9403eb0-6359-43b6-977d-27cc2d3b8c59	4673
4798	d9403eb0-6359-43b6-977d-27cc2d3b8c59	4674
4799	d9403eb0-6359-43b6-977d-27cc2d3b8c59	4675
4800	d9403eb0-6359-43b6-977d-27cc2d3b8c59	4676
4801	d9403eb0-6359-43b6-977d-27cc2d3b8c59	4677
4802	d9403eb0-6359-43b6-977d-27cc2d3b8c59	4678
4803	d9403eb0-6359-43b6-977d-27cc2d3b8c59	4679
4804	d9403eb0-6359-43b6-977d-27cc2d3b8c59	4680
4805	d9403eb0-6359-43b6-977d-27cc2d3b8c59	4681
4806	d9403eb0-6359-43b6-977d-27cc2d3b8c59	4682
4807	d9403eb0-6359-43b6-977d-27cc2d3b8c59	4683
4808	d9403eb0-6359-43b6-977d-27cc2d3b8c59	4684
4809	d9403eb0-6359-43b6-977d-27cc2d3b8c59	4685
4810	d9403eb0-6359-43b6-977d-27cc2d3b8c59	4686
4811	d9403eb0-6359-43b6-977d-27cc2d3b8c59	4687
4812	d9403eb0-6359-43b6-977d-27cc2d3b8c59	4688
4813	d9403eb0-6359-43b6-977d-27cc2d3b8c59	4689
4814	d9403eb0-6359-43b6-977d-27cc2d3b8c59	4690
4815	d9403eb0-6359-43b6-977d-27cc2d3b8c59	4691
4816	d9403eb0-6359-43b6-977d-27cc2d3b8c59	4692
4817	d9403eb0-6359-43b6-977d-27cc2d3b8c59	4693
4818	d9403eb0-6359-43b6-977d-27cc2d3b8c59	4694
4819	d9403eb0-6359-43b6-977d-27cc2d3b8c59	4695
4820	d9403eb0-6359-43b6-977d-27cc2d3b8c59	4696
4821	d9403eb0-6359-43b6-977d-27cc2d3b8c59	4697
4822	d9403eb0-6359-43b6-977d-27cc2d3b8c59	4698
4823	d9403eb0-6359-43b6-977d-27cc2d3b8c59	4699
4824	d9403eb0-6359-43b6-977d-27cc2d3b8c59	4700
4825	d9403eb0-6359-43b6-977d-27cc2d3b8c59	4701
4826	d9403eb0-6359-43b6-977d-27cc2d3b8c59	4702
4827	d9403eb0-6359-43b6-977d-27cc2d3b8c59	4703
4828	d9403eb0-6359-43b6-977d-27cc2d3b8c59	4704
4829	d9403eb0-6359-43b6-977d-27cc2d3b8c59	4705
4830	d9403eb0-6359-43b6-977d-27cc2d3b8c59	4706
4831	d9403eb0-6359-43b6-977d-27cc2d3b8c59	4707
4832	d9403eb0-6359-43b6-977d-27cc2d3b8c59	4708
4833	d9403eb0-6359-43b6-977d-27cc2d3b8c59	4709
4834	d9403eb0-6359-43b6-977d-27cc2d3b8c59	4710
4835	d9403eb0-6359-43b6-977d-27cc2d3b8c59	4711
4836	d9403eb0-6359-43b6-977d-27cc2d3b8c59	4712
4837	d9403eb0-6359-43b6-977d-27cc2d3b8c59	4713
4838	d9403eb0-6359-43b6-977d-27cc2d3b8c59	4714
4839	d9403eb0-6359-43b6-977d-27cc2d3b8c59	4715
4840	d9403eb0-6359-43b6-977d-27cc2d3b8c59	4716
4841	d9403eb0-6359-43b6-977d-27cc2d3b8c59	4717
4842	d9403eb0-6359-43b6-977d-27cc2d3b8c59	4718
4843	d9403eb0-6359-43b6-977d-27cc2d3b8c59	4719
4844	d9403eb0-6359-43b6-977d-27cc2d3b8c59	4720
4845	d9403eb0-6359-43b6-977d-27cc2d3b8c59	4721
4846	d9403eb0-6359-43b6-977d-27cc2d3b8c59	4722
4847	d9403eb0-6359-43b6-977d-27cc2d3b8c59	4723
4848	d9403eb0-6359-43b6-977d-27cc2d3b8c59	4724
4849	d9403eb0-6359-43b6-977d-27cc2d3b8c59	4725
4850	d9403eb0-6359-43b6-977d-27cc2d3b8c59	4726
4851	d9403eb0-6359-43b6-977d-27cc2d3b8c59	4727
4852	d9403eb0-6359-43b6-977d-27cc2d3b8c59	4728
4853	d9403eb0-6359-43b6-977d-27cc2d3b8c59	4729
4854	d9403eb0-6359-43b6-977d-27cc2d3b8c59	4730
4855	d9403eb0-6359-43b6-977d-27cc2d3b8c59	4731
4856	d9403eb0-6359-43b6-977d-27cc2d3b8c59	4732
4857	d9403eb0-6359-43b6-977d-27cc2d3b8c59	4733
4858	d9403eb0-6359-43b6-977d-27cc2d3b8c59	4734
4859	d9403eb0-6359-43b6-977d-27cc2d3b8c59	4735
4860	d9403eb0-6359-43b6-977d-27cc2d3b8c59	4736
4861	d9403eb0-6359-43b6-977d-27cc2d3b8c59	4737
4862	d9403eb0-6359-43b6-977d-27cc2d3b8c59	4738
4863	d9403eb0-6359-43b6-977d-27cc2d3b8c59	4739
4864	d9403eb0-6359-43b6-977d-27cc2d3b8c59	4740
4865	d9403eb0-6359-43b6-977d-27cc2d3b8c59	4741
4866	d9403eb0-6359-43b6-977d-27cc2d3b8c59	4742
4867	d9403eb0-6359-43b6-977d-27cc2d3b8c59	4743
4868	d9403eb0-6359-43b6-977d-27cc2d3b8c59	4744
4869	d9403eb0-6359-43b6-977d-27cc2d3b8c59	4745
4870	d9403eb0-6359-43b6-977d-27cc2d3b8c59	4746
4871	d9403eb0-6359-43b6-977d-27cc2d3b8c59	4747
4872	d9403eb0-6359-43b6-977d-27cc2d3b8c59	4748
4873	d9403eb0-6359-43b6-977d-27cc2d3b8c59	4749
4874	d9403eb0-6359-43b6-977d-27cc2d3b8c59	4750
4875	d9403eb0-6359-43b6-977d-27cc2d3b8c59	4751
4876	d9403eb0-6359-43b6-977d-27cc2d3b8c59	4752
4877	d9403eb0-6359-43b6-977d-27cc2d3b8c59	4753
4878	d9403eb0-6359-43b6-977d-27cc2d3b8c59	4754
4879	d9403eb0-6359-43b6-977d-27cc2d3b8c59	4755
4880	d9403eb0-6359-43b6-977d-27cc2d3b8c59	4756
4881	d9403eb0-6359-43b6-977d-27cc2d3b8c59	4757
4882	d9403eb0-6359-43b6-977d-27cc2d3b8c59	4758
4883	d9403eb0-6359-43b6-977d-27cc2d3b8c59	4759
4884	d9403eb0-6359-43b6-977d-27cc2d3b8c59	4760
4885	d9403eb0-6359-43b6-977d-27cc2d3b8c59	4761
4886	d9403eb0-6359-43b6-977d-27cc2d3b8c59	4762
4887	d9403eb0-6359-43b6-977d-27cc2d3b8c59	4763
4888	d9403eb0-6359-43b6-977d-27cc2d3b8c59	4764
4889	d9403eb0-6359-43b6-977d-27cc2d3b8c59	4765
4890	d9403eb0-6359-43b6-977d-27cc2d3b8c59	4766
4891	d9403eb0-6359-43b6-977d-27cc2d3b8c59	4767
4892	d9403eb0-6359-43b6-977d-27cc2d3b8c59	4768
4893	d9403eb0-6359-43b6-977d-27cc2d3b8c59	4769
4894	d9403eb0-6359-43b6-977d-27cc2d3b8c59	4770
4895	d9403eb0-6359-43b6-977d-27cc2d3b8c59	4771
4896	d9403eb0-6359-43b6-977d-27cc2d3b8c59	4772
4897	d9403eb0-6359-43b6-977d-27cc2d3b8c59	4773
4898	d9403eb0-6359-43b6-977d-27cc2d3b8c59	4774
4899	d9403eb0-6359-43b6-977d-27cc2d3b8c59	4775
4900	d9403eb0-6359-43b6-977d-27cc2d3b8c59	4776
4901	d9403eb0-6359-43b6-977d-27cc2d3b8c59	4777
4902	d9403eb0-6359-43b6-977d-27cc2d3b8c59	4778
4903	d9403eb0-6359-43b6-977d-27cc2d3b8c59	4779
4904	d9403eb0-6359-43b6-977d-27cc2d3b8c59	4780
4905	d9403eb0-6359-43b6-977d-27cc2d3b8c59	4781
4906	d9403eb0-6359-43b6-977d-27cc2d3b8c59	4782
4907	d9403eb0-6359-43b6-977d-27cc2d3b8c59	4783
4908	d9403eb0-6359-43b6-977d-27cc2d3b8c59	4784
4909	d9403eb0-6359-43b6-977d-27cc2d3b8c59	4785
4910	d9403eb0-6359-43b6-977d-27cc2d3b8c59	4786
4911	d9403eb0-6359-43b6-977d-27cc2d3b8c59	4787
4912	d9403eb0-6359-43b6-977d-27cc2d3b8c59	4788
4913	d9403eb0-6359-43b6-977d-27cc2d3b8c59	4789
4914	d9403eb0-6359-43b6-977d-27cc2d3b8c59	4790
4915	d9403eb0-6359-43b6-977d-27cc2d3b8c59	4791
4916	d9403eb0-6359-43b6-977d-27cc2d3b8c59	4792
4917	d9403eb0-6359-43b6-977d-27cc2d3b8c59	4793
4918	d9403eb0-6359-43b6-977d-27cc2d3b8c59	4794
4919	d9403eb0-6359-43b6-977d-27cc2d3b8c59	4795
4920	d9403eb0-6359-43b6-977d-27cc2d3b8c59	4796
4921	d9403eb0-6359-43b6-977d-27cc2d3b8c59	4797
4922	d9403eb0-6359-43b6-977d-27cc2d3b8c59	4798
4923	d9403eb0-6359-43b6-977d-27cc2d3b8c59	4799
4924	d9403eb0-6359-43b6-977d-27cc2d3b8c59	4800
4925	d9403eb0-6359-43b6-977d-27cc2d3b8c59	4801
4926	d9403eb0-6359-43b6-977d-27cc2d3b8c59	4802
4927	d9403eb0-6359-43b6-977d-27cc2d3b8c59	4803
4928	d9403eb0-6359-43b6-977d-27cc2d3b8c59	4804
4929	d9403eb0-6359-43b6-977d-27cc2d3b8c59	4805
4930	d9403eb0-6359-43b6-977d-27cc2d3b8c59	4806
4931	d9403eb0-6359-43b6-977d-27cc2d3b8c59	4807
4932	d9403eb0-6359-43b6-977d-27cc2d3b8c59	4808
4933	d9403eb0-6359-43b6-977d-27cc2d3b8c59	4809
4934	d9403eb0-6359-43b6-977d-27cc2d3b8c59	4810
4935	d9403eb0-6359-43b6-977d-27cc2d3b8c59	4811
4936	d9403eb0-6359-43b6-977d-27cc2d3b8c59	4812
4937	d9403eb0-6359-43b6-977d-27cc2d3b8c59	4813
4938	d9403eb0-6359-43b6-977d-27cc2d3b8c59	4814
4939	d9403eb0-6359-43b6-977d-27cc2d3b8c59	4815
4940	d9403eb0-6359-43b6-977d-27cc2d3b8c59	4816
4941	d9403eb0-6359-43b6-977d-27cc2d3b8c59	4817
4942	d9403eb0-6359-43b6-977d-27cc2d3b8c59	4818
4943	d9403eb0-6359-43b6-977d-27cc2d3b8c59	4819
4944	d9403eb0-6359-43b6-977d-27cc2d3b8c59	4820
4945	d9403eb0-6359-43b6-977d-27cc2d3b8c59	4821
4946	d9403eb0-6359-43b6-977d-27cc2d3b8c59	4822
4947	d9403eb0-6359-43b6-977d-27cc2d3b8c59	4823
4948	d9403eb0-6359-43b6-977d-27cc2d3b8c59	4824
4949	d9403eb0-6359-43b6-977d-27cc2d3b8c59	4825
4950	d9403eb0-6359-43b6-977d-27cc2d3b8c59	4826
4951	d9403eb0-6359-43b6-977d-27cc2d3b8c59	4827
4952	d9403eb0-6359-43b6-977d-27cc2d3b8c59	4828
4953	d9403eb0-6359-43b6-977d-27cc2d3b8c59	4829
4954	d9403eb0-6359-43b6-977d-27cc2d3b8c59	4830
4955	d9403eb0-6359-43b6-977d-27cc2d3b8c59	4831
4956	d9403eb0-6359-43b6-977d-27cc2d3b8c59	4832
4957	d9403eb0-6359-43b6-977d-27cc2d3b8c59	4833
4958	d9403eb0-6359-43b6-977d-27cc2d3b8c59	4834
4959	d9403eb0-6359-43b6-977d-27cc2d3b8c59	4835
4960	d9403eb0-6359-43b6-977d-27cc2d3b8c59	4836
4961	d9403eb0-6359-43b6-977d-27cc2d3b8c59	4837
4962	d9403eb0-6359-43b6-977d-27cc2d3b8c59	4838
4963	d9403eb0-6359-43b6-977d-27cc2d3b8c59	4839
4964	d9403eb0-6359-43b6-977d-27cc2d3b8c59	4840
4965	d9403eb0-6359-43b6-977d-27cc2d3b8c59	4841
4966	d9403eb0-6359-43b6-977d-27cc2d3b8c59	4842
4967	d9403eb0-6359-43b6-977d-27cc2d3b8c59	4843
4968	d9403eb0-6359-43b6-977d-27cc2d3b8c59	4844
4969	d9403eb0-6359-43b6-977d-27cc2d3b8c59	4845
4970	d9403eb0-6359-43b6-977d-27cc2d3b8c59	4846
4971	d9403eb0-6359-43b6-977d-27cc2d3b8c59	4847
4972	d9403eb0-6359-43b6-977d-27cc2d3b8c59	4848
4973	d9403eb0-6359-43b6-977d-27cc2d3b8c59	4849
4974	d9403eb0-6359-43b6-977d-27cc2d3b8c59	4850
4975	d9403eb0-6359-43b6-977d-27cc2d3b8c59	4851
4976	d9403eb0-6359-43b6-977d-27cc2d3b8c59	4852
4977	d9403eb0-6359-43b6-977d-27cc2d3b8c59	4853
4978	d9403eb0-6359-43b6-977d-27cc2d3b8c59	4854
4979	d9403eb0-6359-43b6-977d-27cc2d3b8c59	4855
4980	d9403eb0-6359-43b6-977d-27cc2d3b8c59	4856
4981	d9403eb0-6359-43b6-977d-27cc2d3b8c59	4857
4982	d9403eb0-6359-43b6-977d-27cc2d3b8c59	4858
4983	d9403eb0-6359-43b6-977d-27cc2d3b8c59	4859
4984	d9403eb0-6359-43b6-977d-27cc2d3b8c59	4860
4985	d9403eb0-6359-43b6-977d-27cc2d3b8c59	4861
4986	d9403eb0-6359-43b6-977d-27cc2d3b8c59	4862
4987	d9403eb0-6359-43b6-977d-27cc2d3b8c59	4863
4988	d9403eb0-6359-43b6-977d-27cc2d3b8c59	4864
4989	d9403eb0-6359-43b6-977d-27cc2d3b8c59	4865
4990	d9403eb0-6359-43b6-977d-27cc2d3b8c59	4866
4991	d9403eb0-6359-43b6-977d-27cc2d3b8c59	4867
4992	d9403eb0-6359-43b6-977d-27cc2d3b8c59	4868
4993	d9403eb0-6359-43b6-977d-27cc2d3b8c59	4869
4994	d9403eb0-6359-43b6-977d-27cc2d3b8c59	4870
4995	d9403eb0-6359-43b6-977d-27cc2d3b8c59	4871
4996	d9403eb0-6359-43b6-977d-27cc2d3b8c59	4872
4997	d9403eb0-6359-43b6-977d-27cc2d3b8c59	4873
4998	d9403eb0-6359-43b6-977d-27cc2d3b8c59	4874
4999	d9403eb0-6359-43b6-977d-27cc2d3b8c59	4875
5000	d9403eb0-6359-43b6-977d-27cc2d3b8c59	4876
5001	d9403eb0-6359-43b6-977d-27cc2d3b8c59	4877
5002	d9403eb0-6359-43b6-977d-27cc2d3b8c59	4878
5003	d9403eb0-6359-43b6-977d-27cc2d3b8c59	4879
5004	d9403eb0-6359-43b6-977d-27cc2d3b8c59	4880
5005	d9403eb0-6359-43b6-977d-27cc2d3b8c59	4881
5006	d9403eb0-6359-43b6-977d-27cc2d3b8c59	4882
5007	d9403eb0-6359-43b6-977d-27cc2d3b8c59	4883
5008	d9403eb0-6359-43b6-977d-27cc2d3b8c59	4884
5009	d9403eb0-6359-43b6-977d-27cc2d3b8c59	4885
5010	d9403eb0-6359-43b6-977d-27cc2d3b8c59	4886
5011	d9403eb0-6359-43b6-977d-27cc2d3b8c59	4887
5012	d9403eb0-6359-43b6-977d-27cc2d3b8c59	4888
5013	d9403eb0-6359-43b6-977d-27cc2d3b8c59	4889
5014	d9403eb0-6359-43b6-977d-27cc2d3b8c59	4890
5015	d9403eb0-6359-43b6-977d-27cc2d3b8c59	4891
5016	d9403eb0-6359-43b6-977d-27cc2d3b8c59	4892
5017	d9403eb0-6359-43b6-977d-27cc2d3b8c59	4893
5018	d9403eb0-6359-43b6-977d-27cc2d3b8c59	4894
5019	d9403eb0-6359-43b6-977d-27cc2d3b8c59	4895
5020	d9403eb0-6359-43b6-977d-27cc2d3b8c59	4896
5021	d9403eb0-6359-43b6-977d-27cc2d3b8c59	4897
5022	d9403eb0-6359-43b6-977d-27cc2d3b8c59	4898
5023	d9403eb0-6359-43b6-977d-27cc2d3b8c59	4899
5024	d9403eb0-6359-43b6-977d-27cc2d3b8c59	4900
5025	d9403eb0-6359-43b6-977d-27cc2d3b8c59	4901
5026	d9403eb0-6359-43b6-977d-27cc2d3b8c59	4902
5027	d9403eb0-6359-43b6-977d-27cc2d3b8c59	4903
5028	d9403eb0-6359-43b6-977d-27cc2d3b8c59	4904
5029	d9403eb0-6359-43b6-977d-27cc2d3b8c59	4905
5030	d9403eb0-6359-43b6-977d-27cc2d3b8c59	4906
5031	d9403eb0-6359-43b6-977d-27cc2d3b8c59	4907
5032	d9403eb0-6359-43b6-977d-27cc2d3b8c59	4908
5033	d9403eb0-6359-43b6-977d-27cc2d3b8c59	4909
5034	d9403eb0-6359-43b6-977d-27cc2d3b8c59	4910
5035	d9403eb0-6359-43b6-977d-27cc2d3b8c59	4911
5036	d9403eb0-6359-43b6-977d-27cc2d3b8c59	4912
5037	d9403eb0-6359-43b6-977d-27cc2d3b8c59	4913
5038	d9403eb0-6359-43b6-977d-27cc2d3b8c59	4914
5039	d9403eb0-6359-43b6-977d-27cc2d3b8c59	4915
5040	d9403eb0-6359-43b6-977d-27cc2d3b8c59	4916
5041	d9403eb0-6359-43b6-977d-27cc2d3b8c59	4917
5042	d9403eb0-6359-43b6-977d-27cc2d3b8c59	4918
5043	d9403eb0-6359-43b6-977d-27cc2d3b8c59	4919
5044	d9403eb0-6359-43b6-977d-27cc2d3b8c59	4920
5045	d9403eb0-6359-43b6-977d-27cc2d3b8c59	4921
5046	d9403eb0-6359-43b6-977d-27cc2d3b8c59	4922
5047	d9403eb0-6359-43b6-977d-27cc2d3b8c59	4923
5048	d9403eb0-6359-43b6-977d-27cc2d3b8c59	4924
5049	d9403eb0-6359-43b6-977d-27cc2d3b8c59	4925
5050	d9403eb0-6359-43b6-977d-27cc2d3b8c59	4926
5051	d9403eb0-6359-43b6-977d-27cc2d3b8c59	4927
5052	d9403eb0-6359-43b6-977d-27cc2d3b8c59	4928
5053	d9403eb0-6359-43b6-977d-27cc2d3b8c59	4929
5054	d9403eb0-6359-43b6-977d-27cc2d3b8c59	4930
5055	d9403eb0-6359-43b6-977d-27cc2d3b8c59	4931
5056	d9403eb0-6359-43b6-977d-27cc2d3b8c59	4932
5057	d9403eb0-6359-43b6-977d-27cc2d3b8c59	4933
5058	d9403eb0-6359-43b6-977d-27cc2d3b8c59	4934
5059	d9403eb0-6359-43b6-977d-27cc2d3b8c59	4935
5060	d9403eb0-6359-43b6-977d-27cc2d3b8c59	4936
5061	d9403eb0-6359-43b6-977d-27cc2d3b8c59	4937
5062	d9403eb0-6359-43b6-977d-27cc2d3b8c59	4938
5063	d9403eb0-6359-43b6-977d-27cc2d3b8c59	4939
5064	d9403eb0-6359-43b6-977d-27cc2d3b8c59	4940
5065	d9403eb0-6359-43b6-977d-27cc2d3b8c59	4941
5066	d9403eb0-6359-43b6-977d-27cc2d3b8c59	4942
5067	d9403eb0-6359-43b6-977d-27cc2d3b8c59	4943
5068	d9403eb0-6359-43b6-977d-27cc2d3b8c59	4944
5069	d9403eb0-6359-43b6-977d-27cc2d3b8c59	4945
5070	d9403eb0-6359-43b6-977d-27cc2d3b8c59	4946
5071	d9403eb0-6359-43b6-977d-27cc2d3b8c59	4947
5072	d9403eb0-6359-43b6-977d-27cc2d3b8c59	4948
5073	d9403eb0-6359-43b6-977d-27cc2d3b8c59	4949
5074	d9403eb0-6359-43b6-977d-27cc2d3b8c59	4950
5075	d9403eb0-6359-43b6-977d-27cc2d3b8c59	4951
5076	d9403eb0-6359-43b6-977d-27cc2d3b8c59	4952
5077	d9403eb0-6359-43b6-977d-27cc2d3b8c59	4953
5078	d9403eb0-6359-43b6-977d-27cc2d3b8c59	4954
5079	d9403eb0-6359-43b6-977d-27cc2d3b8c59	4955
5080	d9403eb0-6359-43b6-977d-27cc2d3b8c59	4956
5081	d9403eb0-6359-43b6-977d-27cc2d3b8c59	4957
5082	d9403eb0-6359-43b6-977d-27cc2d3b8c59	4958
5083	d9403eb0-6359-43b6-977d-27cc2d3b8c59	4959
5084	d9403eb0-6359-43b6-977d-27cc2d3b8c59	4960
5085	d9403eb0-6359-43b6-977d-27cc2d3b8c59	4961
5086	d9403eb0-6359-43b6-977d-27cc2d3b8c59	4962
5087	d9403eb0-6359-43b6-977d-27cc2d3b8c59	4963
5088	d9403eb0-6359-43b6-977d-27cc2d3b8c59	4964
5089	d9403eb0-6359-43b6-977d-27cc2d3b8c59	4965
5090	d9403eb0-6359-43b6-977d-27cc2d3b8c59	4966
5091	d9403eb0-6359-43b6-977d-27cc2d3b8c59	4967
5092	d9403eb0-6359-43b6-977d-27cc2d3b8c59	4968
5093	d9403eb0-6359-43b6-977d-27cc2d3b8c59	4969
5094	d9403eb0-6359-43b6-977d-27cc2d3b8c59	4970
5095	d9403eb0-6359-43b6-977d-27cc2d3b8c59	4971
5096	d9403eb0-6359-43b6-977d-27cc2d3b8c59	4972
5097	d9403eb0-6359-43b6-977d-27cc2d3b8c59	4973
5098	d9403eb0-6359-43b6-977d-27cc2d3b8c59	4974
5099	d9403eb0-6359-43b6-977d-27cc2d3b8c59	4975
5100	d9403eb0-6359-43b6-977d-27cc2d3b8c59	4976
5101	d9403eb0-6359-43b6-977d-27cc2d3b8c59	4977
5102	d9403eb0-6359-43b6-977d-27cc2d3b8c59	4978
5103	d9403eb0-6359-43b6-977d-27cc2d3b8c59	4979
5104	d9403eb0-6359-43b6-977d-27cc2d3b8c59	4980
5105	d9403eb0-6359-43b6-977d-27cc2d3b8c59	4981
5106	d9403eb0-6359-43b6-977d-27cc2d3b8c59	4982
5107	d9403eb0-6359-43b6-977d-27cc2d3b8c59	4983
5108	d9403eb0-6359-43b6-977d-27cc2d3b8c59	4984
5109	d9403eb0-6359-43b6-977d-27cc2d3b8c59	4985
5110	d9403eb0-6359-43b6-977d-27cc2d3b8c59	4986
5111	d9403eb0-6359-43b6-977d-27cc2d3b8c59	4987
5112	d9403eb0-6359-43b6-977d-27cc2d3b8c59	4988
5113	d9403eb0-6359-43b6-977d-27cc2d3b8c59	4989
5114	d9403eb0-6359-43b6-977d-27cc2d3b8c59	4990
5115	d9403eb0-6359-43b6-977d-27cc2d3b8c59	4991
5116	d9403eb0-6359-43b6-977d-27cc2d3b8c59	4992
5117	d9403eb0-6359-43b6-977d-27cc2d3b8c59	4993
5118	d9403eb0-6359-43b6-977d-27cc2d3b8c59	4994
5119	d9403eb0-6359-43b6-977d-27cc2d3b8c59	4995
5120	d9403eb0-6359-43b6-977d-27cc2d3b8c59	4996
5121	d9403eb0-6359-43b6-977d-27cc2d3b8c59	4997
5122	d9403eb0-6359-43b6-977d-27cc2d3b8c59	4998
5123	d9403eb0-6359-43b6-977d-27cc2d3b8c59	4999
5124	d9403eb0-6359-43b6-977d-27cc2d3b8c59	5000
5125	d9403eb0-6359-43b6-977d-27cc2d3b8c59	5001
5126	d9403eb0-6359-43b6-977d-27cc2d3b8c59	5002
5127	d9403eb0-6359-43b6-977d-27cc2d3b8c59	5003
5128	d9403eb0-6359-43b6-977d-27cc2d3b8c59	5004
5129	d9403eb0-6359-43b6-977d-27cc2d3b8c59	5005
5130	d9403eb0-6359-43b6-977d-27cc2d3b8c59	5006
5131	d9403eb0-6359-43b6-977d-27cc2d3b8c59	5007
5132	d9403eb0-6359-43b6-977d-27cc2d3b8c59	5008
5133	d9403eb0-6359-43b6-977d-27cc2d3b8c59	5009
5134	d9403eb0-6359-43b6-977d-27cc2d3b8c59	5010
5135	d9403eb0-6359-43b6-977d-27cc2d3b8c59	5011
5136	d9403eb0-6359-43b6-977d-27cc2d3b8c59	5012
5137	d9403eb0-6359-43b6-977d-27cc2d3b8c59	5013
5138	d9403eb0-6359-43b6-977d-27cc2d3b8c59	5014
5139	d9403eb0-6359-43b6-977d-27cc2d3b8c59	5015
5140	d9403eb0-6359-43b6-977d-27cc2d3b8c59	5016
5141	d9403eb0-6359-43b6-977d-27cc2d3b8c59	5017
5142	d9403eb0-6359-43b6-977d-27cc2d3b8c59	5018
5143	d9403eb0-6359-43b6-977d-27cc2d3b8c59	5019
5144	d9403eb0-6359-43b6-977d-27cc2d3b8c59	5020
5145	d9403eb0-6359-43b6-977d-27cc2d3b8c59	5021
5146	d9403eb0-6359-43b6-977d-27cc2d3b8c59	5022
5147	d9403eb0-6359-43b6-977d-27cc2d3b8c59	5023
5148	d9403eb0-6359-43b6-977d-27cc2d3b8c59	5024
5149	d9403eb0-6359-43b6-977d-27cc2d3b8c59	5025
5150	d9403eb0-6359-43b6-977d-27cc2d3b8c59	5026
5151	d9403eb0-6359-43b6-977d-27cc2d3b8c59	5027
5152	d9403eb0-6359-43b6-977d-27cc2d3b8c59	5028
5153	d9403eb0-6359-43b6-977d-27cc2d3b8c59	5029
5154	d9403eb0-6359-43b6-977d-27cc2d3b8c59	5030
5155	d9403eb0-6359-43b6-977d-27cc2d3b8c59	5031
5156	d9403eb0-6359-43b6-977d-27cc2d3b8c59	5032
5157	d9403eb0-6359-43b6-977d-27cc2d3b8c59	5033
5158	d9403eb0-6359-43b6-977d-27cc2d3b8c59	5034
5159	d9403eb0-6359-43b6-977d-27cc2d3b8c59	5035
5160	d9403eb0-6359-43b6-977d-27cc2d3b8c59	5036
5161	d9403eb0-6359-43b6-977d-27cc2d3b8c59	5037
5162	d9403eb0-6359-43b6-977d-27cc2d3b8c59	5038
5163	d9403eb0-6359-43b6-977d-27cc2d3b8c59	5039
5164	d9403eb0-6359-43b6-977d-27cc2d3b8c59	5040
5165	d9403eb0-6359-43b6-977d-27cc2d3b8c59	5041
5166	d9403eb0-6359-43b6-977d-27cc2d3b8c59	5042
5167	d9403eb0-6359-43b6-977d-27cc2d3b8c59	5043
5168	d9403eb0-6359-43b6-977d-27cc2d3b8c59	5044
5169	d9403eb0-6359-43b6-977d-27cc2d3b8c59	5045
5170	d9403eb0-6359-43b6-977d-27cc2d3b8c59	5046
5171	d9403eb0-6359-43b6-977d-27cc2d3b8c59	5047
5172	d9403eb0-6359-43b6-977d-27cc2d3b8c59	5048
5173	d9403eb0-6359-43b6-977d-27cc2d3b8c59	5049
5174	d9403eb0-6359-43b6-977d-27cc2d3b8c59	5050
5175	d9403eb0-6359-43b6-977d-27cc2d3b8c59	5051
5176	d9403eb0-6359-43b6-977d-27cc2d3b8c59	5052
5177	d9403eb0-6359-43b6-977d-27cc2d3b8c59	5053
5178	d9403eb0-6359-43b6-977d-27cc2d3b8c59	5054
5179	d9403eb0-6359-43b6-977d-27cc2d3b8c59	5055
5180	d9403eb0-6359-43b6-977d-27cc2d3b8c59	5056
5181	d9403eb0-6359-43b6-977d-27cc2d3b8c59	5057
5182	d9403eb0-6359-43b6-977d-27cc2d3b8c59	5058
5183	d9403eb0-6359-43b6-977d-27cc2d3b8c59	5059
5184	d9403eb0-6359-43b6-977d-27cc2d3b8c59	5060
5185	d9403eb0-6359-43b6-977d-27cc2d3b8c59	5061
5186	d9403eb0-6359-43b6-977d-27cc2d3b8c59	5062
5187	d9403eb0-6359-43b6-977d-27cc2d3b8c59	5063
5188	d9403eb0-6359-43b6-977d-27cc2d3b8c59	5064
5189	d9403eb0-6359-43b6-977d-27cc2d3b8c59	5065
5190	d9403eb0-6359-43b6-977d-27cc2d3b8c59	5066
5191	d9403eb0-6359-43b6-977d-27cc2d3b8c59	5067
5192	d9403eb0-6359-43b6-977d-27cc2d3b8c59	5068
5193	d9403eb0-6359-43b6-977d-27cc2d3b8c59	5069
5194	d9403eb0-6359-43b6-977d-27cc2d3b8c59	5070
5195	d8b47019-eb0b-42e5-a38a-2589ad67e52d	21
5196	d8b47019-eb0b-42e5-a38a-2589ad67e52d	22
5197	d8b47019-eb0b-42e5-a38a-2589ad67e52d	23
5198	d8b47019-eb0b-42e5-a38a-2589ad67e52d	24
5199	d8b47019-eb0b-42e5-a38a-2589ad67e52d	25
5200	d8b47019-eb0b-42e5-a38a-2589ad67e52d	26
5201	d8b47019-eb0b-42e5-a38a-2589ad67e52d	27
5202	d8b47019-eb0b-42e5-a38a-2589ad67e52d	28
5203	d8b47019-eb0b-42e5-a38a-2589ad67e52d	29
5204	d8b47019-eb0b-42e5-a38a-2589ad67e52d	30
5205	d8b47019-eb0b-42e5-a38a-2589ad67e52d	31
5206	d8b47019-eb0b-42e5-a38a-2589ad67e52d	32
5207	d8b47019-eb0b-42e5-a38a-2589ad67e52d	33
5208	d8b47019-eb0b-42e5-a38a-2589ad67e52d	34
5209	d8b47019-eb0b-42e5-a38a-2589ad67e52d	35
5210	d8b47019-eb0b-42e5-a38a-2589ad67e52d	36
5211	d8b47019-eb0b-42e5-a38a-2589ad67e52d	37
5212	d8b47019-eb0b-42e5-a38a-2589ad67e52d	38
5213	d8b47019-eb0b-42e5-a38a-2589ad67e52d	39
5214	d8b47019-eb0b-42e5-a38a-2589ad67e52d	40
5215	d8b47019-eb0b-42e5-a38a-2589ad67e52d	41
5216	d8b47019-eb0b-42e5-a38a-2589ad67e52d	42
5217	d8b47019-eb0b-42e5-a38a-2589ad67e52d	43
5218	d8b47019-eb0b-42e5-a38a-2589ad67e52d	44
5219	d8b47019-eb0b-42e5-a38a-2589ad67e52d	45
5220	d8b47019-eb0b-42e5-a38a-2589ad67e52d	46
5221	d8b47019-eb0b-42e5-a38a-2589ad67e52d	47
5222	d8b47019-eb0b-42e5-a38a-2589ad67e52d	48
5223	d8b47019-eb0b-42e5-a38a-2589ad67e52d	49
5224	d8b47019-eb0b-42e5-a38a-2589ad67e52d	50
5225	d8b47019-eb0b-42e5-a38a-2589ad67e52d	51
5226	d8b47019-eb0b-42e5-a38a-2589ad67e52d	52
5227	d8b47019-eb0b-42e5-a38a-2589ad67e52d	53
5228	d8b47019-eb0b-42e5-a38a-2589ad67e52d	54
5229	d8b47019-eb0b-42e5-a38a-2589ad67e52d	55
5230	d8b47019-eb0b-42e5-a38a-2589ad67e52d	56
5231	d8b47019-eb0b-42e5-a38a-2589ad67e52d	57
5232	d8b47019-eb0b-42e5-a38a-2589ad67e52d	58
5233	d8b47019-eb0b-42e5-a38a-2589ad67e52d	59
5234	d8b47019-eb0b-42e5-a38a-2589ad67e52d	60
5235	d8b47019-eb0b-42e5-a38a-2589ad67e52d	61
5236	d8b47019-eb0b-42e5-a38a-2589ad67e52d	62
5237	d8b47019-eb0b-42e5-a38a-2589ad67e52d	63
5238	d8b47019-eb0b-42e5-a38a-2589ad67e52d	64
5239	d8b47019-eb0b-42e5-a38a-2589ad67e52d	65
5240	d8b47019-eb0b-42e5-a38a-2589ad67e52d	66
5241	d8b47019-eb0b-42e5-a38a-2589ad67e52d	67
5242	d8b47019-eb0b-42e5-a38a-2589ad67e52d	68
5243	d8b47019-eb0b-42e5-a38a-2589ad67e52d	69
5244	d8b47019-eb0b-42e5-a38a-2589ad67e52d	70
5245	d8b47019-eb0b-42e5-a38a-2589ad67e52d	71
5246	d8b47019-eb0b-42e5-a38a-2589ad67e52d	72
5247	d8b47019-eb0b-42e5-a38a-2589ad67e52d	73
5248	d8b47019-eb0b-42e5-a38a-2589ad67e52d	74
5249	d8b47019-eb0b-42e5-a38a-2589ad67e52d	75
5250	d8b47019-eb0b-42e5-a38a-2589ad67e52d	76
5251	d8b47019-eb0b-42e5-a38a-2589ad67e52d	77
5252	d8b47019-eb0b-42e5-a38a-2589ad67e52d	78
5253	d8b47019-eb0b-42e5-a38a-2589ad67e52d	79
5254	d8b47019-eb0b-42e5-a38a-2589ad67e52d	80
5255	d8b47019-eb0b-42e5-a38a-2589ad67e52d	81
5256	d8b47019-eb0b-42e5-a38a-2589ad67e52d	82
5257	d8b47019-eb0b-42e5-a38a-2589ad67e52d	83
5258	d8b47019-eb0b-42e5-a38a-2589ad67e52d	84
5259	d8b47019-eb0b-42e5-a38a-2589ad67e52d	85
5260	d8b47019-eb0b-42e5-a38a-2589ad67e52d	86
5261	d8b47019-eb0b-42e5-a38a-2589ad67e52d	87
5262	d8b47019-eb0b-42e5-a38a-2589ad67e52d	88
5263	d8b47019-eb0b-42e5-a38a-2589ad67e52d	89
5264	d8b47019-eb0b-42e5-a38a-2589ad67e52d	90
5265	d8b47019-eb0b-42e5-a38a-2589ad67e52d	91
5266	d8b47019-eb0b-42e5-a38a-2589ad67e52d	92
5267	d8b47019-eb0b-42e5-a38a-2589ad67e52d	93
5268	d8b47019-eb0b-42e5-a38a-2589ad67e52d	94
5269	d8b47019-eb0b-42e5-a38a-2589ad67e52d	95
5270	d8b47019-eb0b-42e5-a38a-2589ad67e52d	96
5271	d8b47019-eb0b-42e5-a38a-2589ad67e52d	97
5272	d8b47019-eb0b-42e5-a38a-2589ad67e52d	98
5273	d8b47019-eb0b-42e5-a38a-2589ad67e52d	99
5274	d8b47019-eb0b-42e5-a38a-2589ad67e52d	100
5275	d8b47019-eb0b-42e5-a38a-2589ad67e52d	101
5276	d8b47019-eb0b-42e5-a38a-2589ad67e52d	102
5277	d8b47019-eb0b-42e5-a38a-2589ad67e52d	103
5278	d8b47019-eb0b-42e5-a38a-2589ad67e52d	104
5279	d8b47019-eb0b-42e5-a38a-2589ad67e52d	105
5280	d8b47019-eb0b-42e5-a38a-2589ad67e52d	106
5281	d8b47019-eb0b-42e5-a38a-2589ad67e52d	107
5282	d8b47019-eb0b-42e5-a38a-2589ad67e52d	108
5283	d8b47019-eb0b-42e5-a38a-2589ad67e52d	109
5284	d8b47019-eb0b-42e5-a38a-2589ad67e52d	110
5285	d8b47019-eb0b-42e5-a38a-2589ad67e52d	111
5286	d8b47019-eb0b-42e5-a38a-2589ad67e52d	112
5287	d8b47019-eb0b-42e5-a38a-2589ad67e52d	113
5288	d8b47019-eb0b-42e5-a38a-2589ad67e52d	114
5289	d8b47019-eb0b-42e5-a38a-2589ad67e52d	115
5290	d8b47019-eb0b-42e5-a38a-2589ad67e52d	116
5291	d8b47019-eb0b-42e5-a38a-2589ad67e52d	117
5292	d8b47019-eb0b-42e5-a38a-2589ad67e52d	118
5293	d8b47019-eb0b-42e5-a38a-2589ad67e52d	119
5294	d8b47019-eb0b-42e5-a38a-2589ad67e52d	120
5295	d8b47019-eb0b-42e5-a38a-2589ad67e52d	121
5296	d8b47019-eb0b-42e5-a38a-2589ad67e52d	122
5297	d8b47019-eb0b-42e5-a38a-2589ad67e52d	123
5298	d8b47019-eb0b-42e5-a38a-2589ad67e52d	124
5299	d8b47019-eb0b-42e5-a38a-2589ad67e52d	125
5300	d8b47019-eb0b-42e5-a38a-2589ad67e52d	126
5301	d8b47019-eb0b-42e5-a38a-2589ad67e52d	127
5302	d8b47019-eb0b-42e5-a38a-2589ad67e52d	128
5303	d8b47019-eb0b-42e5-a38a-2589ad67e52d	129
5304	d8b47019-eb0b-42e5-a38a-2589ad67e52d	130
5305	d8b47019-eb0b-42e5-a38a-2589ad67e52d	131
5306	d8b47019-eb0b-42e5-a38a-2589ad67e52d	132
5307	d8b47019-eb0b-42e5-a38a-2589ad67e52d	133
5308	d8b47019-eb0b-42e5-a38a-2589ad67e52d	134
5309	d8b47019-eb0b-42e5-a38a-2589ad67e52d	135
5310	d8b47019-eb0b-42e5-a38a-2589ad67e52d	136
5311	d8b47019-eb0b-42e5-a38a-2589ad67e52d	137
5312	d8b47019-eb0b-42e5-a38a-2589ad67e52d	138
5313	d8b47019-eb0b-42e5-a38a-2589ad67e52d	139
5314	d8b47019-eb0b-42e5-a38a-2589ad67e52d	140
5315	d8b47019-eb0b-42e5-a38a-2589ad67e52d	141
5316	d8b47019-eb0b-42e5-a38a-2589ad67e52d	142
5317	d8b47019-eb0b-42e5-a38a-2589ad67e52d	143
5318	d8b47019-eb0b-42e5-a38a-2589ad67e52d	144
5319	d8b47019-eb0b-42e5-a38a-2589ad67e52d	145
5320	d8b47019-eb0b-42e5-a38a-2589ad67e52d	146
5321	d8b47019-eb0b-42e5-a38a-2589ad67e52d	147
5322	d8b47019-eb0b-42e5-a38a-2589ad67e52d	148
5323	d8b47019-eb0b-42e5-a38a-2589ad67e52d	149
5324	d8b47019-eb0b-42e5-a38a-2589ad67e52d	150
5325	d8b47019-eb0b-42e5-a38a-2589ad67e52d	151
5326	d8b47019-eb0b-42e5-a38a-2589ad67e52d	152
5327	d8b47019-eb0b-42e5-a38a-2589ad67e52d	153
5328	d8b47019-eb0b-42e5-a38a-2589ad67e52d	154
5329	d8b47019-eb0b-42e5-a38a-2589ad67e52d	155
5330	d8b47019-eb0b-42e5-a38a-2589ad67e52d	156
5331	d8b47019-eb0b-42e5-a38a-2589ad67e52d	157
5332	d8b47019-eb0b-42e5-a38a-2589ad67e52d	158
5333	d8b47019-eb0b-42e5-a38a-2589ad67e52d	159
5334	d8b47019-eb0b-42e5-a38a-2589ad67e52d	160
5335	d8b47019-eb0b-42e5-a38a-2589ad67e52d	161
5336	d8b47019-eb0b-42e5-a38a-2589ad67e52d	162
5337	d8b47019-eb0b-42e5-a38a-2589ad67e52d	163
5338	d8b47019-eb0b-42e5-a38a-2589ad67e52d	164
5339	d8b47019-eb0b-42e5-a38a-2589ad67e52d	165
5340	d8b47019-eb0b-42e5-a38a-2589ad67e52d	166
5341	d8b47019-eb0b-42e5-a38a-2589ad67e52d	167
5342	d8b47019-eb0b-42e5-a38a-2589ad67e52d	168
5343	d8b47019-eb0b-42e5-a38a-2589ad67e52d	169
5344	d8b47019-eb0b-42e5-a38a-2589ad67e52d	170
5345	d8b47019-eb0b-42e5-a38a-2589ad67e52d	171
5346	d8b47019-eb0b-42e5-a38a-2589ad67e52d	172
5347	d8b47019-eb0b-42e5-a38a-2589ad67e52d	173
5348	d8b47019-eb0b-42e5-a38a-2589ad67e52d	174
5349	d8b47019-eb0b-42e5-a38a-2589ad67e52d	175
5350	d8b47019-eb0b-42e5-a38a-2589ad67e52d	176
5351	d8b47019-eb0b-42e5-a38a-2589ad67e52d	177
5352	d8b47019-eb0b-42e5-a38a-2589ad67e52d	178
5353	d8b47019-eb0b-42e5-a38a-2589ad67e52d	179
5354	d8b47019-eb0b-42e5-a38a-2589ad67e52d	180
5355	d8b47019-eb0b-42e5-a38a-2589ad67e52d	181
5356	d8b47019-eb0b-42e5-a38a-2589ad67e52d	182
5357	d8b47019-eb0b-42e5-a38a-2589ad67e52d	183
5358	d8b47019-eb0b-42e5-a38a-2589ad67e52d	184
5359	d8b47019-eb0b-42e5-a38a-2589ad67e52d	185
5360	d8b47019-eb0b-42e5-a38a-2589ad67e52d	186
5361	d8b47019-eb0b-42e5-a38a-2589ad67e52d	187
5362	d8b47019-eb0b-42e5-a38a-2589ad67e52d	188
5363	d8b47019-eb0b-42e5-a38a-2589ad67e52d	189
5364	d8b47019-eb0b-42e5-a38a-2589ad67e52d	190
5365	d8b47019-eb0b-42e5-a38a-2589ad67e52d	191
5366	d8b47019-eb0b-42e5-a38a-2589ad67e52d	192
5367	d8b47019-eb0b-42e5-a38a-2589ad67e52d	193
5368	d8b47019-eb0b-42e5-a38a-2589ad67e52d	194
5369	d8b47019-eb0b-42e5-a38a-2589ad67e52d	195
5370	d8b47019-eb0b-42e5-a38a-2589ad67e52d	196
5371	d8b47019-eb0b-42e5-a38a-2589ad67e52d	197
5372	d8b47019-eb0b-42e5-a38a-2589ad67e52d	198
5373	d8b47019-eb0b-42e5-a38a-2589ad67e52d	199
5374	d8b47019-eb0b-42e5-a38a-2589ad67e52d	200
5375	d8b47019-eb0b-42e5-a38a-2589ad67e52d	201
5376	d8b47019-eb0b-42e5-a38a-2589ad67e52d	202
5377	d8b47019-eb0b-42e5-a38a-2589ad67e52d	203
5378	d8b47019-eb0b-42e5-a38a-2589ad67e52d	204
5379	d8b47019-eb0b-42e5-a38a-2589ad67e52d	205
5380	d8b47019-eb0b-42e5-a38a-2589ad67e52d	206
5381	d8b47019-eb0b-42e5-a38a-2589ad67e52d	207
5382	d8b47019-eb0b-42e5-a38a-2589ad67e52d	208
5383	d8b47019-eb0b-42e5-a38a-2589ad67e52d	209
5384	d8b47019-eb0b-42e5-a38a-2589ad67e52d	210
5385	d8b47019-eb0b-42e5-a38a-2589ad67e52d	211
5386	d8b47019-eb0b-42e5-a38a-2589ad67e52d	212
5387	d8b47019-eb0b-42e5-a38a-2589ad67e52d	213
5388	d8b47019-eb0b-42e5-a38a-2589ad67e52d	214
5389	d8b47019-eb0b-42e5-a38a-2589ad67e52d	215
5390	d8b47019-eb0b-42e5-a38a-2589ad67e52d	216
5391	d8b47019-eb0b-42e5-a38a-2589ad67e52d	217
5392	d8b47019-eb0b-42e5-a38a-2589ad67e52d	218
5393	d8b47019-eb0b-42e5-a38a-2589ad67e52d	219
5394	d8b47019-eb0b-42e5-a38a-2589ad67e52d	220
5395	d8b47019-eb0b-42e5-a38a-2589ad67e52d	221
5396	d8b47019-eb0b-42e5-a38a-2589ad67e52d	222
5397	d8b47019-eb0b-42e5-a38a-2589ad67e52d	223
5398	d8b47019-eb0b-42e5-a38a-2589ad67e52d	224
5399	d8b47019-eb0b-42e5-a38a-2589ad67e52d	225
5400	d8b47019-eb0b-42e5-a38a-2589ad67e52d	226
5401	d8b47019-eb0b-42e5-a38a-2589ad67e52d	227
5402	d8b47019-eb0b-42e5-a38a-2589ad67e52d	228
5403	d8b47019-eb0b-42e5-a38a-2589ad67e52d	229
5404	d8b47019-eb0b-42e5-a38a-2589ad67e52d	230
5405	d8b47019-eb0b-42e5-a38a-2589ad67e52d	231
5406	d8b47019-eb0b-42e5-a38a-2589ad67e52d	232
5407	d8b47019-eb0b-42e5-a38a-2589ad67e52d	233
5408	d8b47019-eb0b-42e5-a38a-2589ad67e52d	234
5409	d8b47019-eb0b-42e5-a38a-2589ad67e52d	235
5410	d8b47019-eb0b-42e5-a38a-2589ad67e52d	236
5411	d8b47019-eb0b-42e5-a38a-2589ad67e52d	237
5412	d8b47019-eb0b-42e5-a38a-2589ad67e52d	238
5413	d8b47019-eb0b-42e5-a38a-2589ad67e52d	239
5414	d8b47019-eb0b-42e5-a38a-2589ad67e52d	240
5415	d8b47019-eb0b-42e5-a38a-2589ad67e52d	241
5416	d8b47019-eb0b-42e5-a38a-2589ad67e52d	242
5417	d8b47019-eb0b-42e5-a38a-2589ad67e52d	243
5418	d8b47019-eb0b-42e5-a38a-2589ad67e52d	244
5419	d8b47019-eb0b-42e5-a38a-2589ad67e52d	245
5420	d8b47019-eb0b-42e5-a38a-2589ad67e52d	246
5421	d8b47019-eb0b-42e5-a38a-2589ad67e52d	247
5422	d8b47019-eb0b-42e5-a38a-2589ad67e52d	248
5423	d8b47019-eb0b-42e5-a38a-2589ad67e52d	249
5424	d8b47019-eb0b-42e5-a38a-2589ad67e52d	250
5425	d8b47019-eb0b-42e5-a38a-2589ad67e52d	251
5426	d8b47019-eb0b-42e5-a38a-2589ad67e52d	252
5427	d8b47019-eb0b-42e5-a38a-2589ad67e52d	253
5428	d8b47019-eb0b-42e5-a38a-2589ad67e52d	254
5429	d8b47019-eb0b-42e5-a38a-2589ad67e52d	255
5430	d8b47019-eb0b-42e5-a38a-2589ad67e52d	256
5431	d8b47019-eb0b-42e5-a38a-2589ad67e52d	257
5432	d8b47019-eb0b-42e5-a38a-2589ad67e52d	258
5433	d8b47019-eb0b-42e5-a38a-2589ad67e52d	259
5434	d8b47019-eb0b-42e5-a38a-2589ad67e52d	260
5435	d8b47019-eb0b-42e5-a38a-2589ad67e52d	261
5436	d8b47019-eb0b-42e5-a38a-2589ad67e52d	262
5437	d8b47019-eb0b-42e5-a38a-2589ad67e52d	263
5438	d8b47019-eb0b-42e5-a38a-2589ad67e52d	264
5439	d8b47019-eb0b-42e5-a38a-2589ad67e52d	265
5440	d8b47019-eb0b-42e5-a38a-2589ad67e52d	266
5441	d8b47019-eb0b-42e5-a38a-2589ad67e52d	267
5442	d8b47019-eb0b-42e5-a38a-2589ad67e52d	268
5443	d8b47019-eb0b-42e5-a38a-2589ad67e52d	269
5444	d8b47019-eb0b-42e5-a38a-2589ad67e52d	270
5445	d8b47019-eb0b-42e5-a38a-2589ad67e52d	271
5446	d8b47019-eb0b-42e5-a38a-2589ad67e52d	272
5447	d8b47019-eb0b-42e5-a38a-2589ad67e52d	273
5448	d8b47019-eb0b-42e5-a38a-2589ad67e52d	274
5449	d8b47019-eb0b-42e5-a38a-2589ad67e52d	275
5450	d8b47019-eb0b-42e5-a38a-2589ad67e52d	276
5451	d8b47019-eb0b-42e5-a38a-2589ad67e52d	277
5452	d8b47019-eb0b-42e5-a38a-2589ad67e52d	278
5453	d8b47019-eb0b-42e5-a38a-2589ad67e52d	279
5454	d8b47019-eb0b-42e5-a38a-2589ad67e52d	280
5455	d8b47019-eb0b-42e5-a38a-2589ad67e52d	281
5456	d8b47019-eb0b-42e5-a38a-2589ad67e52d	282
5457	d8b47019-eb0b-42e5-a38a-2589ad67e52d	283
5458	d8b47019-eb0b-42e5-a38a-2589ad67e52d	284
5459	d8b47019-eb0b-42e5-a38a-2589ad67e52d	285
5460	d8b47019-eb0b-42e5-a38a-2589ad67e52d	286
5461	d8b47019-eb0b-42e5-a38a-2589ad67e52d	287
5462	d8b47019-eb0b-42e5-a38a-2589ad67e52d	288
5463	d8b47019-eb0b-42e5-a38a-2589ad67e52d	289
5464	d8b47019-eb0b-42e5-a38a-2589ad67e52d	290
5465	d8b47019-eb0b-42e5-a38a-2589ad67e52d	291
5466	d8b47019-eb0b-42e5-a38a-2589ad67e52d	292
5467	d8b47019-eb0b-42e5-a38a-2589ad67e52d	293
5468	d8b47019-eb0b-42e5-a38a-2589ad67e52d	294
5469	d8b47019-eb0b-42e5-a38a-2589ad67e52d	295
5470	d8b47019-eb0b-42e5-a38a-2589ad67e52d	296
5471	d8b47019-eb0b-42e5-a38a-2589ad67e52d	297
5472	d8b47019-eb0b-42e5-a38a-2589ad67e52d	298
5473	d8b47019-eb0b-42e5-a38a-2589ad67e52d	299
5474	d8b47019-eb0b-42e5-a38a-2589ad67e52d	300
5475	d8b47019-eb0b-42e5-a38a-2589ad67e52d	301
5476	d8b47019-eb0b-42e5-a38a-2589ad67e52d	302
5477	d8b47019-eb0b-42e5-a38a-2589ad67e52d	303
5478	d8b47019-eb0b-42e5-a38a-2589ad67e52d	304
5479	d8b47019-eb0b-42e5-a38a-2589ad67e52d	305
5480	d8b47019-eb0b-42e5-a38a-2589ad67e52d	306
5481	d8b47019-eb0b-42e5-a38a-2589ad67e52d	307
5482	d8b47019-eb0b-42e5-a38a-2589ad67e52d	308
5483	d8b47019-eb0b-42e5-a38a-2589ad67e52d	309
5484	d8b47019-eb0b-42e5-a38a-2589ad67e52d	310
5485	d8b47019-eb0b-42e5-a38a-2589ad67e52d	311
5486	d8b47019-eb0b-42e5-a38a-2589ad67e52d	312
5487	d8b47019-eb0b-42e5-a38a-2589ad67e52d	313
5488	d8b47019-eb0b-42e5-a38a-2589ad67e52d	314
5489	d8b47019-eb0b-42e5-a38a-2589ad67e52d	315
5490	d8b47019-eb0b-42e5-a38a-2589ad67e52d	316
5491	d8b47019-eb0b-42e5-a38a-2589ad67e52d	317
5492	d8b47019-eb0b-42e5-a38a-2589ad67e52d	318
5493	d8b47019-eb0b-42e5-a38a-2589ad67e52d	319
5494	d8b47019-eb0b-42e5-a38a-2589ad67e52d	320
5495	d8b47019-eb0b-42e5-a38a-2589ad67e52d	321
5496	d8b47019-eb0b-42e5-a38a-2589ad67e52d	322
5497	d8b47019-eb0b-42e5-a38a-2589ad67e52d	323
5498	d8b47019-eb0b-42e5-a38a-2589ad67e52d	324
5499	d8b47019-eb0b-42e5-a38a-2589ad67e52d	325
5500	d8b47019-eb0b-42e5-a38a-2589ad67e52d	326
5501	d8b47019-eb0b-42e5-a38a-2589ad67e52d	327
5502	d8b47019-eb0b-42e5-a38a-2589ad67e52d	328
5503	d8b47019-eb0b-42e5-a38a-2589ad67e52d	329
5504	d8b47019-eb0b-42e5-a38a-2589ad67e52d	330
5505	d8b47019-eb0b-42e5-a38a-2589ad67e52d	331
5506	d8b47019-eb0b-42e5-a38a-2589ad67e52d	332
5507	d8b47019-eb0b-42e5-a38a-2589ad67e52d	333
5508	d8b47019-eb0b-42e5-a38a-2589ad67e52d	334
5509	d8b47019-eb0b-42e5-a38a-2589ad67e52d	335
5510	d8b47019-eb0b-42e5-a38a-2589ad67e52d	336
5511	d8b47019-eb0b-42e5-a38a-2589ad67e52d	337
5512	d8b47019-eb0b-42e5-a38a-2589ad67e52d	338
5513	d8b47019-eb0b-42e5-a38a-2589ad67e52d	339
5514	d8b47019-eb0b-42e5-a38a-2589ad67e52d	340
5515	d8b47019-eb0b-42e5-a38a-2589ad67e52d	341
5516	d8b47019-eb0b-42e5-a38a-2589ad67e52d	342
5517	d8b47019-eb0b-42e5-a38a-2589ad67e52d	343
5518	d8b47019-eb0b-42e5-a38a-2589ad67e52d	344
5519	d8b47019-eb0b-42e5-a38a-2589ad67e52d	345
5520	d8b47019-eb0b-42e5-a38a-2589ad67e52d	346
5521	d8b47019-eb0b-42e5-a38a-2589ad67e52d	347
5522	d8b47019-eb0b-42e5-a38a-2589ad67e52d	348
5523	d8b47019-eb0b-42e5-a38a-2589ad67e52d	349
5524	d8b47019-eb0b-42e5-a38a-2589ad67e52d	350
5525	d8b47019-eb0b-42e5-a38a-2589ad67e52d	351
5526	d8b47019-eb0b-42e5-a38a-2589ad67e52d	352
5527	d8b47019-eb0b-42e5-a38a-2589ad67e52d	353
5528	d8b47019-eb0b-42e5-a38a-2589ad67e52d	354
5529	d8b47019-eb0b-42e5-a38a-2589ad67e52d	355
5530	d8b47019-eb0b-42e5-a38a-2589ad67e52d	356
5531	d8b47019-eb0b-42e5-a38a-2589ad67e52d	357
5532	d8b47019-eb0b-42e5-a38a-2589ad67e52d	358
5533	d8b47019-eb0b-42e5-a38a-2589ad67e52d	359
5534	d8b47019-eb0b-42e5-a38a-2589ad67e52d	360
5535	d8b47019-eb0b-42e5-a38a-2589ad67e52d	361
5536	d8b47019-eb0b-42e5-a38a-2589ad67e52d	362
5537	d8b47019-eb0b-42e5-a38a-2589ad67e52d	363
5538	d8b47019-eb0b-42e5-a38a-2589ad67e52d	364
5539	d8b47019-eb0b-42e5-a38a-2589ad67e52d	365
5540	d8b47019-eb0b-42e5-a38a-2589ad67e52d	366
5541	d8b47019-eb0b-42e5-a38a-2589ad67e52d	367
5542	d8b47019-eb0b-42e5-a38a-2589ad67e52d	368
5543	d8b47019-eb0b-42e5-a38a-2589ad67e52d	369
5544	d8b47019-eb0b-42e5-a38a-2589ad67e52d	370
5545	d8b47019-eb0b-42e5-a38a-2589ad67e52d	371
5546	d8b47019-eb0b-42e5-a38a-2589ad67e52d	372
5547	d8b47019-eb0b-42e5-a38a-2589ad67e52d	373
5548	d8b47019-eb0b-42e5-a38a-2589ad67e52d	374
5549	d8b47019-eb0b-42e5-a38a-2589ad67e52d	375
5550	d8b47019-eb0b-42e5-a38a-2589ad67e52d	376
5551	d8b47019-eb0b-42e5-a38a-2589ad67e52d	377
5552	d8b47019-eb0b-42e5-a38a-2589ad67e52d	378
5553	d8b47019-eb0b-42e5-a38a-2589ad67e52d	379
5554	d8b47019-eb0b-42e5-a38a-2589ad67e52d	380
5555	d8b47019-eb0b-42e5-a38a-2589ad67e52d	381
5556	d8b47019-eb0b-42e5-a38a-2589ad67e52d	382
5557	d8b47019-eb0b-42e5-a38a-2589ad67e52d	383
5558	d8b47019-eb0b-42e5-a38a-2589ad67e52d	384
5559	d8b47019-eb0b-42e5-a38a-2589ad67e52d	385
5560	d8b47019-eb0b-42e5-a38a-2589ad67e52d	386
5561	d8b47019-eb0b-42e5-a38a-2589ad67e52d	387
5562	d8b47019-eb0b-42e5-a38a-2589ad67e52d	388
5563	d8b47019-eb0b-42e5-a38a-2589ad67e52d	389
5564	d8b47019-eb0b-42e5-a38a-2589ad67e52d	390
5565	d8b47019-eb0b-42e5-a38a-2589ad67e52d	391
5566	d8b47019-eb0b-42e5-a38a-2589ad67e52d	392
5567	d8b47019-eb0b-42e5-a38a-2589ad67e52d	393
5568	d8b47019-eb0b-42e5-a38a-2589ad67e52d	394
5569	d8b47019-eb0b-42e5-a38a-2589ad67e52d	395
5570	d8b47019-eb0b-42e5-a38a-2589ad67e52d	396
5571	d8b47019-eb0b-42e5-a38a-2589ad67e52d	397
5572	d8b47019-eb0b-42e5-a38a-2589ad67e52d	398
5573	d8b47019-eb0b-42e5-a38a-2589ad67e52d	399
5574	d8b47019-eb0b-42e5-a38a-2589ad67e52d	400
5575	d8b47019-eb0b-42e5-a38a-2589ad67e52d	401
5576	d8b47019-eb0b-42e5-a38a-2589ad67e52d	402
5577	d8b47019-eb0b-42e5-a38a-2589ad67e52d	403
5578	d8b47019-eb0b-42e5-a38a-2589ad67e52d	404
5579	d8b47019-eb0b-42e5-a38a-2589ad67e52d	405
5580	d8b47019-eb0b-42e5-a38a-2589ad67e52d	406
5581	d8b47019-eb0b-42e5-a38a-2589ad67e52d	407
5582	d8b47019-eb0b-42e5-a38a-2589ad67e52d	408
5583	d8b47019-eb0b-42e5-a38a-2589ad67e52d	409
5584	d8b47019-eb0b-42e5-a38a-2589ad67e52d	410
5585	d8b47019-eb0b-42e5-a38a-2589ad67e52d	411
5586	d8b47019-eb0b-42e5-a38a-2589ad67e52d	412
5587	d8b47019-eb0b-42e5-a38a-2589ad67e52d	413
5588	d8b47019-eb0b-42e5-a38a-2589ad67e52d	414
5589	d8b47019-eb0b-42e5-a38a-2589ad67e52d	415
5590	d8b47019-eb0b-42e5-a38a-2589ad67e52d	416
5591	d8b47019-eb0b-42e5-a38a-2589ad67e52d	417
5592	d8b47019-eb0b-42e5-a38a-2589ad67e52d	418
5593	d8b47019-eb0b-42e5-a38a-2589ad67e52d	419
5594	d8b47019-eb0b-42e5-a38a-2589ad67e52d	420
5595	d8b47019-eb0b-42e5-a38a-2589ad67e52d	421
5596	d8b47019-eb0b-42e5-a38a-2589ad67e52d	422
5597	d8b47019-eb0b-42e5-a38a-2589ad67e52d	423
5598	d8b47019-eb0b-42e5-a38a-2589ad67e52d	424
5599	d8b47019-eb0b-42e5-a38a-2589ad67e52d	425
5600	d8b47019-eb0b-42e5-a38a-2589ad67e52d	426
5601	d8b47019-eb0b-42e5-a38a-2589ad67e52d	427
5602	d8b47019-eb0b-42e5-a38a-2589ad67e52d	428
5603	d8b47019-eb0b-42e5-a38a-2589ad67e52d	429
5604	d8b47019-eb0b-42e5-a38a-2589ad67e52d	430
5605	d8b47019-eb0b-42e5-a38a-2589ad67e52d	431
5606	d8b47019-eb0b-42e5-a38a-2589ad67e52d	432
5607	d8b47019-eb0b-42e5-a38a-2589ad67e52d	433
5608	d8b47019-eb0b-42e5-a38a-2589ad67e52d	434
5609	d8b47019-eb0b-42e5-a38a-2589ad67e52d	435
5610	d8b47019-eb0b-42e5-a38a-2589ad67e52d	436
5611	d8b47019-eb0b-42e5-a38a-2589ad67e52d	437
5612	d8b47019-eb0b-42e5-a38a-2589ad67e52d	438
5613	d8b47019-eb0b-42e5-a38a-2589ad67e52d	439
5614	d8b47019-eb0b-42e5-a38a-2589ad67e52d	440
5615	d8b47019-eb0b-42e5-a38a-2589ad67e52d	441
5616	d8b47019-eb0b-42e5-a38a-2589ad67e52d	442
5617	d8b47019-eb0b-42e5-a38a-2589ad67e52d	443
5618	d8b47019-eb0b-42e5-a38a-2589ad67e52d	444
5619	d8b47019-eb0b-42e5-a38a-2589ad67e52d	445
5620	d8b47019-eb0b-42e5-a38a-2589ad67e52d	446
5621	d8b47019-eb0b-42e5-a38a-2589ad67e52d	447
5622	d8b47019-eb0b-42e5-a38a-2589ad67e52d	448
5623	d8b47019-eb0b-42e5-a38a-2589ad67e52d	449
5624	d8b47019-eb0b-42e5-a38a-2589ad67e52d	450
5625	d8b47019-eb0b-42e5-a38a-2589ad67e52d	451
5626	d8b47019-eb0b-42e5-a38a-2589ad67e52d	452
5627	d8b47019-eb0b-42e5-a38a-2589ad67e52d	453
5628	d8b47019-eb0b-42e5-a38a-2589ad67e52d	454
5629	d8b47019-eb0b-42e5-a38a-2589ad67e52d	455
5630	d8b47019-eb0b-42e5-a38a-2589ad67e52d	456
5631	d8b47019-eb0b-42e5-a38a-2589ad67e52d	457
5632	d8b47019-eb0b-42e5-a38a-2589ad67e52d	458
5633	d8b47019-eb0b-42e5-a38a-2589ad67e52d	459
5634	d8b47019-eb0b-42e5-a38a-2589ad67e52d	460
5635	d8b47019-eb0b-42e5-a38a-2589ad67e52d	461
5636	d8b47019-eb0b-42e5-a38a-2589ad67e52d	462
5637	d8b47019-eb0b-42e5-a38a-2589ad67e52d	463
5638	d8b47019-eb0b-42e5-a38a-2589ad67e52d	464
5639	d8b47019-eb0b-42e5-a38a-2589ad67e52d	465
5640	d8b47019-eb0b-42e5-a38a-2589ad67e52d	466
5641	d8b47019-eb0b-42e5-a38a-2589ad67e52d	467
5642	d8b47019-eb0b-42e5-a38a-2589ad67e52d	468
5643	d8b47019-eb0b-42e5-a38a-2589ad67e52d	469
5644	d8b47019-eb0b-42e5-a38a-2589ad67e52d	470
5645	d8b47019-eb0b-42e5-a38a-2589ad67e52d	471
5646	d8b47019-eb0b-42e5-a38a-2589ad67e52d	472
5647	d8b47019-eb0b-42e5-a38a-2589ad67e52d	473
5648	d8b47019-eb0b-42e5-a38a-2589ad67e52d	474
5649	d8b47019-eb0b-42e5-a38a-2589ad67e52d	475
5650	d8b47019-eb0b-42e5-a38a-2589ad67e52d	476
5651	d8b47019-eb0b-42e5-a38a-2589ad67e52d	477
5652	d8b47019-eb0b-42e5-a38a-2589ad67e52d	478
5653	d8b47019-eb0b-42e5-a38a-2589ad67e52d	479
5654	d8b47019-eb0b-42e5-a38a-2589ad67e52d	480
5655	d8b47019-eb0b-42e5-a38a-2589ad67e52d	481
5656	d8b47019-eb0b-42e5-a38a-2589ad67e52d	482
5657	d8b47019-eb0b-42e5-a38a-2589ad67e52d	483
5658	d8b47019-eb0b-42e5-a38a-2589ad67e52d	484
5659	d8b47019-eb0b-42e5-a38a-2589ad67e52d	485
5660	d8b47019-eb0b-42e5-a38a-2589ad67e52d	486
5661	d8b47019-eb0b-42e5-a38a-2589ad67e52d	487
5662	d8b47019-eb0b-42e5-a38a-2589ad67e52d	488
5663	d8b47019-eb0b-42e5-a38a-2589ad67e52d	489
5664	d8b47019-eb0b-42e5-a38a-2589ad67e52d	490
5665	d8b47019-eb0b-42e5-a38a-2589ad67e52d	491
5666	d8b47019-eb0b-42e5-a38a-2589ad67e52d	492
5667	d8b47019-eb0b-42e5-a38a-2589ad67e52d	493
5668	d8b47019-eb0b-42e5-a38a-2589ad67e52d	494
5669	d8b47019-eb0b-42e5-a38a-2589ad67e52d	495
5670	d8b47019-eb0b-42e5-a38a-2589ad67e52d	496
5671	d8b47019-eb0b-42e5-a38a-2589ad67e52d	497
5672	d8b47019-eb0b-42e5-a38a-2589ad67e52d	498
5673	d8b47019-eb0b-42e5-a38a-2589ad67e52d	499
5674	d8b47019-eb0b-42e5-a38a-2589ad67e52d	500
5675	d8b47019-eb0b-42e5-a38a-2589ad67e52d	501
5676	d8b47019-eb0b-42e5-a38a-2589ad67e52d	502
5677	d8b47019-eb0b-42e5-a38a-2589ad67e52d	503
5678	d8b47019-eb0b-42e5-a38a-2589ad67e52d	504
5679	d8b47019-eb0b-42e5-a38a-2589ad67e52d	505
5680	d8b47019-eb0b-42e5-a38a-2589ad67e52d	506
5681	d8b47019-eb0b-42e5-a38a-2589ad67e52d	507
5682	d8b47019-eb0b-42e5-a38a-2589ad67e52d	508
5683	d8b47019-eb0b-42e5-a38a-2589ad67e52d	509
5684	d8b47019-eb0b-42e5-a38a-2589ad67e52d	510
5685	d8b47019-eb0b-42e5-a38a-2589ad67e52d	511
5686	d8b47019-eb0b-42e5-a38a-2589ad67e52d	512
5687	d8b47019-eb0b-42e5-a38a-2589ad67e52d	513
5688	d8b47019-eb0b-42e5-a38a-2589ad67e52d	514
5689	d8b47019-eb0b-42e5-a38a-2589ad67e52d	515
5690	d8b47019-eb0b-42e5-a38a-2589ad67e52d	516
5691	d8b47019-eb0b-42e5-a38a-2589ad67e52d	517
5692	d8b47019-eb0b-42e5-a38a-2589ad67e52d	518
5693	d8b47019-eb0b-42e5-a38a-2589ad67e52d	519
5694	d8b47019-eb0b-42e5-a38a-2589ad67e52d	520
5695	d8b47019-eb0b-42e5-a38a-2589ad67e52d	521
5696	d8b47019-eb0b-42e5-a38a-2589ad67e52d	522
5697	d8b47019-eb0b-42e5-a38a-2589ad67e52d	523
5698	d8b47019-eb0b-42e5-a38a-2589ad67e52d	524
5699	d8b47019-eb0b-42e5-a38a-2589ad67e52d	525
5700	d8b47019-eb0b-42e5-a38a-2589ad67e52d	526
5701	d8b47019-eb0b-42e5-a38a-2589ad67e52d	527
5702	d8b47019-eb0b-42e5-a38a-2589ad67e52d	528
5703	d8b47019-eb0b-42e5-a38a-2589ad67e52d	529
5704	d8b47019-eb0b-42e5-a38a-2589ad67e52d	530
5705	d8b47019-eb0b-42e5-a38a-2589ad67e52d	531
5706	d8b47019-eb0b-42e5-a38a-2589ad67e52d	532
5707	d8b47019-eb0b-42e5-a38a-2589ad67e52d	533
5708	d8b47019-eb0b-42e5-a38a-2589ad67e52d	534
5709	d8b47019-eb0b-42e5-a38a-2589ad67e52d	535
5710	d8b47019-eb0b-42e5-a38a-2589ad67e52d	536
5711	d8b47019-eb0b-42e5-a38a-2589ad67e52d	537
5712	d8b47019-eb0b-42e5-a38a-2589ad67e52d	538
5713	d8b47019-eb0b-42e5-a38a-2589ad67e52d	539
5714	d8b47019-eb0b-42e5-a38a-2589ad67e52d	540
5715	d8b47019-eb0b-42e5-a38a-2589ad67e52d	541
5716	d8b47019-eb0b-42e5-a38a-2589ad67e52d	542
5717	d8b47019-eb0b-42e5-a38a-2589ad67e52d	543
5718	d8b47019-eb0b-42e5-a38a-2589ad67e52d	544
5719	d8b47019-eb0b-42e5-a38a-2589ad67e52d	545
5720	d8b47019-eb0b-42e5-a38a-2589ad67e52d	546
5721	d8b47019-eb0b-42e5-a38a-2589ad67e52d	547
5722	d8b47019-eb0b-42e5-a38a-2589ad67e52d	548
5723	d8b47019-eb0b-42e5-a38a-2589ad67e52d	549
5724	d8b47019-eb0b-42e5-a38a-2589ad67e52d	550
5725	d8b47019-eb0b-42e5-a38a-2589ad67e52d	551
5726	d8b47019-eb0b-42e5-a38a-2589ad67e52d	552
5727	d8b47019-eb0b-42e5-a38a-2589ad67e52d	553
5728	d8b47019-eb0b-42e5-a38a-2589ad67e52d	554
5729	d8b47019-eb0b-42e5-a38a-2589ad67e52d	555
5730	d8b47019-eb0b-42e5-a38a-2589ad67e52d	556
5731	d8b47019-eb0b-42e5-a38a-2589ad67e52d	557
5732	d8b47019-eb0b-42e5-a38a-2589ad67e52d	558
5733	d8b47019-eb0b-42e5-a38a-2589ad67e52d	559
5734	d8b47019-eb0b-42e5-a38a-2589ad67e52d	560
5735	d8b47019-eb0b-42e5-a38a-2589ad67e52d	561
5736	d8b47019-eb0b-42e5-a38a-2589ad67e52d	562
5737	d8b47019-eb0b-42e5-a38a-2589ad67e52d	563
5738	d8b47019-eb0b-42e5-a38a-2589ad67e52d	564
5739	d8b47019-eb0b-42e5-a38a-2589ad67e52d	565
5740	d8b47019-eb0b-42e5-a38a-2589ad67e52d	566
5741	d8b47019-eb0b-42e5-a38a-2589ad67e52d	567
5742	d8b47019-eb0b-42e5-a38a-2589ad67e52d	568
5743	d8b47019-eb0b-42e5-a38a-2589ad67e52d	569
5744	d8b47019-eb0b-42e5-a38a-2589ad67e52d	570
5745	d8b47019-eb0b-42e5-a38a-2589ad67e52d	571
5746	d8b47019-eb0b-42e5-a38a-2589ad67e52d	572
5747	d8b47019-eb0b-42e5-a38a-2589ad67e52d	573
5748	d8b47019-eb0b-42e5-a38a-2589ad67e52d	574
5749	d8b47019-eb0b-42e5-a38a-2589ad67e52d	575
5750	d8b47019-eb0b-42e5-a38a-2589ad67e52d	576
5751	d8b47019-eb0b-42e5-a38a-2589ad67e52d	577
5752	d8b47019-eb0b-42e5-a38a-2589ad67e52d	578
5753	d8b47019-eb0b-42e5-a38a-2589ad67e52d	579
5754	d8b47019-eb0b-42e5-a38a-2589ad67e52d	580
5755	d8b47019-eb0b-42e5-a38a-2589ad67e52d	581
5756	d8b47019-eb0b-42e5-a38a-2589ad67e52d	582
5757	d8b47019-eb0b-42e5-a38a-2589ad67e52d	583
5758	d8b47019-eb0b-42e5-a38a-2589ad67e52d	584
5759	d8b47019-eb0b-42e5-a38a-2589ad67e52d	585
5760	d8b47019-eb0b-42e5-a38a-2589ad67e52d	586
5761	d8b47019-eb0b-42e5-a38a-2589ad67e52d	587
5762	d8b47019-eb0b-42e5-a38a-2589ad67e52d	588
5763	d8b47019-eb0b-42e5-a38a-2589ad67e52d	589
5764	d8b47019-eb0b-42e5-a38a-2589ad67e52d	590
5765	d8b47019-eb0b-42e5-a38a-2589ad67e52d	591
5766	d8b47019-eb0b-42e5-a38a-2589ad67e52d	592
5767	d8b47019-eb0b-42e5-a38a-2589ad67e52d	593
5768	d8b47019-eb0b-42e5-a38a-2589ad67e52d	594
5769	d8b47019-eb0b-42e5-a38a-2589ad67e52d	595
5770	d8b47019-eb0b-42e5-a38a-2589ad67e52d	596
5771	d8b47019-eb0b-42e5-a38a-2589ad67e52d	597
5772	d8b47019-eb0b-42e5-a38a-2589ad67e52d	598
5773	d8b47019-eb0b-42e5-a38a-2589ad67e52d	599
5774	d8b47019-eb0b-42e5-a38a-2589ad67e52d	600
5775	d8b47019-eb0b-42e5-a38a-2589ad67e52d	601
5776	d8b47019-eb0b-42e5-a38a-2589ad67e52d	602
5777	d8b47019-eb0b-42e5-a38a-2589ad67e52d	603
5778	d8b47019-eb0b-42e5-a38a-2589ad67e52d	604
5779	d8b47019-eb0b-42e5-a38a-2589ad67e52d	605
5780	d8b47019-eb0b-42e5-a38a-2589ad67e52d	606
5781	d8b47019-eb0b-42e5-a38a-2589ad67e52d	607
5782	d8b47019-eb0b-42e5-a38a-2589ad67e52d	608
5783	d8b47019-eb0b-42e5-a38a-2589ad67e52d	609
5784	d8b47019-eb0b-42e5-a38a-2589ad67e52d	610
5785	d8b47019-eb0b-42e5-a38a-2589ad67e52d	611
5786	d8b47019-eb0b-42e5-a38a-2589ad67e52d	612
5787	d8b47019-eb0b-42e5-a38a-2589ad67e52d	613
5788	d8b47019-eb0b-42e5-a38a-2589ad67e52d	614
5789	d8b47019-eb0b-42e5-a38a-2589ad67e52d	615
5790	d8b47019-eb0b-42e5-a38a-2589ad67e52d	616
5791	d8b47019-eb0b-42e5-a38a-2589ad67e52d	617
5792	d8b47019-eb0b-42e5-a38a-2589ad67e52d	618
5793	d8b47019-eb0b-42e5-a38a-2589ad67e52d	619
5794	d8b47019-eb0b-42e5-a38a-2589ad67e52d	620
5795	d8b47019-eb0b-42e5-a38a-2589ad67e52d	621
5796	d8b47019-eb0b-42e5-a38a-2589ad67e52d	622
5797	d8b47019-eb0b-42e5-a38a-2589ad67e52d	623
5798	d8b47019-eb0b-42e5-a38a-2589ad67e52d	624
5799	d8b47019-eb0b-42e5-a38a-2589ad67e52d	625
5800	d8b47019-eb0b-42e5-a38a-2589ad67e52d	626
5801	d8b47019-eb0b-42e5-a38a-2589ad67e52d	627
5802	d8b47019-eb0b-42e5-a38a-2589ad67e52d	628
5803	d8b47019-eb0b-42e5-a38a-2589ad67e52d	629
5804	d8b47019-eb0b-42e5-a38a-2589ad67e52d	630
5805	d8b47019-eb0b-42e5-a38a-2589ad67e52d	631
5806	d8b47019-eb0b-42e5-a38a-2589ad67e52d	632
5807	d8b47019-eb0b-42e5-a38a-2589ad67e52d	633
5808	d8b47019-eb0b-42e5-a38a-2589ad67e52d	634
5809	d8b47019-eb0b-42e5-a38a-2589ad67e52d	635
5810	d8b47019-eb0b-42e5-a38a-2589ad67e52d	636
5811	d8b47019-eb0b-42e5-a38a-2589ad67e52d	637
5812	d8b47019-eb0b-42e5-a38a-2589ad67e52d	638
5813	d8b47019-eb0b-42e5-a38a-2589ad67e52d	639
5814	d8b47019-eb0b-42e5-a38a-2589ad67e52d	640
5815	d8b47019-eb0b-42e5-a38a-2589ad67e52d	641
5816	d8b47019-eb0b-42e5-a38a-2589ad67e52d	642
5817	d8b47019-eb0b-42e5-a38a-2589ad67e52d	643
5818	d8b47019-eb0b-42e5-a38a-2589ad67e52d	644
5819	d8b47019-eb0b-42e5-a38a-2589ad67e52d	645
5820	d8b47019-eb0b-42e5-a38a-2589ad67e52d	646
5821	d8b47019-eb0b-42e5-a38a-2589ad67e52d	647
5822	d8b47019-eb0b-42e5-a38a-2589ad67e52d	648
5823	d8b47019-eb0b-42e5-a38a-2589ad67e52d	649
5824	d8b47019-eb0b-42e5-a38a-2589ad67e52d	650
5825	d8b47019-eb0b-42e5-a38a-2589ad67e52d	651
5826	d8b47019-eb0b-42e5-a38a-2589ad67e52d	652
5827	d8b47019-eb0b-42e5-a38a-2589ad67e52d	653
5828	d8b47019-eb0b-42e5-a38a-2589ad67e52d	654
5829	d8b47019-eb0b-42e5-a38a-2589ad67e52d	655
5830	d8b47019-eb0b-42e5-a38a-2589ad67e52d	656
5831	d8b47019-eb0b-42e5-a38a-2589ad67e52d	657
5832	d8b47019-eb0b-42e5-a38a-2589ad67e52d	658
5833	d8b47019-eb0b-42e5-a38a-2589ad67e52d	659
5834	d8b47019-eb0b-42e5-a38a-2589ad67e52d	660
5835	d8b47019-eb0b-42e5-a38a-2589ad67e52d	661
5836	d8b47019-eb0b-42e5-a38a-2589ad67e52d	662
5837	d8b47019-eb0b-42e5-a38a-2589ad67e52d	663
5838	d8b47019-eb0b-42e5-a38a-2589ad67e52d	664
5839	d8b47019-eb0b-42e5-a38a-2589ad67e52d	665
5840	d8b47019-eb0b-42e5-a38a-2589ad67e52d	666
5841	d8b47019-eb0b-42e5-a38a-2589ad67e52d	667
5842	d8b47019-eb0b-42e5-a38a-2589ad67e52d	668
5843	d8b47019-eb0b-42e5-a38a-2589ad67e52d	669
5844	d8b47019-eb0b-42e5-a38a-2589ad67e52d	670
5845	d8b47019-eb0b-42e5-a38a-2589ad67e52d	671
5846	d8b47019-eb0b-42e5-a38a-2589ad67e52d	672
5847	d8b47019-eb0b-42e5-a38a-2589ad67e52d	673
5848	d8b47019-eb0b-42e5-a38a-2589ad67e52d	674
5849	d8b47019-eb0b-42e5-a38a-2589ad67e52d	675
5850	d8b47019-eb0b-42e5-a38a-2589ad67e52d	676
5851	d8b47019-eb0b-42e5-a38a-2589ad67e52d	677
5852	d8b47019-eb0b-42e5-a38a-2589ad67e52d	678
5853	d8b47019-eb0b-42e5-a38a-2589ad67e52d	679
5854	d8b47019-eb0b-42e5-a38a-2589ad67e52d	680
5855	d8b47019-eb0b-42e5-a38a-2589ad67e52d	681
5856	d8b47019-eb0b-42e5-a38a-2589ad67e52d	682
5857	d8b47019-eb0b-42e5-a38a-2589ad67e52d	683
5858	d8b47019-eb0b-42e5-a38a-2589ad67e52d	684
5859	d8b47019-eb0b-42e5-a38a-2589ad67e52d	685
5860	d8b47019-eb0b-42e5-a38a-2589ad67e52d	686
5861	d8b47019-eb0b-42e5-a38a-2589ad67e52d	687
5862	d8b47019-eb0b-42e5-a38a-2589ad67e52d	688
5863	d8b47019-eb0b-42e5-a38a-2589ad67e52d	689
5864	d8b47019-eb0b-42e5-a38a-2589ad67e52d	690
5865	d8b47019-eb0b-42e5-a38a-2589ad67e52d	691
5866	d8b47019-eb0b-42e5-a38a-2589ad67e52d	692
5867	d8b47019-eb0b-42e5-a38a-2589ad67e52d	693
5868	d8b47019-eb0b-42e5-a38a-2589ad67e52d	694
5869	d8b47019-eb0b-42e5-a38a-2589ad67e52d	695
5870	d8b47019-eb0b-42e5-a38a-2589ad67e52d	696
5871	d8b47019-eb0b-42e5-a38a-2589ad67e52d	697
5872	d8b47019-eb0b-42e5-a38a-2589ad67e52d	698
5873	d8b47019-eb0b-42e5-a38a-2589ad67e52d	699
5874	d8b47019-eb0b-42e5-a38a-2589ad67e52d	700
5875	d8b47019-eb0b-42e5-a38a-2589ad67e52d	701
5876	d8b47019-eb0b-42e5-a38a-2589ad67e52d	702
5877	d8b47019-eb0b-42e5-a38a-2589ad67e52d	703
5878	d8b47019-eb0b-42e5-a38a-2589ad67e52d	704
5879	d8b47019-eb0b-42e5-a38a-2589ad67e52d	705
5880	d8b47019-eb0b-42e5-a38a-2589ad67e52d	706
5881	d8b47019-eb0b-42e5-a38a-2589ad67e52d	707
5882	d8b47019-eb0b-42e5-a38a-2589ad67e52d	708
5883	d8b47019-eb0b-42e5-a38a-2589ad67e52d	709
5884	d8b47019-eb0b-42e5-a38a-2589ad67e52d	710
5885	d8b47019-eb0b-42e5-a38a-2589ad67e52d	711
5886	d8b47019-eb0b-42e5-a38a-2589ad67e52d	712
5887	d8b47019-eb0b-42e5-a38a-2589ad67e52d	713
5888	d8b47019-eb0b-42e5-a38a-2589ad67e52d	714
5889	d8b47019-eb0b-42e5-a38a-2589ad67e52d	715
5890	d8b47019-eb0b-42e5-a38a-2589ad67e52d	716
5891	d8b47019-eb0b-42e5-a38a-2589ad67e52d	717
5892	d8b47019-eb0b-42e5-a38a-2589ad67e52d	718
5893	d8b47019-eb0b-42e5-a38a-2589ad67e52d	719
5894	d8b47019-eb0b-42e5-a38a-2589ad67e52d	720
5895	d8b47019-eb0b-42e5-a38a-2589ad67e52d	721
5896	d8b47019-eb0b-42e5-a38a-2589ad67e52d	722
5897	d8b47019-eb0b-42e5-a38a-2589ad67e52d	723
5898	d8b47019-eb0b-42e5-a38a-2589ad67e52d	724
5899	d8b47019-eb0b-42e5-a38a-2589ad67e52d	725
5900	d8b47019-eb0b-42e5-a38a-2589ad67e52d	726
5901	d8b47019-eb0b-42e5-a38a-2589ad67e52d	727
5902	d8b47019-eb0b-42e5-a38a-2589ad67e52d	728
5903	d8b47019-eb0b-42e5-a38a-2589ad67e52d	729
5904	d8b47019-eb0b-42e5-a38a-2589ad67e52d	730
5905	d8b47019-eb0b-42e5-a38a-2589ad67e52d	731
5906	d8b47019-eb0b-42e5-a38a-2589ad67e52d	732
5907	d8b47019-eb0b-42e5-a38a-2589ad67e52d	733
5908	d8b47019-eb0b-42e5-a38a-2589ad67e52d	734
5909	d8b47019-eb0b-42e5-a38a-2589ad67e52d	735
5910	d8b47019-eb0b-42e5-a38a-2589ad67e52d	736
5911	d8b47019-eb0b-42e5-a38a-2589ad67e52d	737
5912	d8b47019-eb0b-42e5-a38a-2589ad67e52d	738
5913	d8b47019-eb0b-42e5-a38a-2589ad67e52d	739
5914	d8b47019-eb0b-42e5-a38a-2589ad67e52d	740
5915	d8b47019-eb0b-42e5-a38a-2589ad67e52d	741
5916	d8b47019-eb0b-42e5-a38a-2589ad67e52d	742
5917	d8b47019-eb0b-42e5-a38a-2589ad67e52d	743
5918	d8b47019-eb0b-42e5-a38a-2589ad67e52d	744
5919	d8b47019-eb0b-42e5-a38a-2589ad67e52d	745
5920	d8b47019-eb0b-42e5-a38a-2589ad67e52d	746
5921	d8b47019-eb0b-42e5-a38a-2589ad67e52d	747
5922	d8b47019-eb0b-42e5-a38a-2589ad67e52d	748
5923	d8b47019-eb0b-42e5-a38a-2589ad67e52d	749
5924	d8b47019-eb0b-42e5-a38a-2589ad67e52d	750
5925	d8b47019-eb0b-42e5-a38a-2589ad67e52d	751
5926	d8b47019-eb0b-42e5-a38a-2589ad67e52d	752
5927	d8b47019-eb0b-42e5-a38a-2589ad67e52d	753
5928	d8b47019-eb0b-42e5-a38a-2589ad67e52d	754
5929	d8b47019-eb0b-42e5-a38a-2589ad67e52d	755
5930	d8b47019-eb0b-42e5-a38a-2589ad67e52d	756
5931	d8b47019-eb0b-42e5-a38a-2589ad67e52d	757
5932	d8b47019-eb0b-42e5-a38a-2589ad67e52d	758
5933	d8b47019-eb0b-42e5-a38a-2589ad67e52d	759
5934	d8b47019-eb0b-42e5-a38a-2589ad67e52d	760
5935	d8b47019-eb0b-42e5-a38a-2589ad67e52d	761
5936	d8b47019-eb0b-42e5-a38a-2589ad67e52d	762
5937	d8b47019-eb0b-42e5-a38a-2589ad67e52d	763
5938	d8b47019-eb0b-42e5-a38a-2589ad67e52d	764
5939	d8b47019-eb0b-42e5-a38a-2589ad67e52d	765
5940	d8b47019-eb0b-42e5-a38a-2589ad67e52d	766
5941	d8b47019-eb0b-42e5-a38a-2589ad67e52d	767
5942	d8b47019-eb0b-42e5-a38a-2589ad67e52d	768
5943	d8b47019-eb0b-42e5-a38a-2589ad67e52d	769
5944	d8b47019-eb0b-42e5-a38a-2589ad67e52d	770
5945	d8b47019-eb0b-42e5-a38a-2589ad67e52d	771
5946	d8b47019-eb0b-42e5-a38a-2589ad67e52d	772
5947	d8b47019-eb0b-42e5-a38a-2589ad67e52d	773
5948	d8b47019-eb0b-42e5-a38a-2589ad67e52d	774
5949	d8b47019-eb0b-42e5-a38a-2589ad67e52d	775
5950	d8b47019-eb0b-42e5-a38a-2589ad67e52d	776
5951	d8b47019-eb0b-42e5-a38a-2589ad67e52d	777
5952	d8b47019-eb0b-42e5-a38a-2589ad67e52d	778
5953	d8b47019-eb0b-42e5-a38a-2589ad67e52d	779
5954	d8b47019-eb0b-42e5-a38a-2589ad67e52d	780
5955	d8b47019-eb0b-42e5-a38a-2589ad67e52d	781
5956	d8b47019-eb0b-42e5-a38a-2589ad67e52d	782
5957	d8b47019-eb0b-42e5-a38a-2589ad67e52d	783
5958	d8b47019-eb0b-42e5-a38a-2589ad67e52d	784
5959	d8b47019-eb0b-42e5-a38a-2589ad67e52d	785
5960	d8b47019-eb0b-42e5-a38a-2589ad67e52d	786
5961	d8b47019-eb0b-42e5-a38a-2589ad67e52d	787
5962	d8b47019-eb0b-42e5-a38a-2589ad67e52d	788
5963	d8b47019-eb0b-42e5-a38a-2589ad67e52d	789
5964	d8b47019-eb0b-42e5-a38a-2589ad67e52d	790
5965	d8b47019-eb0b-42e5-a38a-2589ad67e52d	791
5966	d8b47019-eb0b-42e5-a38a-2589ad67e52d	792
5967	d8b47019-eb0b-42e5-a38a-2589ad67e52d	793
5968	d8b47019-eb0b-42e5-a38a-2589ad67e52d	794
5969	d8b47019-eb0b-42e5-a38a-2589ad67e52d	795
5970	d8b47019-eb0b-42e5-a38a-2589ad67e52d	796
5971	d8b47019-eb0b-42e5-a38a-2589ad67e52d	797
5972	d8b47019-eb0b-42e5-a38a-2589ad67e52d	798
5973	d8b47019-eb0b-42e5-a38a-2589ad67e52d	799
5974	d8b47019-eb0b-42e5-a38a-2589ad67e52d	800
5975	d8b47019-eb0b-42e5-a38a-2589ad67e52d	801
5976	d8b47019-eb0b-42e5-a38a-2589ad67e52d	802
5977	d8b47019-eb0b-42e5-a38a-2589ad67e52d	803
5978	d8b47019-eb0b-42e5-a38a-2589ad67e52d	804
5979	d8b47019-eb0b-42e5-a38a-2589ad67e52d	805
5980	d8b47019-eb0b-42e5-a38a-2589ad67e52d	806
5981	d8b47019-eb0b-42e5-a38a-2589ad67e52d	807
5982	d8b47019-eb0b-42e5-a38a-2589ad67e52d	808
5983	d8b47019-eb0b-42e5-a38a-2589ad67e52d	809
5984	d8b47019-eb0b-42e5-a38a-2589ad67e52d	810
5985	d8b47019-eb0b-42e5-a38a-2589ad67e52d	811
5986	d8b47019-eb0b-42e5-a38a-2589ad67e52d	812
5987	d8b47019-eb0b-42e5-a38a-2589ad67e52d	813
5988	d8b47019-eb0b-42e5-a38a-2589ad67e52d	814
5989	d8b47019-eb0b-42e5-a38a-2589ad67e52d	815
5990	d8b47019-eb0b-42e5-a38a-2589ad67e52d	816
5991	d8b47019-eb0b-42e5-a38a-2589ad67e52d	817
5992	d8b47019-eb0b-42e5-a38a-2589ad67e52d	818
5993	d8b47019-eb0b-42e5-a38a-2589ad67e52d	819
5994	d8b47019-eb0b-42e5-a38a-2589ad67e52d	820
5995	d8b47019-eb0b-42e5-a38a-2589ad67e52d	821
5996	d8b47019-eb0b-42e5-a38a-2589ad67e52d	822
5997	d8b47019-eb0b-42e5-a38a-2589ad67e52d	823
5998	d8b47019-eb0b-42e5-a38a-2589ad67e52d	824
5999	d8b47019-eb0b-42e5-a38a-2589ad67e52d	825
6000	d8b47019-eb0b-42e5-a38a-2589ad67e52d	826
6001	d8b47019-eb0b-42e5-a38a-2589ad67e52d	827
6002	d8b47019-eb0b-42e5-a38a-2589ad67e52d	828
6003	d8b47019-eb0b-42e5-a38a-2589ad67e52d	829
6004	d8b47019-eb0b-42e5-a38a-2589ad67e52d	830
6005	d8b47019-eb0b-42e5-a38a-2589ad67e52d	831
6006	d8b47019-eb0b-42e5-a38a-2589ad67e52d	832
6007	d8b47019-eb0b-42e5-a38a-2589ad67e52d	833
6008	d8b47019-eb0b-42e5-a38a-2589ad67e52d	834
6009	d8b47019-eb0b-42e5-a38a-2589ad67e52d	835
6010	d8b47019-eb0b-42e5-a38a-2589ad67e52d	836
6011	d8b47019-eb0b-42e5-a38a-2589ad67e52d	837
6012	d8b47019-eb0b-42e5-a38a-2589ad67e52d	838
6013	d8b47019-eb0b-42e5-a38a-2589ad67e52d	839
6014	d8b47019-eb0b-42e5-a38a-2589ad67e52d	840
6015	d8b47019-eb0b-42e5-a38a-2589ad67e52d	841
6016	d8b47019-eb0b-42e5-a38a-2589ad67e52d	842
6017	d8b47019-eb0b-42e5-a38a-2589ad67e52d	843
6018	d8b47019-eb0b-42e5-a38a-2589ad67e52d	844
6019	d8b47019-eb0b-42e5-a38a-2589ad67e52d	845
6020	d8b47019-eb0b-42e5-a38a-2589ad67e52d	846
6021	d8b47019-eb0b-42e5-a38a-2589ad67e52d	847
6022	d8b47019-eb0b-42e5-a38a-2589ad67e52d	848
6023	d8b47019-eb0b-42e5-a38a-2589ad67e52d	849
6024	d8b47019-eb0b-42e5-a38a-2589ad67e52d	850
6025	d8b47019-eb0b-42e5-a38a-2589ad67e52d	851
6026	d8b47019-eb0b-42e5-a38a-2589ad67e52d	852
6027	d8b47019-eb0b-42e5-a38a-2589ad67e52d	853
6028	d8b47019-eb0b-42e5-a38a-2589ad67e52d	854
6029	d8b47019-eb0b-42e5-a38a-2589ad67e52d	855
6030	d8b47019-eb0b-42e5-a38a-2589ad67e52d	856
6031	d8b47019-eb0b-42e5-a38a-2589ad67e52d	857
6032	d8b47019-eb0b-42e5-a38a-2589ad67e52d	858
6033	d8b47019-eb0b-42e5-a38a-2589ad67e52d	859
6034	d8b47019-eb0b-42e5-a38a-2589ad67e52d	860
6035	d8b47019-eb0b-42e5-a38a-2589ad67e52d	861
6036	d8b47019-eb0b-42e5-a38a-2589ad67e52d	862
6037	d8b47019-eb0b-42e5-a38a-2589ad67e52d	863
6038	d8b47019-eb0b-42e5-a38a-2589ad67e52d	864
6039	d8b47019-eb0b-42e5-a38a-2589ad67e52d	865
6040	d8b47019-eb0b-42e5-a38a-2589ad67e52d	866
6041	d8b47019-eb0b-42e5-a38a-2589ad67e52d	867
6042	d8b47019-eb0b-42e5-a38a-2589ad67e52d	868
6043	d8b47019-eb0b-42e5-a38a-2589ad67e52d	869
6044	d8b47019-eb0b-42e5-a38a-2589ad67e52d	870
6045	d8b47019-eb0b-42e5-a38a-2589ad67e52d	871
6046	d8b47019-eb0b-42e5-a38a-2589ad67e52d	872
6047	d8b47019-eb0b-42e5-a38a-2589ad67e52d	873
6048	d8b47019-eb0b-42e5-a38a-2589ad67e52d	874
6049	d8b47019-eb0b-42e5-a38a-2589ad67e52d	875
6050	d8b47019-eb0b-42e5-a38a-2589ad67e52d	876
6051	d8b47019-eb0b-42e5-a38a-2589ad67e52d	877
6052	d8b47019-eb0b-42e5-a38a-2589ad67e52d	878
6053	d8b47019-eb0b-42e5-a38a-2589ad67e52d	879
6054	d8b47019-eb0b-42e5-a38a-2589ad67e52d	880
6055	d8b47019-eb0b-42e5-a38a-2589ad67e52d	881
6056	d8b47019-eb0b-42e5-a38a-2589ad67e52d	882
6057	d8b47019-eb0b-42e5-a38a-2589ad67e52d	883
6058	d8b47019-eb0b-42e5-a38a-2589ad67e52d	884
6059	d8b47019-eb0b-42e5-a38a-2589ad67e52d	885
6060	d8b47019-eb0b-42e5-a38a-2589ad67e52d	886
6061	d8b47019-eb0b-42e5-a38a-2589ad67e52d	887
6062	d8b47019-eb0b-42e5-a38a-2589ad67e52d	888
6063	d8b47019-eb0b-42e5-a38a-2589ad67e52d	889
6064	d8b47019-eb0b-42e5-a38a-2589ad67e52d	890
6065	d8b47019-eb0b-42e5-a38a-2589ad67e52d	891
6066	d8b47019-eb0b-42e5-a38a-2589ad67e52d	892
6067	d8b47019-eb0b-42e5-a38a-2589ad67e52d	893
6068	d8b47019-eb0b-42e5-a38a-2589ad67e52d	894
6069	d8b47019-eb0b-42e5-a38a-2589ad67e52d	895
6070	d8b47019-eb0b-42e5-a38a-2589ad67e52d	896
6071	d8b47019-eb0b-42e5-a38a-2589ad67e52d	897
6072	d8b47019-eb0b-42e5-a38a-2589ad67e52d	898
6073	d8b47019-eb0b-42e5-a38a-2589ad67e52d	899
6074	d8b47019-eb0b-42e5-a38a-2589ad67e52d	900
6075	d8b47019-eb0b-42e5-a38a-2589ad67e52d	901
6076	d8b47019-eb0b-42e5-a38a-2589ad67e52d	902
6077	d8b47019-eb0b-42e5-a38a-2589ad67e52d	903
6078	d8b47019-eb0b-42e5-a38a-2589ad67e52d	904
6079	d8b47019-eb0b-42e5-a38a-2589ad67e52d	905
6080	d8b47019-eb0b-42e5-a38a-2589ad67e52d	906
6081	d8b47019-eb0b-42e5-a38a-2589ad67e52d	907
6082	d8b47019-eb0b-42e5-a38a-2589ad67e52d	908
6083	d8b47019-eb0b-42e5-a38a-2589ad67e52d	909
6084	d8b47019-eb0b-42e5-a38a-2589ad67e52d	910
6085	d8b47019-eb0b-42e5-a38a-2589ad67e52d	911
6086	d8b47019-eb0b-42e5-a38a-2589ad67e52d	912
6087	d8b47019-eb0b-42e5-a38a-2589ad67e52d	913
6088	d8b47019-eb0b-42e5-a38a-2589ad67e52d	914
6089	d8b47019-eb0b-42e5-a38a-2589ad67e52d	915
6090	d8b47019-eb0b-42e5-a38a-2589ad67e52d	916
6091	d8b47019-eb0b-42e5-a38a-2589ad67e52d	917
6092	d8b47019-eb0b-42e5-a38a-2589ad67e52d	918
6093	d8b47019-eb0b-42e5-a38a-2589ad67e52d	919
6094	d8b47019-eb0b-42e5-a38a-2589ad67e52d	920
6095	d8b47019-eb0b-42e5-a38a-2589ad67e52d	921
6096	d8b47019-eb0b-42e5-a38a-2589ad67e52d	922
6097	d8b47019-eb0b-42e5-a38a-2589ad67e52d	923
6098	d8b47019-eb0b-42e5-a38a-2589ad67e52d	924
6099	d8b47019-eb0b-42e5-a38a-2589ad67e52d	925
6100	d8b47019-eb0b-42e5-a38a-2589ad67e52d	926
6101	d8b47019-eb0b-42e5-a38a-2589ad67e52d	927
6102	d8b47019-eb0b-42e5-a38a-2589ad67e52d	928
6103	d8b47019-eb0b-42e5-a38a-2589ad67e52d	929
6104	d8b47019-eb0b-42e5-a38a-2589ad67e52d	930
6105	d8b47019-eb0b-42e5-a38a-2589ad67e52d	931
6106	d8b47019-eb0b-42e5-a38a-2589ad67e52d	932
6107	d8b47019-eb0b-42e5-a38a-2589ad67e52d	933
6108	d8b47019-eb0b-42e5-a38a-2589ad67e52d	934
6109	d8b47019-eb0b-42e5-a38a-2589ad67e52d	935
6110	d8b47019-eb0b-42e5-a38a-2589ad67e52d	936
6111	d8b47019-eb0b-42e5-a38a-2589ad67e52d	937
6112	d8b47019-eb0b-42e5-a38a-2589ad67e52d	938
6113	d8b47019-eb0b-42e5-a38a-2589ad67e52d	939
6114	d8b47019-eb0b-42e5-a38a-2589ad67e52d	940
6115	d8b47019-eb0b-42e5-a38a-2589ad67e52d	941
6116	d8b47019-eb0b-42e5-a38a-2589ad67e52d	942
6117	d8b47019-eb0b-42e5-a38a-2589ad67e52d	943
6118	d8b47019-eb0b-42e5-a38a-2589ad67e52d	944
6119	d8b47019-eb0b-42e5-a38a-2589ad67e52d	945
6120	d8b47019-eb0b-42e5-a38a-2589ad67e52d	946
6121	d8b47019-eb0b-42e5-a38a-2589ad67e52d	947
6122	d8b47019-eb0b-42e5-a38a-2589ad67e52d	948
6123	d8b47019-eb0b-42e5-a38a-2589ad67e52d	949
6124	d8b47019-eb0b-42e5-a38a-2589ad67e52d	950
6125	d8b47019-eb0b-42e5-a38a-2589ad67e52d	951
6126	d8b47019-eb0b-42e5-a38a-2589ad67e52d	952
6127	d8b47019-eb0b-42e5-a38a-2589ad67e52d	953
6128	d8b47019-eb0b-42e5-a38a-2589ad67e52d	954
6129	d8b47019-eb0b-42e5-a38a-2589ad67e52d	955
6130	d8b47019-eb0b-42e5-a38a-2589ad67e52d	956
6131	d8b47019-eb0b-42e5-a38a-2589ad67e52d	957
6132	d8b47019-eb0b-42e5-a38a-2589ad67e52d	958
6133	d8b47019-eb0b-42e5-a38a-2589ad67e52d	959
6134	d8b47019-eb0b-42e5-a38a-2589ad67e52d	960
6135	d8b47019-eb0b-42e5-a38a-2589ad67e52d	961
6136	d8b47019-eb0b-42e5-a38a-2589ad67e52d	962
6137	d8b47019-eb0b-42e5-a38a-2589ad67e52d	963
6138	d8b47019-eb0b-42e5-a38a-2589ad67e52d	964
6139	d8b47019-eb0b-42e5-a38a-2589ad67e52d	965
6140	d8b47019-eb0b-42e5-a38a-2589ad67e52d	966
6141	d8b47019-eb0b-42e5-a38a-2589ad67e52d	967
6142	d8b47019-eb0b-42e5-a38a-2589ad67e52d	968
6143	d8b47019-eb0b-42e5-a38a-2589ad67e52d	969
6144	d8b47019-eb0b-42e5-a38a-2589ad67e52d	970
6145	d8b47019-eb0b-42e5-a38a-2589ad67e52d	971
6146	d8b47019-eb0b-42e5-a38a-2589ad67e52d	972
6147	d8b47019-eb0b-42e5-a38a-2589ad67e52d	973
6148	d8b47019-eb0b-42e5-a38a-2589ad67e52d	974
6149	d8b47019-eb0b-42e5-a38a-2589ad67e52d	975
6150	d8b47019-eb0b-42e5-a38a-2589ad67e52d	976
6151	d8b47019-eb0b-42e5-a38a-2589ad67e52d	977
6152	d8b47019-eb0b-42e5-a38a-2589ad67e52d	978
6153	d8b47019-eb0b-42e5-a38a-2589ad67e52d	979
6154	d8b47019-eb0b-42e5-a38a-2589ad67e52d	980
6155	d8b47019-eb0b-42e5-a38a-2589ad67e52d	981
6156	d8b47019-eb0b-42e5-a38a-2589ad67e52d	982
6157	d8b47019-eb0b-42e5-a38a-2589ad67e52d	983
6158	d8b47019-eb0b-42e5-a38a-2589ad67e52d	984
6159	d8b47019-eb0b-42e5-a38a-2589ad67e52d	985
6160	d8b47019-eb0b-42e5-a38a-2589ad67e52d	986
6161	d8b47019-eb0b-42e5-a38a-2589ad67e52d	987
6162	d8b47019-eb0b-42e5-a38a-2589ad67e52d	988
6163	d8b47019-eb0b-42e5-a38a-2589ad67e52d	989
6164	d8b47019-eb0b-42e5-a38a-2589ad67e52d	990
6165	d8b47019-eb0b-42e5-a38a-2589ad67e52d	991
6166	d8b47019-eb0b-42e5-a38a-2589ad67e52d	992
6167	d8b47019-eb0b-42e5-a38a-2589ad67e52d	993
6168	d8b47019-eb0b-42e5-a38a-2589ad67e52d	994
6169	d8b47019-eb0b-42e5-a38a-2589ad67e52d	995
6170	d8b47019-eb0b-42e5-a38a-2589ad67e52d	996
6171	d8b47019-eb0b-42e5-a38a-2589ad67e52d	997
6172	d8b47019-eb0b-42e5-a38a-2589ad67e52d	998
6173	d8b47019-eb0b-42e5-a38a-2589ad67e52d	999
6174	d8b47019-eb0b-42e5-a38a-2589ad67e52d	1000
6175	d8b47019-eb0b-42e5-a38a-2589ad67e52d	1001
6176	d8b47019-eb0b-42e5-a38a-2589ad67e52d	1002
6177	d8b47019-eb0b-42e5-a38a-2589ad67e52d	1003
6178	d8b47019-eb0b-42e5-a38a-2589ad67e52d	1004
6179	d8b47019-eb0b-42e5-a38a-2589ad67e52d	1005
6180	d8b47019-eb0b-42e5-a38a-2589ad67e52d	1006
6181	d8b47019-eb0b-42e5-a38a-2589ad67e52d	1007
6182	d8b47019-eb0b-42e5-a38a-2589ad67e52d	1008
6183	d8b47019-eb0b-42e5-a38a-2589ad67e52d	1009
6184	d8b47019-eb0b-42e5-a38a-2589ad67e52d	1010
6185	d8b47019-eb0b-42e5-a38a-2589ad67e52d	1011
6186	d8b47019-eb0b-42e5-a38a-2589ad67e52d	1012
6187	d8b47019-eb0b-42e5-a38a-2589ad67e52d	1013
6188	d8b47019-eb0b-42e5-a38a-2589ad67e52d	1014
6189	d8b47019-eb0b-42e5-a38a-2589ad67e52d	1015
6190	d8b47019-eb0b-42e5-a38a-2589ad67e52d	1016
6191	d8b47019-eb0b-42e5-a38a-2589ad67e52d	1017
6192	d8b47019-eb0b-42e5-a38a-2589ad67e52d	1018
6193	d8b47019-eb0b-42e5-a38a-2589ad67e52d	1019
6194	d8b47019-eb0b-42e5-a38a-2589ad67e52d	1020
6195	d8b47019-eb0b-42e5-a38a-2589ad67e52d	1021
6196	d8b47019-eb0b-42e5-a38a-2589ad67e52d	1022
6197	d8b47019-eb0b-42e5-a38a-2589ad67e52d	1023
6198	d8b47019-eb0b-42e5-a38a-2589ad67e52d	1024
6199	d8b47019-eb0b-42e5-a38a-2589ad67e52d	1025
6200	d8b47019-eb0b-42e5-a38a-2589ad67e52d	1026
6201	d8b47019-eb0b-42e5-a38a-2589ad67e52d	1027
6202	d8b47019-eb0b-42e5-a38a-2589ad67e52d	1028
6203	d8b47019-eb0b-42e5-a38a-2589ad67e52d	1029
6204	d8b47019-eb0b-42e5-a38a-2589ad67e52d	1030
6205	d8b47019-eb0b-42e5-a38a-2589ad67e52d	1031
6206	d8b47019-eb0b-42e5-a38a-2589ad67e52d	1032
6207	d8b47019-eb0b-42e5-a38a-2589ad67e52d	1033
6208	d8b47019-eb0b-42e5-a38a-2589ad67e52d	1034
6209	d8b47019-eb0b-42e5-a38a-2589ad67e52d	1035
6210	d8b47019-eb0b-42e5-a38a-2589ad67e52d	1036
6211	d8b47019-eb0b-42e5-a38a-2589ad67e52d	1037
6212	d8b47019-eb0b-42e5-a38a-2589ad67e52d	1038
6213	d8b47019-eb0b-42e5-a38a-2589ad67e52d	1039
6214	d8b47019-eb0b-42e5-a38a-2589ad67e52d	1040
6215	d8b47019-eb0b-42e5-a38a-2589ad67e52d	1041
6216	d8b47019-eb0b-42e5-a38a-2589ad67e52d	1042
6217	d8b47019-eb0b-42e5-a38a-2589ad67e52d	1043
6218	d8b47019-eb0b-42e5-a38a-2589ad67e52d	1044
6219	d8b47019-eb0b-42e5-a38a-2589ad67e52d	1045
6220	d8b47019-eb0b-42e5-a38a-2589ad67e52d	1046
6221	d8b47019-eb0b-42e5-a38a-2589ad67e52d	1047
6222	d8b47019-eb0b-42e5-a38a-2589ad67e52d	1048
6223	d8b47019-eb0b-42e5-a38a-2589ad67e52d	1049
6224	d8b47019-eb0b-42e5-a38a-2589ad67e52d	1050
6225	d8b47019-eb0b-42e5-a38a-2589ad67e52d	1051
6226	d8b47019-eb0b-42e5-a38a-2589ad67e52d	1052
6227	d8b47019-eb0b-42e5-a38a-2589ad67e52d	1053
6228	d8b47019-eb0b-42e5-a38a-2589ad67e52d	1054
6229	d8b47019-eb0b-42e5-a38a-2589ad67e52d	1055
6230	d8b47019-eb0b-42e5-a38a-2589ad67e52d	1056
6231	d8b47019-eb0b-42e5-a38a-2589ad67e52d	1057
6232	d8b47019-eb0b-42e5-a38a-2589ad67e52d	1058
6233	d8b47019-eb0b-42e5-a38a-2589ad67e52d	1059
6234	d8b47019-eb0b-42e5-a38a-2589ad67e52d	1060
6235	d8b47019-eb0b-42e5-a38a-2589ad67e52d	1061
6236	d8b47019-eb0b-42e5-a38a-2589ad67e52d	1062
6237	d8b47019-eb0b-42e5-a38a-2589ad67e52d	1063
6238	d8b47019-eb0b-42e5-a38a-2589ad67e52d	1064
6239	d8b47019-eb0b-42e5-a38a-2589ad67e52d	1065
6240	d8b47019-eb0b-42e5-a38a-2589ad67e52d	1066
6241	d8b47019-eb0b-42e5-a38a-2589ad67e52d	1068
6242	d8b47019-eb0b-42e5-a38a-2589ad67e52d	1069
6243	d8b47019-eb0b-42e5-a38a-2589ad67e52d	1070
6244	d8b47019-eb0b-42e5-a38a-2589ad67e52d	1071
6245	d8b47019-eb0b-42e5-a38a-2589ad67e52d	1072
6246	d8b47019-eb0b-42e5-a38a-2589ad67e52d	1073
6247	d8b47019-eb0b-42e5-a38a-2589ad67e52d	1074
6248	d8b47019-eb0b-42e5-a38a-2589ad67e52d	1075
6249	d8b47019-eb0b-42e5-a38a-2589ad67e52d	1076
6250	d8b47019-eb0b-42e5-a38a-2589ad67e52d	1077
6251	d8b47019-eb0b-42e5-a38a-2589ad67e52d	1078
6252	d8b47019-eb0b-42e5-a38a-2589ad67e52d	1079
6253	d8b47019-eb0b-42e5-a38a-2589ad67e52d	1080
6254	d8b47019-eb0b-42e5-a38a-2589ad67e52d	1081
6255	d8b47019-eb0b-42e5-a38a-2589ad67e52d	1082
6256	d8b47019-eb0b-42e5-a38a-2589ad67e52d	1083
6257	d8b47019-eb0b-42e5-a38a-2589ad67e52d	1084
6258	d8b47019-eb0b-42e5-a38a-2589ad67e52d	1085
6259	d8b47019-eb0b-42e5-a38a-2589ad67e52d	1086
6260	d8b47019-eb0b-42e5-a38a-2589ad67e52d	1087
6261	d8b47019-eb0b-42e5-a38a-2589ad67e52d	1088
6262	d8b47019-eb0b-42e5-a38a-2589ad67e52d	1090
6263	d8b47019-eb0b-42e5-a38a-2589ad67e52d	1092
6264	d8b47019-eb0b-42e5-a38a-2589ad67e52d	1093
6265	d8b47019-eb0b-42e5-a38a-2589ad67e52d	1094
6266	d8b47019-eb0b-42e5-a38a-2589ad67e52d	1095
6267	d8b47019-eb0b-42e5-a38a-2589ad67e52d	1096
6268	d8b47019-eb0b-42e5-a38a-2589ad67e52d	1097
6269	d8b47019-eb0b-42e5-a38a-2589ad67e52d	1098
6270	d8b47019-eb0b-42e5-a38a-2589ad67e52d	1099
6271	d8b47019-eb0b-42e5-a38a-2589ad67e52d	1100
6272	d8b47019-eb0b-42e5-a38a-2589ad67e52d	1101
6273	d8b47019-eb0b-42e5-a38a-2589ad67e52d	1102
6274	d8b47019-eb0b-42e5-a38a-2589ad67e52d	1103
6275	d8b47019-eb0b-42e5-a38a-2589ad67e52d	1104
6276	d8b47019-eb0b-42e5-a38a-2589ad67e52d	1105
6277	d8b47019-eb0b-42e5-a38a-2589ad67e52d	1106
6278	d8b47019-eb0b-42e5-a38a-2589ad67e52d	1108
6279	d8b47019-eb0b-42e5-a38a-2589ad67e52d	1109
6280	d8b47019-eb0b-42e5-a38a-2589ad67e52d	1110
6281	d8b47019-eb0b-42e5-a38a-2589ad67e52d	1111
6282	d8b47019-eb0b-42e5-a38a-2589ad67e52d	1112
6283	d8b47019-eb0b-42e5-a38a-2589ad67e52d	1113
6284	d8b47019-eb0b-42e5-a38a-2589ad67e52d	1114
6285	d8b47019-eb0b-42e5-a38a-2589ad67e52d	1115
6286	d8b47019-eb0b-42e5-a38a-2589ad67e52d	1116
6287	d8b47019-eb0b-42e5-a38a-2589ad67e52d	1117
6288	d8b47019-eb0b-42e5-a38a-2589ad67e52d	1119
6289	d8b47019-eb0b-42e5-a38a-2589ad67e52d	1120
6290	d8b47019-eb0b-42e5-a38a-2589ad67e52d	1121
6291	d8b47019-eb0b-42e5-a38a-2589ad67e52d	1122
6292	d8b47019-eb0b-42e5-a38a-2589ad67e52d	1123
6293	d8b47019-eb0b-42e5-a38a-2589ad67e52d	1124
6294	d8b47019-eb0b-42e5-a38a-2589ad67e52d	1125
6295	d8b47019-eb0b-42e5-a38a-2589ad67e52d	1126
6296	d8b47019-eb0b-42e5-a38a-2589ad67e52d	1127
6297	d8b47019-eb0b-42e5-a38a-2589ad67e52d	1128
6298	d8b47019-eb0b-42e5-a38a-2589ad67e52d	1130
6299	d8b47019-eb0b-42e5-a38a-2589ad67e52d	1131
6300	d8b47019-eb0b-42e5-a38a-2589ad67e52d	1132
6301	d8b47019-eb0b-42e5-a38a-2589ad67e52d	1133
6302	d8b47019-eb0b-42e5-a38a-2589ad67e52d	1134
6303	d8b47019-eb0b-42e5-a38a-2589ad67e52d	1135
6304	d8b47019-eb0b-42e5-a38a-2589ad67e52d	1136
6305	d8b47019-eb0b-42e5-a38a-2589ad67e52d	1137
6306	d8b47019-eb0b-42e5-a38a-2589ad67e52d	1138
6307	d8b47019-eb0b-42e5-a38a-2589ad67e52d	1139
6308	d8b47019-eb0b-42e5-a38a-2589ad67e52d	1140
6309	d8b47019-eb0b-42e5-a38a-2589ad67e52d	1142
6310	d8b47019-eb0b-42e5-a38a-2589ad67e52d	1143
6311	d8b47019-eb0b-42e5-a38a-2589ad67e52d	1144
6312	d8b47019-eb0b-42e5-a38a-2589ad67e52d	1145
6313	d8b47019-eb0b-42e5-a38a-2589ad67e52d	1146
6314	d8b47019-eb0b-42e5-a38a-2589ad67e52d	1147
6315	d8b47019-eb0b-42e5-a38a-2589ad67e52d	1148
6316	d8b47019-eb0b-42e5-a38a-2589ad67e52d	1149
6317	d8b47019-eb0b-42e5-a38a-2589ad67e52d	1150
6318	d8b47019-eb0b-42e5-a38a-2589ad67e52d	1151
6319	d8b47019-eb0b-42e5-a38a-2589ad67e52d	1152
6320	d8b47019-eb0b-42e5-a38a-2589ad67e52d	1153
6321	d8b47019-eb0b-42e5-a38a-2589ad67e52d	1154
6322	d8b47019-eb0b-42e5-a38a-2589ad67e52d	1156
6323	d8b47019-eb0b-42e5-a38a-2589ad67e52d	1157
6324	d8b47019-eb0b-42e5-a38a-2589ad67e52d	1158
6325	d8b47019-eb0b-42e5-a38a-2589ad67e52d	1159
6326	d8b47019-eb0b-42e5-a38a-2589ad67e52d	1160
6327	d8b47019-eb0b-42e5-a38a-2589ad67e52d	1161
6328	d8b47019-eb0b-42e5-a38a-2589ad67e52d	1162
6329	d8b47019-eb0b-42e5-a38a-2589ad67e52d	1163
6330	d8b47019-eb0b-42e5-a38a-2589ad67e52d	1164
6331	d8b47019-eb0b-42e5-a38a-2589ad67e52d	1165
6332	d8b47019-eb0b-42e5-a38a-2589ad67e52d	1166
6333	d8b47019-eb0b-42e5-a38a-2589ad67e52d	1167
6334	d8b47019-eb0b-42e5-a38a-2589ad67e52d	1168
6335	d8b47019-eb0b-42e5-a38a-2589ad67e52d	1170
6336	d8b47019-eb0b-42e5-a38a-2589ad67e52d	1171
6337	d8b47019-eb0b-42e5-a38a-2589ad67e52d	1173
6338	d8b47019-eb0b-42e5-a38a-2589ad67e52d	1174
6339	d8b47019-eb0b-42e5-a38a-2589ad67e52d	1175
6340	d8b47019-eb0b-42e5-a38a-2589ad67e52d	1176
6341	d8b47019-eb0b-42e5-a38a-2589ad67e52d	1177
6342	d8b47019-eb0b-42e5-a38a-2589ad67e52d	1178
6343	d8b47019-eb0b-42e5-a38a-2589ad67e52d	1179
6344	d8b47019-eb0b-42e5-a38a-2589ad67e52d	1180
6345	d8b47019-eb0b-42e5-a38a-2589ad67e52d	1182
6346	d8b47019-eb0b-42e5-a38a-2589ad67e52d	1183
6347	d8b47019-eb0b-42e5-a38a-2589ad67e52d	1184
6348	d8b47019-eb0b-42e5-a38a-2589ad67e52d	1185
6349	d8b47019-eb0b-42e5-a38a-2589ad67e52d	1186
6350	d8b47019-eb0b-42e5-a38a-2589ad67e52d	1187
6351	d8b47019-eb0b-42e5-a38a-2589ad67e52d	1188
6352	d8b47019-eb0b-42e5-a38a-2589ad67e52d	1189
6353	d8b47019-eb0b-42e5-a38a-2589ad67e52d	1190
6354	d8b47019-eb0b-42e5-a38a-2589ad67e52d	1191
6355	d8b47019-eb0b-42e5-a38a-2589ad67e52d	1192
6356	d8b47019-eb0b-42e5-a38a-2589ad67e52d	1193
6357	d8b47019-eb0b-42e5-a38a-2589ad67e52d	1194
6358	d8b47019-eb0b-42e5-a38a-2589ad67e52d	1195
6359	d8b47019-eb0b-42e5-a38a-2589ad67e52d	1196
6360	d8b47019-eb0b-42e5-a38a-2589ad67e52d	1197
6361	d8b47019-eb0b-42e5-a38a-2589ad67e52d	1198
6362	d8b47019-eb0b-42e5-a38a-2589ad67e52d	1199
6363	d8b47019-eb0b-42e5-a38a-2589ad67e52d	1200
6364	d8b47019-eb0b-42e5-a38a-2589ad67e52d	1201
6365	d8b47019-eb0b-42e5-a38a-2589ad67e52d	1202
6366	d8b47019-eb0b-42e5-a38a-2589ad67e52d	1203
6367	d8b47019-eb0b-42e5-a38a-2589ad67e52d	1204
6368	d8b47019-eb0b-42e5-a38a-2589ad67e52d	1205
6369	d8b47019-eb0b-42e5-a38a-2589ad67e52d	1206
6370	d8b47019-eb0b-42e5-a38a-2589ad67e52d	1207
6371	d8b47019-eb0b-42e5-a38a-2589ad67e52d	1208
6372	d8b47019-eb0b-42e5-a38a-2589ad67e52d	1209
6373	d8b47019-eb0b-42e5-a38a-2589ad67e52d	1210
6374	d8b47019-eb0b-42e5-a38a-2589ad67e52d	1212
6375	d8b47019-eb0b-42e5-a38a-2589ad67e52d	1213
6376	d8b47019-eb0b-42e5-a38a-2589ad67e52d	1214
6377	d8b47019-eb0b-42e5-a38a-2589ad67e52d	1215
6378	d8b47019-eb0b-42e5-a38a-2589ad67e52d	1216
6379	d8b47019-eb0b-42e5-a38a-2589ad67e52d	1217
6380	d8b47019-eb0b-42e5-a38a-2589ad67e52d	1218
6381	d8b47019-eb0b-42e5-a38a-2589ad67e52d	1219
6382	d8b47019-eb0b-42e5-a38a-2589ad67e52d	1220
6383	d8b47019-eb0b-42e5-a38a-2589ad67e52d	1221
6384	d8b47019-eb0b-42e5-a38a-2589ad67e52d	1222
6385	d8b47019-eb0b-42e5-a38a-2589ad67e52d	1223
6386	d8b47019-eb0b-42e5-a38a-2589ad67e52d	1224
6387	d8b47019-eb0b-42e5-a38a-2589ad67e52d	1225
6388	d8b47019-eb0b-42e5-a38a-2589ad67e52d	1226
6389	d8b47019-eb0b-42e5-a38a-2589ad67e52d	1227
6390	d8b47019-eb0b-42e5-a38a-2589ad67e52d	1228
6391	d8b47019-eb0b-42e5-a38a-2589ad67e52d	1229
6392	d8b47019-eb0b-42e5-a38a-2589ad67e52d	1230
6393	d8b47019-eb0b-42e5-a38a-2589ad67e52d	1231
6394	d8b47019-eb0b-42e5-a38a-2589ad67e52d	1232
6395	d8b47019-eb0b-42e5-a38a-2589ad67e52d	1233
6396	d8b47019-eb0b-42e5-a38a-2589ad67e52d	1234
6397	d8b47019-eb0b-42e5-a38a-2589ad67e52d	1235
6398	d8b47019-eb0b-42e5-a38a-2589ad67e52d	1236
6399	d8b47019-eb0b-42e5-a38a-2589ad67e52d	1237
6400	d8b47019-eb0b-42e5-a38a-2589ad67e52d	1238
6401	d8b47019-eb0b-42e5-a38a-2589ad67e52d	1239
6402	d8b47019-eb0b-42e5-a38a-2589ad67e52d	1240
6403	d8b47019-eb0b-42e5-a38a-2589ad67e52d	1241
6404	d8b47019-eb0b-42e5-a38a-2589ad67e52d	1242
6405	d8b47019-eb0b-42e5-a38a-2589ad67e52d	1243
6406	d8b47019-eb0b-42e5-a38a-2589ad67e52d	1244
6407	d8b47019-eb0b-42e5-a38a-2589ad67e52d	1245
6408	d8b47019-eb0b-42e5-a38a-2589ad67e52d	1246
6409	d8b47019-eb0b-42e5-a38a-2589ad67e52d	1247
6410	d8b47019-eb0b-42e5-a38a-2589ad67e52d	1248
6411	d8b47019-eb0b-42e5-a38a-2589ad67e52d	1249
6412	d8b47019-eb0b-42e5-a38a-2589ad67e52d	1250
6413	d8b47019-eb0b-42e5-a38a-2589ad67e52d	1251
6414	d8b47019-eb0b-42e5-a38a-2589ad67e52d	1252
6415	d8b47019-eb0b-42e5-a38a-2589ad67e52d	1253
6416	d8b47019-eb0b-42e5-a38a-2589ad67e52d	1254
6417	d8b47019-eb0b-42e5-a38a-2589ad67e52d	1255
6418	d8b47019-eb0b-42e5-a38a-2589ad67e52d	1256
6419	d8b47019-eb0b-42e5-a38a-2589ad67e52d	1257
6420	d8b47019-eb0b-42e5-a38a-2589ad67e52d	1258
6421	d8b47019-eb0b-42e5-a38a-2589ad67e52d	1259
6422	d8b47019-eb0b-42e5-a38a-2589ad67e52d	1260
6423	d8b47019-eb0b-42e5-a38a-2589ad67e52d	1261
6424	d8b47019-eb0b-42e5-a38a-2589ad67e52d	1262
6425	d8b47019-eb0b-42e5-a38a-2589ad67e52d	1263
6426	d8b47019-eb0b-42e5-a38a-2589ad67e52d	1264
6427	d8b47019-eb0b-42e5-a38a-2589ad67e52d	1265
6428	d8b47019-eb0b-42e5-a38a-2589ad67e52d	1266
6429	d8b47019-eb0b-42e5-a38a-2589ad67e52d	1267
6430	d8b47019-eb0b-42e5-a38a-2589ad67e52d	1268
6431	d8b47019-eb0b-42e5-a38a-2589ad67e52d	1269
6432	d8b47019-eb0b-42e5-a38a-2589ad67e52d	1270
6433	d8b47019-eb0b-42e5-a38a-2589ad67e52d	1271
6434	d8b47019-eb0b-42e5-a38a-2589ad67e52d	1272
6435	d8b47019-eb0b-42e5-a38a-2589ad67e52d	1273
6436	d8b47019-eb0b-42e5-a38a-2589ad67e52d	1274
6437	d8b47019-eb0b-42e5-a38a-2589ad67e52d	1275
6438	d8b47019-eb0b-42e5-a38a-2589ad67e52d	1276
6439	d8b47019-eb0b-42e5-a38a-2589ad67e52d	1277
6440	d8b47019-eb0b-42e5-a38a-2589ad67e52d	1278
6441	d8b47019-eb0b-42e5-a38a-2589ad67e52d	1279
6442	d8b47019-eb0b-42e5-a38a-2589ad67e52d	1280
6443	d8b47019-eb0b-42e5-a38a-2589ad67e52d	1281
6444	d8b47019-eb0b-42e5-a38a-2589ad67e52d	1282
6445	d8b47019-eb0b-42e5-a38a-2589ad67e52d	1283
6446	d8b47019-eb0b-42e5-a38a-2589ad67e52d	1284
6447	d8b47019-eb0b-42e5-a38a-2589ad67e52d	1285
6448	d8b47019-eb0b-42e5-a38a-2589ad67e52d	1286
6449	d8b47019-eb0b-42e5-a38a-2589ad67e52d	1287
6450	d8b47019-eb0b-42e5-a38a-2589ad67e52d	1288
6451	d8b47019-eb0b-42e5-a38a-2589ad67e52d	1289
6452	d8b47019-eb0b-42e5-a38a-2589ad67e52d	1290
6453	d8b47019-eb0b-42e5-a38a-2589ad67e52d	1291
6454	d8b47019-eb0b-42e5-a38a-2589ad67e52d	1292
6455	d8b47019-eb0b-42e5-a38a-2589ad67e52d	1293
6456	d8b47019-eb0b-42e5-a38a-2589ad67e52d	1294
6457	d8b47019-eb0b-42e5-a38a-2589ad67e52d	1295
6458	d8b47019-eb0b-42e5-a38a-2589ad67e52d	1296
6459	d8b47019-eb0b-42e5-a38a-2589ad67e52d	1297
6460	d8b47019-eb0b-42e5-a38a-2589ad67e52d	1298
6461	d8b47019-eb0b-42e5-a38a-2589ad67e52d	1299
6462	d8b47019-eb0b-42e5-a38a-2589ad67e52d	1300
6463	d8b47019-eb0b-42e5-a38a-2589ad67e52d	1301
6464	d8b47019-eb0b-42e5-a38a-2589ad67e52d	1302
6465	d8b47019-eb0b-42e5-a38a-2589ad67e52d	1303
6466	d8b47019-eb0b-42e5-a38a-2589ad67e52d	1304
6467	d8b47019-eb0b-42e5-a38a-2589ad67e52d	1305
6468	d8b47019-eb0b-42e5-a38a-2589ad67e52d	1306
6469	d8b47019-eb0b-42e5-a38a-2589ad67e52d	1307
6470	d8b47019-eb0b-42e5-a38a-2589ad67e52d	1308
6471	d8b47019-eb0b-42e5-a38a-2589ad67e52d	1309
6472	d8b47019-eb0b-42e5-a38a-2589ad67e52d	1310
6473	d8b47019-eb0b-42e5-a38a-2589ad67e52d	1311
6474	d8b47019-eb0b-42e5-a38a-2589ad67e52d	1312
6475	d8b47019-eb0b-42e5-a38a-2589ad67e52d	1313
6476	d8b47019-eb0b-42e5-a38a-2589ad67e52d	1314
6477	d8b47019-eb0b-42e5-a38a-2589ad67e52d	1315
6478	d8b47019-eb0b-42e5-a38a-2589ad67e52d	1316
6479	d8b47019-eb0b-42e5-a38a-2589ad67e52d	1317
6480	d8b47019-eb0b-42e5-a38a-2589ad67e52d	1318
6481	d8b47019-eb0b-42e5-a38a-2589ad67e52d	1319
6482	d8b47019-eb0b-42e5-a38a-2589ad67e52d	1320
6483	d8b47019-eb0b-42e5-a38a-2589ad67e52d	1321
6484	d8b47019-eb0b-42e5-a38a-2589ad67e52d	1322
6485	d8b47019-eb0b-42e5-a38a-2589ad67e52d	1323
6486	d8b47019-eb0b-42e5-a38a-2589ad67e52d	1324
6487	d8b47019-eb0b-42e5-a38a-2589ad67e52d	1325
6488	d8b47019-eb0b-42e5-a38a-2589ad67e52d	1326
6489	d8b47019-eb0b-42e5-a38a-2589ad67e52d	1327
6490	d8b47019-eb0b-42e5-a38a-2589ad67e52d	1328
6491	d8b47019-eb0b-42e5-a38a-2589ad67e52d	1329
6492	d8b47019-eb0b-42e5-a38a-2589ad67e52d	1330
6493	d8b47019-eb0b-42e5-a38a-2589ad67e52d	1331
6494	d8b47019-eb0b-42e5-a38a-2589ad67e52d	1332
6495	d8b47019-eb0b-42e5-a38a-2589ad67e52d	1333
6496	d8b47019-eb0b-42e5-a38a-2589ad67e52d	1334
6497	d8b47019-eb0b-42e5-a38a-2589ad67e52d	1335
6498	d8b47019-eb0b-42e5-a38a-2589ad67e52d	1336
6499	d8b47019-eb0b-42e5-a38a-2589ad67e52d	1337
6500	d8b47019-eb0b-42e5-a38a-2589ad67e52d	1338
6501	d8b47019-eb0b-42e5-a38a-2589ad67e52d	1339
6502	d8b47019-eb0b-42e5-a38a-2589ad67e52d	1340
6503	d8b47019-eb0b-42e5-a38a-2589ad67e52d	1341
6504	d8b47019-eb0b-42e5-a38a-2589ad67e52d	1342
6505	d8b47019-eb0b-42e5-a38a-2589ad67e52d	1343
6506	d8b47019-eb0b-42e5-a38a-2589ad67e52d	1344
6507	d8b47019-eb0b-42e5-a38a-2589ad67e52d	1345
6508	d8b47019-eb0b-42e5-a38a-2589ad67e52d	1346
6509	d8b47019-eb0b-42e5-a38a-2589ad67e52d	1347
6510	d8b47019-eb0b-42e5-a38a-2589ad67e52d	1348
6511	d8b47019-eb0b-42e5-a38a-2589ad67e52d	1349
6512	d8b47019-eb0b-42e5-a38a-2589ad67e52d	1350
6513	d8b47019-eb0b-42e5-a38a-2589ad67e52d	1351
6514	d8b47019-eb0b-42e5-a38a-2589ad67e52d	1352
6515	d8b47019-eb0b-42e5-a38a-2589ad67e52d	1353
6516	d8b47019-eb0b-42e5-a38a-2589ad67e52d	1354
6517	d8b47019-eb0b-42e5-a38a-2589ad67e52d	1355
6518	d8b47019-eb0b-42e5-a38a-2589ad67e52d	1356
6519	d8b47019-eb0b-42e5-a38a-2589ad67e52d	1357
6520	d8b47019-eb0b-42e5-a38a-2589ad67e52d	1358
6521	d8b47019-eb0b-42e5-a38a-2589ad67e52d	1359
6522	d8b47019-eb0b-42e5-a38a-2589ad67e52d	1360
6523	d8b47019-eb0b-42e5-a38a-2589ad67e52d	1361
6524	d8b47019-eb0b-42e5-a38a-2589ad67e52d	1362
6525	d8b47019-eb0b-42e5-a38a-2589ad67e52d	1363
6526	d8b47019-eb0b-42e5-a38a-2589ad67e52d	1364
6527	d8b47019-eb0b-42e5-a38a-2589ad67e52d	1365
6528	d8b47019-eb0b-42e5-a38a-2589ad67e52d	1366
6529	d8b47019-eb0b-42e5-a38a-2589ad67e52d	1367
6530	d8b47019-eb0b-42e5-a38a-2589ad67e52d	1368
6531	d8b47019-eb0b-42e5-a38a-2589ad67e52d	1369
6532	d8b47019-eb0b-42e5-a38a-2589ad67e52d	1370
6533	d8b47019-eb0b-42e5-a38a-2589ad67e52d	1371
6534	d8b47019-eb0b-42e5-a38a-2589ad67e52d	1372
6535	d8b47019-eb0b-42e5-a38a-2589ad67e52d	1373
6536	d8b47019-eb0b-42e5-a38a-2589ad67e52d	1374
6537	d8b47019-eb0b-42e5-a38a-2589ad67e52d	1375
6538	d8b47019-eb0b-42e5-a38a-2589ad67e52d	1376
6539	d8b47019-eb0b-42e5-a38a-2589ad67e52d	1377
6540	d8b47019-eb0b-42e5-a38a-2589ad67e52d	1378
6541	d8b47019-eb0b-42e5-a38a-2589ad67e52d	1379
6542	d8b47019-eb0b-42e5-a38a-2589ad67e52d	1380
6543	d8b47019-eb0b-42e5-a38a-2589ad67e52d	1381
6544	d8b47019-eb0b-42e5-a38a-2589ad67e52d	1382
6545	d8b47019-eb0b-42e5-a38a-2589ad67e52d	1383
6546	d8b47019-eb0b-42e5-a38a-2589ad67e52d	1384
6547	d8b47019-eb0b-42e5-a38a-2589ad67e52d	1385
6548	d8b47019-eb0b-42e5-a38a-2589ad67e52d	1386
6549	d8b47019-eb0b-42e5-a38a-2589ad67e52d	1387
6550	d8b47019-eb0b-42e5-a38a-2589ad67e52d	1388
6551	d8b47019-eb0b-42e5-a38a-2589ad67e52d	1389
6552	d8b47019-eb0b-42e5-a38a-2589ad67e52d	1390
6553	d8b47019-eb0b-42e5-a38a-2589ad67e52d	1391
6554	d8b47019-eb0b-42e5-a38a-2589ad67e52d	1392
6555	d8b47019-eb0b-42e5-a38a-2589ad67e52d	1393
6556	d8b47019-eb0b-42e5-a38a-2589ad67e52d	1394
6557	d8b47019-eb0b-42e5-a38a-2589ad67e52d	1395
6558	d8b47019-eb0b-42e5-a38a-2589ad67e52d	1396
6559	d8b47019-eb0b-42e5-a38a-2589ad67e52d	1397
6560	d8b47019-eb0b-42e5-a38a-2589ad67e52d	1398
6561	d8b47019-eb0b-42e5-a38a-2589ad67e52d	1399
6562	d8b47019-eb0b-42e5-a38a-2589ad67e52d	1400
6563	d8b47019-eb0b-42e5-a38a-2589ad67e52d	1401
6564	d8b47019-eb0b-42e5-a38a-2589ad67e52d	1402
6565	d8b47019-eb0b-42e5-a38a-2589ad67e52d	1403
6566	d8b47019-eb0b-42e5-a38a-2589ad67e52d	1404
6567	d8b47019-eb0b-42e5-a38a-2589ad67e52d	1405
6568	d8b47019-eb0b-42e5-a38a-2589ad67e52d	1406
6569	d8b47019-eb0b-42e5-a38a-2589ad67e52d	1407
6570	d8b47019-eb0b-42e5-a38a-2589ad67e52d	1408
6571	d8b47019-eb0b-42e5-a38a-2589ad67e52d	1409
6572	d8b47019-eb0b-42e5-a38a-2589ad67e52d	1410
6573	d8b47019-eb0b-42e5-a38a-2589ad67e52d	1411
6574	d8b47019-eb0b-42e5-a38a-2589ad67e52d	1412
6575	d8b47019-eb0b-42e5-a38a-2589ad67e52d	1413
6576	d8b47019-eb0b-42e5-a38a-2589ad67e52d	1414
6577	d8b47019-eb0b-42e5-a38a-2589ad67e52d	1415
6578	d8b47019-eb0b-42e5-a38a-2589ad67e52d	1416
6579	d8b47019-eb0b-42e5-a38a-2589ad67e52d	1417
6580	d8b47019-eb0b-42e5-a38a-2589ad67e52d	1418
6581	d8b47019-eb0b-42e5-a38a-2589ad67e52d	1419
6582	d8b47019-eb0b-42e5-a38a-2589ad67e52d	1420
6583	d8b47019-eb0b-42e5-a38a-2589ad67e52d	1421
6584	d8b47019-eb0b-42e5-a38a-2589ad67e52d	1422
6585	d8b47019-eb0b-42e5-a38a-2589ad67e52d	1423
6586	d8b47019-eb0b-42e5-a38a-2589ad67e52d	1424
6587	d8b47019-eb0b-42e5-a38a-2589ad67e52d	1425
6588	d8b47019-eb0b-42e5-a38a-2589ad67e52d	1426
6589	d8b47019-eb0b-42e5-a38a-2589ad67e52d	1427
6590	d8b47019-eb0b-42e5-a38a-2589ad67e52d	1428
6591	d8b47019-eb0b-42e5-a38a-2589ad67e52d	1429
6592	d8b47019-eb0b-42e5-a38a-2589ad67e52d	1430
6593	d8b47019-eb0b-42e5-a38a-2589ad67e52d	1431
6594	d8b47019-eb0b-42e5-a38a-2589ad67e52d	1432
6595	d8b47019-eb0b-42e5-a38a-2589ad67e52d	1433
6596	d8b47019-eb0b-42e5-a38a-2589ad67e52d	1434
6597	d8b47019-eb0b-42e5-a38a-2589ad67e52d	1435
6598	d8b47019-eb0b-42e5-a38a-2589ad67e52d	1436
6599	d8b47019-eb0b-42e5-a38a-2589ad67e52d	1437
6600	d8b47019-eb0b-42e5-a38a-2589ad67e52d	1438
6601	d8b47019-eb0b-42e5-a38a-2589ad67e52d	1439
6602	d8b47019-eb0b-42e5-a38a-2589ad67e52d	1440
6603	d8b47019-eb0b-42e5-a38a-2589ad67e52d	1441
6604	d8b47019-eb0b-42e5-a38a-2589ad67e52d	1442
6605	d8b47019-eb0b-42e5-a38a-2589ad67e52d	1443
6606	d8b47019-eb0b-42e5-a38a-2589ad67e52d	1444
6607	d8b47019-eb0b-42e5-a38a-2589ad67e52d	1445
6608	d8b47019-eb0b-42e5-a38a-2589ad67e52d	1446
6609	d8b47019-eb0b-42e5-a38a-2589ad67e52d	1447
6610	d8b47019-eb0b-42e5-a38a-2589ad67e52d	1448
6611	d8b47019-eb0b-42e5-a38a-2589ad67e52d	1449
6612	d8b47019-eb0b-42e5-a38a-2589ad67e52d	1450
6613	d8b47019-eb0b-42e5-a38a-2589ad67e52d	1451
6614	d8b47019-eb0b-42e5-a38a-2589ad67e52d	1452
6615	d8b47019-eb0b-42e5-a38a-2589ad67e52d	1453
6616	d8b47019-eb0b-42e5-a38a-2589ad67e52d	1454
6617	d8b47019-eb0b-42e5-a38a-2589ad67e52d	1455
6618	d8b47019-eb0b-42e5-a38a-2589ad67e52d	1456
6619	d8b47019-eb0b-42e5-a38a-2589ad67e52d	1457
6620	d8b47019-eb0b-42e5-a38a-2589ad67e52d	1458
6621	d8b47019-eb0b-42e5-a38a-2589ad67e52d	1459
6622	d8b47019-eb0b-42e5-a38a-2589ad67e52d	1460
6623	d8b47019-eb0b-42e5-a38a-2589ad67e52d	1461
6624	d8b47019-eb0b-42e5-a38a-2589ad67e52d	1462
6625	d8b47019-eb0b-42e5-a38a-2589ad67e52d	1463
6626	d8b47019-eb0b-42e5-a38a-2589ad67e52d	1464
6627	d8b47019-eb0b-42e5-a38a-2589ad67e52d	1465
6628	d8b47019-eb0b-42e5-a38a-2589ad67e52d	1466
6629	d8b47019-eb0b-42e5-a38a-2589ad67e52d	1467
6630	d8b47019-eb0b-42e5-a38a-2589ad67e52d	1468
6631	d8b47019-eb0b-42e5-a38a-2589ad67e52d	1469
6632	d8b47019-eb0b-42e5-a38a-2589ad67e52d	1470
6633	d8b47019-eb0b-42e5-a38a-2589ad67e52d	1471
6634	d8b47019-eb0b-42e5-a38a-2589ad67e52d	1472
6635	d8b47019-eb0b-42e5-a38a-2589ad67e52d	1473
6636	d8b47019-eb0b-42e5-a38a-2589ad67e52d	1474
6637	d8b47019-eb0b-42e5-a38a-2589ad67e52d	1475
6638	d8b47019-eb0b-42e5-a38a-2589ad67e52d	1476
6639	d8b47019-eb0b-42e5-a38a-2589ad67e52d	1477
6640	d8b47019-eb0b-42e5-a38a-2589ad67e52d	1478
6641	d8b47019-eb0b-42e5-a38a-2589ad67e52d	1479
6642	d8b47019-eb0b-42e5-a38a-2589ad67e52d	1480
6643	d8b47019-eb0b-42e5-a38a-2589ad67e52d	1481
6644	d8b47019-eb0b-42e5-a38a-2589ad67e52d	1482
6645	d8b47019-eb0b-42e5-a38a-2589ad67e52d	1483
6646	d8b47019-eb0b-42e5-a38a-2589ad67e52d	1484
6647	d8b47019-eb0b-42e5-a38a-2589ad67e52d	1485
6648	d8b47019-eb0b-42e5-a38a-2589ad67e52d	1486
6649	d8b47019-eb0b-42e5-a38a-2589ad67e52d	1487
6650	d8b47019-eb0b-42e5-a38a-2589ad67e52d	1488
6651	d8b47019-eb0b-42e5-a38a-2589ad67e52d	1489
6652	d8b47019-eb0b-42e5-a38a-2589ad67e52d	1490
6653	d8b47019-eb0b-42e5-a38a-2589ad67e52d	1491
6654	d8b47019-eb0b-42e5-a38a-2589ad67e52d	1492
6655	d8b47019-eb0b-42e5-a38a-2589ad67e52d	1493
6656	d8b47019-eb0b-42e5-a38a-2589ad67e52d	1494
6657	d8b47019-eb0b-42e5-a38a-2589ad67e52d	1495
6658	d8b47019-eb0b-42e5-a38a-2589ad67e52d	1496
6659	d8b47019-eb0b-42e5-a38a-2589ad67e52d	1497
6660	d8b47019-eb0b-42e5-a38a-2589ad67e52d	1498
6661	d8b47019-eb0b-42e5-a38a-2589ad67e52d	1499
6662	d8b47019-eb0b-42e5-a38a-2589ad67e52d	1500
6663	d8b47019-eb0b-42e5-a38a-2589ad67e52d	1501
6664	d8b47019-eb0b-42e5-a38a-2589ad67e52d	1502
6665	d8b47019-eb0b-42e5-a38a-2589ad67e52d	1503
6666	d8b47019-eb0b-42e5-a38a-2589ad67e52d	1504
6667	d8b47019-eb0b-42e5-a38a-2589ad67e52d	1505
6668	d8b47019-eb0b-42e5-a38a-2589ad67e52d	1506
6669	d8b47019-eb0b-42e5-a38a-2589ad67e52d	1507
6670	d8b47019-eb0b-42e5-a38a-2589ad67e52d	1508
6671	d8b47019-eb0b-42e5-a38a-2589ad67e52d	1509
6672	d8b47019-eb0b-42e5-a38a-2589ad67e52d	1510
6673	d8b47019-eb0b-42e5-a38a-2589ad67e52d	1511
6674	d8b47019-eb0b-42e5-a38a-2589ad67e52d	1512
6675	d8b47019-eb0b-42e5-a38a-2589ad67e52d	1513
6676	d8b47019-eb0b-42e5-a38a-2589ad67e52d	1514
6677	d8b47019-eb0b-42e5-a38a-2589ad67e52d	1515
6678	d8b47019-eb0b-42e5-a38a-2589ad67e52d	1516
6679	d8b47019-eb0b-42e5-a38a-2589ad67e52d	1517
6680	d8b47019-eb0b-42e5-a38a-2589ad67e52d	1518
6681	d8b47019-eb0b-42e5-a38a-2589ad67e52d	1519
6682	d8b47019-eb0b-42e5-a38a-2589ad67e52d	1520
6683	d8b47019-eb0b-42e5-a38a-2589ad67e52d	1521
6684	d8b47019-eb0b-42e5-a38a-2589ad67e52d	1522
6685	d8b47019-eb0b-42e5-a38a-2589ad67e52d	1523
6686	d8b47019-eb0b-42e5-a38a-2589ad67e52d	1524
6687	d8b47019-eb0b-42e5-a38a-2589ad67e52d	1525
6688	d8b47019-eb0b-42e5-a38a-2589ad67e52d	1526
6689	d8b47019-eb0b-42e5-a38a-2589ad67e52d	1527
6690	d8b47019-eb0b-42e5-a38a-2589ad67e52d	1528
6691	d8b47019-eb0b-42e5-a38a-2589ad67e52d	1529
6692	d8b47019-eb0b-42e5-a38a-2589ad67e52d	1530
6693	d8b47019-eb0b-42e5-a38a-2589ad67e52d	1531
6694	d8b47019-eb0b-42e5-a38a-2589ad67e52d	1532
6695	d8b47019-eb0b-42e5-a38a-2589ad67e52d	1533
6696	d8b47019-eb0b-42e5-a38a-2589ad67e52d	1534
6697	d8b47019-eb0b-42e5-a38a-2589ad67e52d	1535
6698	d8b47019-eb0b-42e5-a38a-2589ad67e52d	1536
6699	d8b47019-eb0b-42e5-a38a-2589ad67e52d	1537
6700	d8b47019-eb0b-42e5-a38a-2589ad67e52d	1538
6701	d8b47019-eb0b-42e5-a38a-2589ad67e52d	1539
6702	d8b47019-eb0b-42e5-a38a-2589ad67e52d	1540
6703	d8b47019-eb0b-42e5-a38a-2589ad67e52d	1541
6704	d8b47019-eb0b-42e5-a38a-2589ad67e52d	1542
6705	d8b47019-eb0b-42e5-a38a-2589ad67e52d	1543
6706	d8b47019-eb0b-42e5-a38a-2589ad67e52d	1544
6707	d8b47019-eb0b-42e5-a38a-2589ad67e52d	1545
6708	d8b47019-eb0b-42e5-a38a-2589ad67e52d	1546
6709	d8b47019-eb0b-42e5-a38a-2589ad67e52d	1547
6710	d8b47019-eb0b-42e5-a38a-2589ad67e52d	1548
6711	d8b47019-eb0b-42e5-a38a-2589ad67e52d	1549
6712	d8b47019-eb0b-42e5-a38a-2589ad67e52d	1550
6713	d8b47019-eb0b-42e5-a38a-2589ad67e52d	1551
6714	d8b47019-eb0b-42e5-a38a-2589ad67e52d	1552
6715	d8b47019-eb0b-42e5-a38a-2589ad67e52d	1553
6716	d8b47019-eb0b-42e5-a38a-2589ad67e52d	1554
6717	d8b47019-eb0b-42e5-a38a-2589ad67e52d	1555
6718	d8b47019-eb0b-42e5-a38a-2589ad67e52d	1556
6719	d8b47019-eb0b-42e5-a38a-2589ad67e52d	1557
6720	d8b47019-eb0b-42e5-a38a-2589ad67e52d	1558
6721	d8b47019-eb0b-42e5-a38a-2589ad67e52d	1559
6722	d8b47019-eb0b-42e5-a38a-2589ad67e52d	1560
6723	d8b47019-eb0b-42e5-a38a-2589ad67e52d	1561
6724	d8b47019-eb0b-42e5-a38a-2589ad67e52d	1562
6725	d8b47019-eb0b-42e5-a38a-2589ad67e52d	1563
6726	d8b47019-eb0b-42e5-a38a-2589ad67e52d	1564
6727	d8b47019-eb0b-42e5-a38a-2589ad67e52d	1565
6728	d8b47019-eb0b-42e5-a38a-2589ad67e52d	1566
6729	d8b47019-eb0b-42e5-a38a-2589ad67e52d	1567
6730	d8b47019-eb0b-42e5-a38a-2589ad67e52d	1568
6731	d8b47019-eb0b-42e5-a38a-2589ad67e52d	1569
6732	d8b47019-eb0b-42e5-a38a-2589ad67e52d	1570
6733	d8b47019-eb0b-42e5-a38a-2589ad67e52d	1571
6734	d8b47019-eb0b-42e5-a38a-2589ad67e52d	1572
6735	d8b47019-eb0b-42e5-a38a-2589ad67e52d	1573
6736	d8b47019-eb0b-42e5-a38a-2589ad67e52d	1574
6737	d8b47019-eb0b-42e5-a38a-2589ad67e52d	1575
6738	d8b47019-eb0b-42e5-a38a-2589ad67e52d	1576
6739	d8b47019-eb0b-42e5-a38a-2589ad67e52d	1577
6740	d8b47019-eb0b-42e5-a38a-2589ad67e52d	1578
6741	d8b47019-eb0b-42e5-a38a-2589ad67e52d	1579
6742	d8b47019-eb0b-42e5-a38a-2589ad67e52d	1580
6743	d8b47019-eb0b-42e5-a38a-2589ad67e52d	1581
6744	d8b47019-eb0b-42e5-a38a-2589ad67e52d	1582
6745	d8b47019-eb0b-42e5-a38a-2589ad67e52d	1583
6746	d8b47019-eb0b-42e5-a38a-2589ad67e52d	1584
6747	d8b47019-eb0b-42e5-a38a-2589ad67e52d	1585
6748	d8b47019-eb0b-42e5-a38a-2589ad67e52d	1586
6749	d8b47019-eb0b-42e5-a38a-2589ad67e52d	1587
6750	d8b47019-eb0b-42e5-a38a-2589ad67e52d	1588
6751	d8b47019-eb0b-42e5-a38a-2589ad67e52d	1589
6752	d8b47019-eb0b-42e5-a38a-2589ad67e52d	1590
6753	d8b47019-eb0b-42e5-a38a-2589ad67e52d	1591
6754	d8b47019-eb0b-42e5-a38a-2589ad67e52d	1592
6755	d8b47019-eb0b-42e5-a38a-2589ad67e52d	1593
6756	d8b47019-eb0b-42e5-a38a-2589ad67e52d	1594
6757	d8b47019-eb0b-42e5-a38a-2589ad67e52d	1595
6758	d8b47019-eb0b-42e5-a38a-2589ad67e52d	1596
6759	d8b47019-eb0b-42e5-a38a-2589ad67e52d	1597
6760	d8b47019-eb0b-42e5-a38a-2589ad67e52d	1598
6761	d8b47019-eb0b-42e5-a38a-2589ad67e52d	1599
6762	d8b47019-eb0b-42e5-a38a-2589ad67e52d	1600
6763	d8b47019-eb0b-42e5-a38a-2589ad67e52d	1601
6764	d8b47019-eb0b-42e5-a38a-2589ad67e52d	1602
6765	d8b47019-eb0b-42e5-a38a-2589ad67e52d	1603
6766	d8b47019-eb0b-42e5-a38a-2589ad67e52d	1604
6767	d8b47019-eb0b-42e5-a38a-2589ad67e52d	1605
6768	d8b47019-eb0b-42e5-a38a-2589ad67e52d	1606
6769	d8b47019-eb0b-42e5-a38a-2589ad67e52d	1607
6770	d8b47019-eb0b-42e5-a38a-2589ad67e52d	1608
6771	d8b47019-eb0b-42e5-a38a-2589ad67e52d	1609
6772	d8b47019-eb0b-42e5-a38a-2589ad67e52d	1610
6773	d8b47019-eb0b-42e5-a38a-2589ad67e52d	1611
6774	d8b47019-eb0b-42e5-a38a-2589ad67e52d	1612
6775	d8b47019-eb0b-42e5-a38a-2589ad67e52d	1613
6776	d8b47019-eb0b-42e5-a38a-2589ad67e52d	1614
6777	d8b47019-eb0b-42e5-a38a-2589ad67e52d	1615
6778	d8b47019-eb0b-42e5-a38a-2589ad67e52d	1616
6779	d8b47019-eb0b-42e5-a38a-2589ad67e52d	1617
6780	d8b47019-eb0b-42e5-a38a-2589ad67e52d	1618
6781	d8b47019-eb0b-42e5-a38a-2589ad67e52d	1619
6782	d8b47019-eb0b-42e5-a38a-2589ad67e52d	1620
6783	d8b47019-eb0b-42e5-a38a-2589ad67e52d	1621
6784	d8b47019-eb0b-42e5-a38a-2589ad67e52d	1622
6785	d8b47019-eb0b-42e5-a38a-2589ad67e52d	1623
6786	d8b47019-eb0b-42e5-a38a-2589ad67e52d	1624
6787	d8b47019-eb0b-42e5-a38a-2589ad67e52d	1625
6788	d8b47019-eb0b-42e5-a38a-2589ad67e52d	1626
6789	d8b47019-eb0b-42e5-a38a-2589ad67e52d	1627
6790	d8b47019-eb0b-42e5-a38a-2589ad67e52d	1628
6791	d8b47019-eb0b-42e5-a38a-2589ad67e52d	1629
6792	d8b47019-eb0b-42e5-a38a-2589ad67e52d	1630
6793	d8b47019-eb0b-42e5-a38a-2589ad67e52d	1631
6794	d8b47019-eb0b-42e5-a38a-2589ad67e52d	1632
6795	d8b47019-eb0b-42e5-a38a-2589ad67e52d	1633
6796	d8b47019-eb0b-42e5-a38a-2589ad67e52d	1634
6797	d8b47019-eb0b-42e5-a38a-2589ad67e52d	1635
6798	d8b47019-eb0b-42e5-a38a-2589ad67e52d	1636
6799	d8b47019-eb0b-42e5-a38a-2589ad67e52d	1637
6800	d8b47019-eb0b-42e5-a38a-2589ad67e52d	1638
6801	d8b47019-eb0b-42e5-a38a-2589ad67e52d	1639
6802	d8b47019-eb0b-42e5-a38a-2589ad67e52d	1640
6803	d8b47019-eb0b-42e5-a38a-2589ad67e52d	1641
6804	d8b47019-eb0b-42e5-a38a-2589ad67e52d	1642
6805	d8b47019-eb0b-42e5-a38a-2589ad67e52d	1643
6806	d8b47019-eb0b-42e5-a38a-2589ad67e52d	1644
6807	d8b47019-eb0b-42e5-a38a-2589ad67e52d	1645
6808	d8b47019-eb0b-42e5-a38a-2589ad67e52d	1646
6809	d8b47019-eb0b-42e5-a38a-2589ad67e52d	1647
6810	d8b47019-eb0b-42e5-a38a-2589ad67e52d	1648
6811	d8b47019-eb0b-42e5-a38a-2589ad67e52d	1649
6812	d8b47019-eb0b-42e5-a38a-2589ad67e52d	1650
6813	d8b47019-eb0b-42e5-a38a-2589ad67e52d	1651
6814	d8b47019-eb0b-42e5-a38a-2589ad67e52d	1652
6815	d8b47019-eb0b-42e5-a38a-2589ad67e52d	1653
6816	d8b47019-eb0b-42e5-a38a-2589ad67e52d	1654
6817	d8b47019-eb0b-42e5-a38a-2589ad67e52d	1655
6818	d8b47019-eb0b-42e5-a38a-2589ad67e52d	1656
6819	d8b47019-eb0b-42e5-a38a-2589ad67e52d	1657
6820	d8b47019-eb0b-42e5-a38a-2589ad67e52d	1658
6821	d8b47019-eb0b-42e5-a38a-2589ad67e52d	1659
6822	d8b47019-eb0b-42e5-a38a-2589ad67e52d	1660
6823	d8b47019-eb0b-42e5-a38a-2589ad67e52d	1661
6824	d8b47019-eb0b-42e5-a38a-2589ad67e52d	1662
6825	d8b47019-eb0b-42e5-a38a-2589ad67e52d	1663
6826	d8b47019-eb0b-42e5-a38a-2589ad67e52d	1664
6827	d8b47019-eb0b-42e5-a38a-2589ad67e52d	1665
6828	d8b47019-eb0b-42e5-a38a-2589ad67e52d	1666
6829	d8b47019-eb0b-42e5-a38a-2589ad67e52d	1667
6830	d8b47019-eb0b-42e5-a38a-2589ad67e52d	1668
6831	d8b47019-eb0b-42e5-a38a-2589ad67e52d	1669
6832	d8b47019-eb0b-42e5-a38a-2589ad67e52d	1670
6833	d8b47019-eb0b-42e5-a38a-2589ad67e52d	1671
6834	d8b47019-eb0b-42e5-a38a-2589ad67e52d	1672
6835	d8b47019-eb0b-42e5-a38a-2589ad67e52d	1673
6836	d8b47019-eb0b-42e5-a38a-2589ad67e52d	1674
6837	d8b47019-eb0b-42e5-a38a-2589ad67e52d	1675
6838	d8b47019-eb0b-42e5-a38a-2589ad67e52d	1676
6839	d8b47019-eb0b-42e5-a38a-2589ad67e52d	1677
6840	d8b47019-eb0b-42e5-a38a-2589ad67e52d	1678
6841	d8b47019-eb0b-42e5-a38a-2589ad67e52d	1679
6842	d8b47019-eb0b-42e5-a38a-2589ad67e52d	1680
6843	d8b47019-eb0b-42e5-a38a-2589ad67e52d	1681
6844	d8b47019-eb0b-42e5-a38a-2589ad67e52d	1682
6845	d8b47019-eb0b-42e5-a38a-2589ad67e52d	1683
6846	d8b47019-eb0b-42e5-a38a-2589ad67e52d	1684
6847	d8b47019-eb0b-42e5-a38a-2589ad67e52d	1685
6848	d8b47019-eb0b-42e5-a38a-2589ad67e52d	1686
6849	d8b47019-eb0b-42e5-a38a-2589ad67e52d	1687
6850	d8b47019-eb0b-42e5-a38a-2589ad67e52d	1688
6851	d8b47019-eb0b-42e5-a38a-2589ad67e52d	1689
6852	d8b47019-eb0b-42e5-a38a-2589ad67e52d	1690
6853	d8b47019-eb0b-42e5-a38a-2589ad67e52d	1691
6854	d8b47019-eb0b-42e5-a38a-2589ad67e52d	1692
6855	d8b47019-eb0b-42e5-a38a-2589ad67e52d	1693
6856	d8b47019-eb0b-42e5-a38a-2589ad67e52d	1694
6857	d8b47019-eb0b-42e5-a38a-2589ad67e52d	1695
6858	d8b47019-eb0b-42e5-a38a-2589ad67e52d	1696
6859	d8b47019-eb0b-42e5-a38a-2589ad67e52d	1697
6860	d8b47019-eb0b-42e5-a38a-2589ad67e52d	1698
6861	d8b47019-eb0b-42e5-a38a-2589ad67e52d	1699
6862	d8b47019-eb0b-42e5-a38a-2589ad67e52d	1700
6863	d8b47019-eb0b-42e5-a38a-2589ad67e52d	1701
6864	d8b47019-eb0b-42e5-a38a-2589ad67e52d	1702
6865	d8b47019-eb0b-42e5-a38a-2589ad67e52d	1703
6866	d8b47019-eb0b-42e5-a38a-2589ad67e52d	1704
6867	d8b47019-eb0b-42e5-a38a-2589ad67e52d	1705
6868	d8b47019-eb0b-42e5-a38a-2589ad67e52d	1706
6869	d8b47019-eb0b-42e5-a38a-2589ad67e52d	1707
6870	d8b47019-eb0b-42e5-a38a-2589ad67e52d	1708
6871	d8b47019-eb0b-42e5-a38a-2589ad67e52d	1709
6872	d8b47019-eb0b-42e5-a38a-2589ad67e52d	1710
6873	d8b47019-eb0b-42e5-a38a-2589ad67e52d	1711
6874	d8b47019-eb0b-42e5-a38a-2589ad67e52d	1712
6875	d8b47019-eb0b-42e5-a38a-2589ad67e52d	1713
6876	d8b47019-eb0b-42e5-a38a-2589ad67e52d	1714
6877	d8b47019-eb0b-42e5-a38a-2589ad67e52d	1715
6878	d8b47019-eb0b-42e5-a38a-2589ad67e52d	1716
6879	d8b47019-eb0b-42e5-a38a-2589ad67e52d	1717
6880	d8b47019-eb0b-42e5-a38a-2589ad67e52d	1718
6881	d8b47019-eb0b-42e5-a38a-2589ad67e52d	1719
6882	d8b47019-eb0b-42e5-a38a-2589ad67e52d	1720
6883	d8b47019-eb0b-42e5-a38a-2589ad67e52d	1721
6884	d8b47019-eb0b-42e5-a38a-2589ad67e52d	1722
6885	d8b47019-eb0b-42e5-a38a-2589ad67e52d	1723
6886	d8b47019-eb0b-42e5-a38a-2589ad67e52d	1724
6887	d8b47019-eb0b-42e5-a38a-2589ad67e52d	1725
6888	d8b47019-eb0b-42e5-a38a-2589ad67e52d	1726
6889	d8b47019-eb0b-42e5-a38a-2589ad67e52d	1727
6890	d8b47019-eb0b-42e5-a38a-2589ad67e52d	1728
6891	d8b47019-eb0b-42e5-a38a-2589ad67e52d	1729
6892	d8b47019-eb0b-42e5-a38a-2589ad67e52d	1730
6893	d8b47019-eb0b-42e5-a38a-2589ad67e52d	1731
6894	d8b47019-eb0b-42e5-a38a-2589ad67e52d	1732
6895	d8b47019-eb0b-42e5-a38a-2589ad67e52d	1733
6896	d8b47019-eb0b-42e5-a38a-2589ad67e52d	1734
6897	d8b47019-eb0b-42e5-a38a-2589ad67e52d	1735
6898	d8b47019-eb0b-42e5-a38a-2589ad67e52d	1736
6899	d8b47019-eb0b-42e5-a38a-2589ad67e52d	1737
6900	d8b47019-eb0b-42e5-a38a-2589ad67e52d	1738
6901	d8b47019-eb0b-42e5-a38a-2589ad67e52d	1739
6902	d8b47019-eb0b-42e5-a38a-2589ad67e52d	1740
6903	d8b47019-eb0b-42e5-a38a-2589ad67e52d	1741
6904	d8b47019-eb0b-42e5-a38a-2589ad67e52d	1742
6905	d8b47019-eb0b-42e5-a38a-2589ad67e52d	1743
6906	d8b47019-eb0b-42e5-a38a-2589ad67e52d	1744
6907	d8b47019-eb0b-42e5-a38a-2589ad67e52d	1745
6908	d8b47019-eb0b-42e5-a38a-2589ad67e52d	1746
6909	d8b47019-eb0b-42e5-a38a-2589ad67e52d	1747
6910	d8b47019-eb0b-42e5-a38a-2589ad67e52d	1748
6911	d8b47019-eb0b-42e5-a38a-2589ad67e52d	1749
6912	d8b47019-eb0b-42e5-a38a-2589ad67e52d	1750
6913	d8b47019-eb0b-42e5-a38a-2589ad67e52d	1751
6914	d8b47019-eb0b-42e5-a38a-2589ad67e52d	1752
6915	d8b47019-eb0b-42e5-a38a-2589ad67e52d	1753
6916	d8b47019-eb0b-42e5-a38a-2589ad67e52d	1754
6917	d8b47019-eb0b-42e5-a38a-2589ad67e52d	1755
6918	d8b47019-eb0b-42e5-a38a-2589ad67e52d	1756
6919	d8b47019-eb0b-42e5-a38a-2589ad67e52d	1757
6920	d8b47019-eb0b-42e5-a38a-2589ad67e52d	1758
6921	d8b47019-eb0b-42e5-a38a-2589ad67e52d	1759
6922	d8b47019-eb0b-42e5-a38a-2589ad67e52d	1760
6923	d8b47019-eb0b-42e5-a38a-2589ad67e52d	1761
6924	d8b47019-eb0b-42e5-a38a-2589ad67e52d	1762
6925	d8b47019-eb0b-42e5-a38a-2589ad67e52d	1763
6926	d8b47019-eb0b-42e5-a38a-2589ad67e52d	1764
6927	d8b47019-eb0b-42e5-a38a-2589ad67e52d	1765
6928	d8b47019-eb0b-42e5-a38a-2589ad67e52d	1766
6929	d8b47019-eb0b-42e5-a38a-2589ad67e52d	1767
6930	d8b47019-eb0b-42e5-a38a-2589ad67e52d	1768
6931	d8b47019-eb0b-42e5-a38a-2589ad67e52d	1769
6932	d8b47019-eb0b-42e5-a38a-2589ad67e52d	1770
6933	d8b47019-eb0b-42e5-a38a-2589ad67e52d	1771
6934	d8b47019-eb0b-42e5-a38a-2589ad67e52d	1772
6935	d8b47019-eb0b-42e5-a38a-2589ad67e52d	1773
6936	d8b47019-eb0b-42e5-a38a-2589ad67e52d	1774
6937	d8b47019-eb0b-42e5-a38a-2589ad67e52d	1775
6938	d8b47019-eb0b-42e5-a38a-2589ad67e52d	1776
6939	d8b47019-eb0b-42e5-a38a-2589ad67e52d	1777
6940	d8b47019-eb0b-42e5-a38a-2589ad67e52d	1778
6941	d8b47019-eb0b-42e5-a38a-2589ad67e52d	1779
6942	d8b47019-eb0b-42e5-a38a-2589ad67e52d	1780
6943	d8b47019-eb0b-42e5-a38a-2589ad67e52d	1781
6944	d8b47019-eb0b-42e5-a38a-2589ad67e52d	1782
6945	d8b47019-eb0b-42e5-a38a-2589ad67e52d	1783
6946	d8b47019-eb0b-42e5-a38a-2589ad67e52d	1784
6947	d8b47019-eb0b-42e5-a38a-2589ad67e52d	1785
6948	d8b47019-eb0b-42e5-a38a-2589ad67e52d	1786
6949	d8b47019-eb0b-42e5-a38a-2589ad67e52d	1787
6950	d8b47019-eb0b-42e5-a38a-2589ad67e52d	1788
6951	d8b47019-eb0b-42e5-a38a-2589ad67e52d	1789
6952	d8b47019-eb0b-42e5-a38a-2589ad67e52d	1790
6953	d8b47019-eb0b-42e5-a38a-2589ad67e52d	1791
6954	d8b47019-eb0b-42e5-a38a-2589ad67e52d	1792
6955	d8b47019-eb0b-42e5-a38a-2589ad67e52d	1793
6956	d8b47019-eb0b-42e5-a38a-2589ad67e52d	1794
6957	d8b47019-eb0b-42e5-a38a-2589ad67e52d	1795
6958	d8b47019-eb0b-42e5-a38a-2589ad67e52d	1796
6959	d8b47019-eb0b-42e5-a38a-2589ad67e52d	1797
6960	d8b47019-eb0b-42e5-a38a-2589ad67e52d	1798
6961	d8b47019-eb0b-42e5-a38a-2589ad67e52d	1799
6962	d8b47019-eb0b-42e5-a38a-2589ad67e52d	1800
6963	d8b47019-eb0b-42e5-a38a-2589ad67e52d	1801
6964	d8b47019-eb0b-42e5-a38a-2589ad67e52d	1802
6965	d8b47019-eb0b-42e5-a38a-2589ad67e52d	1803
6966	d8b47019-eb0b-42e5-a38a-2589ad67e52d	1804
6967	d8b47019-eb0b-42e5-a38a-2589ad67e52d	1805
6968	d8b47019-eb0b-42e5-a38a-2589ad67e52d	1806
6969	d8b47019-eb0b-42e5-a38a-2589ad67e52d	1807
6970	d8b47019-eb0b-42e5-a38a-2589ad67e52d	1808
6971	d8b47019-eb0b-42e5-a38a-2589ad67e52d	1809
6972	d8b47019-eb0b-42e5-a38a-2589ad67e52d	1810
6973	d8b47019-eb0b-42e5-a38a-2589ad67e52d	1811
6974	d8b47019-eb0b-42e5-a38a-2589ad67e52d	1812
6975	d8b47019-eb0b-42e5-a38a-2589ad67e52d	1813
6976	d8b47019-eb0b-42e5-a38a-2589ad67e52d	1814
6977	d8b47019-eb0b-42e5-a38a-2589ad67e52d	1815
6978	d8b47019-eb0b-42e5-a38a-2589ad67e52d	1816
6979	d8b47019-eb0b-42e5-a38a-2589ad67e52d	1817
6980	d8b47019-eb0b-42e5-a38a-2589ad67e52d	1818
6981	d8b47019-eb0b-42e5-a38a-2589ad67e52d	1819
6982	d8b47019-eb0b-42e5-a38a-2589ad67e52d	1820
6983	d8b47019-eb0b-42e5-a38a-2589ad67e52d	1821
6984	d8b47019-eb0b-42e5-a38a-2589ad67e52d	1822
6985	d8b47019-eb0b-42e5-a38a-2589ad67e52d	1823
6986	d8b47019-eb0b-42e5-a38a-2589ad67e52d	1824
6987	d8b47019-eb0b-42e5-a38a-2589ad67e52d	1825
6988	d8b47019-eb0b-42e5-a38a-2589ad67e52d	1826
6989	d8b47019-eb0b-42e5-a38a-2589ad67e52d	1827
6990	d8b47019-eb0b-42e5-a38a-2589ad67e52d	1828
6991	d8b47019-eb0b-42e5-a38a-2589ad67e52d	1829
6992	d8b47019-eb0b-42e5-a38a-2589ad67e52d	1830
6993	d8b47019-eb0b-42e5-a38a-2589ad67e52d	1831
6994	d8b47019-eb0b-42e5-a38a-2589ad67e52d	1832
6995	d8b47019-eb0b-42e5-a38a-2589ad67e52d	1833
6996	d8b47019-eb0b-42e5-a38a-2589ad67e52d	1834
6997	d8b47019-eb0b-42e5-a38a-2589ad67e52d	1835
6998	d8b47019-eb0b-42e5-a38a-2589ad67e52d	1836
6999	d8b47019-eb0b-42e5-a38a-2589ad67e52d	1837
7000	d8b47019-eb0b-42e5-a38a-2589ad67e52d	1838
7001	d8b47019-eb0b-42e5-a38a-2589ad67e52d	1839
7002	d8b47019-eb0b-42e5-a38a-2589ad67e52d	1840
7003	d8b47019-eb0b-42e5-a38a-2589ad67e52d	1841
7004	d8b47019-eb0b-42e5-a38a-2589ad67e52d	1842
7005	d8b47019-eb0b-42e5-a38a-2589ad67e52d	1843
7006	d8b47019-eb0b-42e5-a38a-2589ad67e52d	1844
7007	d8b47019-eb0b-42e5-a38a-2589ad67e52d	1845
7008	d8b47019-eb0b-42e5-a38a-2589ad67e52d	1846
7009	d8b47019-eb0b-42e5-a38a-2589ad67e52d	1847
7010	d8b47019-eb0b-42e5-a38a-2589ad67e52d	1848
7011	d8b47019-eb0b-42e5-a38a-2589ad67e52d	1849
7012	d8b47019-eb0b-42e5-a38a-2589ad67e52d	1850
7013	d8b47019-eb0b-42e5-a38a-2589ad67e52d	1851
7014	d8b47019-eb0b-42e5-a38a-2589ad67e52d	1852
7015	d8b47019-eb0b-42e5-a38a-2589ad67e52d	1853
7016	d8b47019-eb0b-42e5-a38a-2589ad67e52d	1854
7017	d8b47019-eb0b-42e5-a38a-2589ad67e52d	1855
7018	d8b47019-eb0b-42e5-a38a-2589ad67e52d	1856
7019	d8b47019-eb0b-42e5-a38a-2589ad67e52d	1857
7020	d8b47019-eb0b-42e5-a38a-2589ad67e52d	1858
7021	d8b47019-eb0b-42e5-a38a-2589ad67e52d	1859
7022	d8b47019-eb0b-42e5-a38a-2589ad67e52d	1860
7023	d8b47019-eb0b-42e5-a38a-2589ad67e52d	1861
7024	d8b47019-eb0b-42e5-a38a-2589ad67e52d	1862
7025	d8b47019-eb0b-42e5-a38a-2589ad67e52d	1863
7026	d8b47019-eb0b-42e5-a38a-2589ad67e52d	1864
7027	d8b47019-eb0b-42e5-a38a-2589ad67e52d	1865
7028	d8b47019-eb0b-42e5-a38a-2589ad67e52d	1866
7029	d8b47019-eb0b-42e5-a38a-2589ad67e52d	1867
7030	d8b47019-eb0b-42e5-a38a-2589ad67e52d	1868
7031	d8b47019-eb0b-42e5-a38a-2589ad67e52d	1869
7032	d8b47019-eb0b-42e5-a38a-2589ad67e52d	1870
7033	d8b47019-eb0b-42e5-a38a-2589ad67e52d	1871
7034	d8b47019-eb0b-42e5-a38a-2589ad67e52d	1872
7035	d8b47019-eb0b-42e5-a38a-2589ad67e52d	1873
7036	d8b47019-eb0b-42e5-a38a-2589ad67e52d	1874
7037	d8b47019-eb0b-42e5-a38a-2589ad67e52d	1875
7038	d8b47019-eb0b-42e5-a38a-2589ad67e52d	1876
7039	d8b47019-eb0b-42e5-a38a-2589ad67e52d	1877
7040	d8b47019-eb0b-42e5-a38a-2589ad67e52d	1878
7041	d8b47019-eb0b-42e5-a38a-2589ad67e52d	1879
7042	d8b47019-eb0b-42e5-a38a-2589ad67e52d	1880
7043	d8b47019-eb0b-42e5-a38a-2589ad67e52d	1881
7044	d8b47019-eb0b-42e5-a38a-2589ad67e52d	1882
7045	d8b47019-eb0b-42e5-a38a-2589ad67e52d	1883
7046	d8b47019-eb0b-42e5-a38a-2589ad67e52d	1884
7047	d8b47019-eb0b-42e5-a38a-2589ad67e52d	1885
7048	d8b47019-eb0b-42e5-a38a-2589ad67e52d	1886
7049	d8b47019-eb0b-42e5-a38a-2589ad67e52d	1887
7050	d8b47019-eb0b-42e5-a38a-2589ad67e52d	1888
7051	d8b47019-eb0b-42e5-a38a-2589ad67e52d	1889
7052	d8b47019-eb0b-42e5-a38a-2589ad67e52d	1890
7053	d8b47019-eb0b-42e5-a38a-2589ad67e52d	1891
7054	d8b47019-eb0b-42e5-a38a-2589ad67e52d	1892
7055	d8b47019-eb0b-42e5-a38a-2589ad67e52d	1893
7056	d8b47019-eb0b-42e5-a38a-2589ad67e52d	1894
7057	d8b47019-eb0b-42e5-a38a-2589ad67e52d	1895
7058	d8b47019-eb0b-42e5-a38a-2589ad67e52d	1896
7059	d8b47019-eb0b-42e5-a38a-2589ad67e52d	1897
7060	d8b47019-eb0b-42e5-a38a-2589ad67e52d	1898
7061	d8b47019-eb0b-42e5-a38a-2589ad67e52d	1899
7062	d8b47019-eb0b-42e5-a38a-2589ad67e52d	1900
7063	d8b47019-eb0b-42e5-a38a-2589ad67e52d	1901
7064	d8b47019-eb0b-42e5-a38a-2589ad67e52d	1902
7065	d8b47019-eb0b-42e5-a38a-2589ad67e52d	1903
7066	d8b47019-eb0b-42e5-a38a-2589ad67e52d	1904
7067	d8b47019-eb0b-42e5-a38a-2589ad67e52d	1905
7068	d8b47019-eb0b-42e5-a38a-2589ad67e52d	1906
7069	d8b47019-eb0b-42e5-a38a-2589ad67e52d	1907
7070	d8b47019-eb0b-42e5-a38a-2589ad67e52d	1908
7071	d8b47019-eb0b-42e5-a38a-2589ad67e52d	1909
7072	d8b47019-eb0b-42e5-a38a-2589ad67e52d	1910
7073	d8b47019-eb0b-42e5-a38a-2589ad67e52d	1911
7074	d8b47019-eb0b-42e5-a38a-2589ad67e52d	1912
7075	d8b47019-eb0b-42e5-a38a-2589ad67e52d	1913
7076	d8b47019-eb0b-42e5-a38a-2589ad67e52d	1914
7077	d8b47019-eb0b-42e5-a38a-2589ad67e52d	1915
7078	d8b47019-eb0b-42e5-a38a-2589ad67e52d	1916
7079	d8b47019-eb0b-42e5-a38a-2589ad67e52d	1917
7080	d8b47019-eb0b-42e5-a38a-2589ad67e52d	1918
7081	d8b47019-eb0b-42e5-a38a-2589ad67e52d	1919
7082	d8b47019-eb0b-42e5-a38a-2589ad67e52d	1920
7083	d8b47019-eb0b-42e5-a38a-2589ad67e52d	1921
7084	d8b47019-eb0b-42e5-a38a-2589ad67e52d	1922
7085	d8b47019-eb0b-42e5-a38a-2589ad67e52d	1923
7086	d8b47019-eb0b-42e5-a38a-2589ad67e52d	1924
7087	d8b47019-eb0b-42e5-a38a-2589ad67e52d	1925
7088	d8b47019-eb0b-42e5-a38a-2589ad67e52d	1926
7089	d8b47019-eb0b-42e5-a38a-2589ad67e52d	1927
7090	d8b47019-eb0b-42e5-a38a-2589ad67e52d	1928
7091	d8b47019-eb0b-42e5-a38a-2589ad67e52d	1929
7092	d8b47019-eb0b-42e5-a38a-2589ad67e52d	1930
7093	d8b47019-eb0b-42e5-a38a-2589ad67e52d	1931
7094	d8b47019-eb0b-42e5-a38a-2589ad67e52d	1932
7095	d8b47019-eb0b-42e5-a38a-2589ad67e52d	1933
7096	d8b47019-eb0b-42e5-a38a-2589ad67e52d	1934
7097	d8b47019-eb0b-42e5-a38a-2589ad67e52d	1935
7098	d8b47019-eb0b-42e5-a38a-2589ad67e52d	1936
7099	d8b47019-eb0b-42e5-a38a-2589ad67e52d	1937
7100	d8b47019-eb0b-42e5-a38a-2589ad67e52d	1938
7101	d8b47019-eb0b-42e5-a38a-2589ad67e52d	1939
7102	d8b47019-eb0b-42e5-a38a-2589ad67e52d	1940
7103	d8b47019-eb0b-42e5-a38a-2589ad67e52d	1941
7104	d8b47019-eb0b-42e5-a38a-2589ad67e52d	1942
7105	d8b47019-eb0b-42e5-a38a-2589ad67e52d	1943
7106	d8b47019-eb0b-42e5-a38a-2589ad67e52d	1944
7107	d8b47019-eb0b-42e5-a38a-2589ad67e52d	1945
7108	d8b47019-eb0b-42e5-a38a-2589ad67e52d	1946
7109	d8b47019-eb0b-42e5-a38a-2589ad67e52d	1947
7110	d8b47019-eb0b-42e5-a38a-2589ad67e52d	1948
7111	d8b47019-eb0b-42e5-a38a-2589ad67e52d	1949
7112	d8b47019-eb0b-42e5-a38a-2589ad67e52d	1950
7113	d8b47019-eb0b-42e5-a38a-2589ad67e52d	1951
7114	d8b47019-eb0b-42e5-a38a-2589ad67e52d	1952
7115	d8b47019-eb0b-42e5-a38a-2589ad67e52d	1953
7116	d8b47019-eb0b-42e5-a38a-2589ad67e52d	1954
7117	d8b47019-eb0b-42e5-a38a-2589ad67e52d	1955
7118	d8b47019-eb0b-42e5-a38a-2589ad67e52d	1956
7119	d8b47019-eb0b-42e5-a38a-2589ad67e52d	1957
7120	d8b47019-eb0b-42e5-a38a-2589ad67e52d	1958
7121	d8b47019-eb0b-42e5-a38a-2589ad67e52d	1959
7122	d8b47019-eb0b-42e5-a38a-2589ad67e52d	1960
7123	d8b47019-eb0b-42e5-a38a-2589ad67e52d	1961
7124	d8b47019-eb0b-42e5-a38a-2589ad67e52d	1962
7125	d8b47019-eb0b-42e5-a38a-2589ad67e52d	1963
7126	d8b47019-eb0b-42e5-a38a-2589ad67e52d	1964
7127	d8b47019-eb0b-42e5-a38a-2589ad67e52d	1965
7128	d8b47019-eb0b-42e5-a38a-2589ad67e52d	1966
7129	d8b47019-eb0b-42e5-a38a-2589ad67e52d	1967
7130	d8b47019-eb0b-42e5-a38a-2589ad67e52d	1968
7131	d8b47019-eb0b-42e5-a38a-2589ad67e52d	1969
7132	d8b47019-eb0b-42e5-a38a-2589ad67e52d	1970
7133	d8b47019-eb0b-42e5-a38a-2589ad67e52d	1971
7134	d8b47019-eb0b-42e5-a38a-2589ad67e52d	1972
7135	d8b47019-eb0b-42e5-a38a-2589ad67e52d	1973
7136	d8b47019-eb0b-42e5-a38a-2589ad67e52d	1974
7137	d8b47019-eb0b-42e5-a38a-2589ad67e52d	1975
7138	d8b47019-eb0b-42e5-a38a-2589ad67e52d	1976
7139	d8b47019-eb0b-42e5-a38a-2589ad67e52d	1977
7140	d8b47019-eb0b-42e5-a38a-2589ad67e52d	1978
7141	d8b47019-eb0b-42e5-a38a-2589ad67e52d	1979
7142	d8b47019-eb0b-42e5-a38a-2589ad67e52d	1980
7143	d8b47019-eb0b-42e5-a38a-2589ad67e52d	1981
7144	d8b47019-eb0b-42e5-a38a-2589ad67e52d	1982
7145	d8b47019-eb0b-42e5-a38a-2589ad67e52d	1983
7146	d8b47019-eb0b-42e5-a38a-2589ad67e52d	1984
7147	d8b47019-eb0b-42e5-a38a-2589ad67e52d	1985
7148	d8b47019-eb0b-42e5-a38a-2589ad67e52d	1986
7149	d8b47019-eb0b-42e5-a38a-2589ad67e52d	1987
7150	d8b47019-eb0b-42e5-a38a-2589ad67e52d	1988
7151	d8b47019-eb0b-42e5-a38a-2589ad67e52d	1989
7152	d8b47019-eb0b-42e5-a38a-2589ad67e52d	1990
7153	d8b47019-eb0b-42e5-a38a-2589ad67e52d	1991
7154	d8b47019-eb0b-42e5-a38a-2589ad67e52d	1992
7155	d8b47019-eb0b-42e5-a38a-2589ad67e52d	1993
7156	d8b47019-eb0b-42e5-a38a-2589ad67e52d	1994
7157	d8b47019-eb0b-42e5-a38a-2589ad67e52d	1995
7158	d8b47019-eb0b-42e5-a38a-2589ad67e52d	1996
7159	d8b47019-eb0b-42e5-a38a-2589ad67e52d	1997
7160	d8b47019-eb0b-42e5-a38a-2589ad67e52d	1998
7161	d8b47019-eb0b-42e5-a38a-2589ad67e52d	1999
7162	d8b47019-eb0b-42e5-a38a-2589ad67e52d	2000
7163	d8b47019-eb0b-42e5-a38a-2589ad67e52d	2001
7164	d8b47019-eb0b-42e5-a38a-2589ad67e52d	2002
7165	d8b47019-eb0b-42e5-a38a-2589ad67e52d	2003
7166	d8b47019-eb0b-42e5-a38a-2589ad67e52d	2004
7167	d8b47019-eb0b-42e5-a38a-2589ad67e52d	2005
7168	d8b47019-eb0b-42e5-a38a-2589ad67e52d	2006
7169	d8b47019-eb0b-42e5-a38a-2589ad67e52d	2007
7170	d8b47019-eb0b-42e5-a38a-2589ad67e52d	2008
7171	d8b47019-eb0b-42e5-a38a-2589ad67e52d	2009
7172	d8b47019-eb0b-42e5-a38a-2589ad67e52d	2010
7173	d8b47019-eb0b-42e5-a38a-2589ad67e52d	2011
7174	d8b47019-eb0b-42e5-a38a-2589ad67e52d	2012
7175	d8b47019-eb0b-42e5-a38a-2589ad67e52d	2013
7176	d8b47019-eb0b-42e5-a38a-2589ad67e52d	2014
7177	d8b47019-eb0b-42e5-a38a-2589ad67e52d	2015
7178	d8b47019-eb0b-42e5-a38a-2589ad67e52d	2016
7179	d8b47019-eb0b-42e5-a38a-2589ad67e52d	2017
7180	d8b47019-eb0b-42e5-a38a-2589ad67e52d	2018
7181	d8b47019-eb0b-42e5-a38a-2589ad67e52d	2019
7182	d8b47019-eb0b-42e5-a38a-2589ad67e52d	2020
7183	d8b47019-eb0b-42e5-a38a-2589ad67e52d	2021
7184	d8b47019-eb0b-42e5-a38a-2589ad67e52d	2022
7185	d8b47019-eb0b-42e5-a38a-2589ad67e52d	2023
7186	d8b47019-eb0b-42e5-a38a-2589ad67e52d	2024
7187	d8b47019-eb0b-42e5-a38a-2589ad67e52d	2025
7188	d8b47019-eb0b-42e5-a38a-2589ad67e52d	2026
7189	d8b47019-eb0b-42e5-a38a-2589ad67e52d	2027
7190	d8b47019-eb0b-42e5-a38a-2589ad67e52d	2028
7191	d8b47019-eb0b-42e5-a38a-2589ad67e52d	2029
7192	d8b47019-eb0b-42e5-a38a-2589ad67e52d	2030
7193	d8b47019-eb0b-42e5-a38a-2589ad67e52d	2031
7194	d8b47019-eb0b-42e5-a38a-2589ad67e52d	2032
7195	d8b47019-eb0b-42e5-a38a-2589ad67e52d	2033
7196	d8b47019-eb0b-42e5-a38a-2589ad67e52d	2034
7197	d8b47019-eb0b-42e5-a38a-2589ad67e52d	2035
7198	d8b47019-eb0b-42e5-a38a-2589ad67e52d	2036
7199	d8b47019-eb0b-42e5-a38a-2589ad67e52d	2037
7200	d8b47019-eb0b-42e5-a38a-2589ad67e52d	2038
7201	d8b47019-eb0b-42e5-a38a-2589ad67e52d	2039
7202	d8b47019-eb0b-42e5-a38a-2589ad67e52d	2040
7203	d8b47019-eb0b-42e5-a38a-2589ad67e52d	2041
7204	d8b47019-eb0b-42e5-a38a-2589ad67e52d	2042
7205	d8b47019-eb0b-42e5-a38a-2589ad67e52d	2043
7206	d8b47019-eb0b-42e5-a38a-2589ad67e52d	2044
7207	d8b47019-eb0b-42e5-a38a-2589ad67e52d	2045
7208	d8b47019-eb0b-42e5-a38a-2589ad67e52d	2046
7209	d8b47019-eb0b-42e5-a38a-2589ad67e52d	2047
7210	d8b47019-eb0b-42e5-a38a-2589ad67e52d	2048
7211	d8b47019-eb0b-42e5-a38a-2589ad67e52d	2049
7212	d8b47019-eb0b-42e5-a38a-2589ad67e52d	2050
7213	d8b47019-eb0b-42e5-a38a-2589ad67e52d	2051
7214	d8b47019-eb0b-42e5-a38a-2589ad67e52d	2052
7215	d8b47019-eb0b-42e5-a38a-2589ad67e52d	2053
7216	d8b47019-eb0b-42e5-a38a-2589ad67e52d	2054
7217	d8b47019-eb0b-42e5-a38a-2589ad67e52d	2055
7218	d8b47019-eb0b-42e5-a38a-2589ad67e52d	2056
7219	d8b47019-eb0b-42e5-a38a-2589ad67e52d	2057
7220	d8b47019-eb0b-42e5-a38a-2589ad67e52d	2058
7221	d8b47019-eb0b-42e5-a38a-2589ad67e52d	2059
7222	d8b47019-eb0b-42e5-a38a-2589ad67e52d	2060
7223	d8b47019-eb0b-42e5-a38a-2589ad67e52d	2061
7224	d8b47019-eb0b-42e5-a38a-2589ad67e52d	2062
7225	d8b47019-eb0b-42e5-a38a-2589ad67e52d	2063
7226	d8b47019-eb0b-42e5-a38a-2589ad67e52d	2064
7227	d8b47019-eb0b-42e5-a38a-2589ad67e52d	2065
7228	d8b47019-eb0b-42e5-a38a-2589ad67e52d	2066
7229	d8b47019-eb0b-42e5-a38a-2589ad67e52d	2067
7230	d8b47019-eb0b-42e5-a38a-2589ad67e52d	2068
7231	d8b47019-eb0b-42e5-a38a-2589ad67e52d	2069
7232	d8b47019-eb0b-42e5-a38a-2589ad67e52d	2070
7233	d8b47019-eb0b-42e5-a38a-2589ad67e52d	2071
7234	d8b47019-eb0b-42e5-a38a-2589ad67e52d	2072
7235	d8b47019-eb0b-42e5-a38a-2589ad67e52d	2073
7236	d8b47019-eb0b-42e5-a38a-2589ad67e52d	2074
7237	d8b47019-eb0b-42e5-a38a-2589ad67e52d	2075
7238	d8b47019-eb0b-42e5-a38a-2589ad67e52d	2076
7239	d8b47019-eb0b-42e5-a38a-2589ad67e52d	2077
7240	d8b47019-eb0b-42e5-a38a-2589ad67e52d	2078
7241	d8b47019-eb0b-42e5-a38a-2589ad67e52d	2079
7242	d8b47019-eb0b-42e5-a38a-2589ad67e52d	2080
7243	d8b47019-eb0b-42e5-a38a-2589ad67e52d	2081
7244	d8b47019-eb0b-42e5-a38a-2589ad67e52d	2082
7245	d8b47019-eb0b-42e5-a38a-2589ad67e52d	2083
7246	d8b47019-eb0b-42e5-a38a-2589ad67e52d	2084
7247	d8b47019-eb0b-42e5-a38a-2589ad67e52d	2085
7248	d8b47019-eb0b-42e5-a38a-2589ad67e52d	2086
7249	d8b47019-eb0b-42e5-a38a-2589ad67e52d	2087
7250	d8b47019-eb0b-42e5-a38a-2589ad67e52d	2088
7251	d8b47019-eb0b-42e5-a38a-2589ad67e52d	2089
7252	d8b47019-eb0b-42e5-a38a-2589ad67e52d	2090
7253	d8b47019-eb0b-42e5-a38a-2589ad67e52d	2091
7254	d8b47019-eb0b-42e5-a38a-2589ad67e52d	2092
7255	d8b47019-eb0b-42e5-a38a-2589ad67e52d	2093
7256	d8b47019-eb0b-42e5-a38a-2589ad67e52d	2094
7257	d8b47019-eb0b-42e5-a38a-2589ad67e52d	2095
7258	d8b47019-eb0b-42e5-a38a-2589ad67e52d	2096
7259	d8b47019-eb0b-42e5-a38a-2589ad67e52d	2097
7260	d8b47019-eb0b-42e5-a38a-2589ad67e52d	2098
7261	d8b47019-eb0b-42e5-a38a-2589ad67e52d	2099
7262	d8b47019-eb0b-42e5-a38a-2589ad67e52d	2100
7263	d8b47019-eb0b-42e5-a38a-2589ad67e52d	2101
7264	d8b47019-eb0b-42e5-a38a-2589ad67e52d	2102
7265	d8b47019-eb0b-42e5-a38a-2589ad67e52d	2103
7266	d8b47019-eb0b-42e5-a38a-2589ad67e52d	2104
7267	d8b47019-eb0b-42e5-a38a-2589ad67e52d	2105
7268	d8b47019-eb0b-42e5-a38a-2589ad67e52d	2106
7269	d8b47019-eb0b-42e5-a38a-2589ad67e52d	2107
7270	d8b47019-eb0b-42e5-a38a-2589ad67e52d	2108
7271	d8b47019-eb0b-42e5-a38a-2589ad67e52d	2109
7272	d8b47019-eb0b-42e5-a38a-2589ad67e52d	2110
7273	d8b47019-eb0b-42e5-a38a-2589ad67e52d	2111
7274	d8b47019-eb0b-42e5-a38a-2589ad67e52d	2112
7275	d8b47019-eb0b-42e5-a38a-2589ad67e52d	2113
7276	d8b47019-eb0b-42e5-a38a-2589ad67e52d	2114
7277	d8b47019-eb0b-42e5-a38a-2589ad67e52d	2115
7278	d8b47019-eb0b-42e5-a38a-2589ad67e52d	2116
7279	d8b47019-eb0b-42e5-a38a-2589ad67e52d	2117
7280	d8b47019-eb0b-42e5-a38a-2589ad67e52d	2118
7281	d8b47019-eb0b-42e5-a38a-2589ad67e52d	2119
7282	d8b47019-eb0b-42e5-a38a-2589ad67e52d	2120
7283	d8b47019-eb0b-42e5-a38a-2589ad67e52d	2121
7284	d8b47019-eb0b-42e5-a38a-2589ad67e52d	2122
7285	d8b47019-eb0b-42e5-a38a-2589ad67e52d	2123
7286	d8b47019-eb0b-42e5-a38a-2589ad67e52d	2124
7287	d8b47019-eb0b-42e5-a38a-2589ad67e52d	2125
7288	d8b47019-eb0b-42e5-a38a-2589ad67e52d	2126
7289	d8b47019-eb0b-42e5-a38a-2589ad67e52d	2127
7290	d8b47019-eb0b-42e5-a38a-2589ad67e52d	2128
7291	d8b47019-eb0b-42e5-a38a-2589ad67e52d	2129
7292	d8b47019-eb0b-42e5-a38a-2589ad67e52d	2130
7293	d8b47019-eb0b-42e5-a38a-2589ad67e52d	2131
7294	d8b47019-eb0b-42e5-a38a-2589ad67e52d	2132
7295	d8b47019-eb0b-42e5-a38a-2589ad67e52d	2133
7296	d8b47019-eb0b-42e5-a38a-2589ad67e52d	2134
7297	d8b47019-eb0b-42e5-a38a-2589ad67e52d	2135
7298	d8b47019-eb0b-42e5-a38a-2589ad67e52d	2136
7299	d8b47019-eb0b-42e5-a38a-2589ad67e52d	2137
7300	d8b47019-eb0b-42e5-a38a-2589ad67e52d	2138
7301	d8b47019-eb0b-42e5-a38a-2589ad67e52d	2139
7302	d8b47019-eb0b-42e5-a38a-2589ad67e52d	2140
7303	d8b47019-eb0b-42e5-a38a-2589ad67e52d	2141
7304	d8b47019-eb0b-42e5-a38a-2589ad67e52d	2142
7305	d8b47019-eb0b-42e5-a38a-2589ad67e52d	2143
7306	d8b47019-eb0b-42e5-a38a-2589ad67e52d	2144
7307	d8b47019-eb0b-42e5-a38a-2589ad67e52d	2145
7308	d8b47019-eb0b-42e5-a38a-2589ad67e52d	2146
7309	d8b47019-eb0b-42e5-a38a-2589ad67e52d	2147
7310	d8b47019-eb0b-42e5-a38a-2589ad67e52d	2148
7311	d8b47019-eb0b-42e5-a38a-2589ad67e52d	2149
7312	d8b47019-eb0b-42e5-a38a-2589ad67e52d	2150
7313	d8b47019-eb0b-42e5-a38a-2589ad67e52d	2151
7314	d8b47019-eb0b-42e5-a38a-2589ad67e52d	2152
7315	d8b47019-eb0b-42e5-a38a-2589ad67e52d	2153
7316	d8b47019-eb0b-42e5-a38a-2589ad67e52d	2154
7317	d8b47019-eb0b-42e5-a38a-2589ad67e52d	2155
7318	d8b47019-eb0b-42e5-a38a-2589ad67e52d	2156
7319	d8b47019-eb0b-42e5-a38a-2589ad67e52d	2157
7320	d8b47019-eb0b-42e5-a38a-2589ad67e52d	2158
7321	d8b47019-eb0b-42e5-a38a-2589ad67e52d	2159
7322	d8b47019-eb0b-42e5-a38a-2589ad67e52d	2160
7323	d8b47019-eb0b-42e5-a38a-2589ad67e52d	2161
7324	d8b47019-eb0b-42e5-a38a-2589ad67e52d	2162
7325	d8b47019-eb0b-42e5-a38a-2589ad67e52d	2163
7326	d8b47019-eb0b-42e5-a38a-2589ad67e52d	2164
7327	d8b47019-eb0b-42e5-a38a-2589ad67e52d	2165
7328	d8b47019-eb0b-42e5-a38a-2589ad67e52d	2166
7329	d8b47019-eb0b-42e5-a38a-2589ad67e52d	2167
7330	d8b47019-eb0b-42e5-a38a-2589ad67e52d	2168
7331	d8b47019-eb0b-42e5-a38a-2589ad67e52d	2169
7332	d8b47019-eb0b-42e5-a38a-2589ad67e52d	2170
7333	d8b47019-eb0b-42e5-a38a-2589ad67e52d	2171
7334	d8b47019-eb0b-42e5-a38a-2589ad67e52d	2172
7335	d8b47019-eb0b-42e5-a38a-2589ad67e52d	2173
7336	d8b47019-eb0b-42e5-a38a-2589ad67e52d	2174
7337	d8b47019-eb0b-42e5-a38a-2589ad67e52d	2175
7338	d8b47019-eb0b-42e5-a38a-2589ad67e52d	2176
7339	d8b47019-eb0b-42e5-a38a-2589ad67e52d	2177
7340	d8b47019-eb0b-42e5-a38a-2589ad67e52d	2178
7341	d8b47019-eb0b-42e5-a38a-2589ad67e52d	2179
7342	d8b47019-eb0b-42e5-a38a-2589ad67e52d	2180
7343	d8b47019-eb0b-42e5-a38a-2589ad67e52d	2181
7344	d8b47019-eb0b-42e5-a38a-2589ad67e52d	2182
7345	d8b47019-eb0b-42e5-a38a-2589ad67e52d	2183
7346	d8b47019-eb0b-42e5-a38a-2589ad67e52d	2184
7347	d8b47019-eb0b-42e5-a38a-2589ad67e52d	2185
7348	d8b47019-eb0b-42e5-a38a-2589ad67e52d	2186
7349	d8b47019-eb0b-42e5-a38a-2589ad67e52d	2187
7350	d8b47019-eb0b-42e5-a38a-2589ad67e52d	2188
7351	d8b47019-eb0b-42e5-a38a-2589ad67e52d	2189
7352	d8b47019-eb0b-42e5-a38a-2589ad67e52d	2190
7353	d8b47019-eb0b-42e5-a38a-2589ad67e52d	2191
7354	d8b47019-eb0b-42e5-a38a-2589ad67e52d	2192
7355	d8b47019-eb0b-42e5-a38a-2589ad67e52d	2193
7356	d8b47019-eb0b-42e5-a38a-2589ad67e52d	2194
7357	d8b47019-eb0b-42e5-a38a-2589ad67e52d	2195
7358	d8b47019-eb0b-42e5-a38a-2589ad67e52d	2196
7359	d8b47019-eb0b-42e5-a38a-2589ad67e52d	2197
7360	d8b47019-eb0b-42e5-a38a-2589ad67e52d	2198
7361	d8b47019-eb0b-42e5-a38a-2589ad67e52d	2199
7362	d8b47019-eb0b-42e5-a38a-2589ad67e52d	2200
7363	d8b47019-eb0b-42e5-a38a-2589ad67e52d	2201
7364	d8b47019-eb0b-42e5-a38a-2589ad67e52d	2202
7365	d8b47019-eb0b-42e5-a38a-2589ad67e52d	2203
7366	d8b47019-eb0b-42e5-a38a-2589ad67e52d	2204
7367	d8b47019-eb0b-42e5-a38a-2589ad67e52d	2205
7368	d8b47019-eb0b-42e5-a38a-2589ad67e52d	2206
7369	d8b47019-eb0b-42e5-a38a-2589ad67e52d	2207
7370	d8b47019-eb0b-42e5-a38a-2589ad67e52d	2208
7371	d8b47019-eb0b-42e5-a38a-2589ad67e52d	2209
7372	d8b47019-eb0b-42e5-a38a-2589ad67e52d	2210
7373	d8b47019-eb0b-42e5-a38a-2589ad67e52d	2211
7374	d8b47019-eb0b-42e5-a38a-2589ad67e52d	2212
7375	d8b47019-eb0b-42e5-a38a-2589ad67e52d	2213
7376	d8b47019-eb0b-42e5-a38a-2589ad67e52d	2214
7377	d8b47019-eb0b-42e5-a38a-2589ad67e52d	2215
7378	d8b47019-eb0b-42e5-a38a-2589ad67e52d	2216
7379	d8b47019-eb0b-42e5-a38a-2589ad67e52d	2217
7380	d8b47019-eb0b-42e5-a38a-2589ad67e52d	2218
7381	d8b47019-eb0b-42e5-a38a-2589ad67e52d	2219
7382	d8b47019-eb0b-42e5-a38a-2589ad67e52d	2220
7383	d8b47019-eb0b-42e5-a38a-2589ad67e52d	2221
7384	d8b47019-eb0b-42e5-a38a-2589ad67e52d	2222
7385	d8b47019-eb0b-42e5-a38a-2589ad67e52d	2223
7386	d8b47019-eb0b-42e5-a38a-2589ad67e52d	2224
7387	d8b47019-eb0b-42e5-a38a-2589ad67e52d	2225
7388	d8b47019-eb0b-42e5-a38a-2589ad67e52d	2226
7389	d8b47019-eb0b-42e5-a38a-2589ad67e52d	2227
7390	d8b47019-eb0b-42e5-a38a-2589ad67e52d	2228
7391	d8b47019-eb0b-42e5-a38a-2589ad67e52d	2229
7392	d8b47019-eb0b-42e5-a38a-2589ad67e52d	2230
7393	d8b47019-eb0b-42e5-a38a-2589ad67e52d	2231
7394	d8b47019-eb0b-42e5-a38a-2589ad67e52d	2232
7395	d8b47019-eb0b-42e5-a38a-2589ad67e52d	2233
7396	d8b47019-eb0b-42e5-a38a-2589ad67e52d	2234
7397	d8b47019-eb0b-42e5-a38a-2589ad67e52d	2235
7398	d8b47019-eb0b-42e5-a38a-2589ad67e52d	2236
7399	d8b47019-eb0b-42e5-a38a-2589ad67e52d	2237
7400	d8b47019-eb0b-42e5-a38a-2589ad67e52d	2238
7401	d8b47019-eb0b-42e5-a38a-2589ad67e52d	2239
7402	d8b47019-eb0b-42e5-a38a-2589ad67e52d	2240
7403	d8b47019-eb0b-42e5-a38a-2589ad67e52d	2241
7404	d8b47019-eb0b-42e5-a38a-2589ad67e52d	2242
7405	d8b47019-eb0b-42e5-a38a-2589ad67e52d	2243
7406	d8b47019-eb0b-42e5-a38a-2589ad67e52d	2244
7407	d8b47019-eb0b-42e5-a38a-2589ad67e52d	2245
7408	d8b47019-eb0b-42e5-a38a-2589ad67e52d	2246
7409	d8b47019-eb0b-42e5-a38a-2589ad67e52d	2247
7410	d8b47019-eb0b-42e5-a38a-2589ad67e52d	2248
7411	d8b47019-eb0b-42e5-a38a-2589ad67e52d	2249
7412	d8b47019-eb0b-42e5-a38a-2589ad67e52d	2250
7413	d8b47019-eb0b-42e5-a38a-2589ad67e52d	2251
7414	d8b47019-eb0b-42e5-a38a-2589ad67e52d	2252
7415	d8b47019-eb0b-42e5-a38a-2589ad67e52d	2253
7416	d8b47019-eb0b-42e5-a38a-2589ad67e52d	2254
7417	d8b47019-eb0b-42e5-a38a-2589ad67e52d	2255
7418	d8b47019-eb0b-42e5-a38a-2589ad67e52d	2256
7419	d8b47019-eb0b-42e5-a38a-2589ad67e52d	2257
7420	d8b47019-eb0b-42e5-a38a-2589ad67e52d	2258
7421	d8b47019-eb0b-42e5-a38a-2589ad67e52d	2259
7422	d8b47019-eb0b-42e5-a38a-2589ad67e52d	2260
7423	d8b47019-eb0b-42e5-a38a-2589ad67e52d	2261
7424	d8b47019-eb0b-42e5-a38a-2589ad67e52d	2262
7425	d8b47019-eb0b-42e5-a38a-2589ad67e52d	2263
7426	d8b47019-eb0b-42e5-a38a-2589ad67e52d	2264
7427	d8b47019-eb0b-42e5-a38a-2589ad67e52d	2265
7428	d8b47019-eb0b-42e5-a38a-2589ad67e52d	2266
7429	d8b47019-eb0b-42e5-a38a-2589ad67e52d	2267
7430	d8b47019-eb0b-42e5-a38a-2589ad67e52d	2268
7431	d8b47019-eb0b-42e5-a38a-2589ad67e52d	2269
7432	d8b47019-eb0b-42e5-a38a-2589ad67e52d	2270
7433	d8b47019-eb0b-42e5-a38a-2589ad67e52d	2271
7434	d8b47019-eb0b-42e5-a38a-2589ad67e52d	2272
7435	d8b47019-eb0b-42e5-a38a-2589ad67e52d	2273
7436	d8b47019-eb0b-42e5-a38a-2589ad67e52d	2274
7437	d8b47019-eb0b-42e5-a38a-2589ad67e52d	2275
7438	d8b47019-eb0b-42e5-a38a-2589ad67e52d	2276
7439	d8b47019-eb0b-42e5-a38a-2589ad67e52d	2277
7440	d8b47019-eb0b-42e5-a38a-2589ad67e52d	2278
7441	d8b47019-eb0b-42e5-a38a-2589ad67e52d	2279
7442	d8b47019-eb0b-42e5-a38a-2589ad67e52d	2280
7443	d8b47019-eb0b-42e5-a38a-2589ad67e52d	2281
7444	d8b47019-eb0b-42e5-a38a-2589ad67e52d	2282
7445	d8b47019-eb0b-42e5-a38a-2589ad67e52d	2283
7446	d8b47019-eb0b-42e5-a38a-2589ad67e52d	2284
7447	d8b47019-eb0b-42e5-a38a-2589ad67e52d	2285
7448	d8b47019-eb0b-42e5-a38a-2589ad67e52d	2286
7449	d8b47019-eb0b-42e5-a38a-2589ad67e52d	2287
7450	d8b47019-eb0b-42e5-a38a-2589ad67e52d	2288
7451	d8b47019-eb0b-42e5-a38a-2589ad67e52d	2289
7452	d8b47019-eb0b-42e5-a38a-2589ad67e52d	2290
7453	d8b47019-eb0b-42e5-a38a-2589ad67e52d	2291
7454	d8b47019-eb0b-42e5-a38a-2589ad67e52d	2292
7455	d8b47019-eb0b-42e5-a38a-2589ad67e52d	2293
7456	d8b47019-eb0b-42e5-a38a-2589ad67e52d	2294
7457	d8b47019-eb0b-42e5-a38a-2589ad67e52d	2295
7458	d8b47019-eb0b-42e5-a38a-2589ad67e52d	2296
7459	d8b47019-eb0b-42e5-a38a-2589ad67e52d	2297
7460	d8b47019-eb0b-42e5-a38a-2589ad67e52d	2298
7461	d8b47019-eb0b-42e5-a38a-2589ad67e52d	2299
7462	d8b47019-eb0b-42e5-a38a-2589ad67e52d	2300
7463	d8b47019-eb0b-42e5-a38a-2589ad67e52d	2301
7464	d8b47019-eb0b-42e5-a38a-2589ad67e52d	2302
7465	d8b47019-eb0b-42e5-a38a-2589ad67e52d	2303
7466	d8b47019-eb0b-42e5-a38a-2589ad67e52d	2304
7467	d8b47019-eb0b-42e5-a38a-2589ad67e52d	2305
7468	d8b47019-eb0b-42e5-a38a-2589ad67e52d	2306
7469	d8b47019-eb0b-42e5-a38a-2589ad67e52d	2307
7470	d8b47019-eb0b-42e5-a38a-2589ad67e52d	2308
7471	d8b47019-eb0b-42e5-a38a-2589ad67e52d	2309
7472	d8b47019-eb0b-42e5-a38a-2589ad67e52d	2310
7473	d8b47019-eb0b-42e5-a38a-2589ad67e52d	2311
7474	d8b47019-eb0b-42e5-a38a-2589ad67e52d	2312
7475	d8b47019-eb0b-42e5-a38a-2589ad67e52d	2313
7476	d8b47019-eb0b-42e5-a38a-2589ad67e52d	2314
7477	d8b47019-eb0b-42e5-a38a-2589ad67e52d	2315
7478	d8b47019-eb0b-42e5-a38a-2589ad67e52d	2316
7479	d8b47019-eb0b-42e5-a38a-2589ad67e52d	2317
7480	d8b47019-eb0b-42e5-a38a-2589ad67e52d	2318
7481	d8b47019-eb0b-42e5-a38a-2589ad67e52d	2319
7482	d8b47019-eb0b-42e5-a38a-2589ad67e52d	2320
7483	d8b47019-eb0b-42e5-a38a-2589ad67e52d	2321
7484	d8b47019-eb0b-42e5-a38a-2589ad67e52d	2322
7485	d8b47019-eb0b-42e5-a38a-2589ad67e52d	2323
7486	d8b47019-eb0b-42e5-a38a-2589ad67e52d	2324
7487	d8b47019-eb0b-42e5-a38a-2589ad67e52d	2325
7488	d8b47019-eb0b-42e5-a38a-2589ad67e52d	2326
7489	d8b47019-eb0b-42e5-a38a-2589ad67e52d	2327
7490	d8b47019-eb0b-42e5-a38a-2589ad67e52d	2328
7491	d8b47019-eb0b-42e5-a38a-2589ad67e52d	2329
7492	d8b47019-eb0b-42e5-a38a-2589ad67e52d	2330
7493	d8b47019-eb0b-42e5-a38a-2589ad67e52d	2331
7494	d8b47019-eb0b-42e5-a38a-2589ad67e52d	2332
7495	d8b47019-eb0b-42e5-a38a-2589ad67e52d	2333
7496	d8b47019-eb0b-42e5-a38a-2589ad67e52d	2334
7497	d8b47019-eb0b-42e5-a38a-2589ad67e52d	2335
7498	d8b47019-eb0b-42e5-a38a-2589ad67e52d	2336
7499	d8b47019-eb0b-42e5-a38a-2589ad67e52d	2337
7500	d8b47019-eb0b-42e5-a38a-2589ad67e52d	2338
7501	d8b47019-eb0b-42e5-a38a-2589ad67e52d	2339
7502	d8b47019-eb0b-42e5-a38a-2589ad67e52d	2340
7503	d8b47019-eb0b-42e5-a38a-2589ad67e52d	2341
7504	d8b47019-eb0b-42e5-a38a-2589ad67e52d	2342
7505	d8b47019-eb0b-42e5-a38a-2589ad67e52d	2343
7506	d8b47019-eb0b-42e5-a38a-2589ad67e52d	2344
7507	d8b47019-eb0b-42e5-a38a-2589ad67e52d	2345
7508	d8b47019-eb0b-42e5-a38a-2589ad67e52d	2346
7509	d8b47019-eb0b-42e5-a38a-2589ad67e52d	2347
7510	d8b47019-eb0b-42e5-a38a-2589ad67e52d	2348
7511	d8b47019-eb0b-42e5-a38a-2589ad67e52d	2349
7512	d8b47019-eb0b-42e5-a38a-2589ad67e52d	2350
7513	d8b47019-eb0b-42e5-a38a-2589ad67e52d	2351
7514	d8b47019-eb0b-42e5-a38a-2589ad67e52d	2352
7515	d8b47019-eb0b-42e5-a38a-2589ad67e52d	2353
7516	d8b47019-eb0b-42e5-a38a-2589ad67e52d	2354
7517	d8b47019-eb0b-42e5-a38a-2589ad67e52d	2355
7518	d8b47019-eb0b-42e5-a38a-2589ad67e52d	2356
7519	d8b47019-eb0b-42e5-a38a-2589ad67e52d	2357
7520	d8b47019-eb0b-42e5-a38a-2589ad67e52d	2358
7521	d8b47019-eb0b-42e5-a38a-2589ad67e52d	2359
7522	d8b47019-eb0b-42e5-a38a-2589ad67e52d	2360
7523	d8b47019-eb0b-42e5-a38a-2589ad67e52d	2361
7524	d8b47019-eb0b-42e5-a38a-2589ad67e52d	2362
7525	d8b47019-eb0b-42e5-a38a-2589ad67e52d	2363
7526	d8b47019-eb0b-42e5-a38a-2589ad67e52d	2364
7527	d8b47019-eb0b-42e5-a38a-2589ad67e52d	2365
7528	d8b47019-eb0b-42e5-a38a-2589ad67e52d	2366
7529	d8b47019-eb0b-42e5-a38a-2589ad67e52d	2367
7530	d8b47019-eb0b-42e5-a38a-2589ad67e52d	2368
7531	d8b47019-eb0b-42e5-a38a-2589ad67e52d	2369
7532	d8b47019-eb0b-42e5-a38a-2589ad67e52d	2370
7533	d8b47019-eb0b-42e5-a38a-2589ad67e52d	2371
7534	d8b47019-eb0b-42e5-a38a-2589ad67e52d	2372
7535	d8b47019-eb0b-42e5-a38a-2589ad67e52d	2373
7536	d8b47019-eb0b-42e5-a38a-2589ad67e52d	2374
7537	d8b47019-eb0b-42e5-a38a-2589ad67e52d	2375
7538	d8b47019-eb0b-42e5-a38a-2589ad67e52d	2376
7539	d8b47019-eb0b-42e5-a38a-2589ad67e52d	2377
7540	d8b47019-eb0b-42e5-a38a-2589ad67e52d	2378
7541	d8b47019-eb0b-42e5-a38a-2589ad67e52d	2379
7542	d8b47019-eb0b-42e5-a38a-2589ad67e52d	2380
7543	d8b47019-eb0b-42e5-a38a-2589ad67e52d	2381
7544	d8b47019-eb0b-42e5-a38a-2589ad67e52d	2382
7545	d8b47019-eb0b-42e5-a38a-2589ad67e52d	2383
7546	d8b47019-eb0b-42e5-a38a-2589ad67e52d	2384
7547	d8b47019-eb0b-42e5-a38a-2589ad67e52d	2385
7548	d8b47019-eb0b-42e5-a38a-2589ad67e52d	2386
7549	d8b47019-eb0b-42e5-a38a-2589ad67e52d	2387
7550	d8b47019-eb0b-42e5-a38a-2589ad67e52d	2388
7551	d8b47019-eb0b-42e5-a38a-2589ad67e52d	2389
7552	d8b47019-eb0b-42e5-a38a-2589ad67e52d	2390
7553	d8b47019-eb0b-42e5-a38a-2589ad67e52d	2391
7554	d8b47019-eb0b-42e5-a38a-2589ad67e52d	2392
7555	d8b47019-eb0b-42e5-a38a-2589ad67e52d	2393
7556	d8b47019-eb0b-42e5-a38a-2589ad67e52d	2394
7557	d8b47019-eb0b-42e5-a38a-2589ad67e52d	2395
7558	d8b47019-eb0b-42e5-a38a-2589ad67e52d	2396
7559	d8b47019-eb0b-42e5-a38a-2589ad67e52d	2397
7560	d8b47019-eb0b-42e5-a38a-2589ad67e52d	2398
7561	d8b47019-eb0b-42e5-a38a-2589ad67e52d	2399
7562	d8b47019-eb0b-42e5-a38a-2589ad67e52d	2400
7563	d8b47019-eb0b-42e5-a38a-2589ad67e52d	2401
7564	d8b47019-eb0b-42e5-a38a-2589ad67e52d	2402
7565	d8b47019-eb0b-42e5-a38a-2589ad67e52d	2403
7566	d8b47019-eb0b-42e5-a38a-2589ad67e52d	2404
7567	d8b47019-eb0b-42e5-a38a-2589ad67e52d	2405
7568	d8b47019-eb0b-42e5-a38a-2589ad67e52d	2406
7569	d8b47019-eb0b-42e5-a38a-2589ad67e52d	2407
7570	d8b47019-eb0b-42e5-a38a-2589ad67e52d	2408
7571	d8b47019-eb0b-42e5-a38a-2589ad67e52d	2409
7572	d8b47019-eb0b-42e5-a38a-2589ad67e52d	2410
7573	d8b47019-eb0b-42e5-a38a-2589ad67e52d	2411
7574	d8b47019-eb0b-42e5-a38a-2589ad67e52d	2412
7575	d8b47019-eb0b-42e5-a38a-2589ad67e52d	2413
7576	d8b47019-eb0b-42e5-a38a-2589ad67e52d	2414
7577	d8b47019-eb0b-42e5-a38a-2589ad67e52d	2415
7578	d8b47019-eb0b-42e5-a38a-2589ad67e52d	2416
7579	d8b47019-eb0b-42e5-a38a-2589ad67e52d	2417
7580	d8b47019-eb0b-42e5-a38a-2589ad67e52d	2418
7581	d8b47019-eb0b-42e5-a38a-2589ad67e52d	2419
7582	d8b47019-eb0b-42e5-a38a-2589ad67e52d	2420
7583	d8b47019-eb0b-42e5-a38a-2589ad67e52d	2421
7584	d8b47019-eb0b-42e5-a38a-2589ad67e52d	2422
7585	d8b47019-eb0b-42e5-a38a-2589ad67e52d	2423
7586	d8b47019-eb0b-42e5-a38a-2589ad67e52d	2424
7587	d8b47019-eb0b-42e5-a38a-2589ad67e52d	2425
7588	d8b47019-eb0b-42e5-a38a-2589ad67e52d	2426
7589	d8b47019-eb0b-42e5-a38a-2589ad67e52d	2427
7590	d8b47019-eb0b-42e5-a38a-2589ad67e52d	2428
7591	d8b47019-eb0b-42e5-a38a-2589ad67e52d	2429
7592	d8b47019-eb0b-42e5-a38a-2589ad67e52d	2430
7593	d8b47019-eb0b-42e5-a38a-2589ad67e52d	2431
7594	d8b47019-eb0b-42e5-a38a-2589ad67e52d	2432
7595	d8b47019-eb0b-42e5-a38a-2589ad67e52d	2433
7596	d8b47019-eb0b-42e5-a38a-2589ad67e52d	2434
7597	d8b47019-eb0b-42e5-a38a-2589ad67e52d	2435
7598	d8b47019-eb0b-42e5-a38a-2589ad67e52d	2436
7599	d8b47019-eb0b-42e5-a38a-2589ad67e52d	2437
7600	d8b47019-eb0b-42e5-a38a-2589ad67e52d	2438
7601	d8b47019-eb0b-42e5-a38a-2589ad67e52d	2439
7602	d8b47019-eb0b-42e5-a38a-2589ad67e52d	2440
7603	d8b47019-eb0b-42e5-a38a-2589ad67e52d	2441
7604	d8b47019-eb0b-42e5-a38a-2589ad67e52d	2442
7605	d8b47019-eb0b-42e5-a38a-2589ad67e52d	2443
7606	d8b47019-eb0b-42e5-a38a-2589ad67e52d	2444
7607	d8b47019-eb0b-42e5-a38a-2589ad67e52d	2445
7608	d8b47019-eb0b-42e5-a38a-2589ad67e52d	2446
7609	d8b47019-eb0b-42e5-a38a-2589ad67e52d	2447
7610	d8b47019-eb0b-42e5-a38a-2589ad67e52d	2448
7611	d8b47019-eb0b-42e5-a38a-2589ad67e52d	2449
7612	d8b47019-eb0b-42e5-a38a-2589ad67e52d	2450
7613	d8b47019-eb0b-42e5-a38a-2589ad67e52d	2451
7614	d8b47019-eb0b-42e5-a38a-2589ad67e52d	2452
7615	d8b47019-eb0b-42e5-a38a-2589ad67e52d	2453
7616	d8b47019-eb0b-42e5-a38a-2589ad67e52d	2454
7617	d8b47019-eb0b-42e5-a38a-2589ad67e52d	2455
7618	d8b47019-eb0b-42e5-a38a-2589ad67e52d	2456
7619	d8b47019-eb0b-42e5-a38a-2589ad67e52d	2457
7620	d8b47019-eb0b-42e5-a38a-2589ad67e52d	2458
7621	d8b47019-eb0b-42e5-a38a-2589ad67e52d	2459
7622	d8b47019-eb0b-42e5-a38a-2589ad67e52d	2460
7623	d8b47019-eb0b-42e5-a38a-2589ad67e52d	2461
7624	d8b47019-eb0b-42e5-a38a-2589ad67e52d	2462
7625	d8b47019-eb0b-42e5-a38a-2589ad67e52d	2463
7626	d8b47019-eb0b-42e5-a38a-2589ad67e52d	2464
7627	d8b47019-eb0b-42e5-a38a-2589ad67e52d	2465
7628	d8b47019-eb0b-42e5-a38a-2589ad67e52d	2466
7629	d8b47019-eb0b-42e5-a38a-2589ad67e52d	2467
7630	d8b47019-eb0b-42e5-a38a-2589ad67e52d	2468
7631	d8b47019-eb0b-42e5-a38a-2589ad67e52d	2469
7632	d8b47019-eb0b-42e5-a38a-2589ad67e52d	2470
7633	d8b47019-eb0b-42e5-a38a-2589ad67e52d	2471
7634	d8b47019-eb0b-42e5-a38a-2589ad67e52d	2472
7635	d8b47019-eb0b-42e5-a38a-2589ad67e52d	2473
7636	d8b47019-eb0b-42e5-a38a-2589ad67e52d	2474
7637	d8b47019-eb0b-42e5-a38a-2589ad67e52d	2475
7638	d8b47019-eb0b-42e5-a38a-2589ad67e52d	2476
7639	d8b47019-eb0b-42e5-a38a-2589ad67e52d	2477
7640	d8b47019-eb0b-42e5-a38a-2589ad67e52d	2478
7641	d8b47019-eb0b-42e5-a38a-2589ad67e52d	2479
7642	d8b47019-eb0b-42e5-a38a-2589ad67e52d	2480
7643	d8b47019-eb0b-42e5-a38a-2589ad67e52d	2481
7644	d8b47019-eb0b-42e5-a38a-2589ad67e52d	2482
7645	d8b47019-eb0b-42e5-a38a-2589ad67e52d	2483
7646	d8b47019-eb0b-42e5-a38a-2589ad67e52d	2484
7647	d8b47019-eb0b-42e5-a38a-2589ad67e52d	2485
7648	d8b47019-eb0b-42e5-a38a-2589ad67e52d	2486
7649	d8b47019-eb0b-42e5-a38a-2589ad67e52d	2487
7650	d8b47019-eb0b-42e5-a38a-2589ad67e52d	2488
7651	d8b47019-eb0b-42e5-a38a-2589ad67e52d	2489
7652	d8b47019-eb0b-42e5-a38a-2589ad67e52d	2490
7653	d8b47019-eb0b-42e5-a38a-2589ad67e52d	2491
7654	d8b47019-eb0b-42e5-a38a-2589ad67e52d	2492
7655	d8b47019-eb0b-42e5-a38a-2589ad67e52d	2493
7656	d8b47019-eb0b-42e5-a38a-2589ad67e52d	2494
7657	d8b47019-eb0b-42e5-a38a-2589ad67e52d	2495
7658	d8b47019-eb0b-42e5-a38a-2589ad67e52d	2496
7659	d8b47019-eb0b-42e5-a38a-2589ad67e52d	2497
7660	d8b47019-eb0b-42e5-a38a-2589ad67e52d	2498
7661	d8b47019-eb0b-42e5-a38a-2589ad67e52d	2499
7662	d8b47019-eb0b-42e5-a38a-2589ad67e52d	2500
7663	d8b47019-eb0b-42e5-a38a-2589ad67e52d	2501
7664	d8b47019-eb0b-42e5-a38a-2589ad67e52d	2502
7665	d8b47019-eb0b-42e5-a38a-2589ad67e52d	2503
7666	d8b47019-eb0b-42e5-a38a-2589ad67e52d	2504
7667	d8b47019-eb0b-42e5-a38a-2589ad67e52d	2505
7668	d8b47019-eb0b-42e5-a38a-2589ad67e52d	2506
7669	d8b47019-eb0b-42e5-a38a-2589ad67e52d	2507
7670	d8b47019-eb0b-42e5-a38a-2589ad67e52d	2508
7671	d8b47019-eb0b-42e5-a38a-2589ad67e52d	2509
7672	d8b47019-eb0b-42e5-a38a-2589ad67e52d	2510
7673	d8b47019-eb0b-42e5-a38a-2589ad67e52d	2511
7674	d8b47019-eb0b-42e5-a38a-2589ad67e52d	2512
7675	d8b47019-eb0b-42e5-a38a-2589ad67e52d	2513
7676	d8b47019-eb0b-42e5-a38a-2589ad67e52d	2514
7677	d8b47019-eb0b-42e5-a38a-2589ad67e52d	2515
7678	d8b47019-eb0b-42e5-a38a-2589ad67e52d	2516
7679	d8b47019-eb0b-42e5-a38a-2589ad67e52d	2517
7680	d8b47019-eb0b-42e5-a38a-2589ad67e52d	2518
7681	d8b47019-eb0b-42e5-a38a-2589ad67e52d	2519
7682	d8b47019-eb0b-42e5-a38a-2589ad67e52d	2520
7683	d8b47019-eb0b-42e5-a38a-2589ad67e52d	2521
7684	d8b47019-eb0b-42e5-a38a-2589ad67e52d	2522
7685	d8b47019-eb0b-42e5-a38a-2589ad67e52d	2523
7686	d8b47019-eb0b-42e5-a38a-2589ad67e52d	2524
7687	d8b47019-eb0b-42e5-a38a-2589ad67e52d	2525
7688	d8b47019-eb0b-42e5-a38a-2589ad67e52d	2526
7689	d8b47019-eb0b-42e5-a38a-2589ad67e52d	2527
7690	d8b47019-eb0b-42e5-a38a-2589ad67e52d	2528
7691	d8b47019-eb0b-42e5-a38a-2589ad67e52d	2529
7692	d8b47019-eb0b-42e5-a38a-2589ad67e52d	2530
7693	d8b47019-eb0b-42e5-a38a-2589ad67e52d	2531
7694	d8b47019-eb0b-42e5-a38a-2589ad67e52d	2532
7695	d8b47019-eb0b-42e5-a38a-2589ad67e52d	2533
7696	d8b47019-eb0b-42e5-a38a-2589ad67e52d	2534
7697	d8b47019-eb0b-42e5-a38a-2589ad67e52d	2535
7698	d8b47019-eb0b-42e5-a38a-2589ad67e52d	2536
7699	d8b47019-eb0b-42e5-a38a-2589ad67e52d	2537
7700	d8b47019-eb0b-42e5-a38a-2589ad67e52d	2538
7701	d8b47019-eb0b-42e5-a38a-2589ad67e52d	2539
7702	d8b47019-eb0b-42e5-a38a-2589ad67e52d	2540
7703	d8b47019-eb0b-42e5-a38a-2589ad67e52d	2541
7704	d8b47019-eb0b-42e5-a38a-2589ad67e52d	2542
7705	d8b47019-eb0b-42e5-a38a-2589ad67e52d	2543
7706	d8b47019-eb0b-42e5-a38a-2589ad67e52d	2544
7707	d8b47019-eb0b-42e5-a38a-2589ad67e52d	2545
7708	d8b47019-eb0b-42e5-a38a-2589ad67e52d	2546
7709	d8b47019-eb0b-42e5-a38a-2589ad67e52d	2547
7710	d8b47019-eb0b-42e5-a38a-2589ad67e52d	2548
7711	d8b47019-eb0b-42e5-a38a-2589ad67e52d	2549
7712	d8b47019-eb0b-42e5-a38a-2589ad67e52d	2550
7713	d8b47019-eb0b-42e5-a38a-2589ad67e52d	2551
7714	d8b47019-eb0b-42e5-a38a-2589ad67e52d	2552
7715	d8b47019-eb0b-42e5-a38a-2589ad67e52d	2553
7716	d8b47019-eb0b-42e5-a38a-2589ad67e52d	2554
7717	d8b47019-eb0b-42e5-a38a-2589ad67e52d	2555
7718	d8b47019-eb0b-42e5-a38a-2589ad67e52d	2556
7719	d8b47019-eb0b-42e5-a38a-2589ad67e52d	2557
7720	d8b47019-eb0b-42e5-a38a-2589ad67e52d	2558
7721	d8b47019-eb0b-42e5-a38a-2589ad67e52d	2559
7722	d8b47019-eb0b-42e5-a38a-2589ad67e52d	2560
7723	d8b47019-eb0b-42e5-a38a-2589ad67e52d	2561
7724	d8b47019-eb0b-42e5-a38a-2589ad67e52d	2562
7725	d8b47019-eb0b-42e5-a38a-2589ad67e52d	2563
7726	d8b47019-eb0b-42e5-a38a-2589ad67e52d	2564
7727	d8b47019-eb0b-42e5-a38a-2589ad67e52d	2565
7728	d8b47019-eb0b-42e5-a38a-2589ad67e52d	2566
7729	d8b47019-eb0b-42e5-a38a-2589ad67e52d	2567
7730	d8b47019-eb0b-42e5-a38a-2589ad67e52d	2568
7731	d8b47019-eb0b-42e5-a38a-2589ad67e52d	2569
7732	d8b47019-eb0b-42e5-a38a-2589ad67e52d	2570
7733	d8b47019-eb0b-42e5-a38a-2589ad67e52d	2571
7734	d8b47019-eb0b-42e5-a38a-2589ad67e52d	2572
7735	d8b47019-eb0b-42e5-a38a-2589ad67e52d	2573
7736	d8b47019-eb0b-42e5-a38a-2589ad67e52d	2574
7737	d8b47019-eb0b-42e5-a38a-2589ad67e52d	2575
7738	d8b47019-eb0b-42e5-a38a-2589ad67e52d	2576
7739	d8b47019-eb0b-42e5-a38a-2589ad67e52d	2577
7740	d8b47019-eb0b-42e5-a38a-2589ad67e52d	2578
7741	d8b47019-eb0b-42e5-a38a-2589ad67e52d	2579
7742	d8b47019-eb0b-42e5-a38a-2589ad67e52d	2580
7743	d8b47019-eb0b-42e5-a38a-2589ad67e52d	2581
7744	d8b47019-eb0b-42e5-a38a-2589ad67e52d	2582
7745	d8b47019-eb0b-42e5-a38a-2589ad67e52d	2583
7746	d8b47019-eb0b-42e5-a38a-2589ad67e52d	2584
7747	d8b47019-eb0b-42e5-a38a-2589ad67e52d	2585
7748	d8b47019-eb0b-42e5-a38a-2589ad67e52d	2586
7749	d8b47019-eb0b-42e5-a38a-2589ad67e52d	2587
7750	d8b47019-eb0b-42e5-a38a-2589ad67e52d	2588
7751	d8b47019-eb0b-42e5-a38a-2589ad67e52d	2589
7752	d8b47019-eb0b-42e5-a38a-2589ad67e52d	2590
7753	d8b47019-eb0b-42e5-a38a-2589ad67e52d	2591
7754	d8b47019-eb0b-42e5-a38a-2589ad67e52d	2592
7755	d8b47019-eb0b-42e5-a38a-2589ad67e52d	2593
7756	d8b47019-eb0b-42e5-a38a-2589ad67e52d	2594
7757	d8b47019-eb0b-42e5-a38a-2589ad67e52d	2595
7758	d8b47019-eb0b-42e5-a38a-2589ad67e52d	2596
7759	d8b47019-eb0b-42e5-a38a-2589ad67e52d	2597
7760	d8b47019-eb0b-42e5-a38a-2589ad67e52d	2598
7761	d8b47019-eb0b-42e5-a38a-2589ad67e52d	2599
7762	d8b47019-eb0b-42e5-a38a-2589ad67e52d	2600
7763	d8b47019-eb0b-42e5-a38a-2589ad67e52d	2601
7764	d8b47019-eb0b-42e5-a38a-2589ad67e52d	2602
7765	d8b47019-eb0b-42e5-a38a-2589ad67e52d	2603
7766	d8b47019-eb0b-42e5-a38a-2589ad67e52d	2604
7767	d8b47019-eb0b-42e5-a38a-2589ad67e52d	2605
7768	d8b47019-eb0b-42e5-a38a-2589ad67e52d	2606
7769	d8b47019-eb0b-42e5-a38a-2589ad67e52d	2607
7770	d8b47019-eb0b-42e5-a38a-2589ad67e52d	2608
7771	d8b47019-eb0b-42e5-a38a-2589ad67e52d	2609
7772	d8b47019-eb0b-42e5-a38a-2589ad67e52d	2610
7773	d8b47019-eb0b-42e5-a38a-2589ad67e52d	2611
7774	d8b47019-eb0b-42e5-a38a-2589ad67e52d	2612
7775	d8b47019-eb0b-42e5-a38a-2589ad67e52d	2613
7776	d8b47019-eb0b-42e5-a38a-2589ad67e52d	2614
7777	d8b47019-eb0b-42e5-a38a-2589ad67e52d	2615
7778	d8b47019-eb0b-42e5-a38a-2589ad67e52d	2616
7779	d8b47019-eb0b-42e5-a38a-2589ad67e52d	2617
7780	d8b47019-eb0b-42e5-a38a-2589ad67e52d	2618
7781	d8b47019-eb0b-42e5-a38a-2589ad67e52d	2619
7782	d8b47019-eb0b-42e5-a38a-2589ad67e52d	2620
7783	d8b47019-eb0b-42e5-a38a-2589ad67e52d	2621
7784	d8b47019-eb0b-42e5-a38a-2589ad67e52d	2622
7785	d8b47019-eb0b-42e5-a38a-2589ad67e52d	2623
7786	d8b47019-eb0b-42e5-a38a-2589ad67e52d	2624
7787	d8b47019-eb0b-42e5-a38a-2589ad67e52d	2625
7788	d8b47019-eb0b-42e5-a38a-2589ad67e52d	2626
7789	d8b47019-eb0b-42e5-a38a-2589ad67e52d	2627
7790	d8b47019-eb0b-42e5-a38a-2589ad67e52d	2628
7791	d8b47019-eb0b-42e5-a38a-2589ad67e52d	2629
7792	d8b47019-eb0b-42e5-a38a-2589ad67e52d	2630
7793	d8b47019-eb0b-42e5-a38a-2589ad67e52d	2631
7794	d8b47019-eb0b-42e5-a38a-2589ad67e52d	2632
7795	d8b47019-eb0b-42e5-a38a-2589ad67e52d	2633
7796	d8b47019-eb0b-42e5-a38a-2589ad67e52d	2634
7797	d8b47019-eb0b-42e5-a38a-2589ad67e52d	2635
7798	d8b47019-eb0b-42e5-a38a-2589ad67e52d	2636
7799	d8b47019-eb0b-42e5-a38a-2589ad67e52d	2637
7800	d8b47019-eb0b-42e5-a38a-2589ad67e52d	2638
7801	d8b47019-eb0b-42e5-a38a-2589ad67e52d	2639
7802	d8b47019-eb0b-42e5-a38a-2589ad67e52d	2640
7803	d8b47019-eb0b-42e5-a38a-2589ad67e52d	2641
7804	d8b47019-eb0b-42e5-a38a-2589ad67e52d	2642
7805	d8b47019-eb0b-42e5-a38a-2589ad67e52d	2643
7806	d8b47019-eb0b-42e5-a38a-2589ad67e52d	2644
7807	d8b47019-eb0b-42e5-a38a-2589ad67e52d	2645
7808	d8b47019-eb0b-42e5-a38a-2589ad67e52d	2646
7809	d8b47019-eb0b-42e5-a38a-2589ad67e52d	2647
7810	d8b47019-eb0b-42e5-a38a-2589ad67e52d	2648
7811	d8b47019-eb0b-42e5-a38a-2589ad67e52d	2649
7812	d8b47019-eb0b-42e5-a38a-2589ad67e52d	2650
7813	d8b47019-eb0b-42e5-a38a-2589ad67e52d	2651
7814	d8b47019-eb0b-42e5-a38a-2589ad67e52d	2652
7815	d8b47019-eb0b-42e5-a38a-2589ad67e52d	2653
7816	d8b47019-eb0b-42e5-a38a-2589ad67e52d	2654
7817	d8b47019-eb0b-42e5-a38a-2589ad67e52d	2655
7818	d8b47019-eb0b-42e5-a38a-2589ad67e52d	2656
7819	d8b47019-eb0b-42e5-a38a-2589ad67e52d	2657
7820	d8b47019-eb0b-42e5-a38a-2589ad67e52d	2658
7821	d8b47019-eb0b-42e5-a38a-2589ad67e52d	2659
7822	d8b47019-eb0b-42e5-a38a-2589ad67e52d	2660
7823	d8b47019-eb0b-42e5-a38a-2589ad67e52d	2661
7824	d8b47019-eb0b-42e5-a38a-2589ad67e52d	2662
7825	d8b47019-eb0b-42e5-a38a-2589ad67e52d	2663
7826	d8b47019-eb0b-42e5-a38a-2589ad67e52d	2664
7827	d8b47019-eb0b-42e5-a38a-2589ad67e52d	2665
7828	d8b47019-eb0b-42e5-a38a-2589ad67e52d	2666
7829	d8b47019-eb0b-42e5-a38a-2589ad67e52d	2667
7830	d8b47019-eb0b-42e5-a38a-2589ad67e52d	2668
7831	d8b47019-eb0b-42e5-a38a-2589ad67e52d	2669
7832	d8b47019-eb0b-42e5-a38a-2589ad67e52d	2670
7833	d8b47019-eb0b-42e5-a38a-2589ad67e52d	2671
7834	d8b47019-eb0b-42e5-a38a-2589ad67e52d	2672
7835	d8b47019-eb0b-42e5-a38a-2589ad67e52d	2673
7836	d8b47019-eb0b-42e5-a38a-2589ad67e52d	2674
7837	d8b47019-eb0b-42e5-a38a-2589ad67e52d	2675
7838	d8b47019-eb0b-42e5-a38a-2589ad67e52d	2676
7839	d8b47019-eb0b-42e5-a38a-2589ad67e52d	2677
7840	d8b47019-eb0b-42e5-a38a-2589ad67e52d	2678
7841	d8b47019-eb0b-42e5-a38a-2589ad67e52d	2679
7842	d8b47019-eb0b-42e5-a38a-2589ad67e52d	2680
7843	d8b47019-eb0b-42e5-a38a-2589ad67e52d	2681
7844	d8b47019-eb0b-42e5-a38a-2589ad67e52d	2682
7845	d8b47019-eb0b-42e5-a38a-2589ad67e52d	2683
7846	d8b47019-eb0b-42e5-a38a-2589ad67e52d	2684
7847	d8b47019-eb0b-42e5-a38a-2589ad67e52d	2685
7848	d8b47019-eb0b-42e5-a38a-2589ad67e52d	2686
7849	d8b47019-eb0b-42e5-a38a-2589ad67e52d	2687
7850	d8b47019-eb0b-42e5-a38a-2589ad67e52d	2688
7851	d8b47019-eb0b-42e5-a38a-2589ad67e52d	2689
7852	d8b47019-eb0b-42e5-a38a-2589ad67e52d	2690
7853	d8b47019-eb0b-42e5-a38a-2589ad67e52d	2691
7854	d8b47019-eb0b-42e5-a38a-2589ad67e52d	2692
7855	d8b47019-eb0b-42e5-a38a-2589ad67e52d	2693
7856	d8b47019-eb0b-42e5-a38a-2589ad67e52d	2694
7857	d8b47019-eb0b-42e5-a38a-2589ad67e52d	2695
7858	d8b47019-eb0b-42e5-a38a-2589ad67e52d	2696
7859	d8b47019-eb0b-42e5-a38a-2589ad67e52d	2697
7860	d8b47019-eb0b-42e5-a38a-2589ad67e52d	2698
7861	d8b47019-eb0b-42e5-a38a-2589ad67e52d	2699
7862	d8b47019-eb0b-42e5-a38a-2589ad67e52d	2700
7863	d8b47019-eb0b-42e5-a38a-2589ad67e52d	2701
7864	d8b47019-eb0b-42e5-a38a-2589ad67e52d	2702
7865	d8b47019-eb0b-42e5-a38a-2589ad67e52d	2703
7866	d8b47019-eb0b-42e5-a38a-2589ad67e52d	2704
7867	d8b47019-eb0b-42e5-a38a-2589ad67e52d	2705
7868	d8b47019-eb0b-42e5-a38a-2589ad67e52d	2706
7869	d8b47019-eb0b-42e5-a38a-2589ad67e52d	2707
7870	d8b47019-eb0b-42e5-a38a-2589ad67e52d	2708
7871	d8b47019-eb0b-42e5-a38a-2589ad67e52d	2709
7872	d8b47019-eb0b-42e5-a38a-2589ad67e52d	2710
7873	d8b47019-eb0b-42e5-a38a-2589ad67e52d	2711
7874	d8b47019-eb0b-42e5-a38a-2589ad67e52d	2712
7875	d8b47019-eb0b-42e5-a38a-2589ad67e52d	2713
7876	d8b47019-eb0b-42e5-a38a-2589ad67e52d	2714
7877	d8b47019-eb0b-42e5-a38a-2589ad67e52d	2715
7878	d8b47019-eb0b-42e5-a38a-2589ad67e52d	2716
7879	d8b47019-eb0b-42e5-a38a-2589ad67e52d	2717
7880	d8b47019-eb0b-42e5-a38a-2589ad67e52d	2718
7881	d8b47019-eb0b-42e5-a38a-2589ad67e52d	2719
7882	d8b47019-eb0b-42e5-a38a-2589ad67e52d	2720
7883	d8b47019-eb0b-42e5-a38a-2589ad67e52d	2721
7884	d8b47019-eb0b-42e5-a38a-2589ad67e52d	2722
7885	d8b47019-eb0b-42e5-a38a-2589ad67e52d	2723
7886	d8b47019-eb0b-42e5-a38a-2589ad67e52d	2724
7887	d8b47019-eb0b-42e5-a38a-2589ad67e52d	2725
7888	d8b47019-eb0b-42e5-a38a-2589ad67e52d	2726
7889	d8b47019-eb0b-42e5-a38a-2589ad67e52d	2727
7890	d8b47019-eb0b-42e5-a38a-2589ad67e52d	2728
7891	d8b47019-eb0b-42e5-a38a-2589ad67e52d	2729
7892	d8b47019-eb0b-42e5-a38a-2589ad67e52d	2730
7893	d8b47019-eb0b-42e5-a38a-2589ad67e52d	2731
7894	d8b47019-eb0b-42e5-a38a-2589ad67e52d	2732
7895	d8b47019-eb0b-42e5-a38a-2589ad67e52d	2733
7896	d8b47019-eb0b-42e5-a38a-2589ad67e52d	2734
7897	d8b47019-eb0b-42e5-a38a-2589ad67e52d	2735
7898	d8b47019-eb0b-42e5-a38a-2589ad67e52d	2736
7899	d8b47019-eb0b-42e5-a38a-2589ad67e52d	2737
7900	d8b47019-eb0b-42e5-a38a-2589ad67e52d	2738
7901	d8b47019-eb0b-42e5-a38a-2589ad67e52d	2739
7902	d8b47019-eb0b-42e5-a38a-2589ad67e52d	2740
7903	d8b47019-eb0b-42e5-a38a-2589ad67e52d	2741
7904	d8b47019-eb0b-42e5-a38a-2589ad67e52d	2742
7905	d8b47019-eb0b-42e5-a38a-2589ad67e52d	2743
7906	d8b47019-eb0b-42e5-a38a-2589ad67e52d	2744
7907	d8b47019-eb0b-42e5-a38a-2589ad67e52d	2745
7908	d8b47019-eb0b-42e5-a38a-2589ad67e52d	2746
7909	d8b47019-eb0b-42e5-a38a-2589ad67e52d	2747
7910	d8b47019-eb0b-42e5-a38a-2589ad67e52d	2748
7911	d8b47019-eb0b-42e5-a38a-2589ad67e52d	2749
7912	d8b47019-eb0b-42e5-a38a-2589ad67e52d	2750
7913	d8b47019-eb0b-42e5-a38a-2589ad67e52d	2751
7914	d8b47019-eb0b-42e5-a38a-2589ad67e52d	2752
7915	d8b47019-eb0b-42e5-a38a-2589ad67e52d	2753
7916	d8b47019-eb0b-42e5-a38a-2589ad67e52d	2754
7917	d8b47019-eb0b-42e5-a38a-2589ad67e52d	2755
7918	d8b47019-eb0b-42e5-a38a-2589ad67e52d	2756
7919	d8b47019-eb0b-42e5-a38a-2589ad67e52d	2757
7920	d8b47019-eb0b-42e5-a38a-2589ad67e52d	2758
7921	d8b47019-eb0b-42e5-a38a-2589ad67e52d	2759
7922	d8b47019-eb0b-42e5-a38a-2589ad67e52d	2760
7923	d8b47019-eb0b-42e5-a38a-2589ad67e52d	2761
7924	d8b47019-eb0b-42e5-a38a-2589ad67e52d	2762
7925	d8b47019-eb0b-42e5-a38a-2589ad67e52d	2763
7926	d8b47019-eb0b-42e5-a38a-2589ad67e52d	2764
7927	d8b47019-eb0b-42e5-a38a-2589ad67e52d	2765
7928	d8b47019-eb0b-42e5-a38a-2589ad67e52d	2766
7929	d8b47019-eb0b-42e5-a38a-2589ad67e52d	2767
7930	d8b47019-eb0b-42e5-a38a-2589ad67e52d	2768
7931	d8b47019-eb0b-42e5-a38a-2589ad67e52d	2769
7932	d8b47019-eb0b-42e5-a38a-2589ad67e52d	2770
7933	d8b47019-eb0b-42e5-a38a-2589ad67e52d	2771
7934	d8b47019-eb0b-42e5-a38a-2589ad67e52d	2772
7935	d8b47019-eb0b-42e5-a38a-2589ad67e52d	2773
7936	d8b47019-eb0b-42e5-a38a-2589ad67e52d	2774
7937	d8b47019-eb0b-42e5-a38a-2589ad67e52d	2775
7938	d8b47019-eb0b-42e5-a38a-2589ad67e52d	2776
7939	d8b47019-eb0b-42e5-a38a-2589ad67e52d	2777
7940	d8b47019-eb0b-42e5-a38a-2589ad67e52d	2778
7941	d8b47019-eb0b-42e5-a38a-2589ad67e52d	2779
7942	d8b47019-eb0b-42e5-a38a-2589ad67e52d	2780
7943	d8b47019-eb0b-42e5-a38a-2589ad67e52d	2781
7944	d8b47019-eb0b-42e5-a38a-2589ad67e52d	2782
7945	d8b47019-eb0b-42e5-a38a-2589ad67e52d	2783
7946	d8b47019-eb0b-42e5-a38a-2589ad67e52d	2784
7947	d8b47019-eb0b-42e5-a38a-2589ad67e52d	2785
7948	d8b47019-eb0b-42e5-a38a-2589ad67e52d	2786
7949	d8b47019-eb0b-42e5-a38a-2589ad67e52d	2787
7950	d8b47019-eb0b-42e5-a38a-2589ad67e52d	2788
7951	d8b47019-eb0b-42e5-a38a-2589ad67e52d	2789
7952	d8b47019-eb0b-42e5-a38a-2589ad67e52d	2790
7953	d8b47019-eb0b-42e5-a38a-2589ad67e52d	2791
7954	d8b47019-eb0b-42e5-a38a-2589ad67e52d	2792
7955	d8b47019-eb0b-42e5-a38a-2589ad67e52d	2793
7956	d8b47019-eb0b-42e5-a38a-2589ad67e52d	2794
7957	d8b47019-eb0b-42e5-a38a-2589ad67e52d	2795
7958	d8b47019-eb0b-42e5-a38a-2589ad67e52d	2796
7959	d8b47019-eb0b-42e5-a38a-2589ad67e52d	2797
7960	d8b47019-eb0b-42e5-a38a-2589ad67e52d	2798
7961	d8b47019-eb0b-42e5-a38a-2589ad67e52d	2799
7962	d8b47019-eb0b-42e5-a38a-2589ad67e52d	2800
7963	d8b47019-eb0b-42e5-a38a-2589ad67e52d	2801
7964	d8b47019-eb0b-42e5-a38a-2589ad67e52d	2802
7965	d8b47019-eb0b-42e5-a38a-2589ad67e52d	2803
7966	d8b47019-eb0b-42e5-a38a-2589ad67e52d	2804
7967	d8b47019-eb0b-42e5-a38a-2589ad67e52d	2805
7968	d8b47019-eb0b-42e5-a38a-2589ad67e52d	2806
7969	d8b47019-eb0b-42e5-a38a-2589ad67e52d	2807
7970	d8b47019-eb0b-42e5-a38a-2589ad67e52d	2808
7971	d8b47019-eb0b-42e5-a38a-2589ad67e52d	2809
7972	d8b47019-eb0b-42e5-a38a-2589ad67e52d	2810
7973	d8b47019-eb0b-42e5-a38a-2589ad67e52d	2811
7974	d8b47019-eb0b-42e5-a38a-2589ad67e52d	2812
7975	d8b47019-eb0b-42e5-a38a-2589ad67e52d	2813
7976	d8b47019-eb0b-42e5-a38a-2589ad67e52d	2814
7977	d8b47019-eb0b-42e5-a38a-2589ad67e52d	2815
7978	d8b47019-eb0b-42e5-a38a-2589ad67e52d	2816
7979	d8b47019-eb0b-42e5-a38a-2589ad67e52d	2817
7980	d8b47019-eb0b-42e5-a38a-2589ad67e52d	2818
7981	d8b47019-eb0b-42e5-a38a-2589ad67e52d	2819
7982	d8b47019-eb0b-42e5-a38a-2589ad67e52d	2820
7983	d8b47019-eb0b-42e5-a38a-2589ad67e52d	2821
7984	d8b47019-eb0b-42e5-a38a-2589ad67e52d	2822
7985	d8b47019-eb0b-42e5-a38a-2589ad67e52d	2823
7986	d8b47019-eb0b-42e5-a38a-2589ad67e52d	2824
7987	d8b47019-eb0b-42e5-a38a-2589ad67e52d	2825
7988	d8b47019-eb0b-42e5-a38a-2589ad67e52d	2826
7989	d8b47019-eb0b-42e5-a38a-2589ad67e52d	2827
7990	d8b47019-eb0b-42e5-a38a-2589ad67e52d	2828
7991	d8b47019-eb0b-42e5-a38a-2589ad67e52d	2829
7992	d8b47019-eb0b-42e5-a38a-2589ad67e52d	2830
7993	d8b47019-eb0b-42e5-a38a-2589ad67e52d	2831
7994	d8b47019-eb0b-42e5-a38a-2589ad67e52d	2832
7995	d8b47019-eb0b-42e5-a38a-2589ad67e52d	2833
7996	d8b47019-eb0b-42e5-a38a-2589ad67e52d	2834
7997	d8b47019-eb0b-42e5-a38a-2589ad67e52d	2835
7998	d8b47019-eb0b-42e5-a38a-2589ad67e52d	2836
7999	d8b47019-eb0b-42e5-a38a-2589ad67e52d	2837
8000	d8b47019-eb0b-42e5-a38a-2589ad67e52d	2838
8001	d8b47019-eb0b-42e5-a38a-2589ad67e52d	2839
8002	d8b47019-eb0b-42e5-a38a-2589ad67e52d	2840
8003	d8b47019-eb0b-42e5-a38a-2589ad67e52d	2841
8004	d8b47019-eb0b-42e5-a38a-2589ad67e52d	2842
8005	d8b47019-eb0b-42e5-a38a-2589ad67e52d	2843
8006	d8b47019-eb0b-42e5-a38a-2589ad67e52d	2844
8007	d8b47019-eb0b-42e5-a38a-2589ad67e52d	2845
8008	d8b47019-eb0b-42e5-a38a-2589ad67e52d	2846
8009	d8b47019-eb0b-42e5-a38a-2589ad67e52d	2847
8010	d8b47019-eb0b-42e5-a38a-2589ad67e52d	2848
8011	d8b47019-eb0b-42e5-a38a-2589ad67e52d	2849
8012	d8b47019-eb0b-42e5-a38a-2589ad67e52d	2850
8013	d8b47019-eb0b-42e5-a38a-2589ad67e52d	2851
8014	d8b47019-eb0b-42e5-a38a-2589ad67e52d	2852
8015	d8b47019-eb0b-42e5-a38a-2589ad67e52d	2853
8016	d8b47019-eb0b-42e5-a38a-2589ad67e52d	2854
8017	d8b47019-eb0b-42e5-a38a-2589ad67e52d	2855
8018	d8b47019-eb0b-42e5-a38a-2589ad67e52d	2856
8019	d8b47019-eb0b-42e5-a38a-2589ad67e52d	2857
8020	d8b47019-eb0b-42e5-a38a-2589ad67e52d	2858
8021	d8b47019-eb0b-42e5-a38a-2589ad67e52d	2859
8022	d8b47019-eb0b-42e5-a38a-2589ad67e52d	2860
8023	d8b47019-eb0b-42e5-a38a-2589ad67e52d	2861
8024	d8b47019-eb0b-42e5-a38a-2589ad67e52d	2862
8025	d8b47019-eb0b-42e5-a38a-2589ad67e52d	2863
8026	d8b47019-eb0b-42e5-a38a-2589ad67e52d	2864
8027	d8b47019-eb0b-42e5-a38a-2589ad67e52d	2865
8028	d8b47019-eb0b-42e5-a38a-2589ad67e52d	2866
8029	d8b47019-eb0b-42e5-a38a-2589ad67e52d	2867
8030	d8b47019-eb0b-42e5-a38a-2589ad67e52d	2868
8031	d8b47019-eb0b-42e5-a38a-2589ad67e52d	2869
8032	d8b47019-eb0b-42e5-a38a-2589ad67e52d	2870
8033	d8b47019-eb0b-42e5-a38a-2589ad67e52d	2871
8034	d8b47019-eb0b-42e5-a38a-2589ad67e52d	2872
8035	d8b47019-eb0b-42e5-a38a-2589ad67e52d	2873
8036	d8b47019-eb0b-42e5-a38a-2589ad67e52d	2874
8037	d8b47019-eb0b-42e5-a38a-2589ad67e52d	2875
8038	d8b47019-eb0b-42e5-a38a-2589ad67e52d	2876
8039	d8b47019-eb0b-42e5-a38a-2589ad67e52d	2877
8040	d8b47019-eb0b-42e5-a38a-2589ad67e52d	2878
8041	d8b47019-eb0b-42e5-a38a-2589ad67e52d	2879
8042	d8b47019-eb0b-42e5-a38a-2589ad67e52d	2880
8043	d8b47019-eb0b-42e5-a38a-2589ad67e52d	2881
8044	d8b47019-eb0b-42e5-a38a-2589ad67e52d	2882
8045	d8b47019-eb0b-42e5-a38a-2589ad67e52d	2883
8046	d8b47019-eb0b-42e5-a38a-2589ad67e52d	2884
8047	d8b47019-eb0b-42e5-a38a-2589ad67e52d	2885
8048	d8b47019-eb0b-42e5-a38a-2589ad67e52d	2886
8049	d8b47019-eb0b-42e5-a38a-2589ad67e52d	2887
8050	d8b47019-eb0b-42e5-a38a-2589ad67e52d	2888
8051	d8b47019-eb0b-42e5-a38a-2589ad67e52d	2889
8052	d8b47019-eb0b-42e5-a38a-2589ad67e52d	2890
8053	d8b47019-eb0b-42e5-a38a-2589ad67e52d	2891
8054	d8b47019-eb0b-42e5-a38a-2589ad67e52d	2892
8055	d8b47019-eb0b-42e5-a38a-2589ad67e52d	2893
8056	d8b47019-eb0b-42e5-a38a-2589ad67e52d	2894
8057	d8b47019-eb0b-42e5-a38a-2589ad67e52d	2895
8058	d8b47019-eb0b-42e5-a38a-2589ad67e52d	2896
8059	d8b47019-eb0b-42e5-a38a-2589ad67e52d	2897
8060	d8b47019-eb0b-42e5-a38a-2589ad67e52d	2898
8061	d8b47019-eb0b-42e5-a38a-2589ad67e52d	2899
8062	d8b47019-eb0b-42e5-a38a-2589ad67e52d	2900
8063	d8b47019-eb0b-42e5-a38a-2589ad67e52d	2901
8064	d8b47019-eb0b-42e5-a38a-2589ad67e52d	2902
8065	d8b47019-eb0b-42e5-a38a-2589ad67e52d	2903
8066	d8b47019-eb0b-42e5-a38a-2589ad67e52d	2904
8067	d8b47019-eb0b-42e5-a38a-2589ad67e52d	2905
8068	d8b47019-eb0b-42e5-a38a-2589ad67e52d	2906
8069	d8b47019-eb0b-42e5-a38a-2589ad67e52d	2907
8070	d8b47019-eb0b-42e5-a38a-2589ad67e52d	2908
8071	d8b47019-eb0b-42e5-a38a-2589ad67e52d	2909
8072	d8b47019-eb0b-42e5-a38a-2589ad67e52d	2910
8073	d8b47019-eb0b-42e5-a38a-2589ad67e52d	2911
8074	d8b47019-eb0b-42e5-a38a-2589ad67e52d	2912
8075	d8b47019-eb0b-42e5-a38a-2589ad67e52d	2913
8076	d8b47019-eb0b-42e5-a38a-2589ad67e52d	2914
8077	d8b47019-eb0b-42e5-a38a-2589ad67e52d	2915
8078	d8b47019-eb0b-42e5-a38a-2589ad67e52d	2916
8079	d8b47019-eb0b-42e5-a38a-2589ad67e52d	2917
8080	d8b47019-eb0b-42e5-a38a-2589ad67e52d	2918
8081	d8b47019-eb0b-42e5-a38a-2589ad67e52d	2919
8082	d8b47019-eb0b-42e5-a38a-2589ad67e52d	2920
8083	d8b47019-eb0b-42e5-a38a-2589ad67e52d	2921
8084	d8b47019-eb0b-42e5-a38a-2589ad67e52d	2922
8085	d8b47019-eb0b-42e5-a38a-2589ad67e52d	2923
8086	d8b47019-eb0b-42e5-a38a-2589ad67e52d	2924
8087	d8b47019-eb0b-42e5-a38a-2589ad67e52d	2925
8088	d8b47019-eb0b-42e5-a38a-2589ad67e52d	2926
8089	d8b47019-eb0b-42e5-a38a-2589ad67e52d	2927
8090	d8b47019-eb0b-42e5-a38a-2589ad67e52d	2928
8091	d8b47019-eb0b-42e5-a38a-2589ad67e52d	2929
8092	d8b47019-eb0b-42e5-a38a-2589ad67e52d	2930
8093	d8b47019-eb0b-42e5-a38a-2589ad67e52d	2931
8094	d8b47019-eb0b-42e5-a38a-2589ad67e52d	2932
8095	d8b47019-eb0b-42e5-a38a-2589ad67e52d	2933
8096	d8b47019-eb0b-42e5-a38a-2589ad67e52d	2934
8097	d8b47019-eb0b-42e5-a38a-2589ad67e52d	2935
8098	d8b47019-eb0b-42e5-a38a-2589ad67e52d	2936
8099	d8b47019-eb0b-42e5-a38a-2589ad67e52d	2937
8100	d8b47019-eb0b-42e5-a38a-2589ad67e52d	2938
8101	d8b47019-eb0b-42e5-a38a-2589ad67e52d	2939
8102	d8b47019-eb0b-42e5-a38a-2589ad67e52d	2940
8103	d8b47019-eb0b-42e5-a38a-2589ad67e52d	2941
8104	d8b47019-eb0b-42e5-a38a-2589ad67e52d	2942
8105	d8b47019-eb0b-42e5-a38a-2589ad67e52d	2943
8106	d8b47019-eb0b-42e5-a38a-2589ad67e52d	2944
8107	d8b47019-eb0b-42e5-a38a-2589ad67e52d	2945
8108	d8b47019-eb0b-42e5-a38a-2589ad67e52d	2946
8109	d8b47019-eb0b-42e5-a38a-2589ad67e52d	2947
8110	d8b47019-eb0b-42e5-a38a-2589ad67e52d	2948
8111	d8b47019-eb0b-42e5-a38a-2589ad67e52d	2949
8112	d8b47019-eb0b-42e5-a38a-2589ad67e52d	2950
8113	d8b47019-eb0b-42e5-a38a-2589ad67e52d	2951
8114	d8b47019-eb0b-42e5-a38a-2589ad67e52d	2952
8115	d8b47019-eb0b-42e5-a38a-2589ad67e52d	2953
8116	d8b47019-eb0b-42e5-a38a-2589ad67e52d	2954
8117	d8b47019-eb0b-42e5-a38a-2589ad67e52d	2955
8118	d8b47019-eb0b-42e5-a38a-2589ad67e52d	2956
8119	d8b47019-eb0b-42e5-a38a-2589ad67e52d	2957
8120	d8b47019-eb0b-42e5-a38a-2589ad67e52d	2958
8121	d8b47019-eb0b-42e5-a38a-2589ad67e52d	2959
8122	d8b47019-eb0b-42e5-a38a-2589ad67e52d	2960
8123	d8b47019-eb0b-42e5-a38a-2589ad67e52d	2961
8124	d8b47019-eb0b-42e5-a38a-2589ad67e52d	2962
8125	d8b47019-eb0b-42e5-a38a-2589ad67e52d	2963
8126	d8b47019-eb0b-42e5-a38a-2589ad67e52d	2964
8127	d8b47019-eb0b-42e5-a38a-2589ad67e52d	2965
8128	d8b47019-eb0b-42e5-a38a-2589ad67e52d	2966
8129	d8b47019-eb0b-42e5-a38a-2589ad67e52d	2967
8130	d8b47019-eb0b-42e5-a38a-2589ad67e52d	2968
8131	d8b47019-eb0b-42e5-a38a-2589ad67e52d	2969
8132	d8b47019-eb0b-42e5-a38a-2589ad67e52d	2970
8133	d8b47019-eb0b-42e5-a38a-2589ad67e52d	2971
8134	d8b47019-eb0b-42e5-a38a-2589ad67e52d	2972
8135	d8b47019-eb0b-42e5-a38a-2589ad67e52d	2973
8136	d8b47019-eb0b-42e5-a38a-2589ad67e52d	2974
8137	d8b47019-eb0b-42e5-a38a-2589ad67e52d	2975
8138	d8b47019-eb0b-42e5-a38a-2589ad67e52d	2976
8139	d8b47019-eb0b-42e5-a38a-2589ad67e52d	2977
8140	d8b47019-eb0b-42e5-a38a-2589ad67e52d	2978
8141	d8b47019-eb0b-42e5-a38a-2589ad67e52d	2979
8142	d8b47019-eb0b-42e5-a38a-2589ad67e52d	2980
8143	d8b47019-eb0b-42e5-a38a-2589ad67e52d	2981
8144	d8b47019-eb0b-42e5-a38a-2589ad67e52d	2982
8145	d8b47019-eb0b-42e5-a38a-2589ad67e52d	2983
8146	d8b47019-eb0b-42e5-a38a-2589ad67e52d	2984
8147	d8b47019-eb0b-42e5-a38a-2589ad67e52d	2985
8148	d8b47019-eb0b-42e5-a38a-2589ad67e52d	2986
8149	d8b47019-eb0b-42e5-a38a-2589ad67e52d	2987
8150	d8b47019-eb0b-42e5-a38a-2589ad67e52d	2988
8151	d8b47019-eb0b-42e5-a38a-2589ad67e52d	2989
8152	d8b47019-eb0b-42e5-a38a-2589ad67e52d	2990
8153	d8b47019-eb0b-42e5-a38a-2589ad67e52d	2991
8154	d8b47019-eb0b-42e5-a38a-2589ad67e52d	2992
8155	d8b47019-eb0b-42e5-a38a-2589ad67e52d	2993
8156	d8b47019-eb0b-42e5-a38a-2589ad67e52d	2994
8157	d8b47019-eb0b-42e5-a38a-2589ad67e52d	2995
8158	d8b47019-eb0b-42e5-a38a-2589ad67e52d	2996
8159	d8b47019-eb0b-42e5-a38a-2589ad67e52d	2997
8160	d8b47019-eb0b-42e5-a38a-2589ad67e52d	2998
8161	d8b47019-eb0b-42e5-a38a-2589ad67e52d	2999
8162	d8b47019-eb0b-42e5-a38a-2589ad67e52d	3000
8163	d8b47019-eb0b-42e5-a38a-2589ad67e52d	3001
8164	d8b47019-eb0b-42e5-a38a-2589ad67e52d	3002
8165	d8b47019-eb0b-42e5-a38a-2589ad67e52d	3003
8166	d8b47019-eb0b-42e5-a38a-2589ad67e52d	3004
8167	d8b47019-eb0b-42e5-a38a-2589ad67e52d	3005
8168	d8b47019-eb0b-42e5-a38a-2589ad67e52d	3006
8169	d8b47019-eb0b-42e5-a38a-2589ad67e52d	3007
8170	d8b47019-eb0b-42e5-a38a-2589ad67e52d	3008
8171	d8b47019-eb0b-42e5-a38a-2589ad67e52d	3009
8172	d8b47019-eb0b-42e5-a38a-2589ad67e52d	3010
8173	d8b47019-eb0b-42e5-a38a-2589ad67e52d	3011
8174	d8b47019-eb0b-42e5-a38a-2589ad67e52d	3012
8175	d8b47019-eb0b-42e5-a38a-2589ad67e52d	3013
8176	d8b47019-eb0b-42e5-a38a-2589ad67e52d	3014
8177	d8b47019-eb0b-42e5-a38a-2589ad67e52d	3015
8178	d8b47019-eb0b-42e5-a38a-2589ad67e52d	3016
8179	d8b47019-eb0b-42e5-a38a-2589ad67e52d	3017
8180	d8b47019-eb0b-42e5-a38a-2589ad67e52d	3018
8181	d8b47019-eb0b-42e5-a38a-2589ad67e52d	3019
8182	d8b47019-eb0b-42e5-a38a-2589ad67e52d	3020
8183	d8b47019-eb0b-42e5-a38a-2589ad67e52d	3021
8184	d8b47019-eb0b-42e5-a38a-2589ad67e52d	3022
8185	d8b47019-eb0b-42e5-a38a-2589ad67e52d	3023
8186	d8b47019-eb0b-42e5-a38a-2589ad67e52d	3024
8187	d8b47019-eb0b-42e5-a38a-2589ad67e52d	3025
8188	d8b47019-eb0b-42e5-a38a-2589ad67e52d	3026
8189	d8b47019-eb0b-42e5-a38a-2589ad67e52d	3027
8190	d8b47019-eb0b-42e5-a38a-2589ad67e52d	3028
8191	d8b47019-eb0b-42e5-a38a-2589ad67e52d	3029
8192	d8b47019-eb0b-42e5-a38a-2589ad67e52d	3030
8193	d8b47019-eb0b-42e5-a38a-2589ad67e52d	3031
8194	d8b47019-eb0b-42e5-a38a-2589ad67e52d	3032
8195	d8b47019-eb0b-42e5-a38a-2589ad67e52d	3033
8196	d8b47019-eb0b-42e5-a38a-2589ad67e52d	3034
8197	d8b47019-eb0b-42e5-a38a-2589ad67e52d	3035
8198	d8b47019-eb0b-42e5-a38a-2589ad67e52d	3036
8199	d8b47019-eb0b-42e5-a38a-2589ad67e52d	3037
8200	d8b47019-eb0b-42e5-a38a-2589ad67e52d	3038
8201	d8b47019-eb0b-42e5-a38a-2589ad67e52d	3039
8202	d8b47019-eb0b-42e5-a38a-2589ad67e52d	3040
8203	d8b47019-eb0b-42e5-a38a-2589ad67e52d	3041
8204	d8b47019-eb0b-42e5-a38a-2589ad67e52d	3042
8205	d8b47019-eb0b-42e5-a38a-2589ad67e52d	3043
8206	d8b47019-eb0b-42e5-a38a-2589ad67e52d	3044
8207	d8b47019-eb0b-42e5-a38a-2589ad67e52d	3045
8208	d8b47019-eb0b-42e5-a38a-2589ad67e52d	3046
8209	d8b47019-eb0b-42e5-a38a-2589ad67e52d	3047
8210	d8b47019-eb0b-42e5-a38a-2589ad67e52d	3048
8211	d8b47019-eb0b-42e5-a38a-2589ad67e52d	3049
8212	d8b47019-eb0b-42e5-a38a-2589ad67e52d	3050
8213	d8b47019-eb0b-42e5-a38a-2589ad67e52d	3051
8214	d8b47019-eb0b-42e5-a38a-2589ad67e52d	3052
8215	d8b47019-eb0b-42e5-a38a-2589ad67e52d	3053
8216	d8b47019-eb0b-42e5-a38a-2589ad67e52d	3054
8217	d8b47019-eb0b-42e5-a38a-2589ad67e52d	3055
8218	d8b47019-eb0b-42e5-a38a-2589ad67e52d	3056
8219	d8b47019-eb0b-42e5-a38a-2589ad67e52d	3057
8220	d8b47019-eb0b-42e5-a38a-2589ad67e52d	3058
8221	d8b47019-eb0b-42e5-a38a-2589ad67e52d	3059
8222	d8b47019-eb0b-42e5-a38a-2589ad67e52d	3060
8223	d8b47019-eb0b-42e5-a38a-2589ad67e52d	3061
8224	d8b47019-eb0b-42e5-a38a-2589ad67e52d	3062
8225	d8b47019-eb0b-42e5-a38a-2589ad67e52d	3063
8226	d8b47019-eb0b-42e5-a38a-2589ad67e52d	3064
8227	d8b47019-eb0b-42e5-a38a-2589ad67e52d	3065
8228	d8b47019-eb0b-42e5-a38a-2589ad67e52d	3066
8229	d8b47019-eb0b-42e5-a38a-2589ad67e52d	3067
8230	d8b47019-eb0b-42e5-a38a-2589ad67e52d	3068
8231	d8b47019-eb0b-42e5-a38a-2589ad67e52d	3069
8232	d8b47019-eb0b-42e5-a38a-2589ad67e52d	3070
8233	d8b47019-eb0b-42e5-a38a-2589ad67e52d	3071
8234	d8b47019-eb0b-42e5-a38a-2589ad67e52d	3072
8235	d8b47019-eb0b-42e5-a38a-2589ad67e52d	3073
8236	d8b47019-eb0b-42e5-a38a-2589ad67e52d	3074
8237	d8b47019-eb0b-42e5-a38a-2589ad67e52d	3075
8238	d8b47019-eb0b-42e5-a38a-2589ad67e52d	3076
8239	d8b47019-eb0b-42e5-a38a-2589ad67e52d	3077
8240	d8b47019-eb0b-42e5-a38a-2589ad67e52d	3078
8241	d8b47019-eb0b-42e5-a38a-2589ad67e52d	3079
8242	d8b47019-eb0b-42e5-a38a-2589ad67e52d	3080
8243	d8b47019-eb0b-42e5-a38a-2589ad67e52d	3081
8244	d8b47019-eb0b-42e5-a38a-2589ad67e52d	3082
8245	d8b47019-eb0b-42e5-a38a-2589ad67e52d	3083
8246	d8b47019-eb0b-42e5-a38a-2589ad67e52d	3084
8247	d8b47019-eb0b-42e5-a38a-2589ad67e52d	3085
8248	d8b47019-eb0b-42e5-a38a-2589ad67e52d	3086
8249	d8b47019-eb0b-42e5-a38a-2589ad67e52d	3087
8250	d8b47019-eb0b-42e5-a38a-2589ad67e52d	3088
8251	d8b47019-eb0b-42e5-a38a-2589ad67e52d	3089
8252	d8b47019-eb0b-42e5-a38a-2589ad67e52d	3090
8253	d8b47019-eb0b-42e5-a38a-2589ad67e52d	3091
8254	d8b47019-eb0b-42e5-a38a-2589ad67e52d	3092
8255	d8b47019-eb0b-42e5-a38a-2589ad67e52d	3093
8256	d8b47019-eb0b-42e5-a38a-2589ad67e52d	3094
8257	d8b47019-eb0b-42e5-a38a-2589ad67e52d	3095
8258	d8b47019-eb0b-42e5-a38a-2589ad67e52d	3096
8259	d8b47019-eb0b-42e5-a38a-2589ad67e52d	3097
8260	d8b47019-eb0b-42e5-a38a-2589ad67e52d	3098
8261	d8b47019-eb0b-42e5-a38a-2589ad67e52d	3099
8262	d8b47019-eb0b-42e5-a38a-2589ad67e52d	3100
8263	d8b47019-eb0b-42e5-a38a-2589ad67e52d	3101
8264	d8b47019-eb0b-42e5-a38a-2589ad67e52d	3102
8265	d8b47019-eb0b-42e5-a38a-2589ad67e52d	3103
8266	d8b47019-eb0b-42e5-a38a-2589ad67e52d	3104
8267	d8b47019-eb0b-42e5-a38a-2589ad67e52d	3105
8268	d8b47019-eb0b-42e5-a38a-2589ad67e52d	3106
8269	d8b47019-eb0b-42e5-a38a-2589ad67e52d	3107
8270	d8b47019-eb0b-42e5-a38a-2589ad67e52d	3108
8271	d8b47019-eb0b-42e5-a38a-2589ad67e52d	3109
8272	d8b47019-eb0b-42e5-a38a-2589ad67e52d	3110
8273	d8b47019-eb0b-42e5-a38a-2589ad67e52d	3111
8274	d8b47019-eb0b-42e5-a38a-2589ad67e52d	3112
8275	d8b47019-eb0b-42e5-a38a-2589ad67e52d	3113
8276	d8b47019-eb0b-42e5-a38a-2589ad67e52d	3114
8277	d8b47019-eb0b-42e5-a38a-2589ad67e52d	3115
8278	d8b47019-eb0b-42e5-a38a-2589ad67e52d	3116
8279	d8b47019-eb0b-42e5-a38a-2589ad67e52d	3117
8280	d8b47019-eb0b-42e5-a38a-2589ad67e52d	3118
8281	d8b47019-eb0b-42e5-a38a-2589ad67e52d	3119
8282	d8b47019-eb0b-42e5-a38a-2589ad67e52d	3120
8283	d8b47019-eb0b-42e5-a38a-2589ad67e52d	3121
8284	d8b47019-eb0b-42e5-a38a-2589ad67e52d	3122
8285	d8b47019-eb0b-42e5-a38a-2589ad67e52d	3123
8286	d8b47019-eb0b-42e5-a38a-2589ad67e52d	3124
8287	d8b47019-eb0b-42e5-a38a-2589ad67e52d	3125
8288	d8b47019-eb0b-42e5-a38a-2589ad67e52d	3126
8289	d8b47019-eb0b-42e5-a38a-2589ad67e52d	3127
8290	d8b47019-eb0b-42e5-a38a-2589ad67e52d	3128
8291	d8b47019-eb0b-42e5-a38a-2589ad67e52d	3129
8292	d8b47019-eb0b-42e5-a38a-2589ad67e52d	3130
8293	d8b47019-eb0b-42e5-a38a-2589ad67e52d	3131
8294	d8b47019-eb0b-42e5-a38a-2589ad67e52d	3132
8295	d8b47019-eb0b-42e5-a38a-2589ad67e52d	3133
8296	d8b47019-eb0b-42e5-a38a-2589ad67e52d	3134
8297	d8b47019-eb0b-42e5-a38a-2589ad67e52d	3135
8298	d8b47019-eb0b-42e5-a38a-2589ad67e52d	3136
8299	d8b47019-eb0b-42e5-a38a-2589ad67e52d	3137
8300	d8b47019-eb0b-42e5-a38a-2589ad67e52d	3138
8301	d8b47019-eb0b-42e5-a38a-2589ad67e52d	3139
8302	d8b47019-eb0b-42e5-a38a-2589ad67e52d	3140
8303	d8b47019-eb0b-42e5-a38a-2589ad67e52d	3141
8304	d8b47019-eb0b-42e5-a38a-2589ad67e52d	3142
8305	d8b47019-eb0b-42e5-a38a-2589ad67e52d	3143
8306	d8b47019-eb0b-42e5-a38a-2589ad67e52d	3144
8307	d8b47019-eb0b-42e5-a38a-2589ad67e52d	3145
8308	d8b47019-eb0b-42e5-a38a-2589ad67e52d	3146
8309	d8b47019-eb0b-42e5-a38a-2589ad67e52d	3147
8310	d8b47019-eb0b-42e5-a38a-2589ad67e52d	3148
8311	d8b47019-eb0b-42e5-a38a-2589ad67e52d	3149
8312	d8b47019-eb0b-42e5-a38a-2589ad67e52d	3150
8313	d8b47019-eb0b-42e5-a38a-2589ad67e52d	3151
8314	d8b47019-eb0b-42e5-a38a-2589ad67e52d	3152
8315	d8b47019-eb0b-42e5-a38a-2589ad67e52d	3153
8316	d8b47019-eb0b-42e5-a38a-2589ad67e52d	3154
8317	d8b47019-eb0b-42e5-a38a-2589ad67e52d	3155
8318	d8b47019-eb0b-42e5-a38a-2589ad67e52d	3156
8319	d8b47019-eb0b-42e5-a38a-2589ad67e52d	3157
8320	d8b47019-eb0b-42e5-a38a-2589ad67e52d	3158
8321	d8b47019-eb0b-42e5-a38a-2589ad67e52d	3159
8322	d8b47019-eb0b-42e5-a38a-2589ad67e52d	3160
8323	d8b47019-eb0b-42e5-a38a-2589ad67e52d	3161
8324	d8b47019-eb0b-42e5-a38a-2589ad67e52d	3162
8325	d8b47019-eb0b-42e5-a38a-2589ad67e52d	3163
8326	d8b47019-eb0b-42e5-a38a-2589ad67e52d	3164
8327	d8b47019-eb0b-42e5-a38a-2589ad67e52d	3165
8328	d8b47019-eb0b-42e5-a38a-2589ad67e52d	3166
8329	d8b47019-eb0b-42e5-a38a-2589ad67e52d	3167
8330	d8b47019-eb0b-42e5-a38a-2589ad67e52d	3168
8331	d8b47019-eb0b-42e5-a38a-2589ad67e52d	3169
8332	d8b47019-eb0b-42e5-a38a-2589ad67e52d	3170
8333	d8b47019-eb0b-42e5-a38a-2589ad67e52d	3171
8334	d8b47019-eb0b-42e5-a38a-2589ad67e52d	3172
8335	d8b47019-eb0b-42e5-a38a-2589ad67e52d	3173
8336	d8b47019-eb0b-42e5-a38a-2589ad67e52d	3174
8337	d8b47019-eb0b-42e5-a38a-2589ad67e52d	3175
8338	d8b47019-eb0b-42e5-a38a-2589ad67e52d	3176
8339	d8b47019-eb0b-42e5-a38a-2589ad67e52d	3177
8340	d8b47019-eb0b-42e5-a38a-2589ad67e52d	3178
8341	d8b47019-eb0b-42e5-a38a-2589ad67e52d	3179
8342	d8b47019-eb0b-42e5-a38a-2589ad67e52d	3180
8343	d8b47019-eb0b-42e5-a38a-2589ad67e52d	3181
8344	d8b47019-eb0b-42e5-a38a-2589ad67e52d	3182
8345	d8b47019-eb0b-42e5-a38a-2589ad67e52d	3183
8346	d8b47019-eb0b-42e5-a38a-2589ad67e52d	3184
8347	d8b47019-eb0b-42e5-a38a-2589ad67e52d	3185
8348	d8b47019-eb0b-42e5-a38a-2589ad67e52d	3186
8349	d8b47019-eb0b-42e5-a38a-2589ad67e52d	3187
8350	d8b47019-eb0b-42e5-a38a-2589ad67e52d	3188
8351	d8b47019-eb0b-42e5-a38a-2589ad67e52d	3189
8352	d8b47019-eb0b-42e5-a38a-2589ad67e52d	3190
8353	d8b47019-eb0b-42e5-a38a-2589ad67e52d	3191
8354	d8b47019-eb0b-42e5-a38a-2589ad67e52d	3192
8355	d8b47019-eb0b-42e5-a38a-2589ad67e52d	3193
8356	d8b47019-eb0b-42e5-a38a-2589ad67e52d	3194
8357	d8b47019-eb0b-42e5-a38a-2589ad67e52d	3195
8358	d8b47019-eb0b-42e5-a38a-2589ad67e52d	3196
8359	d8b47019-eb0b-42e5-a38a-2589ad67e52d	3197
8360	d8b47019-eb0b-42e5-a38a-2589ad67e52d	3198
8361	d8b47019-eb0b-42e5-a38a-2589ad67e52d	3199
8362	d8b47019-eb0b-42e5-a38a-2589ad67e52d	3200
8363	d8b47019-eb0b-42e5-a38a-2589ad67e52d	3201
8364	d8b47019-eb0b-42e5-a38a-2589ad67e52d	3202
8365	d8b47019-eb0b-42e5-a38a-2589ad67e52d	3203
8366	d8b47019-eb0b-42e5-a38a-2589ad67e52d	3204
8367	d8b47019-eb0b-42e5-a38a-2589ad67e52d	3205
8368	d8b47019-eb0b-42e5-a38a-2589ad67e52d	3206
8369	d8b47019-eb0b-42e5-a38a-2589ad67e52d	3207
8370	d8b47019-eb0b-42e5-a38a-2589ad67e52d	3208
8371	d8b47019-eb0b-42e5-a38a-2589ad67e52d	3209
8372	d8b47019-eb0b-42e5-a38a-2589ad67e52d	3210
8373	d8b47019-eb0b-42e5-a38a-2589ad67e52d	3211
8374	d8b47019-eb0b-42e5-a38a-2589ad67e52d	3212
8375	d8b47019-eb0b-42e5-a38a-2589ad67e52d	3213
8376	d8b47019-eb0b-42e5-a38a-2589ad67e52d	3214
8377	d8b47019-eb0b-42e5-a38a-2589ad67e52d	3215
8378	d8b47019-eb0b-42e5-a38a-2589ad67e52d	3216
8379	d8b47019-eb0b-42e5-a38a-2589ad67e52d	3217
8380	d8b47019-eb0b-42e5-a38a-2589ad67e52d	3218
8381	d8b47019-eb0b-42e5-a38a-2589ad67e52d	3219
8382	d8b47019-eb0b-42e5-a38a-2589ad67e52d	3220
8383	d8b47019-eb0b-42e5-a38a-2589ad67e52d	3221
8384	d8b47019-eb0b-42e5-a38a-2589ad67e52d	3222
8385	d8b47019-eb0b-42e5-a38a-2589ad67e52d	3223
8386	d8b47019-eb0b-42e5-a38a-2589ad67e52d	3224
8387	d8b47019-eb0b-42e5-a38a-2589ad67e52d	3225
8388	d8b47019-eb0b-42e5-a38a-2589ad67e52d	3226
8389	d8b47019-eb0b-42e5-a38a-2589ad67e52d	3227
8390	d8b47019-eb0b-42e5-a38a-2589ad67e52d	3228
8391	d8b47019-eb0b-42e5-a38a-2589ad67e52d	3229
8392	d8b47019-eb0b-42e5-a38a-2589ad67e52d	3230
8393	d8b47019-eb0b-42e5-a38a-2589ad67e52d	3231
8394	d8b47019-eb0b-42e5-a38a-2589ad67e52d	3232
8395	d8b47019-eb0b-42e5-a38a-2589ad67e52d	3233
8396	d8b47019-eb0b-42e5-a38a-2589ad67e52d	3234
8397	d8b47019-eb0b-42e5-a38a-2589ad67e52d	3235
8398	d8b47019-eb0b-42e5-a38a-2589ad67e52d	3236
8399	d8b47019-eb0b-42e5-a38a-2589ad67e52d	3237
8400	d8b47019-eb0b-42e5-a38a-2589ad67e52d	3238
8401	d8b47019-eb0b-42e5-a38a-2589ad67e52d	3239
8402	d8b47019-eb0b-42e5-a38a-2589ad67e52d	3240
8403	d8b47019-eb0b-42e5-a38a-2589ad67e52d	3241
8404	d8b47019-eb0b-42e5-a38a-2589ad67e52d	3242
8405	d8b47019-eb0b-42e5-a38a-2589ad67e52d	3243
8406	d8b47019-eb0b-42e5-a38a-2589ad67e52d	3244
8407	d8b47019-eb0b-42e5-a38a-2589ad67e52d	3245
8408	d8b47019-eb0b-42e5-a38a-2589ad67e52d	3246
8409	d8b47019-eb0b-42e5-a38a-2589ad67e52d	3247
8410	d8b47019-eb0b-42e5-a38a-2589ad67e52d	3248
8411	d8b47019-eb0b-42e5-a38a-2589ad67e52d	3249
8412	d8b47019-eb0b-42e5-a38a-2589ad67e52d	3250
8413	d8b47019-eb0b-42e5-a38a-2589ad67e52d	3251
8414	d8b47019-eb0b-42e5-a38a-2589ad67e52d	3252
8415	d8b47019-eb0b-42e5-a38a-2589ad67e52d	3253
8416	d8b47019-eb0b-42e5-a38a-2589ad67e52d	3254
8417	d8b47019-eb0b-42e5-a38a-2589ad67e52d	3255
8418	d8b47019-eb0b-42e5-a38a-2589ad67e52d	3256
8419	d8b47019-eb0b-42e5-a38a-2589ad67e52d	3257
8420	d8b47019-eb0b-42e5-a38a-2589ad67e52d	3258
8421	d8b47019-eb0b-42e5-a38a-2589ad67e52d	3259
8422	d8b47019-eb0b-42e5-a38a-2589ad67e52d	3260
8423	d8b47019-eb0b-42e5-a38a-2589ad67e52d	3261
8424	d8b47019-eb0b-42e5-a38a-2589ad67e52d	3262
8425	d8b47019-eb0b-42e5-a38a-2589ad67e52d	3263
8426	d8b47019-eb0b-42e5-a38a-2589ad67e52d	3264
8427	d8b47019-eb0b-42e5-a38a-2589ad67e52d	3265
8428	d8b47019-eb0b-42e5-a38a-2589ad67e52d	3266
8429	d8b47019-eb0b-42e5-a38a-2589ad67e52d	3267
8430	d8b47019-eb0b-42e5-a38a-2589ad67e52d	3268
8431	d8b47019-eb0b-42e5-a38a-2589ad67e52d	3269
8432	d8b47019-eb0b-42e5-a38a-2589ad67e52d	3270
8433	d8b47019-eb0b-42e5-a38a-2589ad67e52d	3271
8434	d8b47019-eb0b-42e5-a38a-2589ad67e52d	3272
8435	d8b47019-eb0b-42e5-a38a-2589ad67e52d	3273
8436	d8b47019-eb0b-42e5-a38a-2589ad67e52d	3274
8437	d8b47019-eb0b-42e5-a38a-2589ad67e52d	3275
8438	d8b47019-eb0b-42e5-a38a-2589ad67e52d	3276
8439	d8b47019-eb0b-42e5-a38a-2589ad67e52d	3277
8440	d8b47019-eb0b-42e5-a38a-2589ad67e52d	3278
8441	d8b47019-eb0b-42e5-a38a-2589ad67e52d	3279
8442	d8b47019-eb0b-42e5-a38a-2589ad67e52d	3280
8443	d8b47019-eb0b-42e5-a38a-2589ad67e52d	3281
8444	d8b47019-eb0b-42e5-a38a-2589ad67e52d	3282
8445	d8b47019-eb0b-42e5-a38a-2589ad67e52d	3283
8446	d8b47019-eb0b-42e5-a38a-2589ad67e52d	3284
8447	d8b47019-eb0b-42e5-a38a-2589ad67e52d	3285
8448	d8b47019-eb0b-42e5-a38a-2589ad67e52d	3286
8449	d8b47019-eb0b-42e5-a38a-2589ad67e52d	3287
8450	d8b47019-eb0b-42e5-a38a-2589ad67e52d	3288
8451	d8b47019-eb0b-42e5-a38a-2589ad67e52d	3289
8452	d8b47019-eb0b-42e5-a38a-2589ad67e52d	3290
8453	d8b47019-eb0b-42e5-a38a-2589ad67e52d	3291
8454	d8b47019-eb0b-42e5-a38a-2589ad67e52d	3292
8455	d8b47019-eb0b-42e5-a38a-2589ad67e52d	3293
8456	d8b47019-eb0b-42e5-a38a-2589ad67e52d	3294
8457	d8b47019-eb0b-42e5-a38a-2589ad67e52d	3295
8458	d8b47019-eb0b-42e5-a38a-2589ad67e52d	3296
8459	d8b47019-eb0b-42e5-a38a-2589ad67e52d	3297
8460	d8b47019-eb0b-42e5-a38a-2589ad67e52d	3298
8461	d8b47019-eb0b-42e5-a38a-2589ad67e52d	3299
8462	d8b47019-eb0b-42e5-a38a-2589ad67e52d	3300
8463	d8b47019-eb0b-42e5-a38a-2589ad67e52d	3301
8464	d8b47019-eb0b-42e5-a38a-2589ad67e52d	3302
8465	d8b47019-eb0b-42e5-a38a-2589ad67e52d	3303
8466	d8b47019-eb0b-42e5-a38a-2589ad67e52d	3304
8467	d8b47019-eb0b-42e5-a38a-2589ad67e52d	3305
8468	d8b47019-eb0b-42e5-a38a-2589ad67e52d	3306
8469	d8b47019-eb0b-42e5-a38a-2589ad67e52d	3307
8470	d8b47019-eb0b-42e5-a38a-2589ad67e52d	3308
8471	d8b47019-eb0b-42e5-a38a-2589ad67e52d	3309
8472	d8b47019-eb0b-42e5-a38a-2589ad67e52d	3310
8473	d8b47019-eb0b-42e5-a38a-2589ad67e52d	3311
8474	d8b47019-eb0b-42e5-a38a-2589ad67e52d	3312
8475	d8b47019-eb0b-42e5-a38a-2589ad67e52d	3313
8476	d8b47019-eb0b-42e5-a38a-2589ad67e52d	3314
8477	d8b47019-eb0b-42e5-a38a-2589ad67e52d	3315
8478	d8b47019-eb0b-42e5-a38a-2589ad67e52d	3316
8479	d8b47019-eb0b-42e5-a38a-2589ad67e52d	3317
8480	d8b47019-eb0b-42e5-a38a-2589ad67e52d	3318
8481	d8b47019-eb0b-42e5-a38a-2589ad67e52d	3319
8482	d8b47019-eb0b-42e5-a38a-2589ad67e52d	3320
8483	d8b47019-eb0b-42e5-a38a-2589ad67e52d	3321
8484	d8b47019-eb0b-42e5-a38a-2589ad67e52d	3322
8485	d8b47019-eb0b-42e5-a38a-2589ad67e52d	3323
8486	d8b47019-eb0b-42e5-a38a-2589ad67e52d	3324
8487	d8b47019-eb0b-42e5-a38a-2589ad67e52d	3325
8488	d8b47019-eb0b-42e5-a38a-2589ad67e52d	3326
8489	d8b47019-eb0b-42e5-a38a-2589ad67e52d	3327
8490	d8b47019-eb0b-42e5-a38a-2589ad67e52d	3328
8491	d8b47019-eb0b-42e5-a38a-2589ad67e52d	3329
8492	d8b47019-eb0b-42e5-a38a-2589ad67e52d	3330
8493	d8b47019-eb0b-42e5-a38a-2589ad67e52d	3331
8494	d8b47019-eb0b-42e5-a38a-2589ad67e52d	3332
8495	d8b47019-eb0b-42e5-a38a-2589ad67e52d	3333
8496	d8b47019-eb0b-42e5-a38a-2589ad67e52d	3334
8497	d8b47019-eb0b-42e5-a38a-2589ad67e52d	3335
8498	d8b47019-eb0b-42e5-a38a-2589ad67e52d	3336
8499	d8b47019-eb0b-42e5-a38a-2589ad67e52d	3337
8500	d8b47019-eb0b-42e5-a38a-2589ad67e52d	3338
8501	d8b47019-eb0b-42e5-a38a-2589ad67e52d	3339
8502	d8b47019-eb0b-42e5-a38a-2589ad67e52d	3340
8503	d8b47019-eb0b-42e5-a38a-2589ad67e52d	3341
8504	d8b47019-eb0b-42e5-a38a-2589ad67e52d	3342
8505	d8b47019-eb0b-42e5-a38a-2589ad67e52d	3343
8506	d8b47019-eb0b-42e5-a38a-2589ad67e52d	3344
8507	d8b47019-eb0b-42e5-a38a-2589ad67e52d	3345
8508	d8b47019-eb0b-42e5-a38a-2589ad67e52d	3346
8509	d8b47019-eb0b-42e5-a38a-2589ad67e52d	3347
8510	d8b47019-eb0b-42e5-a38a-2589ad67e52d	3348
8511	d8b47019-eb0b-42e5-a38a-2589ad67e52d	3349
8512	d8b47019-eb0b-42e5-a38a-2589ad67e52d	3350
8513	d8b47019-eb0b-42e5-a38a-2589ad67e52d	3351
8514	d8b47019-eb0b-42e5-a38a-2589ad67e52d	3352
8515	d8b47019-eb0b-42e5-a38a-2589ad67e52d	3353
8516	d8b47019-eb0b-42e5-a38a-2589ad67e52d	3354
8517	d8b47019-eb0b-42e5-a38a-2589ad67e52d	3355
8518	d8b47019-eb0b-42e5-a38a-2589ad67e52d	3356
8519	d8b47019-eb0b-42e5-a38a-2589ad67e52d	3357
8520	d8b47019-eb0b-42e5-a38a-2589ad67e52d	3358
8521	d8b47019-eb0b-42e5-a38a-2589ad67e52d	3359
8522	d8b47019-eb0b-42e5-a38a-2589ad67e52d	3360
8523	d8b47019-eb0b-42e5-a38a-2589ad67e52d	3361
8524	d8b47019-eb0b-42e5-a38a-2589ad67e52d	3362
8525	d8b47019-eb0b-42e5-a38a-2589ad67e52d	3363
8526	d8b47019-eb0b-42e5-a38a-2589ad67e52d	3364
8527	d8b47019-eb0b-42e5-a38a-2589ad67e52d	3365
8528	d8b47019-eb0b-42e5-a38a-2589ad67e52d	3366
8529	d8b47019-eb0b-42e5-a38a-2589ad67e52d	3367
8530	d8b47019-eb0b-42e5-a38a-2589ad67e52d	3368
8531	d8b47019-eb0b-42e5-a38a-2589ad67e52d	3369
8532	d8b47019-eb0b-42e5-a38a-2589ad67e52d	3370
8533	d8b47019-eb0b-42e5-a38a-2589ad67e52d	3371
8534	d8b47019-eb0b-42e5-a38a-2589ad67e52d	3372
8535	d8b47019-eb0b-42e5-a38a-2589ad67e52d	3373
8536	d8b47019-eb0b-42e5-a38a-2589ad67e52d	3374
8537	d8b47019-eb0b-42e5-a38a-2589ad67e52d	3375
8538	d8b47019-eb0b-42e5-a38a-2589ad67e52d	3376
8539	d8b47019-eb0b-42e5-a38a-2589ad67e52d	3377
8540	d8b47019-eb0b-42e5-a38a-2589ad67e52d	3378
8541	d8b47019-eb0b-42e5-a38a-2589ad67e52d	3379
8542	d8b47019-eb0b-42e5-a38a-2589ad67e52d	3380
8543	d8b47019-eb0b-42e5-a38a-2589ad67e52d	3381
8544	d8b47019-eb0b-42e5-a38a-2589ad67e52d	3382
8545	d8b47019-eb0b-42e5-a38a-2589ad67e52d	3383
8546	d8b47019-eb0b-42e5-a38a-2589ad67e52d	3384
8547	d8b47019-eb0b-42e5-a38a-2589ad67e52d	3385
8548	d8b47019-eb0b-42e5-a38a-2589ad67e52d	3386
8549	d8b47019-eb0b-42e5-a38a-2589ad67e52d	3387
8550	d8b47019-eb0b-42e5-a38a-2589ad67e52d	3388
8551	d8b47019-eb0b-42e5-a38a-2589ad67e52d	3389
8552	d8b47019-eb0b-42e5-a38a-2589ad67e52d	3390
8553	d8b47019-eb0b-42e5-a38a-2589ad67e52d	3391
8554	d8b47019-eb0b-42e5-a38a-2589ad67e52d	3392
8555	d8b47019-eb0b-42e5-a38a-2589ad67e52d	3393
8556	d8b47019-eb0b-42e5-a38a-2589ad67e52d	3394
8557	d8b47019-eb0b-42e5-a38a-2589ad67e52d	3395
8558	d8b47019-eb0b-42e5-a38a-2589ad67e52d	3396
8559	d8b47019-eb0b-42e5-a38a-2589ad67e52d	3397
8560	d8b47019-eb0b-42e5-a38a-2589ad67e52d	3398
8561	d8b47019-eb0b-42e5-a38a-2589ad67e52d	3399
8562	d8b47019-eb0b-42e5-a38a-2589ad67e52d	3400
8563	d8b47019-eb0b-42e5-a38a-2589ad67e52d	3401
8564	d8b47019-eb0b-42e5-a38a-2589ad67e52d	3402
8565	d8b47019-eb0b-42e5-a38a-2589ad67e52d	3403
8566	d8b47019-eb0b-42e5-a38a-2589ad67e52d	3404
8567	d8b47019-eb0b-42e5-a38a-2589ad67e52d	3405
8568	d8b47019-eb0b-42e5-a38a-2589ad67e52d	3406
8569	d8b47019-eb0b-42e5-a38a-2589ad67e52d	3407
8570	d8b47019-eb0b-42e5-a38a-2589ad67e52d	3408
8571	d8b47019-eb0b-42e5-a38a-2589ad67e52d	3409
8572	d8b47019-eb0b-42e5-a38a-2589ad67e52d	3410
8573	d8b47019-eb0b-42e5-a38a-2589ad67e52d	3411
8574	d8b47019-eb0b-42e5-a38a-2589ad67e52d	3412
8575	d8b47019-eb0b-42e5-a38a-2589ad67e52d	3413
8576	d8b47019-eb0b-42e5-a38a-2589ad67e52d	3414
8577	d8b47019-eb0b-42e5-a38a-2589ad67e52d	3415
8578	d8b47019-eb0b-42e5-a38a-2589ad67e52d	3416
8579	d8b47019-eb0b-42e5-a38a-2589ad67e52d	3417
8580	d8b47019-eb0b-42e5-a38a-2589ad67e52d	3418
8581	d8b47019-eb0b-42e5-a38a-2589ad67e52d	3419
8582	d8b47019-eb0b-42e5-a38a-2589ad67e52d	3420
8583	d8b47019-eb0b-42e5-a38a-2589ad67e52d	3421
8584	d8b47019-eb0b-42e5-a38a-2589ad67e52d	3422
8585	d8b47019-eb0b-42e5-a38a-2589ad67e52d	3423
8586	d8b47019-eb0b-42e5-a38a-2589ad67e52d	3424
8587	d8b47019-eb0b-42e5-a38a-2589ad67e52d	3425
8588	d8b47019-eb0b-42e5-a38a-2589ad67e52d	3426
8589	d8b47019-eb0b-42e5-a38a-2589ad67e52d	3427
8590	d8b47019-eb0b-42e5-a38a-2589ad67e52d	3428
8591	d8b47019-eb0b-42e5-a38a-2589ad67e52d	3429
8592	d8b47019-eb0b-42e5-a38a-2589ad67e52d	3430
8593	d8b47019-eb0b-42e5-a38a-2589ad67e52d	3431
8594	d8b47019-eb0b-42e5-a38a-2589ad67e52d	3432
8595	d8b47019-eb0b-42e5-a38a-2589ad67e52d	3433
8596	d8b47019-eb0b-42e5-a38a-2589ad67e52d	3434
8597	d8b47019-eb0b-42e5-a38a-2589ad67e52d	3435
8598	d8b47019-eb0b-42e5-a38a-2589ad67e52d	3436
8599	d8b47019-eb0b-42e5-a38a-2589ad67e52d	3437
8600	d8b47019-eb0b-42e5-a38a-2589ad67e52d	3438
8601	d8b47019-eb0b-42e5-a38a-2589ad67e52d	3439
8602	d8b47019-eb0b-42e5-a38a-2589ad67e52d	3440
8603	d8b47019-eb0b-42e5-a38a-2589ad67e52d	3441
8604	d8b47019-eb0b-42e5-a38a-2589ad67e52d	3442
8605	d8b47019-eb0b-42e5-a38a-2589ad67e52d	3443
8606	d8b47019-eb0b-42e5-a38a-2589ad67e52d	3444
8607	d8b47019-eb0b-42e5-a38a-2589ad67e52d	3445
8608	d8b47019-eb0b-42e5-a38a-2589ad67e52d	3446
8609	d8b47019-eb0b-42e5-a38a-2589ad67e52d	3447
8610	d8b47019-eb0b-42e5-a38a-2589ad67e52d	3448
8611	d8b47019-eb0b-42e5-a38a-2589ad67e52d	3449
8612	d8b47019-eb0b-42e5-a38a-2589ad67e52d	3450
8613	d8b47019-eb0b-42e5-a38a-2589ad67e52d	3451
8614	d8b47019-eb0b-42e5-a38a-2589ad67e52d	3452
8615	d8b47019-eb0b-42e5-a38a-2589ad67e52d	3453
8616	d8b47019-eb0b-42e5-a38a-2589ad67e52d	3454
8617	d8b47019-eb0b-42e5-a38a-2589ad67e52d	3455
8618	d8b47019-eb0b-42e5-a38a-2589ad67e52d	3456
8619	d8b47019-eb0b-42e5-a38a-2589ad67e52d	3457
8620	d8b47019-eb0b-42e5-a38a-2589ad67e52d	3458
8621	d8b47019-eb0b-42e5-a38a-2589ad67e52d	3459
8622	d8b47019-eb0b-42e5-a38a-2589ad67e52d	3460
8623	d8b47019-eb0b-42e5-a38a-2589ad67e52d	3461
8624	d8b47019-eb0b-42e5-a38a-2589ad67e52d	3462
8625	d8b47019-eb0b-42e5-a38a-2589ad67e52d	3463
8626	d8b47019-eb0b-42e5-a38a-2589ad67e52d	3464
8627	d8b47019-eb0b-42e5-a38a-2589ad67e52d	3465
8628	d8b47019-eb0b-42e5-a38a-2589ad67e52d	3466
8629	d8b47019-eb0b-42e5-a38a-2589ad67e52d	3467
8630	d8b47019-eb0b-42e5-a38a-2589ad67e52d	3468
8631	d8b47019-eb0b-42e5-a38a-2589ad67e52d	3469
8632	d8b47019-eb0b-42e5-a38a-2589ad67e52d	3470
8633	d8b47019-eb0b-42e5-a38a-2589ad67e52d	3471
8634	d8b47019-eb0b-42e5-a38a-2589ad67e52d	3472
8635	d8b47019-eb0b-42e5-a38a-2589ad67e52d	3473
8636	d8b47019-eb0b-42e5-a38a-2589ad67e52d	3474
8637	d8b47019-eb0b-42e5-a38a-2589ad67e52d	3475
8638	d8b47019-eb0b-42e5-a38a-2589ad67e52d	3476
8639	d8b47019-eb0b-42e5-a38a-2589ad67e52d	3477
8640	d8b47019-eb0b-42e5-a38a-2589ad67e52d	3478
8641	d8b47019-eb0b-42e5-a38a-2589ad67e52d	3479
8642	d8b47019-eb0b-42e5-a38a-2589ad67e52d	3480
8643	d8b47019-eb0b-42e5-a38a-2589ad67e52d	3481
8644	d8b47019-eb0b-42e5-a38a-2589ad67e52d	3482
8645	d8b47019-eb0b-42e5-a38a-2589ad67e52d	3483
8646	d8b47019-eb0b-42e5-a38a-2589ad67e52d	3484
8647	d8b47019-eb0b-42e5-a38a-2589ad67e52d	3485
8648	d8b47019-eb0b-42e5-a38a-2589ad67e52d	3486
8649	d8b47019-eb0b-42e5-a38a-2589ad67e52d	3487
8650	d8b47019-eb0b-42e5-a38a-2589ad67e52d	3488
8651	d8b47019-eb0b-42e5-a38a-2589ad67e52d	3489
8652	d8b47019-eb0b-42e5-a38a-2589ad67e52d	3490
8653	d8b47019-eb0b-42e5-a38a-2589ad67e52d	3491
8654	d8b47019-eb0b-42e5-a38a-2589ad67e52d	3492
8655	d8b47019-eb0b-42e5-a38a-2589ad67e52d	3493
8656	d8b47019-eb0b-42e5-a38a-2589ad67e52d	3494
8657	d8b47019-eb0b-42e5-a38a-2589ad67e52d	3495
8658	d8b47019-eb0b-42e5-a38a-2589ad67e52d	3496
8659	d8b47019-eb0b-42e5-a38a-2589ad67e52d	3497
8660	d8b47019-eb0b-42e5-a38a-2589ad67e52d	3498
8661	d8b47019-eb0b-42e5-a38a-2589ad67e52d	3499
8662	d8b47019-eb0b-42e5-a38a-2589ad67e52d	3500
8663	d8b47019-eb0b-42e5-a38a-2589ad67e52d	3501
8664	d8b47019-eb0b-42e5-a38a-2589ad67e52d	3502
8665	d8b47019-eb0b-42e5-a38a-2589ad67e52d	3503
8666	d8b47019-eb0b-42e5-a38a-2589ad67e52d	3504
8667	d8b47019-eb0b-42e5-a38a-2589ad67e52d	3505
8668	d8b47019-eb0b-42e5-a38a-2589ad67e52d	3506
8669	d8b47019-eb0b-42e5-a38a-2589ad67e52d	3507
8670	d8b47019-eb0b-42e5-a38a-2589ad67e52d	3508
8671	d8b47019-eb0b-42e5-a38a-2589ad67e52d	3509
8672	d8b47019-eb0b-42e5-a38a-2589ad67e52d	3510
8673	d8b47019-eb0b-42e5-a38a-2589ad67e52d	3511
8674	d8b47019-eb0b-42e5-a38a-2589ad67e52d	3512
8675	d8b47019-eb0b-42e5-a38a-2589ad67e52d	3513
8676	d8b47019-eb0b-42e5-a38a-2589ad67e52d	3514
8677	d8b47019-eb0b-42e5-a38a-2589ad67e52d	3515
8678	d8b47019-eb0b-42e5-a38a-2589ad67e52d	3516
8679	d8b47019-eb0b-42e5-a38a-2589ad67e52d	3517
8680	d8b47019-eb0b-42e5-a38a-2589ad67e52d	3518
8681	d8b47019-eb0b-42e5-a38a-2589ad67e52d	3519
8682	d8b47019-eb0b-42e5-a38a-2589ad67e52d	3520
8683	d8b47019-eb0b-42e5-a38a-2589ad67e52d	3521
8684	d8b47019-eb0b-42e5-a38a-2589ad67e52d	3522
8685	d8b47019-eb0b-42e5-a38a-2589ad67e52d	3523
8686	d8b47019-eb0b-42e5-a38a-2589ad67e52d	3524
8687	d8b47019-eb0b-42e5-a38a-2589ad67e52d	3525
8688	d8b47019-eb0b-42e5-a38a-2589ad67e52d	3526
8689	d8b47019-eb0b-42e5-a38a-2589ad67e52d	3527
8690	d8b47019-eb0b-42e5-a38a-2589ad67e52d	3528
8691	d8b47019-eb0b-42e5-a38a-2589ad67e52d	3529
8692	d8b47019-eb0b-42e5-a38a-2589ad67e52d	3530
8693	d8b47019-eb0b-42e5-a38a-2589ad67e52d	3531
8694	d8b47019-eb0b-42e5-a38a-2589ad67e52d	3532
8695	d8b47019-eb0b-42e5-a38a-2589ad67e52d	3533
8696	d8b47019-eb0b-42e5-a38a-2589ad67e52d	3534
8697	d8b47019-eb0b-42e5-a38a-2589ad67e52d	3535
8698	d8b47019-eb0b-42e5-a38a-2589ad67e52d	3536
8699	d8b47019-eb0b-42e5-a38a-2589ad67e52d	3537
8700	d8b47019-eb0b-42e5-a38a-2589ad67e52d	3538
8701	d8b47019-eb0b-42e5-a38a-2589ad67e52d	3539
8702	d8b47019-eb0b-42e5-a38a-2589ad67e52d	3540
8703	d8b47019-eb0b-42e5-a38a-2589ad67e52d	3541
8704	d8b47019-eb0b-42e5-a38a-2589ad67e52d	3542
8705	d8b47019-eb0b-42e5-a38a-2589ad67e52d	3543
8706	d8b47019-eb0b-42e5-a38a-2589ad67e52d	3544
8707	d8b47019-eb0b-42e5-a38a-2589ad67e52d	3545
8708	d8b47019-eb0b-42e5-a38a-2589ad67e52d	3546
8709	d8b47019-eb0b-42e5-a38a-2589ad67e52d	3547
8710	d8b47019-eb0b-42e5-a38a-2589ad67e52d	3548
8711	d8b47019-eb0b-42e5-a38a-2589ad67e52d	3549
8712	d8b47019-eb0b-42e5-a38a-2589ad67e52d	3550
8713	d8b47019-eb0b-42e5-a38a-2589ad67e52d	3551
8714	d8b47019-eb0b-42e5-a38a-2589ad67e52d	3552
8715	d8b47019-eb0b-42e5-a38a-2589ad67e52d	3553
8716	d8b47019-eb0b-42e5-a38a-2589ad67e52d	3554
8717	d8b47019-eb0b-42e5-a38a-2589ad67e52d	3555
8718	d8b47019-eb0b-42e5-a38a-2589ad67e52d	3556
8719	d8b47019-eb0b-42e5-a38a-2589ad67e52d	3557
8720	d8b47019-eb0b-42e5-a38a-2589ad67e52d	3558
8721	d8b47019-eb0b-42e5-a38a-2589ad67e52d	3559
8722	d8b47019-eb0b-42e5-a38a-2589ad67e52d	3560
8723	d8b47019-eb0b-42e5-a38a-2589ad67e52d	3561
8724	d8b47019-eb0b-42e5-a38a-2589ad67e52d	3562
8725	d8b47019-eb0b-42e5-a38a-2589ad67e52d	3563
8726	d8b47019-eb0b-42e5-a38a-2589ad67e52d	3564
8727	d8b47019-eb0b-42e5-a38a-2589ad67e52d	3565
8728	d8b47019-eb0b-42e5-a38a-2589ad67e52d	3566
8729	d8b47019-eb0b-42e5-a38a-2589ad67e52d	3567
8730	d8b47019-eb0b-42e5-a38a-2589ad67e52d	3568
8731	d8b47019-eb0b-42e5-a38a-2589ad67e52d	3569
8732	d8b47019-eb0b-42e5-a38a-2589ad67e52d	3570
8733	d8b47019-eb0b-42e5-a38a-2589ad67e52d	3571
8734	d8b47019-eb0b-42e5-a38a-2589ad67e52d	3572
8735	d8b47019-eb0b-42e5-a38a-2589ad67e52d	3573
8736	d8b47019-eb0b-42e5-a38a-2589ad67e52d	3574
8737	d8b47019-eb0b-42e5-a38a-2589ad67e52d	3575
8738	d8b47019-eb0b-42e5-a38a-2589ad67e52d	3576
8739	d8b47019-eb0b-42e5-a38a-2589ad67e52d	3577
8740	d8b47019-eb0b-42e5-a38a-2589ad67e52d	3578
8741	d8b47019-eb0b-42e5-a38a-2589ad67e52d	3579
8742	d8b47019-eb0b-42e5-a38a-2589ad67e52d	3580
8743	d8b47019-eb0b-42e5-a38a-2589ad67e52d	3581
8744	d8b47019-eb0b-42e5-a38a-2589ad67e52d	3582
8745	d8b47019-eb0b-42e5-a38a-2589ad67e52d	3583
8746	d8b47019-eb0b-42e5-a38a-2589ad67e52d	3584
8747	d8b47019-eb0b-42e5-a38a-2589ad67e52d	3585
8748	d8b47019-eb0b-42e5-a38a-2589ad67e52d	3586
8749	d8b47019-eb0b-42e5-a38a-2589ad67e52d	3587
8750	d8b47019-eb0b-42e5-a38a-2589ad67e52d	3588
8751	d8b47019-eb0b-42e5-a38a-2589ad67e52d	3589
8752	d8b47019-eb0b-42e5-a38a-2589ad67e52d	3590
8753	d8b47019-eb0b-42e5-a38a-2589ad67e52d	3591
8754	d8b47019-eb0b-42e5-a38a-2589ad67e52d	3592
8755	d8b47019-eb0b-42e5-a38a-2589ad67e52d	3593
8756	d8b47019-eb0b-42e5-a38a-2589ad67e52d	3594
8757	d8b47019-eb0b-42e5-a38a-2589ad67e52d	3595
8758	d8b47019-eb0b-42e5-a38a-2589ad67e52d	3596
8759	d8b47019-eb0b-42e5-a38a-2589ad67e52d	3597
8760	d8b47019-eb0b-42e5-a38a-2589ad67e52d	3598
8761	d8b47019-eb0b-42e5-a38a-2589ad67e52d	3599
8762	d8b47019-eb0b-42e5-a38a-2589ad67e52d	3600
8763	d8b47019-eb0b-42e5-a38a-2589ad67e52d	3601
8764	d8b47019-eb0b-42e5-a38a-2589ad67e52d	3602
8765	d8b47019-eb0b-42e5-a38a-2589ad67e52d	3603
8766	d8b47019-eb0b-42e5-a38a-2589ad67e52d	3604
8767	d8b47019-eb0b-42e5-a38a-2589ad67e52d	3605
8768	d8b47019-eb0b-42e5-a38a-2589ad67e52d	3606
8769	d8b47019-eb0b-42e5-a38a-2589ad67e52d	3607
8770	d8b47019-eb0b-42e5-a38a-2589ad67e52d	3608
8771	d8b47019-eb0b-42e5-a38a-2589ad67e52d	3609
8772	d8b47019-eb0b-42e5-a38a-2589ad67e52d	3610
8773	d8b47019-eb0b-42e5-a38a-2589ad67e52d	3611
8774	d8b47019-eb0b-42e5-a38a-2589ad67e52d	3612
8775	d8b47019-eb0b-42e5-a38a-2589ad67e52d	3613
8776	d8b47019-eb0b-42e5-a38a-2589ad67e52d	3614
8777	d8b47019-eb0b-42e5-a38a-2589ad67e52d	3615
8778	d8b47019-eb0b-42e5-a38a-2589ad67e52d	3616
8779	d8b47019-eb0b-42e5-a38a-2589ad67e52d	3617
8780	d8b47019-eb0b-42e5-a38a-2589ad67e52d	3618
8781	d8b47019-eb0b-42e5-a38a-2589ad67e52d	3619
8782	d8b47019-eb0b-42e5-a38a-2589ad67e52d	3620
8783	d8b47019-eb0b-42e5-a38a-2589ad67e52d	3621
8784	d8b47019-eb0b-42e5-a38a-2589ad67e52d	3622
8785	d8b47019-eb0b-42e5-a38a-2589ad67e52d	3623
8786	d8b47019-eb0b-42e5-a38a-2589ad67e52d	3624
8787	d8b47019-eb0b-42e5-a38a-2589ad67e52d	3625
8788	d8b47019-eb0b-42e5-a38a-2589ad67e52d	3626
8789	d8b47019-eb0b-42e5-a38a-2589ad67e52d	3627
8790	d8b47019-eb0b-42e5-a38a-2589ad67e52d	3628
8791	d8b47019-eb0b-42e5-a38a-2589ad67e52d	3629
8792	d8b47019-eb0b-42e5-a38a-2589ad67e52d	3630
8793	d8b47019-eb0b-42e5-a38a-2589ad67e52d	3631
8794	d8b47019-eb0b-42e5-a38a-2589ad67e52d	3632
8795	d8b47019-eb0b-42e5-a38a-2589ad67e52d	3633
8796	d8b47019-eb0b-42e5-a38a-2589ad67e52d	3634
8797	d8b47019-eb0b-42e5-a38a-2589ad67e52d	3635
8798	d8b47019-eb0b-42e5-a38a-2589ad67e52d	3636
8799	d8b47019-eb0b-42e5-a38a-2589ad67e52d	3637
8800	d8b47019-eb0b-42e5-a38a-2589ad67e52d	3638
8801	d8b47019-eb0b-42e5-a38a-2589ad67e52d	3639
8802	d8b47019-eb0b-42e5-a38a-2589ad67e52d	3640
8803	d8b47019-eb0b-42e5-a38a-2589ad67e52d	3641
8804	d8b47019-eb0b-42e5-a38a-2589ad67e52d	3642
8805	d8b47019-eb0b-42e5-a38a-2589ad67e52d	3643
8806	d8b47019-eb0b-42e5-a38a-2589ad67e52d	3644
8807	d8b47019-eb0b-42e5-a38a-2589ad67e52d	3645
8808	d8b47019-eb0b-42e5-a38a-2589ad67e52d	3646
8809	d8b47019-eb0b-42e5-a38a-2589ad67e52d	3647
8810	d8b47019-eb0b-42e5-a38a-2589ad67e52d	3648
8811	d8b47019-eb0b-42e5-a38a-2589ad67e52d	3649
8812	d8b47019-eb0b-42e5-a38a-2589ad67e52d	3650
8813	d8b47019-eb0b-42e5-a38a-2589ad67e52d	3651
8814	d8b47019-eb0b-42e5-a38a-2589ad67e52d	3652
8815	d8b47019-eb0b-42e5-a38a-2589ad67e52d	3653
8816	d8b47019-eb0b-42e5-a38a-2589ad67e52d	3654
8817	d8b47019-eb0b-42e5-a38a-2589ad67e52d	3655
8818	d8b47019-eb0b-42e5-a38a-2589ad67e52d	3656
8819	d8b47019-eb0b-42e5-a38a-2589ad67e52d	3657
8820	d8b47019-eb0b-42e5-a38a-2589ad67e52d	3658
8821	d8b47019-eb0b-42e5-a38a-2589ad67e52d	3659
8822	d8b47019-eb0b-42e5-a38a-2589ad67e52d	3660
8823	d8b47019-eb0b-42e5-a38a-2589ad67e52d	3661
8824	d8b47019-eb0b-42e5-a38a-2589ad67e52d	3662
8825	d8b47019-eb0b-42e5-a38a-2589ad67e52d	3663
8826	d8b47019-eb0b-42e5-a38a-2589ad67e52d	3664
8827	d8b47019-eb0b-42e5-a38a-2589ad67e52d	3665
8828	d8b47019-eb0b-42e5-a38a-2589ad67e52d	3666
8829	d8b47019-eb0b-42e5-a38a-2589ad67e52d	3667
8830	d8b47019-eb0b-42e5-a38a-2589ad67e52d	3668
8831	d8b47019-eb0b-42e5-a38a-2589ad67e52d	3669
8832	d8b47019-eb0b-42e5-a38a-2589ad67e52d	3670
8833	d8b47019-eb0b-42e5-a38a-2589ad67e52d	3671
8834	d8b47019-eb0b-42e5-a38a-2589ad67e52d	3672
8835	d8b47019-eb0b-42e5-a38a-2589ad67e52d	3673
8836	d8b47019-eb0b-42e5-a38a-2589ad67e52d	3674
8837	d8b47019-eb0b-42e5-a38a-2589ad67e52d	3675
8838	d8b47019-eb0b-42e5-a38a-2589ad67e52d	3676
8839	d8b47019-eb0b-42e5-a38a-2589ad67e52d	3677
8840	d8b47019-eb0b-42e5-a38a-2589ad67e52d	3678
8841	d8b47019-eb0b-42e5-a38a-2589ad67e52d	3679
8842	d8b47019-eb0b-42e5-a38a-2589ad67e52d	3680
8843	d8b47019-eb0b-42e5-a38a-2589ad67e52d	3681
8844	d8b47019-eb0b-42e5-a38a-2589ad67e52d	3682
8845	d8b47019-eb0b-42e5-a38a-2589ad67e52d	3683
8846	d8b47019-eb0b-42e5-a38a-2589ad67e52d	3684
8847	d8b47019-eb0b-42e5-a38a-2589ad67e52d	3685
8848	d8b47019-eb0b-42e5-a38a-2589ad67e52d	3686
8849	d8b47019-eb0b-42e5-a38a-2589ad67e52d	3687
8850	d8b47019-eb0b-42e5-a38a-2589ad67e52d	3688
8851	d8b47019-eb0b-42e5-a38a-2589ad67e52d	3689
8852	d8b47019-eb0b-42e5-a38a-2589ad67e52d	3690
8853	d8b47019-eb0b-42e5-a38a-2589ad67e52d	3691
8854	d8b47019-eb0b-42e5-a38a-2589ad67e52d	3692
8855	d8b47019-eb0b-42e5-a38a-2589ad67e52d	3693
8856	d8b47019-eb0b-42e5-a38a-2589ad67e52d	3694
8857	d8b47019-eb0b-42e5-a38a-2589ad67e52d	3695
8858	d8b47019-eb0b-42e5-a38a-2589ad67e52d	3696
8859	d8b47019-eb0b-42e5-a38a-2589ad67e52d	3697
8860	d8b47019-eb0b-42e5-a38a-2589ad67e52d	3698
8861	d8b47019-eb0b-42e5-a38a-2589ad67e52d	3699
8862	d8b47019-eb0b-42e5-a38a-2589ad67e52d	3700
8863	d8b47019-eb0b-42e5-a38a-2589ad67e52d	3701
8864	d8b47019-eb0b-42e5-a38a-2589ad67e52d	3702
8865	d8b47019-eb0b-42e5-a38a-2589ad67e52d	3703
8866	d8b47019-eb0b-42e5-a38a-2589ad67e52d	3704
8867	d8b47019-eb0b-42e5-a38a-2589ad67e52d	3705
8868	d8b47019-eb0b-42e5-a38a-2589ad67e52d	3706
8869	d8b47019-eb0b-42e5-a38a-2589ad67e52d	3707
8870	d8b47019-eb0b-42e5-a38a-2589ad67e52d	3708
8871	d8b47019-eb0b-42e5-a38a-2589ad67e52d	3709
8872	d8b47019-eb0b-42e5-a38a-2589ad67e52d	3710
8873	d8b47019-eb0b-42e5-a38a-2589ad67e52d	3711
8874	d8b47019-eb0b-42e5-a38a-2589ad67e52d	3712
8875	d8b47019-eb0b-42e5-a38a-2589ad67e52d	3713
8876	d8b47019-eb0b-42e5-a38a-2589ad67e52d	3714
8877	d8b47019-eb0b-42e5-a38a-2589ad67e52d	3715
8878	d8b47019-eb0b-42e5-a38a-2589ad67e52d	3716
8879	d8b47019-eb0b-42e5-a38a-2589ad67e52d	3717
8880	d8b47019-eb0b-42e5-a38a-2589ad67e52d	3718
8881	d8b47019-eb0b-42e5-a38a-2589ad67e52d	3719
8882	d8b47019-eb0b-42e5-a38a-2589ad67e52d	3720
8883	d8b47019-eb0b-42e5-a38a-2589ad67e52d	3721
8884	d8b47019-eb0b-42e5-a38a-2589ad67e52d	3722
8885	d8b47019-eb0b-42e5-a38a-2589ad67e52d	3723
8886	d8b47019-eb0b-42e5-a38a-2589ad67e52d	3724
8887	d8b47019-eb0b-42e5-a38a-2589ad67e52d	3725
8888	d8b47019-eb0b-42e5-a38a-2589ad67e52d	3726
8889	d8b47019-eb0b-42e5-a38a-2589ad67e52d	3727
8890	d8b47019-eb0b-42e5-a38a-2589ad67e52d	3728
8891	d8b47019-eb0b-42e5-a38a-2589ad67e52d	3729
8892	d8b47019-eb0b-42e5-a38a-2589ad67e52d	3730
8893	d8b47019-eb0b-42e5-a38a-2589ad67e52d	3731
8894	d8b47019-eb0b-42e5-a38a-2589ad67e52d	3732
8895	d8b47019-eb0b-42e5-a38a-2589ad67e52d	3733
8896	d8b47019-eb0b-42e5-a38a-2589ad67e52d	3734
8897	d8b47019-eb0b-42e5-a38a-2589ad67e52d	3735
8898	d8b47019-eb0b-42e5-a38a-2589ad67e52d	3736
8899	d8b47019-eb0b-42e5-a38a-2589ad67e52d	3737
8900	d8b47019-eb0b-42e5-a38a-2589ad67e52d	3738
8901	d8b47019-eb0b-42e5-a38a-2589ad67e52d	3739
8902	d8b47019-eb0b-42e5-a38a-2589ad67e52d	3740
8903	d8b47019-eb0b-42e5-a38a-2589ad67e52d	3741
8904	d8b47019-eb0b-42e5-a38a-2589ad67e52d	3742
8905	d8b47019-eb0b-42e5-a38a-2589ad67e52d	3743
8906	d8b47019-eb0b-42e5-a38a-2589ad67e52d	3744
8907	d8b47019-eb0b-42e5-a38a-2589ad67e52d	3745
8908	d8b47019-eb0b-42e5-a38a-2589ad67e52d	3746
8909	d8b47019-eb0b-42e5-a38a-2589ad67e52d	3747
8910	d8b47019-eb0b-42e5-a38a-2589ad67e52d	3748
8911	d8b47019-eb0b-42e5-a38a-2589ad67e52d	3749
8912	d8b47019-eb0b-42e5-a38a-2589ad67e52d	3750
8913	d8b47019-eb0b-42e5-a38a-2589ad67e52d	3751
8914	d8b47019-eb0b-42e5-a38a-2589ad67e52d	3752
8915	d8b47019-eb0b-42e5-a38a-2589ad67e52d	3753
8916	d8b47019-eb0b-42e5-a38a-2589ad67e52d	3754
8917	d8b47019-eb0b-42e5-a38a-2589ad67e52d	3755
8918	d8b47019-eb0b-42e5-a38a-2589ad67e52d	3756
8919	d8b47019-eb0b-42e5-a38a-2589ad67e52d	3757
8920	d8b47019-eb0b-42e5-a38a-2589ad67e52d	3758
8921	d8b47019-eb0b-42e5-a38a-2589ad67e52d	3759
8922	d8b47019-eb0b-42e5-a38a-2589ad67e52d	3760
8923	d8b47019-eb0b-42e5-a38a-2589ad67e52d	3761
8924	d8b47019-eb0b-42e5-a38a-2589ad67e52d	3762
8925	d8b47019-eb0b-42e5-a38a-2589ad67e52d	3763
8926	d8b47019-eb0b-42e5-a38a-2589ad67e52d	3764
8927	d8b47019-eb0b-42e5-a38a-2589ad67e52d	3765
8928	d8b47019-eb0b-42e5-a38a-2589ad67e52d	3766
8929	d8b47019-eb0b-42e5-a38a-2589ad67e52d	3767
8930	d8b47019-eb0b-42e5-a38a-2589ad67e52d	3768
8931	d8b47019-eb0b-42e5-a38a-2589ad67e52d	3769
8932	d8b47019-eb0b-42e5-a38a-2589ad67e52d	3770
8933	d8b47019-eb0b-42e5-a38a-2589ad67e52d	3771
8934	d8b47019-eb0b-42e5-a38a-2589ad67e52d	3772
8935	d8b47019-eb0b-42e5-a38a-2589ad67e52d	3773
8936	d8b47019-eb0b-42e5-a38a-2589ad67e52d	3774
8937	d8b47019-eb0b-42e5-a38a-2589ad67e52d	3775
8938	d8b47019-eb0b-42e5-a38a-2589ad67e52d	3776
8939	d8b47019-eb0b-42e5-a38a-2589ad67e52d	3777
8940	d8b47019-eb0b-42e5-a38a-2589ad67e52d	3778
8941	d8b47019-eb0b-42e5-a38a-2589ad67e52d	3779
8942	d8b47019-eb0b-42e5-a38a-2589ad67e52d	3780
8943	d8b47019-eb0b-42e5-a38a-2589ad67e52d	3781
8944	d8b47019-eb0b-42e5-a38a-2589ad67e52d	3782
8945	d8b47019-eb0b-42e5-a38a-2589ad67e52d	3783
8946	d8b47019-eb0b-42e5-a38a-2589ad67e52d	3784
8947	d8b47019-eb0b-42e5-a38a-2589ad67e52d	3785
8948	d8b47019-eb0b-42e5-a38a-2589ad67e52d	3786
8949	d8b47019-eb0b-42e5-a38a-2589ad67e52d	3787
8950	d8b47019-eb0b-42e5-a38a-2589ad67e52d	3788
8951	d8b47019-eb0b-42e5-a38a-2589ad67e52d	3789
8952	d8b47019-eb0b-42e5-a38a-2589ad67e52d	3790
8953	d8b47019-eb0b-42e5-a38a-2589ad67e52d	3791
8954	d8b47019-eb0b-42e5-a38a-2589ad67e52d	3792
8955	d8b47019-eb0b-42e5-a38a-2589ad67e52d	3793
8956	d8b47019-eb0b-42e5-a38a-2589ad67e52d	3794
8957	d8b47019-eb0b-42e5-a38a-2589ad67e52d	3795
8958	d8b47019-eb0b-42e5-a38a-2589ad67e52d	3796
8959	d8b47019-eb0b-42e5-a38a-2589ad67e52d	3797
8960	d8b47019-eb0b-42e5-a38a-2589ad67e52d	3798
8961	d8b47019-eb0b-42e5-a38a-2589ad67e52d	3799
8962	d8b47019-eb0b-42e5-a38a-2589ad67e52d	3800
8963	d8b47019-eb0b-42e5-a38a-2589ad67e52d	3801
8964	d8b47019-eb0b-42e5-a38a-2589ad67e52d	3802
8965	d8b47019-eb0b-42e5-a38a-2589ad67e52d	3803
8966	d8b47019-eb0b-42e5-a38a-2589ad67e52d	3804
8967	d8b47019-eb0b-42e5-a38a-2589ad67e52d	3805
8968	d8b47019-eb0b-42e5-a38a-2589ad67e52d	3806
8969	d8b47019-eb0b-42e5-a38a-2589ad67e52d	3807
8970	d8b47019-eb0b-42e5-a38a-2589ad67e52d	3808
8971	d8b47019-eb0b-42e5-a38a-2589ad67e52d	3809
8972	d8b47019-eb0b-42e5-a38a-2589ad67e52d	3810
8973	d8b47019-eb0b-42e5-a38a-2589ad67e52d	3811
8974	d8b47019-eb0b-42e5-a38a-2589ad67e52d	3812
8975	d8b47019-eb0b-42e5-a38a-2589ad67e52d	3813
8976	d8b47019-eb0b-42e5-a38a-2589ad67e52d	3814
8977	d8b47019-eb0b-42e5-a38a-2589ad67e52d	3815
8978	d8b47019-eb0b-42e5-a38a-2589ad67e52d	3816
8979	d8b47019-eb0b-42e5-a38a-2589ad67e52d	3817
8980	d8b47019-eb0b-42e5-a38a-2589ad67e52d	3818
8981	d8b47019-eb0b-42e5-a38a-2589ad67e52d	3819
8982	d8b47019-eb0b-42e5-a38a-2589ad67e52d	3820
8983	d8b47019-eb0b-42e5-a38a-2589ad67e52d	3821
8984	d8b47019-eb0b-42e5-a38a-2589ad67e52d	3822
8985	d8b47019-eb0b-42e5-a38a-2589ad67e52d	3823
8986	d8b47019-eb0b-42e5-a38a-2589ad67e52d	3824
8987	d8b47019-eb0b-42e5-a38a-2589ad67e52d	3825
8988	d8b47019-eb0b-42e5-a38a-2589ad67e52d	3826
8989	d8b47019-eb0b-42e5-a38a-2589ad67e52d	3827
8990	d8b47019-eb0b-42e5-a38a-2589ad67e52d	3828
8991	d8b47019-eb0b-42e5-a38a-2589ad67e52d	3829
8992	d8b47019-eb0b-42e5-a38a-2589ad67e52d	3830
8993	d8b47019-eb0b-42e5-a38a-2589ad67e52d	3831
8994	d8b47019-eb0b-42e5-a38a-2589ad67e52d	3832
8995	d8b47019-eb0b-42e5-a38a-2589ad67e52d	3833
8996	d8b47019-eb0b-42e5-a38a-2589ad67e52d	3834
8997	d8b47019-eb0b-42e5-a38a-2589ad67e52d	3835
8998	d8b47019-eb0b-42e5-a38a-2589ad67e52d	3836
8999	d8b47019-eb0b-42e5-a38a-2589ad67e52d	3837
9000	d8b47019-eb0b-42e5-a38a-2589ad67e52d	3838
9001	d8b47019-eb0b-42e5-a38a-2589ad67e52d	3839
9002	d8b47019-eb0b-42e5-a38a-2589ad67e52d	3840
9003	d8b47019-eb0b-42e5-a38a-2589ad67e52d	3841
9004	d8b47019-eb0b-42e5-a38a-2589ad67e52d	3842
9005	d8b47019-eb0b-42e5-a38a-2589ad67e52d	3843
9006	d8b47019-eb0b-42e5-a38a-2589ad67e52d	3844
9007	d8b47019-eb0b-42e5-a38a-2589ad67e52d	3845
9008	d8b47019-eb0b-42e5-a38a-2589ad67e52d	3846
9009	d8b47019-eb0b-42e5-a38a-2589ad67e52d	3847
9010	d8b47019-eb0b-42e5-a38a-2589ad67e52d	3848
9011	d8b47019-eb0b-42e5-a38a-2589ad67e52d	3849
9012	d8b47019-eb0b-42e5-a38a-2589ad67e52d	3850
9013	d8b47019-eb0b-42e5-a38a-2589ad67e52d	3851
9014	d8b47019-eb0b-42e5-a38a-2589ad67e52d	3852
9015	d8b47019-eb0b-42e5-a38a-2589ad67e52d	3853
9016	d8b47019-eb0b-42e5-a38a-2589ad67e52d	3854
9017	d8b47019-eb0b-42e5-a38a-2589ad67e52d	3855
9018	d8b47019-eb0b-42e5-a38a-2589ad67e52d	3856
9019	d8b47019-eb0b-42e5-a38a-2589ad67e52d	3857
9020	d8b47019-eb0b-42e5-a38a-2589ad67e52d	3858
9021	d8b47019-eb0b-42e5-a38a-2589ad67e52d	3859
9022	d8b47019-eb0b-42e5-a38a-2589ad67e52d	3860
9023	d8b47019-eb0b-42e5-a38a-2589ad67e52d	3861
9024	d8b47019-eb0b-42e5-a38a-2589ad67e52d	3862
9025	d8b47019-eb0b-42e5-a38a-2589ad67e52d	3863
9026	d8b47019-eb0b-42e5-a38a-2589ad67e52d	3864
9027	d8b47019-eb0b-42e5-a38a-2589ad67e52d	3865
9028	d8b47019-eb0b-42e5-a38a-2589ad67e52d	3866
9029	d8b47019-eb0b-42e5-a38a-2589ad67e52d	3867
9030	d8b47019-eb0b-42e5-a38a-2589ad67e52d	3868
9031	d8b47019-eb0b-42e5-a38a-2589ad67e52d	3869
9032	d8b47019-eb0b-42e5-a38a-2589ad67e52d	3870
9033	d8b47019-eb0b-42e5-a38a-2589ad67e52d	3871
9034	d8b47019-eb0b-42e5-a38a-2589ad67e52d	3872
9035	d8b47019-eb0b-42e5-a38a-2589ad67e52d	3873
9036	d8b47019-eb0b-42e5-a38a-2589ad67e52d	3874
9037	d8b47019-eb0b-42e5-a38a-2589ad67e52d	3875
9038	d8b47019-eb0b-42e5-a38a-2589ad67e52d	3876
9039	d8b47019-eb0b-42e5-a38a-2589ad67e52d	3877
9040	d8b47019-eb0b-42e5-a38a-2589ad67e52d	3878
9041	d8b47019-eb0b-42e5-a38a-2589ad67e52d	3879
9042	d8b47019-eb0b-42e5-a38a-2589ad67e52d	3880
9043	d8b47019-eb0b-42e5-a38a-2589ad67e52d	3881
9044	d8b47019-eb0b-42e5-a38a-2589ad67e52d	3882
9045	d8b47019-eb0b-42e5-a38a-2589ad67e52d	3883
9046	d8b47019-eb0b-42e5-a38a-2589ad67e52d	3884
9047	d8b47019-eb0b-42e5-a38a-2589ad67e52d	3885
9048	d8b47019-eb0b-42e5-a38a-2589ad67e52d	3886
9049	d8b47019-eb0b-42e5-a38a-2589ad67e52d	3887
9050	d8b47019-eb0b-42e5-a38a-2589ad67e52d	3888
9051	d8b47019-eb0b-42e5-a38a-2589ad67e52d	3889
9052	d8b47019-eb0b-42e5-a38a-2589ad67e52d	3890
9053	d8b47019-eb0b-42e5-a38a-2589ad67e52d	3891
9054	d8b47019-eb0b-42e5-a38a-2589ad67e52d	3892
9055	d8b47019-eb0b-42e5-a38a-2589ad67e52d	3893
9056	d8b47019-eb0b-42e5-a38a-2589ad67e52d	3894
9057	d8b47019-eb0b-42e5-a38a-2589ad67e52d	3895
9058	d8b47019-eb0b-42e5-a38a-2589ad67e52d	3896
9059	d8b47019-eb0b-42e5-a38a-2589ad67e52d	3897
9060	d8b47019-eb0b-42e5-a38a-2589ad67e52d	3898
9061	d8b47019-eb0b-42e5-a38a-2589ad67e52d	3899
9062	d8b47019-eb0b-42e5-a38a-2589ad67e52d	3900
9063	d8b47019-eb0b-42e5-a38a-2589ad67e52d	3901
9064	d8b47019-eb0b-42e5-a38a-2589ad67e52d	3902
9065	d8b47019-eb0b-42e5-a38a-2589ad67e52d	3903
9066	d8b47019-eb0b-42e5-a38a-2589ad67e52d	3904
9067	d8b47019-eb0b-42e5-a38a-2589ad67e52d	3905
9068	d8b47019-eb0b-42e5-a38a-2589ad67e52d	3906
9069	d8b47019-eb0b-42e5-a38a-2589ad67e52d	3907
9070	d8b47019-eb0b-42e5-a38a-2589ad67e52d	3908
9071	d8b47019-eb0b-42e5-a38a-2589ad67e52d	3909
9072	d8b47019-eb0b-42e5-a38a-2589ad67e52d	3910
9073	d8b47019-eb0b-42e5-a38a-2589ad67e52d	3911
9074	d8b47019-eb0b-42e5-a38a-2589ad67e52d	3912
9075	d8b47019-eb0b-42e5-a38a-2589ad67e52d	3913
9076	d8b47019-eb0b-42e5-a38a-2589ad67e52d	3914
9077	d8b47019-eb0b-42e5-a38a-2589ad67e52d	3915
9078	d8b47019-eb0b-42e5-a38a-2589ad67e52d	3916
9079	d8b47019-eb0b-42e5-a38a-2589ad67e52d	3917
9080	d8b47019-eb0b-42e5-a38a-2589ad67e52d	3918
9081	d8b47019-eb0b-42e5-a38a-2589ad67e52d	3919
9082	d8b47019-eb0b-42e5-a38a-2589ad67e52d	3920
9083	d8b47019-eb0b-42e5-a38a-2589ad67e52d	3921
9084	d8b47019-eb0b-42e5-a38a-2589ad67e52d	3922
9085	d8b47019-eb0b-42e5-a38a-2589ad67e52d	3923
9086	d8b47019-eb0b-42e5-a38a-2589ad67e52d	3924
9087	d8b47019-eb0b-42e5-a38a-2589ad67e52d	3925
9088	d8b47019-eb0b-42e5-a38a-2589ad67e52d	3926
9089	d8b47019-eb0b-42e5-a38a-2589ad67e52d	3927
9090	d8b47019-eb0b-42e5-a38a-2589ad67e52d	3928
9091	d8b47019-eb0b-42e5-a38a-2589ad67e52d	3929
9092	d8b47019-eb0b-42e5-a38a-2589ad67e52d	3930
9093	d8b47019-eb0b-42e5-a38a-2589ad67e52d	3931
9094	d8b47019-eb0b-42e5-a38a-2589ad67e52d	3932
9095	d8b47019-eb0b-42e5-a38a-2589ad67e52d	3933
9096	d8b47019-eb0b-42e5-a38a-2589ad67e52d	3934
9097	d8b47019-eb0b-42e5-a38a-2589ad67e52d	3935
9098	d8b47019-eb0b-42e5-a38a-2589ad67e52d	3936
9099	d8b47019-eb0b-42e5-a38a-2589ad67e52d	3937
9100	d8b47019-eb0b-42e5-a38a-2589ad67e52d	3938
9101	d8b47019-eb0b-42e5-a38a-2589ad67e52d	3939
9102	d8b47019-eb0b-42e5-a38a-2589ad67e52d	3940
9103	d8b47019-eb0b-42e5-a38a-2589ad67e52d	3941
9104	d8b47019-eb0b-42e5-a38a-2589ad67e52d	3942
9105	d8b47019-eb0b-42e5-a38a-2589ad67e52d	3943
9106	d8b47019-eb0b-42e5-a38a-2589ad67e52d	3944
9107	d8b47019-eb0b-42e5-a38a-2589ad67e52d	3945
9108	d8b47019-eb0b-42e5-a38a-2589ad67e52d	3946
9109	d8b47019-eb0b-42e5-a38a-2589ad67e52d	3947
9110	d8b47019-eb0b-42e5-a38a-2589ad67e52d	3948
9111	d8b47019-eb0b-42e5-a38a-2589ad67e52d	3949
9112	d8b47019-eb0b-42e5-a38a-2589ad67e52d	3950
9113	d8b47019-eb0b-42e5-a38a-2589ad67e52d	3951
9114	d8b47019-eb0b-42e5-a38a-2589ad67e52d	3952
9115	d8b47019-eb0b-42e5-a38a-2589ad67e52d	3953
9116	d8b47019-eb0b-42e5-a38a-2589ad67e52d	3954
9117	d8b47019-eb0b-42e5-a38a-2589ad67e52d	3955
9118	d8b47019-eb0b-42e5-a38a-2589ad67e52d	3956
9119	d8b47019-eb0b-42e5-a38a-2589ad67e52d	3957
9120	d8b47019-eb0b-42e5-a38a-2589ad67e52d	3958
9121	d8b47019-eb0b-42e5-a38a-2589ad67e52d	3959
9122	d8b47019-eb0b-42e5-a38a-2589ad67e52d	3960
9123	d8b47019-eb0b-42e5-a38a-2589ad67e52d	3961
9124	d8b47019-eb0b-42e5-a38a-2589ad67e52d	3962
9125	d8b47019-eb0b-42e5-a38a-2589ad67e52d	3963
9126	d8b47019-eb0b-42e5-a38a-2589ad67e52d	3964
9127	d8b47019-eb0b-42e5-a38a-2589ad67e52d	3965
9128	d8b47019-eb0b-42e5-a38a-2589ad67e52d	3966
9129	d8b47019-eb0b-42e5-a38a-2589ad67e52d	3967
9130	d8b47019-eb0b-42e5-a38a-2589ad67e52d	3968
9131	d8b47019-eb0b-42e5-a38a-2589ad67e52d	3969
9132	d8b47019-eb0b-42e5-a38a-2589ad67e52d	3970
9133	d8b47019-eb0b-42e5-a38a-2589ad67e52d	3971
9134	d8b47019-eb0b-42e5-a38a-2589ad67e52d	3972
9135	d8b47019-eb0b-42e5-a38a-2589ad67e52d	3973
9136	d8b47019-eb0b-42e5-a38a-2589ad67e52d	3974
9137	d8b47019-eb0b-42e5-a38a-2589ad67e52d	3975
9138	d8b47019-eb0b-42e5-a38a-2589ad67e52d	3976
9139	d8b47019-eb0b-42e5-a38a-2589ad67e52d	3977
9140	d8b47019-eb0b-42e5-a38a-2589ad67e52d	3978
9141	d8b47019-eb0b-42e5-a38a-2589ad67e52d	3979
9142	d8b47019-eb0b-42e5-a38a-2589ad67e52d	3980
9143	d8b47019-eb0b-42e5-a38a-2589ad67e52d	3981
9144	d8b47019-eb0b-42e5-a38a-2589ad67e52d	3982
9145	d8b47019-eb0b-42e5-a38a-2589ad67e52d	3983
9146	d8b47019-eb0b-42e5-a38a-2589ad67e52d	3984
9147	d8b47019-eb0b-42e5-a38a-2589ad67e52d	3985
9148	d8b47019-eb0b-42e5-a38a-2589ad67e52d	3986
9149	d8b47019-eb0b-42e5-a38a-2589ad67e52d	3987
9150	d8b47019-eb0b-42e5-a38a-2589ad67e52d	3988
9151	d8b47019-eb0b-42e5-a38a-2589ad67e52d	3989
9152	d8b47019-eb0b-42e5-a38a-2589ad67e52d	3990
9153	d8b47019-eb0b-42e5-a38a-2589ad67e52d	3991
9154	d8b47019-eb0b-42e5-a38a-2589ad67e52d	3992
9155	d8b47019-eb0b-42e5-a38a-2589ad67e52d	3993
9156	d8b47019-eb0b-42e5-a38a-2589ad67e52d	3994
9157	d8b47019-eb0b-42e5-a38a-2589ad67e52d	3995
9158	d8b47019-eb0b-42e5-a38a-2589ad67e52d	3996
9159	d8b47019-eb0b-42e5-a38a-2589ad67e52d	3997
9160	d8b47019-eb0b-42e5-a38a-2589ad67e52d	3998
9161	d8b47019-eb0b-42e5-a38a-2589ad67e52d	3999
9162	d8b47019-eb0b-42e5-a38a-2589ad67e52d	4000
9163	d8b47019-eb0b-42e5-a38a-2589ad67e52d	4001
9164	d8b47019-eb0b-42e5-a38a-2589ad67e52d	4002
9165	d8b47019-eb0b-42e5-a38a-2589ad67e52d	4003
9166	d8b47019-eb0b-42e5-a38a-2589ad67e52d	4004
9167	d8b47019-eb0b-42e5-a38a-2589ad67e52d	4005
9168	d8b47019-eb0b-42e5-a38a-2589ad67e52d	4006
9169	d8b47019-eb0b-42e5-a38a-2589ad67e52d	4007
9170	d8b47019-eb0b-42e5-a38a-2589ad67e52d	4008
9171	d8b47019-eb0b-42e5-a38a-2589ad67e52d	4009
9172	d8b47019-eb0b-42e5-a38a-2589ad67e52d	4010
9173	d8b47019-eb0b-42e5-a38a-2589ad67e52d	4011
9174	d8b47019-eb0b-42e5-a38a-2589ad67e52d	4012
9175	d8b47019-eb0b-42e5-a38a-2589ad67e52d	4013
9176	d8b47019-eb0b-42e5-a38a-2589ad67e52d	4014
9177	d8b47019-eb0b-42e5-a38a-2589ad67e52d	4015
9178	d8b47019-eb0b-42e5-a38a-2589ad67e52d	4016
9179	d8b47019-eb0b-42e5-a38a-2589ad67e52d	4017
9180	d8b47019-eb0b-42e5-a38a-2589ad67e52d	4018
9181	d8b47019-eb0b-42e5-a38a-2589ad67e52d	4019
9182	d8b47019-eb0b-42e5-a38a-2589ad67e52d	4020
9183	d8b47019-eb0b-42e5-a38a-2589ad67e52d	4021
9184	d8b47019-eb0b-42e5-a38a-2589ad67e52d	4022
9185	d8b47019-eb0b-42e5-a38a-2589ad67e52d	4023
9186	d8b47019-eb0b-42e5-a38a-2589ad67e52d	4024
9187	d8b47019-eb0b-42e5-a38a-2589ad67e52d	4025
9188	d8b47019-eb0b-42e5-a38a-2589ad67e52d	4026
9189	d8b47019-eb0b-42e5-a38a-2589ad67e52d	4027
9190	d8b47019-eb0b-42e5-a38a-2589ad67e52d	4028
9191	d8b47019-eb0b-42e5-a38a-2589ad67e52d	4029
9192	d8b47019-eb0b-42e5-a38a-2589ad67e52d	4030
9193	d8b47019-eb0b-42e5-a38a-2589ad67e52d	4031
9194	d8b47019-eb0b-42e5-a38a-2589ad67e52d	4032
9195	d8b47019-eb0b-42e5-a38a-2589ad67e52d	4033
9196	d8b47019-eb0b-42e5-a38a-2589ad67e52d	4034
9197	d8b47019-eb0b-42e5-a38a-2589ad67e52d	4035
9198	d8b47019-eb0b-42e5-a38a-2589ad67e52d	4036
9199	d8b47019-eb0b-42e5-a38a-2589ad67e52d	4037
9200	d8b47019-eb0b-42e5-a38a-2589ad67e52d	4038
9201	d8b47019-eb0b-42e5-a38a-2589ad67e52d	4039
9202	d8b47019-eb0b-42e5-a38a-2589ad67e52d	4040
9203	d8b47019-eb0b-42e5-a38a-2589ad67e52d	4041
9204	d8b47019-eb0b-42e5-a38a-2589ad67e52d	4042
9205	d8b47019-eb0b-42e5-a38a-2589ad67e52d	4043
9206	d8b47019-eb0b-42e5-a38a-2589ad67e52d	4044
9207	d8b47019-eb0b-42e5-a38a-2589ad67e52d	4045
9208	d8b47019-eb0b-42e5-a38a-2589ad67e52d	4046
9209	d8b47019-eb0b-42e5-a38a-2589ad67e52d	4047
9210	d8b47019-eb0b-42e5-a38a-2589ad67e52d	4048
9211	d8b47019-eb0b-42e5-a38a-2589ad67e52d	4049
9212	d8b47019-eb0b-42e5-a38a-2589ad67e52d	4050
9213	d8b47019-eb0b-42e5-a38a-2589ad67e52d	4051
9214	d8b47019-eb0b-42e5-a38a-2589ad67e52d	4052
9215	d8b47019-eb0b-42e5-a38a-2589ad67e52d	4053
9216	d8b47019-eb0b-42e5-a38a-2589ad67e52d	4054
9217	d8b47019-eb0b-42e5-a38a-2589ad67e52d	4055
9218	d8b47019-eb0b-42e5-a38a-2589ad67e52d	4056
9219	d8b47019-eb0b-42e5-a38a-2589ad67e52d	4057
9220	d8b47019-eb0b-42e5-a38a-2589ad67e52d	4058
9221	d8b47019-eb0b-42e5-a38a-2589ad67e52d	4059
9222	d8b47019-eb0b-42e5-a38a-2589ad67e52d	4060
9223	d8b47019-eb0b-42e5-a38a-2589ad67e52d	4061
9224	d8b47019-eb0b-42e5-a38a-2589ad67e52d	4062
9225	d8b47019-eb0b-42e5-a38a-2589ad67e52d	4063
9226	d8b47019-eb0b-42e5-a38a-2589ad67e52d	4064
9227	d8b47019-eb0b-42e5-a38a-2589ad67e52d	4065
9228	d8b47019-eb0b-42e5-a38a-2589ad67e52d	4066
9229	d8b47019-eb0b-42e5-a38a-2589ad67e52d	4067
9230	d8b47019-eb0b-42e5-a38a-2589ad67e52d	4068
9231	d8b47019-eb0b-42e5-a38a-2589ad67e52d	4069
9232	d8b47019-eb0b-42e5-a38a-2589ad67e52d	4070
9233	d8b47019-eb0b-42e5-a38a-2589ad67e52d	4071
9234	d8b47019-eb0b-42e5-a38a-2589ad67e52d	4072
9235	d8b47019-eb0b-42e5-a38a-2589ad67e52d	4073
9236	d8b47019-eb0b-42e5-a38a-2589ad67e52d	4074
9237	d8b47019-eb0b-42e5-a38a-2589ad67e52d	4075
9238	d8b47019-eb0b-42e5-a38a-2589ad67e52d	4076
9239	d8b47019-eb0b-42e5-a38a-2589ad67e52d	4077
9240	d8b47019-eb0b-42e5-a38a-2589ad67e52d	4078
9241	d8b47019-eb0b-42e5-a38a-2589ad67e52d	4079
9242	d8b47019-eb0b-42e5-a38a-2589ad67e52d	4080
9243	d8b47019-eb0b-42e5-a38a-2589ad67e52d	4081
9244	d8b47019-eb0b-42e5-a38a-2589ad67e52d	4082
9245	d8b47019-eb0b-42e5-a38a-2589ad67e52d	4083
9246	d8b47019-eb0b-42e5-a38a-2589ad67e52d	4084
9247	d8b47019-eb0b-42e5-a38a-2589ad67e52d	4085
9248	d8b47019-eb0b-42e5-a38a-2589ad67e52d	4086
9249	d8b47019-eb0b-42e5-a38a-2589ad67e52d	4087
9250	d8b47019-eb0b-42e5-a38a-2589ad67e52d	4088
9251	d8b47019-eb0b-42e5-a38a-2589ad67e52d	4089
9252	d8b47019-eb0b-42e5-a38a-2589ad67e52d	4090
9253	d8b47019-eb0b-42e5-a38a-2589ad67e52d	4091
9254	d8b47019-eb0b-42e5-a38a-2589ad67e52d	4092
9255	d8b47019-eb0b-42e5-a38a-2589ad67e52d	4093
9256	d8b47019-eb0b-42e5-a38a-2589ad67e52d	4094
9257	d8b47019-eb0b-42e5-a38a-2589ad67e52d	4095
9258	d8b47019-eb0b-42e5-a38a-2589ad67e52d	4096
9259	d8b47019-eb0b-42e5-a38a-2589ad67e52d	4097
9260	d8b47019-eb0b-42e5-a38a-2589ad67e52d	4098
9261	d8b47019-eb0b-42e5-a38a-2589ad67e52d	4099
9262	d8b47019-eb0b-42e5-a38a-2589ad67e52d	4100
9263	d8b47019-eb0b-42e5-a38a-2589ad67e52d	4101
9264	d8b47019-eb0b-42e5-a38a-2589ad67e52d	4102
9265	d8b47019-eb0b-42e5-a38a-2589ad67e52d	4103
9266	d8b47019-eb0b-42e5-a38a-2589ad67e52d	4104
9267	d8b47019-eb0b-42e5-a38a-2589ad67e52d	4105
9268	d8b47019-eb0b-42e5-a38a-2589ad67e52d	4106
9269	d8b47019-eb0b-42e5-a38a-2589ad67e52d	4107
9270	d8b47019-eb0b-42e5-a38a-2589ad67e52d	4108
9271	d8b47019-eb0b-42e5-a38a-2589ad67e52d	4109
9272	d8b47019-eb0b-42e5-a38a-2589ad67e52d	4110
9273	d8b47019-eb0b-42e5-a38a-2589ad67e52d	4111
9274	d8b47019-eb0b-42e5-a38a-2589ad67e52d	4112
9275	d8b47019-eb0b-42e5-a38a-2589ad67e52d	4113
9276	d8b47019-eb0b-42e5-a38a-2589ad67e52d	4114
9277	d8b47019-eb0b-42e5-a38a-2589ad67e52d	4115
9278	d8b47019-eb0b-42e5-a38a-2589ad67e52d	4116
9279	d8b47019-eb0b-42e5-a38a-2589ad67e52d	4117
9280	d8b47019-eb0b-42e5-a38a-2589ad67e52d	4118
9281	d8b47019-eb0b-42e5-a38a-2589ad67e52d	4119
9282	d8b47019-eb0b-42e5-a38a-2589ad67e52d	4120
9283	d8b47019-eb0b-42e5-a38a-2589ad67e52d	4121
9284	d8b47019-eb0b-42e5-a38a-2589ad67e52d	4122
9285	d8b47019-eb0b-42e5-a38a-2589ad67e52d	4123
9286	d8b47019-eb0b-42e5-a38a-2589ad67e52d	4124
9287	d8b47019-eb0b-42e5-a38a-2589ad67e52d	4125
9288	d8b47019-eb0b-42e5-a38a-2589ad67e52d	4126
9289	d8b47019-eb0b-42e5-a38a-2589ad67e52d	4127
9290	d8b47019-eb0b-42e5-a38a-2589ad67e52d	4128
9291	d8b47019-eb0b-42e5-a38a-2589ad67e52d	4129
9292	d8b47019-eb0b-42e5-a38a-2589ad67e52d	4130
9293	d8b47019-eb0b-42e5-a38a-2589ad67e52d	4131
9294	d8b47019-eb0b-42e5-a38a-2589ad67e52d	4132
9295	d8b47019-eb0b-42e5-a38a-2589ad67e52d	4133
9296	d8b47019-eb0b-42e5-a38a-2589ad67e52d	4134
9297	d8b47019-eb0b-42e5-a38a-2589ad67e52d	4135
9298	d8b47019-eb0b-42e5-a38a-2589ad67e52d	4136
9299	d8b47019-eb0b-42e5-a38a-2589ad67e52d	4137
9300	d8b47019-eb0b-42e5-a38a-2589ad67e52d	4138
9301	d8b47019-eb0b-42e5-a38a-2589ad67e52d	4139
9302	d8b47019-eb0b-42e5-a38a-2589ad67e52d	4140
9303	d8b47019-eb0b-42e5-a38a-2589ad67e52d	4141
9304	d8b47019-eb0b-42e5-a38a-2589ad67e52d	4142
9305	d8b47019-eb0b-42e5-a38a-2589ad67e52d	4143
9306	d8b47019-eb0b-42e5-a38a-2589ad67e52d	4144
9307	d8b47019-eb0b-42e5-a38a-2589ad67e52d	4145
9308	d8b47019-eb0b-42e5-a38a-2589ad67e52d	4146
9309	d8b47019-eb0b-42e5-a38a-2589ad67e52d	4147
9310	d8b47019-eb0b-42e5-a38a-2589ad67e52d	4148
9311	d8b47019-eb0b-42e5-a38a-2589ad67e52d	4149
9312	d8b47019-eb0b-42e5-a38a-2589ad67e52d	4150
9313	d8b47019-eb0b-42e5-a38a-2589ad67e52d	4151
9314	d8b47019-eb0b-42e5-a38a-2589ad67e52d	4152
9315	d8b47019-eb0b-42e5-a38a-2589ad67e52d	4153
9316	d8b47019-eb0b-42e5-a38a-2589ad67e52d	4154
9317	d8b47019-eb0b-42e5-a38a-2589ad67e52d	4155
9318	d8b47019-eb0b-42e5-a38a-2589ad67e52d	4156
9319	d8b47019-eb0b-42e5-a38a-2589ad67e52d	4157
9320	d8b47019-eb0b-42e5-a38a-2589ad67e52d	4158
9321	d8b47019-eb0b-42e5-a38a-2589ad67e52d	4159
9322	d8b47019-eb0b-42e5-a38a-2589ad67e52d	4160
9323	d8b47019-eb0b-42e5-a38a-2589ad67e52d	4161
9324	d8b47019-eb0b-42e5-a38a-2589ad67e52d	4162
9325	d8b47019-eb0b-42e5-a38a-2589ad67e52d	4163
9326	d8b47019-eb0b-42e5-a38a-2589ad67e52d	4164
9327	d8b47019-eb0b-42e5-a38a-2589ad67e52d	4165
9328	d8b47019-eb0b-42e5-a38a-2589ad67e52d	4166
9329	d8b47019-eb0b-42e5-a38a-2589ad67e52d	4167
9330	d8b47019-eb0b-42e5-a38a-2589ad67e52d	4168
9331	d8b47019-eb0b-42e5-a38a-2589ad67e52d	4169
9332	d8b47019-eb0b-42e5-a38a-2589ad67e52d	4170
9333	d8b47019-eb0b-42e5-a38a-2589ad67e52d	4171
9334	d8b47019-eb0b-42e5-a38a-2589ad67e52d	4172
9335	d8b47019-eb0b-42e5-a38a-2589ad67e52d	4173
9336	d8b47019-eb0b-42e5-a38a-2589ad67e52d	4174
9337	d8b47019-eb0b-42e5-a38a-2589ad67e52d	4175
9338	d8b47019-eb0b-42e5-a38a-2589ad67e52d	4176
9339	d8b47019-eb0b-42e5-a38a-2589ad67e52d	4177
9340	d8b47019-eb0b-42e5-a38a-2589ad67e52d	4178
9341	d8b47019-eb0b-42e5-a38a-2589ad67e52d	4179
9342	d8b47019-eb0b-42e5-a38a-2589ad67e52d	4180
9343	d8b47019-eb0b-42e5-a38a-2589ad67e52d	4181
9344	d8b47019-eb0b-42e5-a38a-2589ad67e52d	4182
9345	d8b47019-eb0b-42e5-a38a-2589ad67e52d	4183
9346	d8b47019-eb0b-42e5-a38a-2589ad67e52d	4184
9347	d8b47019-eb0b-42e5-a38a-2589ad67e52d	4185
9348	d8b47019-eb0b-42e5-a38a-2589ad67e52d	4186
9349	d8b47019-eb0b-42e5-a38a-2589ad67e52d	4187
9350	d8b47019-eb0b-42e5-a38a-2589ad67e52d	4188
9351	d8b47019-eb0b-42e5-a38a-2589ad67e52d	4189
9352	d8b47019-eb0b-42e5-a38a-2589ad67e52d	4190
9353	d8b47019-eb0b-42e5-a38a-2589ad67e52d	4191
9354	d8b47019-eb0b-42e5-a38a-2589ad67e52d	4192
9355	d8b47019-eb0b-42e5-a38a-2589ad67e52d	4193
9356	d8b47019-eb0b-42e5-a38a-2589ad67e52d	4194
9357	d8b47019-eb0b-42e5-a38a-2589ad67e52d	4195
9358	d8b47019-eb0b-42e5-a38a-2589ad67e52d	4196
9359	d8b47019-eb0b-42e5-a38a-2589ad67e52d	4197
9360	d8b47019-eb0b-42e5-a38a-2589ad67e52d	4198
9361	d8b47019-eb0b-42e5-a38a-2589ad67e52d	4199
9362	d8b47019-eb0b-42e5-a38a-2589ad67e52d	4200
9363	d8b47019-eb0b-42e5-a38a-2589ad67e52d	4201
9364	d8b47019-eb0b-42e5-a38a-2589ad67e52d	4202
9365	d8b47019-eb0b-42e5-a38a-2589ad67e52d	4203
9366	d8b47019-eb0b-42e5-a38a-2589ad67e52d	4204
9367	d8b47019-eb0b-42e5-a38a-2589ad67e52d	4205
9368	d8b47019-eb0b-42e5-a38a-2589ad67e52d	4206
9369	d8b47019-eb0b-42e5-a38a-2589ad67e52d	4207
9370	d8b47019-eb0b-42e5-a38a-2589ad67e52d	4208
9371	d8b47019-eb0b-42e5-a38a-2589ad67e52d	4209
9372	d8b47019-eb0b-42e5-a38a-2589ad67e52d	4210
9373	d8b47019-eb0b-42e5-a38a-2589ad67e52d	4211
9374	d8b47019-eb0b-42e5-a38a-2589ad67e52d	4212
9375	d8b47019-eb0b-42e5-a38a-2589ad67e52d	4213
9376	d8b47019-eb0b-42e5-a38a-2589ad67e52d	4214
9377	d8b47019-eb0b-42e5-a38a-2589ad67e52d	4215
9378	d8b47019-eb0b-42e5-a38a-2589ad67e52d	4216
9379	d8b47019-eb0b-42e5-a38a-2589ad67e52d	4217
9380	d8b47019-eb0b-42e5-a38a-2589ad67e52d	4218
9381	d8b47019-eb0b-42e5-a38a-2589ad67e52d	4219
9382	d8b47019-eb0b-42e5-a38a-2589ad67e52d	4220
9383	d8b47019-eb0b-42e5-a38a-2589ad67e52d	4221
9384	d8b47019-eb0b-42e5-a38a-2589ad67e52d	4222
9385	d8b47019-eb0b-42e5-a38a-2589ad67e52d	4223
9386	d8b47019-eb0b-42e5-a38a-2589ad67e52d	4224
9387	d8b47019-eb0b-42e5-a38a-2589ad67e52d	4225
9388	d8b47019-eb0b-42e5-a38a-2589ad67e52d	4226
9389	d8b47019-eb0b-42e5-a38a-2589ad67e52d	4227
9390	d8b47019-eb0b-42e5-a38a-2589ad67e52d	4228
9391	d8b47019-eb0b-42e5-a38a-2589ad67e52d	4229
9392	d8b47019-eb0b-42e5-a38a-2589ad67e52d	4230
9393	d8b47019-eb0b-42e5-a38a-2589ad67e52d	4231
9394	d8b47019-eb0b-42e5-a38a-2589ad67e52d	4232
9395	d8b47019-eb0b-42e5-a38a-2589ad67e52d	4233
9396	d8b47019-eb0b-42e5-a38a-2589ad67e52d	4234
9397	d8b47019-eb0b-42e5-a38a-2589ad67e52d	4235
9398	d8b47019-eb0b-42e5-a38a-2589ad67e52d	4236
9399	d8b47019-eb0b-42e5-a38a-2589ad67e52d	4237
9400	d8b47019-eb0b-42e5-a38a-2589ad67e52d	4238
9401	d8b47019-eb0b-42e5-a38a-2589ad67e52d	4239
9402	d8b47019-eb0b-42e5-a38a-2589ad67e52d	4240
9403	d8b47019-eb0b-42e5-a38a-2589ad67e52d	4241
9404	d8b47019-eb0b-42e5-a38a-2589ad67e52d	4242
9405	d8b47019-eb0b-42e5-a38a-2589ad67e52d	4243
9406	d8b47019-eb0b-42e5-a38a-2589ad67e52d	4244
9407	d8b47019-eb0b-42e5-a38a-2589ad67e52d	4245
9408	d8b47019-eb0b-42e5-a38a-2589ad67e52d	4246
9409	d8b47019-eb0b-42e5-a38a-2589ad67e52d	4247
9410	d8b47019-eb0b-42e5-a38a-2589ad67e52d	4248
9411	d8b47019-eb0b-42e5-a38a-2589ad67e52d	4249
9412	d8b47019-eb0b-42e5-a38a-2589ad67e52d	4250
9413	d8b47019-eb0b-42e5-a38a-2589ad67e52d	4251
9414	d8b47019-eb0b-42e5-a38a-2589ad67e52d	4252
9415	d8b47019-eb0b-42e5-a38a-2589ad67e52d	4253
9416	d8b47019-eb0b-42e5-a38a-2589ad67e52d	4254
9417	d8b47019-eb0b-42e5-a38a-2589ad67e52d	4255
9418	d8b47019-eb0b-42e5-a38a-2589ad67e52d	4256
9419	d8b47019-eb0b-42e5-a38a-2589ad67e52d	4257
9420	d8b47019-eb0b-42e5-a38a-2589ad67e52d	4258
9421	d8b47019-eb0b-42e5-a38a-2589ad67e52d	4259
9422	d8b47019-eb0b-42e5-a38a-2589ad67e52d	4260
9423	d8b47019-eb0b-42e5-a38a-2589ad67e52d	4261
9424	d8b47019-eb0b-42e5-a38a-2589ad67e52d	4262
9425	d8b47019-eb0b-42e5-a38a-2589ad67e52d	4263
9426	d8b47019-eb0b-42e5-a38a-2589ad67e52d	4264
9427	d8b47019-eb0b-42e5-a38a-2589ad67e52d	4265
9428	d8b47019-eb0b-42e5-a38a-2589ad67e52d	4266
9429	d8b47019-eb0b-42e5-a38a-2589ad67e52d	4267
9430	d8b47019-eb0b-42e5-a38a-2589ad67e52d	4268
9431	d8b47019-eb0b-42e5-a38a-2589ad67e52d	4269
9432	d8b47019-eb0b-42e5-a38a-2589ad67e52d	4270
9433	d8b47019-eb0b-42e5-a38a-2589ad67e52d	4271
9434	d8b47019-eb0b-42e5-a38a-2589ad67e52d	4272
9435	d8b47019-eb0b-42e5-a38a-2589ad67e52d	4273
9436	d8b47019-eb0b-42e5-a38a-2589ad67e52d	4274
9437	d8b47019-eb0b-42e5-a38a-2589ad67e52d	4275
9438	d8b47019-eb0b-42e5-a38a-2589ad67e52d	4276
9439	d8b47019-eb0b-42e5-a38a-2589ad67e52d	4277
9440	d8b47019-eb0b-42e5-a38a-2589ad67e52d	4278
9441	d8b47019-eb0b-42e5-a38a-2589ad67e52d	4279
9442	d8b47019-eb0b-42e5-a38a-2589ad67e52d	4280
9443	d8b47019-eb0b-42e5-a38a-2589ad67e52d	4281
9444	d8b47019-eb0b-42e5-a38a-2589ad67e52d	4282
9445	d8b47019-eb0b-42e5-a38a-2589ad67e52d	4283
9446	d8b47019-eb0b-42e5-a38a-2589ad67e52d	4284
9447	d8b47019-eb0b-42e5-a38a-2589ad67e52d	4285
9448	d8b47019-eb0b-42e5-a38a-2589ad67e52d	4286
9449	d8b47019-eb0b-42e5-a38a-2589ad67e52d	4287
9450	d8b47019-eb0b-42e5-a38a-2589ad67e52d	4288
9451	d8b47019-eb0b-42e5-a38a-2589ad67e52d	4289
9452	d8b47019-eb0b-42e5-a38a-2589ad67e52d	4290
9453	d8b47019-eb0b-42e5-a38a-2589ad67e52d	4291
9454	d8b47019-eb0b-42e5-a38a-2589ad67e52d	4292
9455	d8b47019-eb0b-42e5-a38a-2589ad67e52d	4293
9456	d8b47019-eb0b-42e5-a38a-2589ad67e52d	4294
9457	d8b47019-eb0b-42e5-a38a-2589ad67e52d	4295
9458	d8b47019-eb0b-42e5-a38a-2589ad67e52d	4296
9459	d8b47019-eb0b-42e5-a38a-2589ad67e52d	4297
9460	d8b47019-eb0b-42e5-a38a-2589ad67e52d	4298
9461	d8b47019-eb0b-42e5-a38a-2589ad67e52d	4299
9462	d8b47019-eb0b-42e5-a38a-2589ad67e52d	4300
9463	d8b47019-eb0b-42e5-a38a-2589ad67e52d	4301
9464	d8b47019-eb0b-42e5-a38a-2589ad67e52d	4302
9465	d8b47019-eb0b-42e5-a38a-2589ad67e52d	4303
9466	d8b47019-eb0b-42e5-a38a-2589ad67e52d	4304
9467	d8b47019-eb0b-42e5-a38a-2589ad67e52d	4305
9468	d8b47019-eb0b-42e5-a38a-2589ad67e52d	4306
9469	d8b47019-eb0b-42e5-a38a-2589ad67e52d	4307
9470	d8b47019-eb0b-42e5-a38a-2589ad67e52d	4308
9471	d8b47019-eb0b-42e5-a38a-2589ad67e52d	4309
9472	d8b47019-eb0b-42e5-a38a-2589ad67e52d	4310
9473	d8b47019-eb0b-42e5-a38a-2589ad67e52d	4311
9474	d8b47019-eb0b-42e5-a38a-2589ad67e52d	4312
9475	d8b47019-eb0b-42e5-a38a-2589ad67e52d	4313
9476	d8b47019-eb0b-42e5-a38a-2589ad67e52d	4314
9477	d8b47019-eb0b-42e5-a38a-2589ad67e52d	4315
9478	d8b47019-eb0b-42e5-a38a-2589ad67e52d	4316
9479	d8b47019-eb0b-42e5-a38a-2589ad67e52d	4317
9480	d8b47019-eb0b-42e5-a38a-2589ad67e52d	4318
9481	d8b47019-eb0b-42e5-a38a-2589ad67e52d	4319
9482	d8b47019-eb0b-42e5-a38a-2589ad67e52d	4320
9483	d8b47019-eb0b-42e5-a38a-2589ad67e52d	4321
9484	d8b47019-eb0b-42e5-a38a-2589ad67e52d	4322
9485	d8b47019-eb0b-42e5-a38a-2589ad67e52d	4323
9486	d8b47019-eb0b-42e5-a38a-2589ad67e52d	4324
9487	d8b47019-eb0b-42e5-a38a-2589ad67e52d	4325
9488	d8b47019-eb0b-42e5-a38a-2589ad67e52d	4326
9489	d8b47019-eb0b-42e5-a38a-2589ad67e52d	4327
9490	d8b47019-eb0b-42e5-a38a-2589ad67e52d	4328
9491	d8b47019-eb0b-42e5-a38a-2589ad67e52d	4329
9492	d8b47019-eb0b-42e5-a38a-2589ad67e52d	4330
9493	d8b47019-eb0b-42e5-a38a-2589ad67e52d	4331
9494	d8b47019-eb0b-42e5-a38a-2589ad67e52d	4332
9495	d8b47019-eb0b-42e5-a38a-2589ad67e52d	4333
9496	d8b47019-eb0b-42e5-a38a-2589ad67e52d	4334
9497	d8b47019-eb0b-42e5-a38a-2589ad67e52d	4335
9498	d8b47019-eb0b-42e5-a38a-2589ad67e52d	4336
9499	d8b47019-eb0b-42e5-a38a-2589ad67e52d	4337
9500	d8b47019-eb0b-42e5-a38a-2589ad67e52d	4338
9501	d8b47019-eb0b-42e5-a38a-2589ad67e52d	4339
9502	d8b47019-eb0b-42e5-a38a-2589ad67e52d	4340
9503	d8b47019-eb0b-42e5-a38a-2589ad67e52d	4341
9504	d8b47019-eb0b-42e5-a38a-2589ad67e52d	4342
9505	d8b47019-eb0b-42e5-a38a-2589ad67e52d	4343
9506	d8b47019-eb0b-42e5-a38a-2589ad67e52d	4344
9507	d8b47019-eb0b-42e5-a38a-2589ad67e52d	4345
9508	d8b47019-eb0b-42e5-a38a-2589ad67e52d	4346
9509	d8b47019-eb0b-42e5-a38a-2589ad67e52d	4347
9510	d8b47019-eb0b-42e5-a38a-2589ad67e52d	4348
9511	d8b47019-eb0b-42e5-a38a-2589ad67e52d	4349
9512	d8b47019-eb0b-42e5-a38a-2589ad67e52d	4350
9513	d8b47019-eb0b-42e5-a38a-2589ad67e52d	4351
9514	d8b47019-eb0b-42e5-a38a-2589ad67e52d	4352
9515	d8b47019-eb0b-42e5-a38a-2589ad67e52d	4353
9516	d8b47019-eb0b-42e5-a38a-2589ad67e52d	4354
9517	d8b47019-eb0b-42e5-a38a-2589ad67e52d	4355
9518	d8b47019-eb0b-42e5-a38a-2589ad67e52d	4356
9519	d8b47019-eb0b-42e5-a38a-2589ad67e52d	4357
9520	d8b47019-eb0b-42e5-a38a-2589ad67e52d	4358
9521	d8b47019-eb0b-42e5-a38a-2589ad67e52d	4359
9522	d8b47019-eb0b-42e5-a38a-2589ad67e52d	4360
9523	d8b47019-eb0b-42e5-a38a-2589ad67e52d	4361
9524	d8b47019-eb0b-42e5-a38a-2589ad67e52d	4362
9525	d8b47019-eb0b-42e5-a38a-2589ad67e52d	4363
9526	d8b47019-eb0b-42e5-a38a-2589ad67e52d	4364
9527	d8b47019-eb0b-42e5-a38a-2589ad67e52d	4365
9528	d8b47019-eb0b-42e5-a38a-2589ad67e52d	4366
9529	d8b47019-eb0b-42e5-a38a-2589ad67e52d	4367
9530	d8b47019-eb0b-42e5-a38a-2589ad67e52d	4368
9531	d8b47019-eb0b-42e5-a38a-2589ad67e52d	4369
9532	d8b47019-eb0b-42e5-a38a-2589ad67e52d	4370
9533	d8b47019-eb0b-42e5-a38a-2589ad67e52d	4371
9534	d8b47019-eb0b-42e5-a38a-2589ad67e52d	4372
9535	d8b47019-eb0b-42e5-a38a-2589ad67e52d	4373
9536	d8b47019-eb0b-42e5-a38a-2589ad67e52d	4374
9537	d8b47019-eb0b-42e5-a38a-2589ad67e52d	4375
9538	d8b47019-eb0b-42e5-a38a-2589ad67e52d	4376
9539	d8b47019-eb0b-42e5-a38a-2589ad67e52d	4377
9540	d8b47019-eb0b-42e5-a38a-2589ad67e52d	4378
9541	d8b47019-eb0b-42e5-a38a-2589ad67e52d	4379
9542	d8b47019-eb0b-42e5-a38a-2589ad67e52d	4380
9543	d8b47019-eb0b-42e5-a38a-2589ad67e52d	4381
9544	d8b47019-eb0b-42e5-a38a-2589ad67e52d	4382
9545	d8b47019-eb0b-42e5-a38a-2589ad67e52d	4383
9546	d8b47019-eb0b-42e5-a38a-2589ad67e52d	4384
9547	d8b47019-eb0b-42e5-a38a-2589ad67e52d	4385
9548	d8b47019-eb0b-42e5-a38a-2589ad67e52d	4386
9549	d8b47019-eb0b-42e5-a38a-2589ad67e52d	4387
9550	d8b47019-eb0b-42e5-a38a-2589ad67e52d	4388
9551	d8b47019-eb0b-42e5-a38a-2589ad67e52d	4389
9552	d8b47019-eb0b-42e5-a38a-2589ad67e52d	4390
9553	d8b47019-eb0b-42e5-a38a-2589ad67e52d	4391
9554	d8b47019-eb0b-42e5-a38a-2589ad67e52d	4392
9555	d8b47019-eb0b-42e5-a38a-2589ad67e52d	4393
9556	d8b47019-eb0b-42e5-a38a-2589ad67e52d	4394
9557	d8b47019-eb0b-42e5-a38a-2589ad67e52d	4395
9558	d8b47019-eb0b-42e5-a38a-2589ad67e52d	4396
9559	d8b47019-eb0b-42e5-a38a-2589ad67e52d	4397
9560	d8b47019-eb0b-42e5-a38a-2589ad67e52d	4398
9561	d8b47019-eb0b-42e5-a38a-2589ad67e52d	4399
9562	d8b47019-eb0b-42e5-a38a-2589ad67e52d	4400
9563	d8b47019-eb0b-42e5-a38a-2589ad67e52d	4401
9564	d8b47019-eb0b-42e5-a38a-2589ad67e52d	4402
9565	d8b47019-eb0b-42e5-a38a-2589ad67e52d	4403
9566	d8b47019-eb0b-42e5-a38a-2589ad67e52d	4404
9567	d8b47019-eb0b-42e5-a38a-2589ad67e52d	4405
9568	d8b47019-eb0b-42e5-a38a-2589ad67e52d	4406
9569	d8b47019-eb0b-42e5-a38a-2589ad67e52d	4407
9570	d8b47019-eb0b-42e5-a38a-2589ad67e52d	4408
9571	d8b47019-eb0b-42e5-a38a-2589ad67e52d	4409
9572	d8b47019-eb0b-42e5-a38a-2589ad67e52d	4410
9573	d8b47019-eb0b-42e5-a38a-2589ad67e52d	4411
9574	d8b47019-eb0b-42e5-a38a-2589ad67e52d	4412
9575	d8b47019-eb0b-42e5-a38a-2589ad67e52d	4413
9576	d8b47019-eb0b-42e5-a38a-2589ad67e52d	4414
9577	d8b47019-eb0b-42e5-a38a-2589ad67e52d	4415
9578	d8b47019-eb0b-42e5-a38a-2589ad67e52d	4416
9579	d8b47019-eb0b-42e5-a38a-2589ad67e52d	4417
9580	d8b47019-eb0b-42e5-a38a-2589ad67e52d	4418
9581	d8b47019-eb0b-42e5-a38a-2589ad67e52d	4419
9582	d8b47019-eb0b-42e5-a38a-2589ad67e52d	4420
9583	d8b47019-eb0b-42e5-a38a-2589ad67e52d	4421
9584	d8b47019-eb0b-42e5-a38a-2589ad67e52d	4422
9585	d8b47019-eb0b-42e5-a38a-2589ad67e52d	4423
9586	d8b47019-eb0b-42e5-a38a-2589ad67e52d	4424
9587	d8b47019-eb0b-42e5-a38a-2589ad67e52d	4425
9588	d8b47019-eb0b-42e5-a38a-2589ad67e52d	4426
9589	d8b47019-eb0b-42e5-a38a-2589ad67e52d	4427
9590	d8b47019-eb0b-42e5-a38a-2589ad67e52d	4428
9591	d8b47019-eb0b-42e5-a38a-2589ad67e52d	4429
9592	d8b47019-eb0b-42e5-a38a-2589ad67e52d	4430
9593	d8b47019-eb0b-42e5-a38a-2589ad67e52d	4431
9594	d8b47019-eb0b-42e5-a38a-2589ad67e52d	4432
9595	d8b47019-eb0b-42e5-a38a-2589ad67e52d	4433
9596	d8b47019-eb0b-42e5-a38a-2589ad67e52d	4434
9597	d8b47019-eb0b-42e5-a38a-2589ad67e52d	4435
9598	d8b47019-eb0b-42e5-a38a-2589ad67e52d	4436
9599	d8b47019-eb0b-42e5-a38a-2589ad67e52d	4437
9600	d8b47019-eb0b-42e5-a38a-2589ad67e52d	4438
9601	d8b47019-eb0b-42e5-a38a-2589ad67e52d	4439
9602	d8b47019-eb0b-42e5-a38a-2589ad67e52d	4440
9603	d8b47019-eb0b-42e5-a38a-2589ad67e52d	4441
9604	d8b47019-eb0b-42e5-a38a-2589ad67e52d	4442
9605	d8b47019-eb0b-42e5-a38a-2589ad67e52d	4443
9606	d8b47019-eb0b-42e5-a38a-2589ad67e52d	4444
9607	d8b47019-eb0b-42e5-a38a-2589ad67e52d	4445
9608	d8b47019-eb0b-42e5-a38a-2589ad67e52d	4446
9609	d8b47019-eb0b-42e5-a38a-2589ad67e52d	4447
9610	d8b47019-eb0b-42e5-a38a-2589ad67e52d	4448
9611	d8b47019-eb0b-42e5-a38a-2589ad67e52d	4449
9612	d8b47019-eb0b-42e5-a38a-2589ad67e52d	4450
9613	d8b47019-eb0b-42e5-a38a-2589ad67e52d	4451
9614	d8b47019-eb0b-42e5-a38a-2589ad67e52d	4452
9615	d8b47019-eb0b-42e5-a38a-2589ad67e52d	4453
9616	d8b47019-eb0b-42e5-a38a-2589ad67e52d	4454
9617	d8b47019-eb0b-42e5-a38a-2589ad67e52d	4455
9618	d8b47019-eb0b-42e5-a38a-2589ad67e52d	4456
9619	d8b47019-eb0b-42e5-a38a-2589ad67e52d	4457
9620	d8b47019-eb0b-42e5-a38a-2589ad67e52d	4458
9621	d8b47019-eb0b-42e5-a38a-2589ad67e52d	4459
9622	d8b47019-eb0b-42e5-a38a-2589ad67e52d	4460
9623	d8b47019-eb0b-42e5-a38a-2589ad67e52d	4461
9624	d8b47019-eb0b-42e5-a38a-2589ad67e52d	4462
9625	d8b47019-eb0b-42e5-a38a-2589ad67e52d	4463
9626	d8b47019-eb0b-42e5-a38a-2589ad67e52d	4464
9627	d8b47019-eb0b-42e5-a38a-2589ad67e52d	4465
9628	d8b47019-eb0b-42e5-a38a-2589ad67e52d	4466
9629	d8b47019-eb0b-42e5-a38a-2589ad67e52d	4467
9630	d8b47019-eb0b-42e5-a38a-2589ad67e52d	4468
9631	d8b47019-eb0b-42e5-a38a-2589ad67e52d	4469
9632	d8b47019-eb0b-42e5-a38a-2589ad67e52d	4470
9633	d8b47019-eb0b-42e5-a38a-2589ad67e52d	4471
9634	d8b47019-eb0b-42e5-a38a-2589ad67e52d	4472
9635	d8b47019-eb0b-42e5-a38a-2589ad67e52d	4473
9636	d8b47019-eb0b-42e5-a38a-2589ad67e52d	4474
9637	d8b47019-eb0b-42e5-a38a-2589ad67e52d	4475
9638	d8b47019-eb0b-42e5-a38a-2589ad67e52d	4476
9639	d8b47019-eb0b-42e5-a38a-2589ad67e52d	4477
9640	d8b47019-eb0b-42e5-a38a-2589ad67e52d	4478
9641	d8b47019-eb0b-42e5-a38a-2589ad67e52d	4479
9642	d8b47019-eb0b-42e5-a38a-2589ad67e52d	4480
9643	d8b47019-eb0b-42e5-a38a-2589ad67e52d	4481
9644	d8b47019-eb0b-42e5-a38a-2589ad67e52d	4482
9645	d8b47019-eb0b-42e5-a38a-2589ad67e52d	4483
9646	d8b47019-eb0b-42e5-a38a-2589ad67e52d	4484
9647	d8b47019-eb0b-42e5-a38a-2589ad67e52d	4485
9648	d8b47019-eb0b-42e5-a38a-2589ad67e52d	4486
9649	d8b47019-eb0b-42e5-a38a-2589ad67e52d	4487
9650	d8b47019-eb0b-42e5-a38a-2589ad67e52d	4488
9651	d8b47019-eb0b-42e5-a38a-2589ad67e52d	4489
9652	d8b47019-eb0b-42e5-a38a-2589ad67e52d	4490
9653	d8b47019-eb0b-42e5-a38a-2589ad67e52d	4491
9654	d8b47019-eb0b-42e5-a38a-2589ad67e52d	4492
9655	d8b47019-eb0b-42e5-a38a-2589ad67e52d	4493
9656	d8b47019-eb0b-42e5-a38a-2589ad67e52d	4494
9657	d8b47019-eb0b-42e5-a38a-2589ad67e52d	4495
9658	d8b47019-eb0b-42e5-a38a-2589ad67e52d	4496
9659	d8b47019-eb0b-42e5-a38a-2589ad67e52d	4497
9660	d8b47019-eb0b-42e5-a38a-2589ad67e52d	4498
9661	d8b47019-eb0b-42e5-a38a-2589ad67e52d	4499
9662	d8b47019-eb0b-42e5-a38a-2589ad67e52d	4500
9663	d8b47019-eb0b-42e5-a38a-2589ad67e52d	4501
9664	d8b47019-eb0b-42e5-a38a-2589ad67e52d	4502
9665	d8b47019-eb0b-42e5-a38a-2589ad67e52d	4503
9666	d8b47019-eb0b-42e5-a38a-2589ad67e52d	4504
9667	d8b47019-eb0b-42e5-a38a-2589ad67e52d	4505
9668	d8b47019-eb0b-42e5-a38a-2589ad67e52d	4506
9669	d8b47019-eb0b-42e5-a38a-2589ad67e52d	4507
9670	d8b47019-eb0b-42e5-a38a-2589ad67e52d	4508
9671	d8b47019-eb0b-42e5-a38a-2589ad67e52d	4509
9672	d8b47019-eb0b-42e5-a38a-2589ad67e52d	4510
9673	d8b47019-eb0b-42e5-a38a-2589ad67e52d	4511
9674	d8b47019-eb0b-42e5-a38a-2589ad67e52d	4512
9675	d8b47019-eb0b-42e5-a38a-2589ad67e52d	4513
9676	d8b47019-eb0b-42e5-a38a-2589ad67e52d	4514
9677	d8b47019-eb0b-42e5-a38a-2589ad67e52d	4515
9678	d8b47019-eb0b-42e5-a38a-2589ad67e52d	4516
9679	d8b47019-eb0b-42e5-a38a-2589ad67e52d	4517
9680	d8b47019-eb0b-42e5-a38a-2589ad67e52d	4518
9681	d8b47019-eb0b-42e5-a38a-2589ad67e52d	4519
9682	d8b47019-eb0b-42e5-a38a-2589ad67e52d	4520
9683	d8b47019-eb0b-42e5-a38a-2589ad67e52d	4521
9684	d8b47019-eb0b-42e5-a38a-2589ad67e52d	4522
9685	d8b47019-eb0b-42e5-a38a-2589ad67e52d	4523
9686	d8b47019-eb0b-42e5-a38a-2589ad67e52d	4524
9687	d8b47019-eb0b-42e5-a38a-2589ad67e52d	4525
9688	d8b47019-eb0b-42e5-a38a-2589ad67e52d	4526
9689	d8b47019-eb0b-42e5-a38a-2589ad67e52d	4527
9690	d8b47019-eb0b-42e5-a38a-2589ad67e52d	4528
9691	d8b47019-eb0b-42e5-a38a-2589ad67e52d	4529
9692	d8b47019-eb0b-42e5-a38a-2589ad67e52d	4530
9693	d8b47019-eb0b-42e5-a38a-2589ad67e52d	4531
9694	d8b47019-eb0b-42e5-a38a-2589ad67e52d	4532
9695	d8b47019-eb0b-42e5-a38a-2589ad67e52d	4533
9696	d8b47019-eb0b-42e5-a38a-2589ad67e52d	4534
9697	d8b47019-eb0b-42e5-a38a-2589ad67e52d	4535
9698	d8b47019-eb0b-42e5-a38a-2589ad67e52d	4536
9699	d8b47019-eb0b-42e5-a38a-2589ad67e52d	4537
9700	d8b47019-eb0b-42e5-a38a-2589ad67e52d	4538
9701	d8b47019-eb0b-42e5-a38a-2589ad67e52d	4539
9702	d8b47019-eb0b-42e5-a38a-2589ad67e52d	4540
9703	d8b47019-eb0b-42e5-a38a-2589ad67e52d	4541
9704	d8b47019-eb0b-42e5-a38a-2589ad67e52d	4542
9705	d8b47019-eb0b-42e5-a38a-2589ad67e52d	4543
9706	d8b47019-eb0b-42e5-a38a-2589ad67e52d	4544
9707	d8b47019-eb0b-42e5-a38a-2589ad67e52d	4545
9708	d8b47019-eb0b-42e5-a38a-2589ad67e52d	4546
9709	d8b47019-eb0b-42e5-a38a-2589ad67e52d	4547
9710	d8b47019-eb0b-42e5-a38a-2589ad67e52d	4548
9711	d8b47019-eb0b-42e5-a38a-2589ad67e52d	4549
9712	d8b47019-eb0b-42e5-a38a-2589ad67e52d	4550
9713	d8b47019-eb0b-42e5-a38a-2589ad67e52d	4551
9714	d8b47019-eb0b-42e5-a38a-2589ad67e52d	4552
9715	d8b47019-eb0b-42e5-a38a-2589ad67e52d	4553
9716	d8b47019-eb0b-42e5-a38a-2589ad67e52d	4554
9717	d8b47019-eb0b-42e5-a38a-2589ad67e52d	4555
9718	d8b47019-eb0b-42e5-a38a-2589ad67e52d	4556
9719	d8b47019-eb0b-42e5-a38a-2589ad67e52d	4557
9720	d8b47019-eb0b-42e5-a38a-2589ad67e52d	4558
9721	d8b47019-eb0b-42e5-a38a-2589ad67e52d	4559
9722	d8b47019-eb0b-42e5-a38a-2589ad67e52d	4560
9723	d8b47019-eb0b-42e5-a38a-2589ad67e52d	4561
9724	d8b47019-eb0b-42e5-a38a-2589ad67e52d	4562
9725	d8b47019-eb0b-42e5-a38a-2589ad67e52d	4563
9726	d8b47019-eb0b-42e5-a38a-2589ad67e52d	4564
9727	d8b47019-eb0b-42e5-a38a-2589ad67e52d	4565
9728	d8b47019-eb0b-42e5-a38a-2589ad67e52d	4566
9729	d8b47019-eb0b-42e5-a38a-2589ad67e52d	4567
9730	d8b47019-eb0b-42e5-a38a-2589ad67e52d	4568
9731	d8b47019-eb0b-42e5-a38a-2589ad67e52d	4569
9732	d8b47019-eb0b-42e5-a38a-2589ad67e52d	4570
9733	d8b47019-eb0b-42e5-a38a-2589ad67e52d	4571
9734	d8b47019-eb0b-42e5-a38a-2589ad67e52d	4572
9735	d8b47019-eb0b-42e5-a38a-2589ad67e52d	4573
9736	d8b47019-eb0b-42e5-a38a-2589ad67e52d	4574
9737	d8b47019-eb0b-42e5-a38a-2589ad67e52d	4575
9738	d8b47019-eb0b-42e5-a38a-2589ad67e52d	4576
9739	d8b47019-eb0b-42e5-a38a-2589ad67e52d	4577
9740	d8b47019-eb0b-42e5-a38a-2589ad67e52d	4578
9741	d8b47019-eb0b-42e5-a38a-2589ad67e52d	4579
9742	d8b47019-eb0b-42e5-a38a-2589ad67e52d	4580
9743	d8b47019-eb0b-42e5-a38a-2589ad67e52d	4581
9744	d8b47019-eb0b-42e5-a38a-2589ad67e52d	4582
9745	d8b47019-eb0b-42e5-a38a-2589ad67e52d	4583
9746	d8b47019-eb0b-42e5-a38a-2589ad67e52d	4584
9747	d8b47019-eb0b-42e5-a38a-2589ad67e52d	4585
9748	d8b47019-eb0b-42e5-a38a-2589ad67e52d	4586
9749	d8b47019-eb0b-42e5-a38a-2589ad67e52d	4587
9750	d8b47019-eb0b-42e5-a38a-2589ad67e52d	4588
9751	d8b47019-eb0b-42e5-a38a-2589ad67e52d	4589
9752	d8b47019-eb0b-42e5-a38a-2589ad67e52d	4590
9753	d8b47019-eb0b-42e5-a38a-2589ad67e52d	4591
9754	d8b47019-eb0b-42e5-a38a-2589ad67e52d	4592
9755	d8b47019-eb0b-42e5-a38a-2589ad67e52d	4593
9756	d8b47019-eb0b-42e5-a38a-2589ad67e52d	4594
9757	d8b47019-eb0b-42e5-a38a-2589ad67e52d	4595
9758	d8b47019-eb0b-42e5-a38a-2589ad67e52d	4596
9759	d8b47019-eb0b-42e5-a38a-2589ad67e52d	4597
9760	d8b47019-eb0b-42e5-a38a-2589ad67e52d	4598
9761	d8b47019-eb0b-42e5-a38a-2589ad67e52d	4599
9762	d8b47019-eb0b-42e5-a38a-2589ad67e52d	4600
9763	d8b47019-eb0b-42e5-a38a-2589ad67e52d	4601
9764	d8b47019-eb0b-42e5-a38a-2589ad67e52d	4602
9765	d8b47019-eb0b-42e5-a38a-2589ad67e52d	4603
9766	d8b47019-eb0b-42e5-a38a-2589ad67e52d	4604
9767	d8b47019-eb0b-42e5-a38a-2589ad67e52d	4605
9768	d8b47019-eb0b-42e5-a38a-2589ad67e52d	4606
9769	d8b47019-eb0b-42e5-a38a-2589ad67e52d	4607
9770	d8b47019-eb0b-42e5-a38a-2589ad67e52d	4608
9771	d8b47019-eb0b-42e5-a38a-2589ad67e52d	4609
9772	d8b47019-eb0b-42e5-a38a-2589ad67e52d	4610
9773	d8b47019-eb0b-42e5-a38a-2589ad67e52d	4611
9774	d8b47019-eb0b-42e5-a38a-2589ad67e52d	4612
9775	d8b47019-eb0b-42e5-a38a-2589ad67e52d	4613
9776	d8b47019-eb0b-42e5-a38a-2589ad67e52d	4614
9777	d8b47019-eb0b-42e5-a38a-2589ad67e52d	4615
9778	d8b47019-eb0b-42e5-a38a-2589ad67e52d	4616
9779	d8b47019-eb0b-42e5-a38a-2589ad67e52d	4617
9780	d8b47019-eb0b-42e5-a38a-2589ad67e52d	4618
9781	d8b47019-eb0b-42e5-a38a-2589ad67e52d	4619
9782	d8b47019-eb0b-42e5-a38a-2589ad67e52d	4620
9783	d8b47019-eb0b-42e5-a38a-2589ad67e52d	4621
9784	d8b47019-eb0b-42e5-a38a-2589ad67e52d	4622
9785	d8b47019-eb0b-42e5-a38a-2589ad67e52d	4623
9786	d8b47019-eb0b-42e5-a38a-2589ad67e52d	4624
9787	d8b47019-eb0b-42e5-a38a-2589ad67e52d	4625
9788	d8b47019-eb0b-42e5-a38a-2589ad67e52d	4626
9789	d8b47019-eb0b-42e5-a38a-2589ad67e52d	4627
9790	d8b47019-eb0b-42e5-a38a-2589ad67e52d	4628
9791	d8b47019-eb0b-42e5-a38a-2589ad67e52d	4629
9792	d8b47019-eb0b-42e5-a38a-2589ad67e52d	4630
9793	d8b47019-eb0b-42e5-a38a-2589ad67e52d	4631
9794	d8b47019-eb0b-42e5-a38a-2589ad67e52d	4632
9795	d8b47019-eb0b-42e5-a38a-2589ad67e52d	4633
9796	d8b47019-eb0b-42e5-a38a-2589ad67e52d	4634
9797	d8b47019-eb0b-42e5-a38a-2589ad67e52d	4635
9798	d8b47019-eb0b-42e5-a38a-2589ad67e52d	4636
9799	d8b47019-eb0b-42e5-a38a-2589ad67e52d	4637
9800	d8b47019-eb0b-42e5-a38a-2589ad67e52d	4638
9801	d8b47019-eb0b-42e5-a38a-2589ad67e52d	4639
9802	d8b47019-eb0b-42e5-a38a-2589ad67e52d	4640
9803	d8b47019-eb0b-42e5-a38a-2589ad67e52d	4641
9804	d8b47019-eb0b-42e5-a38a-2589ad67e52d	4642
9805	d8b47019-eb0b-42e5-a38a-2589ad67e52d	4643
9806	d8b47019-eb0b-42e5-a38a-2589ad67e52d	4644
9807	d8b47019-eb0b-42e5-a38a-2589ad67e52d	4645
9808	d8b47019-eb0b-42e5-a38a-2589ad67e52d	4646
9809	d8b47019-eb0b-42e5-a38a-2589ad67e52d	4647
9810	d8b47019-eb0b-42e5-a38a-2589ad67e52d	4648
9811	d8b47019-eb0b-42e5-a38a-2589ad67e52d	4649
9812	d8b47019-eb0b-42e5-a38a-2589ad67e52d	4650
9813	d8b47019-eb0b-42e5-a38a-2589ad67e52d	4651
9814	d8b47019-eb0b-42e5-a38a-2589ad67e52d	4652
9815	d8b47019-eb0b-42e5-a38a-2589ad67e52d	4653
9816	d8b47019-eb0b-42e5-a38a-2589ad67e52d	4654
9817	d8b47019-eb0b-42e5-a38a-2589ad67e52d	4655
9818	d8b47019-eb0b-42e5-a38a-2589ad67e52d	4656
9819	d8b47019-eb0b-42e5-a38a-2589ad67e52d	4657
9820	d8b47019-eb0b-42e5-a38a-2589ad67e52d	4658
9821	d8b47019-eb0b-42e5-a38a-2589ad67e52d	4659
9822	d8b47019-eb0b-42e5-a38a-2589ad67e52d	4660
9823	d8b47019-eb0b-42e5-a38a-2589ad67e52d	4661
9824	d8b47019-eb0b-42e5-a38a-2589ad67e52d	4662
9825	d8b47019-eb0b-42e5-a38a-2589ad67e52d	4663
9826	d8b47019-eb0b-42e5-a38a-2589ad67e52d	4664
9827	d8b47019-eb0b-42e5-a38a-2589ad67e52d	4665
9828	d8b47019-eb0b-42e5-a38a-2589ad67e52d	4666
9829	d8b47019-eb0b-42e5-a38a-2589ad67e52d	4667
9830	d8b47019-eb0b-42e5-a38a-2589ad67e52d	4668
9831	d8b47019-eb0b-42e5-a38a-2589ad67e52d	4669
9832	d8b47019-eb0b-42e5-a38a-2589ad67e52d	4670
9833	d8b47019-eb0b-42e5-a38a-2589ad67e52d	4671
9834	d8b47019-eb0b-42e5-a38a-2589ad67e52d	4672
9835	d8b47019-eb0b-42e5-a38a-2589ad67e52d	4673
9836	d8b47019-eb0b-42e5-a38a-2589ad67e52d	4674
9837	d8b47019-eb0b-42e5-a38a-2589ad67e52d	4675
9838	d8b47019-eb0b-42e5-a38a-2589ad67e52d	4676
9839	d8b47019-eb0b-42e5-a38a-2589ad67e52d	4677
9840	d8b47019-eb0b-42e5-a38a-2589ad67e52d	4678
9841	d8b47019-eb0b-42e5-a38a-2589ad67e52d	4679
9842	d8b47019-eb0b-42e5-a38a-2589ad67e52d	4680
9843	d8b47019-eb0b-42e5-a38a-2589ad67e52d	4681
9844	d8b47019-eb0b-42e5-a38a-2589ad67e52d	4682
9845	d8b47019-eb0b-42e5-a38a-2589ad67e52d	4683
9846	d8b47019-eb0b-42e5-a38a-2589ad67e52d	4684
9847	d8b47019-eb0b-42e5-a38a-2589ad67e52d	4685
9848	d8b47019-eb0b-42e5-a38a-2589ad67e52d	4686
9849	d8b47019-eb0b-42e5-a38a-2589ad67e52d	4687
9850	d8b47019-eb0b-42e5-a38a-2589ad67e52d	4688
9851	d8b47019-eb0b-42e5-a38a-2589ad67e52d	4689
9852	d8b47019-eb0b-42e5-a38a-2589ad67e52d	4690
9853	d8b47019-eb0b-42e5-a38a-2589ad67e52d	4691
9854	d8b47019-eb0b-42e5-a38a-2589ad67e52d	4692
9855	d8b47019-eb0b-42e5-a38a-2589ad67e52d	4693
9856	d8b47019-eb0b-42e5-a38a-2589ad67e52d	4694
9857	d8b47019-eb0b-42e5-a38a-2589ad67e52d	4695
9858	d8b47019-eb0b-42e5-a38a-2589ad67e52d	4696
9859	d8b47019-eb0b-42e5-a38a-2589ad67e52d	4697
9860	d8b47019-eb0b-42e5-a38a-2589ad67e52d	4698
9861	d8b47019-eb0b-42e5-a38a-2589ad67e52d	4699
9862	d8b47019-eb0b-42e5-a38a-2589ad67e52d	4700
9863	d8b47019-eb0b-42e5-a38a-2589ad67e52d	4701
9864	d8b47019-eb0b-42e5-a38a-2589ad67e52d	4702
9865	d8b47019-eb0b-42e5-a38a-2589ad67e52d	4703
9866	d8b47019-eb0b-42e5-a38a-2589ad67e52d	4704
9867	d8b47019-eb0b-42e5-a38a-2589ad67e52d	4705
9868	d8b47019-eb0b-42e5-a38a-2589ad67e52d	4706
9869	d8b47019-eb0b-42e5-a38a-2589ad67e52d	4707
9870	d8b47019-eb0b-42e5-a38a-2589ad67e52d	4708
9871	d8b47019-eb0b-42e5-a38a-2589ad67e52d	4709
9872	d8b47019-eb0b-42e5-a38a-2589ad67e52d	4710
9873	d8b47019-eb0b-42e5-a38a-2589ad67e52d	4711
9874	d8b47019-eb0b-42e5-a38a-2589ad67e52d	4712
9875	d8b47019-eb0b-42e5-a38a-2589ad67e52d	4713
9876	d8b47019-eb0b-42e5-a38a-2589ad67e52d	4714
9877	d8b47019-eb0b-42e5-a38a-2589ad67e52d	4715
9878	d8b47019-eb0b-42e5-a38a-2589ad67e52d	4716
9879	d8b47019-eb0b-42e5-a38a-2589ad67e52d	4717
9880	d8b47019-eb0b-42e5-a38a-2589ad67e52d	4718
9881	d8b47019-eb0b-42e5-a38a-2589ad67e52d	4719
9882	d8b47019-eb0b-42e5-a38a-2589ad67e52d	4720
9883	d8b47019-eb0b-42e5-a38a-2589ad67e52d	4721
9884	d8b47019-eb0b-42e5-a38a-2589ad67e52d	4722
9885	d8b47019-eb0b-42e5-a38a-2589ad67e52d	4723
9886	d8b47019-eb0b-42e5-a38a-2589ad67e52d	4724
9887	d8b47019-eb0b-42e5-a38a-2589ad67e52d	4725
9888	d8b47019-eb0b-42e5-a38a-2589ad67e52d	4726
9889	d8b47019-eb0b-42e5-a38a-2589ad67e52d	4727
9890	d8b47019-eb0b-42e5-a38a-2589ad67e52d	4728
9891	d8b47019-eb0b-42e5-a38a-2589ad67e52d	4729
9892	d8b47019-eb0b-42e5-a38a-2589ad67e52d	4730
9893	d8b47019-eb0b-42e5-a38a-2589ad67e52d	4731
9894	d8b47019-eb0b-42e5-a38a-2589ad67e52d	4732
9895	d8b47019-eb0b-42e5-a38a-2589ad67e52d	4733
9896	d8b47019-eb0b-42e5-a38a-2589ad67e52d	4734
9897	d8b47019-eb0b-42e5-a38a-2589ad67e52d	4735
9898	d8b47019-eb0b-42e5-a38a-2589ad67e52d	4736
9899	d8b47019-eb0b-42e5-a38a-2589ad67e52d	4737
9900	d8b47019-eb0b-42e5-a38a-2589ad67e52d	4738
9901	d8b47019-eb0b-42e5-a38a-2589ad67e52d	4739
9902	d8b47019-eb0b-42e5-a38a-2589ad67e52d	4740
9903	d8b47019-eb0b-42e5-a38a-2589ad67e52d	4741
9904	d8b47019-eb0b-42e5-a38a-2589ad67e52d	4742
9905	d8b47019-eb0b-42e5-a38a-2589ad67e52d	4743
9906	d8b47019-eb0b-42e5-a38a-2589ad67e52d	4744
9907	d8b47019-eb0b-42e5-a38a-2589ad67e52d	4745
9908	d8b47019-eb0b-42e5-a38a-2589ad67e52d	4746
9909	d8b47019-eb0b-42e5-a38a-2589ad67e52d	4747
9910	d8b47019-eb0b-42e5-a38a-2589ad67e52d	4748
9911	d8b47019-eb0b-42e5-a38a-2589ad67e52d	4749
9912	d8b47019-eb0b-42e5-a38a-2589ad67e52d	4750
9913	d8b47019-eb0b-42e5-a38a-2589ad67e52d	4751
9914	d8b47019-eb0b-42e5-a38a-2589ad67e52d	4752
9915	d8b47019-eb0b-42e5-a38a-2589ad67e52d	4753
9916	d8b47019-eb0b-42e5-a38a-2589ad67e52d	4754
9917	d8b47019-eb0b-42e5-a38a-2589ad67e52d	4755
9918	d8b47019-eb0b-42e5-a38a-2589ad67e52d	4756
9919	d8b47019-eb0b-42e5-a38a-2589ad67e52d	4757
9920	d8b47019-eb0b-42e5-a38a-2589ad67e52d	4758
9921	d8b47019-eb0b-42e5-a38a-2589ad67e52d	4759
9922	d8b47019-eb0b-42e5-a38a-2589ad67e52d	4760
9923	d8b47019-eb0b-42e5-a38a-2589ad67e52d	4761
9924	d8b47019-eb0b-42e5-a38a-2589ad67e52d	4762
9925	d8b47019-eb0b-42e5-a38a-2589ad67e52d	4763
9926	d8b47019-eb0b-42e5-a38a-2589ad67e52d	4764
9927	d8b47019-eb0b-42e5-a38a-2589ad67e52d	4765
9928	d8b47019-eb0b-42e5-a38a-2589ad67e52d	4766
9929	d8b47019-eb0b-42e5-a38a-2589ad67e52d	4767
9930	d8b47019-eb0b-42e5-a38a-2589ad67e52d	4768
9931	d8b47019-eb0b-42e5-a38a-2589ad67e52d	4769
9932	d8b47019-eb0b-42e5-a38a-2589ad67e52d	4770
9933	d8b47019-eb0b-42e5-a38a-2589ad67e52d	4771
9934	d8b47019-eb0b-42e5-a38a-2589ad67e52d	4772
9935	d8b47019-eb0b-42e5-a38a-2589ad67e52d	4773
9936	d8b47019-eb0b-42e5-a38a-2589ad67e52d	4774
9937	d8b47019-eb0b-42e5-a38a-2589ad67e52d	4775
9938	d8b47019-eb0b-42e5-a38a-2589ad67e52d	4776
9939	d8b47019-eb0b-42e5-a38a-2589ad67e52d	4777
9940	d8b47019-eb0b-42e5-a38a-2589ad67e52d	4778
9941	d8b47019-eb0b-42e5-a38a-2589ad67e52d	4779
9942	d8b47019-eb0b-42e5-a38a-2589ad67e52d	4780
9943	d8b47019-eb0b-42e5-a38a-2589ad67e52d	4781
9944	d8b47019-eb0b-42e5-a38a-2589ad67e52d	4782
9945	d8b47019-eb0b-42e5-a38a-2589ad67e52d	4783
9946	d8b47019-eb0b-42e5-a38a-2589ad67e52d	4784
9947	d8b47019-eb0b-42e5-a38a-2589ad67e52d	4785
9948	d8b47019-eb0b-42e5-a38a-2589ad67e52d	4786
9949	d8b47019-eb0b-42e5-a38a-2589ad67e52d	4787
9950	d8b47019-eb0b-42e5-a38a-2589ad67e52d	4788
9951	d8b47019-eb0b-42e5-a38a-2589ad67e52d	4789
9952	d8b47019-eb0b-42e5-a38a-2589ad67e52d	4790
9953	d8b47019-eb0b-42e5-a38a-2589ad67e52d	4791
9954	d8b47019-eb0b-42e5-a38a-2589ad67e52d	4792
9955	d8b47019-eb0b-42e5-a38a-2589ad67e52d	4793
9956	d8b47019-eb0b-42e5-a38a-2589ad67e52d	4794
9957	d8b47019-eb0b-42e5-a38a-2589ad67e52d	4795
9958	d8b47019-eb0b-42e5-a38a-2589ad67e52d	4796
9959	d8b47019-eb0b-42e5-a38a-2589ad67e52d	4797
9960	d8b47019-eb0b-42e5-a38a-2589ad67e52d	4798
9961	d8b47019-eb0b-42e5-a38a-2589ad67e52d	4799
9962	d8b47019-eb0b-42e5-a38a-2589ad67e52d	4800
9963	d8b47019-eb0b-42e5-a38a-2589ad67e52d	4801
9964	d8b47019-eb0b-42e5-a38a-2589ad67e52d	4802
9965	d8b47019-eb0b-42e5-a38a-2589ad67e52d	4803
9966	d8b47019-eb0b-42e5-a38a-2589ad67e52d	4804
9967	d8b47019-eb0b-42e5-a38a-2589ad67e52d	4805
9968	d8b47019-eb0b-42e5-a38a-2589ad67e52d	4806
9969	d8b47019-eb0b-42e5-a38a-2589ad67e52d	4807
9970	d8b47019-eb0b-42e5-a38a-2589ad67e52d	4808
9971	d8b47019-eb0b-42e5-a38a-2589ad67e52d	4809
9972	d8b47019-eb0b-42e5-a38a-2589ad67e52d	4810
9973	d8b47019-eb0b-42e5-a38a-2589ad67e52d	4811
9974	d8b47019-eb0b-42e5-a38a-2589ad67e52d	4812
9975	d8b47019-eb0b-42e5-a38a-2589ad67e52d	4813
9976	d8b47019-eb0b-42e5-a38a-2589ad67e52d	4814
9977	d8b47019-eb0b-42e5-a38a-2589ad67e52d	4815
9978	d8b47019-eb0b-42e5-a38a-2589ad67e52d	4816
9979	d8b47019-eb0b-42e5-a38a-2589ad67e52d	4817
9980	d8b47019-eb0b-42e5-a38a-2589ad67e52d	4818
9981	d8b47019-eb0b-42e5-a38a-2589ad67e52d	4819
9982	d8b47019-eb0b-42e5-a38a-2589ad67e52d	4820
9983	d8b47019-eb0b-42e5-a38a-2589ad67e52d	4821
9984	d8b47019-eb0b-42e5-a38a-2589ad67e52d	4822
9985	d8b47019-eb0b-42e5-a38a-2589ad67e52d	4823
9986	d8b47019-eb0b-42e5-a38a-2589ad67e52d	4824
9987	d8b47019-eb0b-42e5-a38a-2589ad67e52d	4825
9988	d8b47019-eb0b-42e5-a38a-2589ad67e52d	4826
9989	d8b47019-eb0b-42e5-a38a-2589ad67e52d	4827
9990	d8b47019-eb0b-42e5-a38a-2589ad67e52d	4828
9991	d8b47019-eb0b-42e5-a38a-2589ad67e52d	4829
9992	d8b47019-eb0b-42e5-a38a-2589ad67e52d	4830
9993	d8b47019-eb0b-42e5-a38a-2589ad67e52d	4831
9994	d8b47019-eb0b-42e5-a38a-2589ad67e52d	4832
9995	d8b47019-eb0b-42e5-a38a-2589ad67e52d	4833
9996	d8b47019-eb0b-42e5-a38a-2589ad67e52d	4834
9997	d8b47019-eb0b-42e5-a38a-2589ad67e52d	4835
9998	d8b47019-eb0b-42e5-a38a-2589ad67e52d	4836
9999	d8b47019-eb0b-42e5-a38a-2589ad67e52d	4837
10000	d8b47019-eb0b-42e5-a38a-2589ad67e52d	4838
10001	d8b47019-eb0b-42e5-a38a-2589ad67e52d	4839
10002	d8b47019-eb0b-42e5-a38a-2589ad67e52d	4840
10003	d8b47019-eb0b-42e5-a38a-2589ad67e52d	4841
10004	d8b47019-eb0b-42e5-a38a-2589ad67e52d	4842
10005	d8b47019-eb0b-42e5-a38a-2589ad67e52d	4843
10006	d8b47019-eb0b-42e5-a38a-2589ad67e52d	4844
10007	d8b47019-eb0b-42e5-a38a-2589ad67e52d	4845
10008	d8b47019-eb0b-42e5-a38a-2589ad67e52d	4846
10009	d8b47019-eb0b-42e5-a38a-2589ad67e52d	4847
10010	d8b47019-eb0b-42e5-a38a-2589ad67e52d	4848
10011	d8b47019-eb0b-42e5-a38a-2589ad67e52d	4849
10012	d8b47019-eb0b-42e5-a38a-2589ad67e52d	4850
10013	d8b47019-eb0b-42e5-a38a-2589ad67e52d	4851
10014	d8b47019-eb0b-42e5-a38a-2589ad67e52d	4852
10015	d8b47019-eb0b-42e5-a38a-2589ad67e52d	4853
10016	d8b47019-eb0b-42e5-a38a-2589ad67e52d	4854
10017	d8b47019-eb0b-42e5-a38a-2589ad67e52d	4855
10018	d8b47019-eb0b-42e5-a38a-2589ad67e52d	4856
10019	d8b47019-eb0b-42e5-a38a-2589ad67e52d	4857
10020	d8b47019-eb0b-42e5-a38a-2589ad67e52d	4858
10021	d8b47019-eb0b-42e5-a38a-2589ad67e52d	4860
10022	d8b47019-eb0b-42e5-a38a-2589ad67e52d	4861
10023	d8b47019-eb0b-42e5-a38a-2589ad67e52d	4862
10024	d8b47019-eb0b-42e5-a38a-2589ad67e52d	4863
10025	d8b47019-eb0b-42e5-a38a-2589ad67e52d	4864
10026	d8b47019-eb0b-42e5-a38a-2589ad67e52d	4865
10027	d8b47019-eb0b-42e5-a38a-2589ad67e52d	4866
10028	d8b47019-eb0b-42e5-a38a-2589ad67e52d	4867
10029	d8b47019-eb0b-42e5-a38a-2589ad67e52d	4868
10030	d8b47019-eb0b-42e5-a38a-2589ad67e52d	4869
10031	d8b47019-eb0b-42e5-a38a-2589ad67e52d	4870
10032	d8b47019-eb0b-42e5-a38a-2589ad67e52d	4871
10033	d8b47019-eb0b-42e5-a38a-2589ad67e52d	4872
10034	d8b47019-eb0b-42e5-a38a-2589ad67e52d	4873
10035	d8b47019-eb0b-42e5-a38a-2589ad67e52d	4874
10036	d8b47019-eb0b-42e5-a38a-2589ad67e52d	4875
10037	d8b47019-eb0b-42e5-a38a-2589ad67e52d	4876
10038	d8b47019-eb0b-42e5-a38a-2589ad67e52d	4877
10039	d8b47019-eb0b-42e5-a38a-2589ad67e52d	4878
10040	d8b47019-eb0b-42e5-a38a-2589ad67e52d	4879
10041	d8b47019-eb0b-42e5-a38a-2589ad67e52d	4880
10042	d8b47019-eb0b-42e5-a38a-2589ad67e52d	4881
10043	d8b47019-eb0b-42e5-a38a-2589ad67e52d	4882
10044	d8b47019-eb0b-42e5-a38a-2589ad67e52d	4883
10045	d8b47019-eb0b-42e5-a38a-2589ad67e52d	4884
10046	d8b47019-eb0b-42e5-a38a-2589ad67e52d	4887
10047	d8b47019-eb0b-42e5-a38a-2589ad67e52d	4888
10048	d8b47019-eb0b-42e5-a38a-2589ad67e52d	4889
10049	d8b47019-eb0b-42e5-a38a-2589ad67e52d	4890
10050	d8b47019-eb0b-42e5-a38a-2589ad67e52d	4891
10051	d8b47019-eb0b-42e5-a38a-2589ad67e52d	4892
10052	d8b47019-eb0b-42e5-a38a-2589ad67e52d	4893
10053	d8b47019-eb0b-42e5-a38a-2589ad67e52d	4894
10054	d8b47019-eb0b-42e5-a38a-2589ad67e52d	4895
10055	d8b47019-eb0b-42e5-a38a-2589ad67e52d	4896
10056	d8b47019-eb0b-42e5-a38a-2589ad67e52d	4897
10057	d8b47019-eb0b-42e5-a38a-2589ad67e52d	4898
10058	d8b47019-eb0b-42e5-a38a-2589ad67e52d	4899
10059	d8b47019-eb0b-42e5-a38a-2589ad67e52d	4900
10060	d8b47019-eb0b-42e5-a38a-2589ad67e52d	4901
10061	d8b47019-eb0b-42e5-a38a-2589ad67e52d	4902
10062	d8b47019-eb0b-42e5-a38a-2589ad67e52d	4903
10063	d8b47019-eb0b-42e5-a38a-2589ad67e52d	4904
10064	d8b47019-eb0b-42e5-a38a-2589ad67e52d	4905
10065	d8b47019-eb0b-42e5-a38a-2589ad67e52d	4906
10066	d8b47019-eb0b-42e5-a38a-2589ad67e52d	4907
10067	d8b47019-eb0b-42e5-a38a-2589ad67e52d	4908
10068	d8b47019-eb0b-42e5-a38a-2589ad67e52d	4909
10069	d8b47019-eb0b-42e5-a38a-2589ad67e52d	4910
10070	d8b47019-eb0b-42e5-a38a-2589ad67e52d	4911
10071	d8b47019-eb0b-42e5-a38a-2589ad67e52d	4912
10072	d8b47019-eb0b-42e5-a38a-2589ad67e52d	4913
10073	d8b47019-eb0b-42e5-a38a-2589ad67e52d	4914
10074	d8b47019-eb0b-42e5-a38a-2589ad67e52d	4915
10075	d8b47019-eb0b-42e5-a38a-2589ad67e52d	4916
10076	d8b47019-eb0b-42e5-a38a-2589ad67e52d	4917
10077	d8b47019-eb0b-42e5-a38a-2589ad67e52d	4918
10078	d8b47019-eb0b-42e5-a38a-2589ad67e52d	4919
10079	d8b47019-eb0b-42e5-a38a-2589ad67e52d	4920
10080	d8b47019-eb0b-42e5-a38a-2589ad67e52d	4921
10081	d8b47019-eb0b-42e5-a38a-2589ad67e52d	4922
10082	d8b47019-eb0b-42e5-a38a-2589ad67e52d	4923
10083	d8b47019-eb0b-42e5-a38a-2589ad67e52d	4924
10084	d8b47019-eb0b-42e5-a38a-2589ad67e52d	4925
10085	d8b47019-eb0b-42e5-a38a-2589ad67e52d	4926
10086	d8b47019-eb0b-42e5-a38a-2589ad67e52d	4927
10087	d8b47019-eb0b-42e5-a38a-2589ad67e52d	4928
10088	d8b47019-eb0b-42e5-a38a-2589ad67e52d	4929
10089	d8b47019-eb0b-42e5-a38a-2589ad67e52d	4930
10090	d8b47019-eb0b-42e5-a38a-2589ad67e52d	4931
10091	d8b47019-eb0b-42e5-a38a-2589ad67e52d	4932
10092	d8b47019-eb0b-42e5-a38a-2589ad67e52d	4933
10093	d8b47019-eb0b-42e5-a38a-2589ad67e52d	4934
10094	d8b47019-eb0b-42e5-a38a-2589ad67e52d	4935
10095	d8b47019-eb0b-42e5-a38a-2589ad67e52d	4936
10096	d8b47019-eb0b-42e5-a38a-2589ad67e52d	4937
10097	d8b47019-eb0b-42e5-a38a-2589ad67e52d	4938
10098	d8b47019-eb0b-42e5-a38a-2589ad67e52d	4939
10099	d8b47019-eb0b-42e5-a38a-2589ad67e52d	4940
10100	d8b47019-eb0b-42e5-a38a-2589ad67e52d	4941
10101	d8b47019-eb0b-42e5-a38a-2589ad67e52d	4942
10102	d8b47019-eb0b-42e5-a38a-2589ad67e52d	4943
10103	d8b47019-eb0b-42e5-a38a-2589ad67e52d	4944
10104	d8b47019-eb0b-42e5-a38a-2589ad67e52d	4945
10105	d8b47019-eb0b-42e5-a38a-2589ad67e52d	4947
10106	d8b47019-eb0b-42e5-a38a-2589ad67e52d	4948
10107	d8b47019-eb0b-42e5-a38a-2589ad67e52d	4949
10108	d8b47019-eb0b-42e5-a38a-2589ad67e52d	4952
10109	d8b47019-eb0b-42e5-a38a-2589ad67e52d	4953
10110	d8b47019-eb0b-42e5-a38a-2589ad67e52d	4954
10111	d8b47019-eb0b-42e5-a38a-2589ad67e52d	4955
10112	d8b47019-eb0b-42e5-a38a-2589ad67e52d	4957
10113	d8b47019-eb0b-42e5-a38a-2589ad67e52d	4958
10114	d8b47019-eb0b-42e5-a38a-2589ad67e52d	4959
10115	d8b47019-eb0b-42e5-a38a-2589ad67e52d	4960
10116	d8b47019-eb0b-42e5-a38a-2589ad67e52d	4961
10117	d8b47019-eb0b-42e5-a38a-2589ad67e52d	4962
10118	d8b47019-eb0b-42e5-a38a-2589ad67e52d	4963
10119	d8b47019-eb0b-42e5-a38a-2589ad67e52d	4964
10120	d8b47019-eb0b-42e5-a38a-2589ad67e52d	4965
10121	d8b47019-eb0b-42e5-a38a-2589ad67e52d	4966
10122	d8b47019-eb0b-42e5-a38a-2589ad67e52d	4967
10123	d8b47019-eb0b-42e5-a38a-2589ad67e52d	4968
10124	d8b47019-eb0b-42e5-a38a-2589ad67e52d	4969
10125	d8b47019-eb0b-42e5-a38a-2589ad67e52d	4970
10126	d8b47019-eb0b-42e5-a38a-2589ad67e52d	4971
10127	d8b47019-eb0b-42e5-a38a-2589ad67e52d	4972
10128	d8b47019-eb0b-42e5-a38a-2589ad67e52d	4973
10129	d8b47019-eb0b-42e5-a38a-2589ad67e52d	4974
10130	d8b47019-eb0b-42e5-a38a-2589ad67e52d	4975
10131	d8b47019-eb0b-42e5-a38a-2589ad67e52d	4976
10132	d8b47019-eb0b-42e5-a38a-2589ad67e52d	4977
10133	d8b47019-eb0b-42e5-a38a-2589ad67e52d	4978
10134	d8b47019-eb0b-42e5-a38a-2589ad67e52d	4979
10135	d8b47019-eb0b-42e5-a38a-2589ad67e52d	4980
10136	d8b47019-eb0b-42e5-a38a-2589ad67e52d	4981
10137	d8b47019-eb0b-42e5-a38a-2589ad67e52d	4982
10138	d8b47019-eb0b-42e5-a38a-2589ad67e52d	4983
10139	d8b47019-eb0b-42e5-a38a-2589ad67e52d	4984
10140	d8b47019-eb0b-42e5-a38a-2589ad67e52d	4985
10141	d8b47019-eb0b-42e5-a38a-2589ad67e52d	4986
10142	d8b47019-eb0b-42e5-a38a-2589ad67e52d	4987
10143	d8b47019-eb0b-42e5-a38a-2589ad67e52d	4988
10144	d8b47019-eb0b-42e5-a38a-2589ad67e52d	4989
10145	d8b47019-eb0b-42e5-a38a-2589ad67e52d	4990
10146	d8b47019-eb0b-42e5-a38a-2589ad67e52d	4991
10147	d8b47019-eb0b-42e5-a38a-2589ad67e52d	4992
10148	d8b47019-eb0b-42e5-a38a-2589ad67e52d	4993
10149	d8b47019-eb0b-42e5-a38a-2589ad67e52d	4994
10150	d8b47019-eb0b-42e5-a38a-2589ad67e52d	4995
10151	d8b47019-eb0b-42e5-a38a-2589ad67e52d	4996
10152	d8b47019-eb0b-42e5-a38a-2589ad67e52d	4997
10153	d8b47019-eb0b-42e5-a38a-2589ad67e52d	4998
10154	d8b47019-eb0b-42e5-a38a-2589ad67e52d	4999
10155	d8b47019-eb0b-42e5-a38a-2589ad67e52d	5000
10156	d8b47019-eb0b-42e5-a38a-2589ad67e52d	5001
10157	d8b47019-eb0b-42e5-a38a-2589ad67e52d	5002
10158	d8b47019-eb0b-42e5-a38a-2589ad67e52d	5003
10159	d8b47019-eb0b-42e5-a38a-2589ad67e52d	5004
10160	d8b47019-eb0b-42e5-a38a-2589ad67e52d	5005
10161	d8b47019-eb0b-42e5-a38a-2589ad67e52d	5006
10162	d8b47019-eb0b-42e5-a38a-2589ad67e52d	5007
10163	d8b47019-eb0b-42e5-a38a-2589ad67e52d	5008
10164	d8b47019-eb0b-42e5-a38a-2589ad67e52d	5009
10165	d8b47019-eb0b-42e5-a38a-2589ad67e52d	5010
10166	d8b47019-eb0b-42e5-a38a-2589ad67e52d	5011
10167	d8b47019-eb0b-42e5-a38a-2589ad67e52d	5012
10168	d8b47019-eb0b-42e5-a38a-2589ad67e52d	5013
10169	d8b47019-eb0b-42e5-a38a-2589ad67e52d	5014
10170	d8b47019-eb0b-42e5-a38a-2589ad67e52d	5015
10171	d8b47019-eb0b-42e5-a38a-2589ad67e52d	5016
10172	d8b47019-eb0b-42e5-a38a-2589ad67e52d	5017
10173	d8b47019-eb0b-42e5-a38a-2589ad67e52d	5018
10174	d8b47019-eb0b-42e5-a38a-2589ad67e52d	5019
10175	d8b47019-eb0b-42e5-a38a-2589ad67e52d	5020
10176	d8b47019-eb0b-42e5-a38a-2589ad67e52d	5021
10177	d8b47019-eb0b-42e5-a38a-2589ad67e52d	5022
10178	d8b47019-eb0b-42e5-a38a-2589ad67e52d	5023
10179	d8b47019-eb0b-42e5-a38a-2589ad67e52d	5024
10180	d8b47019-eb0b-42e5-a38a-2589ad67e52d	5025
10181	d8b47019-eb0b-42e5-a38a-2589ad67e52d	5026
10182	d8b47019-eb0b-42e5-a38a-2589ad67e52d	5027
10183	d8b47019-eb0b-42e5-a38a-2589ad67e52d	5028
10184	d8b47019-eb0b-42e5-a38a-2589ad67e52d	5029
10185	d8b47019-eb0b-42e5-a38a-2589ad67e52d	5030
10186	d8b47019-eb0b-42e5-a38a-2589ad67e52d	5031
10187	d8b47019-eb0b-42e5-a38a-2589ad67e52d	5032
10188	d8b47019-eb0b-42e5-a38a-2589ad67e52d	5033
10189	d8b47019-eb0b-42e5-a38a-2589ad67e52d	5034
10190	d8b47019-eb0b-42e5-a38a-2589ad67e52d	5035
10191	d8b47019-eb0b-42e5-a38a-2589ad67e52d	5036
10192	d8b47019-eb0b-42e5-a38a-2589ad67e52d	5037
10193	d8b47019-eb0b-42e5-a38a-2589ad67e52d	5038
10194	d8b47019-eb0b-42e5-a38a-2589ad67e52d	5039
10195	d8b47019-eb0b-42e5-a38a-2589ad67e52d	5040
10196	d8b47019-eb0b-42e5-a38a-2589ad67e52d	5041
10197	d8b47019-eb0b-42e5-a38a-2589ad67e52d	5042
10198	d8b47019-eb0b-42e5-a38a-2589ad67e52d	5043
10199	d8b47019-eb0b-42e5-a38a-2589ad67e52d	5044
10200	d8b47019-eb0b-42e5-a38a-2589ad67e52d	5045
10201	d8b47019-eb0b-42e5-a38a-2589ad67e52d	5046
10202	d8b47019-eb0b-42e5-a38a-2589ad67e52d	5047
10203	d8b47019-eb0b-42e5-a38a-2589ad67e52d	5048
10204	d8b47019-eb0b-42e5-a38a-2589ad67e52d	5049
10205	d8b47019-eb0b-42e5-a38a-2589ad67e52d	5050
10206	d8b47019-eb0b-42e5-a38a-2589ad67e52d	5051
10207	d8b47019-eb0b-42e5-a38a-2589ad67e52d	5052
10208	d8b47019-eb0b-42e5-a38a-2589ad67e52d	5053
10209	d8b47019-eb0b-42e5-a38a-2589ad67e52d	5054
10210	d8b47019-eb0b-42e5-a38a-2589ad67e52d	5055
10211	d8b47019-eb0b-42e5-a38a-2589ad67e52d	5056
10212	d8b47019-eb0b-42e5-a38a-2589ad67e52d	5057
10213	d8b47019-eb0b-42e5-a38a-2589ad67e52d	5058
10214	d8b47019-eb0b-42e5-a38a-2589ad67e52d	5059
10215	d8b47019-eb0b-42e5-a38a-2589ad67e52d	5060
10216	d8b47019-eb0b-42e5-a38a-2589ad67e52d	5061
10217	d8b47019-eb0b-42e5-a38a-2589ad67e52d	5062
10218	d8b47019-eb0b-42e5-a38a-2589ad67e52d	5063
10219	d8b47019-eb0b-42e5-a38a-2589ad67e52d	5064
10220	d8b47019-eb0b-42e5-a38a-2589ad67e52d	5065
10221	d8b47019-eb0b-42e5-a38a-2589ad67e52d	5066
10222	d8b47019-eb0b-42e5-a38a-2589ad67e52d	5067
10223	d8b47019-eb0b-42e5-a38a-2589ad67e52d	5068
10224	d8b47019-eb0b-42e5-a38a-2589ad67e52d	5070
10225	c0aafe7a-8025-4ae3-b58e-0ce3a4985192	1
10226	c0aafe7a-8025-4ae3-b58e-0ce3a4985192	2
10227	c0aafe7a-8025-4ae3-b58e-0ce3a4985192	3
10228	c0aafe7a-8025-4ae3-b58e-0ce3a4985192	4
10229	c0aafe7a-8025-4ae3-b58e-0ce3a4985192	5
10230	c0aafe7a-8025-4ae3-b58e-0ce3a4985192	6
10231	c0aafe7a-8025-4ae3-b58e-0ce3a4985192	7
10232	c0aafe7a-8025-4ae3-b58e-0ce3a4985192	8
10233	c0aafe7a-8025-4ae3-b58e-0ce3a4985192	9
10234	c0aafe7a-8025-4ae3-b58e-0ce3a4985192	10
10235	c0aafe7a-8025-4ae3-b58e-0ce3a4985192	11
10236	c0aafe7a-8025-4ae3-b58e-0ce3a4985192	12
10237	c0aafe7a-8025-4ae3-b58e-0ce3a4985192	13
10238	c0aafe7a-8025-4ae3-b58e-0ce3a4985192	14
10239	c0aafe7a-8025-4ae3-b58e-0ce3a4985192	15
10240	c0aafe7a-8025-4ae3-b58e-0ce3a4985192	16
10241	c0aafe7a-8025-4ae3-b58e-0ce3a4985192	17
10242	c0aafe7a-8025-4ae3-b58e-0ce3a4985192	18
10243	c0aafe7a-8025-4ae3-b58e-0ce3a4985192	19
10244	c0aafe7a-8025-4ae3-b58e-0ce3a4985192	20
10245	c0aafe7a-8025-4ae3-b58e-0ce3a4985192	21
10246	c0aafe7a-8025-4ae3-b58e-0ce3a4985192	22
10247	c0aafe7a-8025-4ae3-b58e-0ce3a4985192	23
10248	c0aafe7a-8025-4ae3-b58e-0ce3a4985192	24
10249	c0aafe7a-8025-4ae3-b58e-0ce3a4985192	25
10250	c0aafe7a-8025-4ae3-b58e-0ce3a4985192	26
10251	c0aafe7a-8025-4ae3-b58e-0ce3a4985192	27
10252	c0aafe7a-8025-4ae3-b58e-0ce3a4985192	28
10253	c0aafe7a-8025-4ae3-b58e-0ce3a4985192	29
10254	c0aafe7a-8025-4ae3-b58e-0ce3a4985192	30
10255	c0aafe7a-8025-4ae3-b58e-0ce3a4985192	31
10256	c0aafe7a-8025-4ae3-b58e-0ce3a4985192	32
10257	c0aafe7a-8025-4ae3-b58e-0ce3a4985192	33
10258	c0aafe7a-8025-4ae3-b58e-0ce3a4985192	34
10259	c0aafe7a-8025-4ae3-b58e-0ce3a4985192	35
10260	c0aafe7a-8025-4ae3-b58e-0ce3a4985192	36
10261	c0aafe7a-8025-4ae3-b58e-0ce3a4985192	37
10262	c0aafe7a-8025-4ae3-b58e-0ce3a4985192	38
10263	c0aafe7a-8025-4ae3-b58e-0ce3a4985192	39
10264	c0aafe7a-8025-4ae3-b58e-0ce3a4985192	40
10265	c0aafe7a-8025-4ae3-b58e-0ce3a4985192	41
10266	c0aafe7a-8025-4ae3-b58e-0ce3a4985192	42
10267	c0aafe7a-8025-4ae3-b58e-0ce3a4985192	43
10268	c0aafe7a-8025-4ae3-b58e-0ce3a4985192	44
10269	c0aafe7a-8025-4ae3-b58e-0ce3a4985192	45
10270	c0aafe7a-8025-4ae3-b58e-0ce3a4985192	46
10271	c0aafe7a-8025-4ae3-b58e-0ce3a4985192	47
10272	c0aafe7a-8025-4ae3-b58e-0ce3a4985192	48
10273	c0aafe7a-8025-4ae3-b58e-0ce3a4985192	49
10274	c0aafe7a-8025-4ae3-b58e-0ce3a4985192	50
10275	c0aafe7a-8025-4ae3-b58e-0ce3a4985192	51
10276	c0aafe7a-8025-4ae3-b58e-0ce3a4985192	52
10277	c0aafe7a-8025-4ae3-b58e-0ce3a4985192	53
10278	c0aafe7a-8025-4ae3-b58e-0ce3a4985192	54
10279	c0aafe7a-8025-4ae3-b58e-0ce3a4985192	55
10280	c0aafe7a-8025-4ae3-b58e-0ce3a4985192	56
10281	c0aafe7a-8025-4ae3-b58e-0ce3a4985192	57
10282	c0aafe7a-8025-4ae3-b58e-0ce3a4985192	58
10283	c0aafe7a-8025-4ae3-b58e-0ce3a4985192	59
10284	c0aafe7a-8025-4ae3-b58e-0ce3a4985192	60
10285	c0aafe7a-8025-4ae3-b58e-0ce3a4985192	61
10286	c0aafe7a-8025-4ae3-b58e-0ce3a4985192	62
10287	c0aafe7a-8025-4ae3-b58e-0ce3a4985192	63
10288	c0aafe7a-8025-4ae3-b58e-0ce3a4985192	64
10289	c0aafe7a-8025-4ae3-b58e-0ce3a4985192	65
10290	c0aafe7a-8025-4ae3-b58e-0ce3a4985192	66
10291	c0aafe7a-8025-4ae3-b58e-0ce3a4985192	67
10292	c0aafe7a-8025-4ae3-b58e-0ce3a4985192	68
10293	c0aafe7a-8025-4ae3-b58e-0ce3a4985192	69
10294	c0aafe7a-8025-4ae3-b58e-0ce3a4985192	70
10295	c0aafe7a-8025-4ae3-b58e-0ce3a4985192	71
10296	c0aafe7a-8025-4ae3-b58e-0ce3a4985192	72
10297	c0aafe7a-8025-4ae3-b58e-0ce3a4985192	73
10298	c0aafe7a-8025-4ae3-b58e-0ce3a4985192	74
10299	c0aafe7a-8025-4ae3-b58e-0ce3a4985192	75
10300	c0aafe7a-8025-4ae3-b58e-0ce3a4985192	76
10301	c0aafe7a-8025-4ae3-b58e-0ce3a4985192	77
10302	c0aafe7a-8025-4ae3-b58e-0ce3a4985192	78
10303	c0aafe7a-8025-4ae3-b58e-0ce3a4985192	79
10304	c0aafe7a-8025-4ae3-b58e-0ce3a4985192	80
10305	c0aafe7a-8025-4ae3-b58e-0ce3a4985192	81
10306	c0aafe7a-8025-4ae3-b58e-0ce3a4985192	82
10307	c0aafe7a-8025-4ae3-b58e-0ce3a4985192	83
10308	c0aafe7a-8025-4ae3-b58e-0ce3a4985192	84
10309	c0aafe7a-8025-4ae3-b58e-0ce3a4985192	85
10310	c0aafe7a-8025-4ae3-b58e-0ce3a4985192	86
10311	c0aafe7a-8025-4ae3-b58e-0ce3a4985192	87
10312	c0aafe7a-8025-4ae3-b58e-0ce3a4985192	88
10313	c0aafe7a-8025-4ae3-b58e-0ce3a4985192	89
10314	c0aafe7a-8025-4ae3-b58e-0ce3a4985192	90
10315	c0aafe7a-8025-4ae3-b58e-0ce3a4985192	91
10316	c0aafe7a-8025-4ae3-b58e-0ce3a4985192	92
10317	c0aafe7a-8025-4ae3-b58e-0ce3a4985192	93
10318	c0aafe7a-8025-4ae3-b58e-0ce3a4985192	94
10319	c0aafe7a-8025-4ae3-b58e-0ce3a4985192	95
10320	c0aafe7a-8025-4ae3-b58e-0ce3a4985192	96
10321	c0aafe7a-8025-4ae3-b58e-0ce3a4985192	97
10322	c0aafe7a-8025-4ae3-b58e-0ce3a4985192	98
10323	c0aafe7a-8025-4ae3-b58e-0ce3a4985192	99
10324	c0aafe7a-8025-4ae3-b58e-0ce3a4985192	100
10325	cf56e35a-cff2-4d6d-a90c-d551ac3899f6	1
10326	cf56e35a-cff2-4d6d-a90c-d551ac3899f6	2
10327	cf56e35a-cff2-4d6d-a90c-d551ac3899f6	3
10328	cf56e35a-cff2-4d6d-a90c-d551ac3899f6	4
10329	cf56e35a-cff2-4d6d-a90c-d551ac3899f6	5
10330	cf56e35a-cff2-4d6d-a90c-d551ac3899f6	6
10331	cf56e35a-cff2-4d6d-a90c-d551ac3899f6	7
10332	cf56e35a-cff2-4d6d-a90c-d551ac3899f6	8
10333	cf56e35a-cff2-4d6d-a90c-d551ac3899f6	9
10334	cf56e35a-cff2-4d6d-a90c-d551ac3899f6	10
10335	cf56e35a-cff2-4d6d-a90c-d551ac3899f6	11
10336	cf56e35a-cff2-4d6d-a90c-d551ac3899f6	12
10337	cf56e35a-cff2-4d6d-a90c-d551ac3899f6	13
10338	cf56e35a-cff2-4d6d-a90c-d551ac3899f6	14
10339	cf56e35a-cff2-4d6d-a90c-d551ac3899f6	15
10340	cf56e35a-cff2-4d6d-a90c-d551ac3899f6	16
10341	cf56e35a-cff2-4d6d-a90c-d551ac3899f6	17
10342	cf56e35a-cff2-4d6d-a90c-d551ac3899f6	18
10343	cf56e35a-cff2-4d6d-a90c-d551ac3899f6	19
10344	cf56e35a-cff2-4d6d-a90c-d551ac3899f6	20
10345	cf56e35a-cff2-4d6d-a90c-d551ac3899f6	21
10346	cf56e35a-cff2-4d6d-a90c-d551ac3899f6	22
10347	cf56e35a-cff2-4d6d-a90c-d551ac3899f6	23
10348	cf56e35a-cff2-4d6d-a90c-d551ac3899f6	24
10349	cf56e35a-cff2-4d6d-a90c-d551ac3899f6	25
10350	cf56e35a-cff2-4d6d-a90c-d551ac3899f6	26
10351	cf56e35a-cff2-4d6d-a90c-d551ac3899f6	27
10352	cf56e35a-cff2-4d6d-a90c-d551ac3899f6	28
10353	cf56e35a-cff2-4d6d-a90c-d551ac3899f6	29
10354	cf56e35a-cff2-4d6d-a90c-d551ac3899f6	30
10355	cf56e35a-cff2-4d6d-a90c-d551ac3899f6	31
10356	cf56e35a-cff2-4d6d-a90c-d551ac3899f6	32
10357	cf56e35a-cff2-4d6d-a90c-d551ac3899f6	33
10358	cf56e35a-cff2-4d6d-a90c-d551ac3899f6	34
10359	cf56e35a-cff2-4d6d-a90c-d551ac3899f6	35
10360	cf56e35a-cff2-4d6d-a90c-d551ac3899f6	36
10361	cf56e35a-cff2-4d6d-a90c-d551ac3899f6	37
10362	cf56e35a-cff2-4d6d-a90c-d551ac3899f6	38
10363	cf56e35a-cff2-4d6d-a90c-d551ac3899f6	39
10364	cf56e35a-cff2-4d6d-a90c-d551ac3899f6	40
10365	cf56e35a-cff2-4d6d-a90c-d551ac3899f6	41
10366	cf56e35a-cff2-4d6d-a90c-d551ac3899f6	42
10367	cf56e35a-cff2-4d6d-a90c-d551ac3899f6	43
10368	cf56e35a-cff2-4d6d-a90c-d551ac3899f6	44
10369	cf56e35a-cff2-4d6d-a90c-d551ac3899f6	45
10370	cf56e35a-cff2-4d6d-a90c-d551ac3899f6	46
10371	cf56e35a-cff2-4d6d-a90c-d551ac3899f6	47
10372	cf56e35a-cff2-4d6d-a90c-d551ac3899f6	48
10373	cf56e35a-cff2-4d6d-a90c-d551ac3899f6	49
10374	cf56e35a-cff2-4d6d-a90c-d551ac3899f6	50
10375	cf56e35a-cff2-4d6d-a90c-d551ac3899f6	51
10376	cf56e35a-cff2-4d6d-a90c-d551ac3899f6	52
10377	cf56e35a-cff2-4d6d-a90c-d551ac3899f6	53
10378	cf56e35a-cff2-4d6d-a90c-d551ac3899f6	54
10379	cf56e35a-cff2-4d6d-a90c-d551ac3899f6	55
10380	cf56e35a-cff2-4d6d-a90c-d551ac3899f6	56
10381	cf56e35a-cff2-4d6d-a90c-d551ac3899f6	57
10382	cf56e35a-cff2-4d6d-a90c-d551ac3899f6	58
10383	cf56e35a-cff2-4d6d-a90c-d551ac3899f6	59
10384	cf56e35a-cff2-4d6d-a90c-d551ac3899f6	60
10385	cf56e35a-cff2-4d6d-a90c-d551ac3899f6	61
10386	cf56e35a-cff2-4d6d-a90c-d551ac3899f6	62
10387	cf56e35a-cff2-4d6d-a90c-d551ac3899f6	63
10388	cf56e35a-cff2-4d6d-a90c-d551ac3899f6	64
10389	cf56e35a-cff2-4d6d-a90c-d551ac3899f6	65
10390	cf56e35a-cff2-4d6d-a90c-d551ac3899f6	66
10391	cf56e35a-cff2-4d6d-a90c-d551ac3899f6	67
10392	cf56e35a-cff2-4d6d-a90c-d551ac3899f6	68
10393	cf56e35a-cff2-4d6d-a90c-d551ac3899f6	69
10394	cf56e35a-cff2-4d6d-a90c-d551ac3899f6	70
10395	cf56e35a-cff2-4d6d-a90c-d551ac3899f6	71
10396	cf56e35a-cff2-4d6d-a90c-d551ac3899f6	72
10397	cf56e35a-cff2-4d6d-a90c-d551ac3899f6	73
10398	cf56e35a-cff2-4d6d-a90c-d551ac3899f6	74
10399	cf56e35a-cff2-4d6d-a90c-d551ac3899f6	75
10400	cf56e35a-cff2-4d6d-a90c-d551ac3899f6	76
10401	cf56e35a-cff2-4d6d-a90c-d551ac3899f6	77
10402	cf56e35a-cff2-4d6d-a90c-d551ac3899f6	78
10403	cf56e35a-cff2-4d6d-a90c-d551ac3899f6	79
10404	cf56e35a-cff2-4d6d-a90c-d551ac3899f6	80
10405	cf56e35a-cff2-4d6d-a90c-d551ac3899f6	81
10406	cf56e35a-cff2-4d6d-a90c-d551ac3899f6	82
10407	cf56e35a-cff2-4d6d-a90c-d551ac3899f6	83
10408	cf56e35a-cff2-4d6d-a90c-d551ac3899f6	84
10409	cf56e35a-cff2-4d6d-a90c-d551ac3899f6	85
10410	cf56e35a-cff2-4d6d-a90c-d551ac3899f6	86
10411	cf56e35a-cff2-4d6d-a90c-d551ac3899f6	87
10412	cf56e35a-cff2-4d6d-a90c-d551ac3899f6	88
10413	cf56e35a-cff2-4d6d-a90c-d551ac3899f6	89
10414	cf56e35a-cff2-4d6d-a90c-d551ac3899f6	90
10415	cf56e35a-cff2-4d6d-a90c-d551ac3899f6	91
10416	cf56e35a-cff2-4d6d-a90c-d551ac3899f6	92
10417	cf56e35a-cff2-4d6d-a90c-d551ac3899f6	93
10418	cf56e35a-cff2-4d6d-a90c-d551ac3899f6	94
10419	cf56e35a-cff2-4d6d-a90c-d551ac3899f6	95
10420	cf56e35a-cff2-4d6d-a90c-d551ac3899f6	96
10421	cf56e35a-cff2-4d6d-a90c-d551ac3899f6	97
10422	cf56e35a-cff2-4d6d-a90c-d551ac3899f6	98
10423	cf56e35a-cff2-4d6d-a90c-d551ac3899f6	99
10424	cf56e35a-cff2-4d6d-a90c-d551ac3899f6	100
\.


--
-- Data for Name: warehouse_no_express_delivery; Type: TABLE DATA; Schema: public; Owner: nexsme
--

COPY public.warehouse_no_express_delivery (id, warehouse_id, zone_id) FROM stdin;
47	d8b47019-eb0b-42e5-a38a-2589ad67e52d	2
48	d8b47019-eb0b-42e5-a38a-2589ad67e52d	3
49	d8b47019-eb0b-42e5-a38a-2589ad67e52d	4
50	d8b47019-eb0b-42e5-a38a-2589ad67e52d	5
51	d8b47019-eb0b-42e5-a38a-2589ad67e52d	6
52	d8b47019-eb0b-42e5-a38a-2589ad67e52d	7
53	d8b47019-eb0b-42e5-a38a-2589ad67e52d	8
54	d8b47019-eb0b-42e5-a38a-2589ad67e52d	9
55	d8b47019-eb0b-42e5-a38a-2589ad67e52d	10
56	d8b47019-eb0b-42e5-a38a-2589ad67e52d	11
57	d8b47019-eb0b-42e5-a38a-2589ad67e52d	12
58	d8b47019-eb0b-42e5-a38a-2589ad67e52d	13
59	d8b47019-eb0b-42e5-a38a-2589ad67e52d	14
60	d8b47019-eb0b-42e5-a38a-2589ad67e52d	15
61	d8b47019-eb0b-42e5-a38a-2589ad67e52d	16
62	d8b47019-eb0b-42e5-a38a-2589ad67e52d	17
63	d8b47019-eb0b-42e5-a38a-2589ad67e52d	18
64	d8b47019-eb0b-42e5-a38a-2589ad67e52d	19
65	d8b47019-eb0b-42e5-a38a-2589ad67e52d	20
66	d8b47019-eb0b-42e5-a38a-2589ad67e52d	1067
67	d8b47019-eb0b-42e5-a38a-2589ad67e52d	1089
68	d8b47019-eb0b-42e5-a38a-2589ad67e52d	1091
69	d8b47019-eb0b-42e5-a38a-2589ad67e52d	1107
70	d8b47019-eb0b-42e5-a38a-2589ad67e52d	1118
71	d8b47019-eb0b-42e5-a38a-2589ad67e52d	1129
72	d8b47019-eb0b-42e5-a38a-2589ad67e52d	1141
73	d8b47019-eb0b-42e5-a38a-2589ad67e52d	1155
74	d8b47019-eb0b-42e5-a38a-2589ad67e52d	1169
75	d8b47019-eb0b-42e5-a38a-2589ad67e52d	1172
76	d8b47019-eb0b-42e5-a38a-2589ad67e52d	1181
77	d8b47019-eb0b-42e5-a38a-2589ad67e52d	1211
78	d8b47019-eb0b-42e5-a38a-2589ad67e52d	4859
79	d8b47019-eb0b-42e5-a38a-2589ad67e52d	4885
80	d8b47019-eb0b-42e5-a38a-2589ad67e52d	4886
81	d8b47019-eb0b-42e5-a38a-2589ad67e52d	4946
82	d8b47019-eb0b-42e5-a38a-2589ad67e52d	4950
83	d8b47019-eb0b-42e5-a38a-2589ad67e52d	4951
84	d8b47019-eb0b-42e5-a38a-2589ad67e52d	4956
85	d8b47019-eb0b-42e5-a38a-2589ad67e52d	5069
\.


--
-- Data for Name: web_FeauturedCategory; Type: TABLE DATA; Schema: public; Owner: nexsme
--

COPY public."web_FeauturedCategory" (id, auto_id, date_added, date_updated, is_deleted, deleted_reason, category_id, creator_id, updater_id) FROM stdin;
\.


--
-- Data for Name: web_TrendingCategory; Type: TABLE DATA; Schema: public; Owner: nexsme
--

COPY public."web_TrendingCategory" (id, auto_id, date_added, date_updated, is_deleted, deleted_reason, category_id, creator_id, updater_id) FROM stdin;
\.


--
-- Data for Name: web_productreturn; Type: TABLE DATA; Schema: public; Owner: nexsme
--

COPY public.web_productreturn (id, auto_id, date_added, date_updated, is_deleted, deleted_reason, return_id, reason_for_return, return_type, return_specification, status, payment_status, agent_status, rejected_reason, agent_rejected_reason, amount, is_same_product, is_damaged_product, is_same_quantity, damaged_reason, serial_status, extra_notes, customer_name, customer_phone, customer_street, customer_landmark, customer_latitude, customer_longitude, reached_image, is_handover_required, creator_id, customer_account_id, customer_address_id, delivery_boy_id, order_id, order_item_id, updater_id) FROM stdin;
\.


--
-- Data for Name: web_productreview; Type: TABLE DATA; Schema: public; Owner: nexsme
--

COPY public.web_productreview (id, auto_id, date_added, date_updated, is_deleted, deleted_reason, rating, review, creator_id, product_variant_id, updater_id) FROM stdin;
2f5c1e9d-e652-4abb-a358-7fedae4b0f66	1	2024-03-12 04:46:33.930541+00	2024-03-12 04:46:33.930573+00	f	\N	5	good	19	7ab6268e-00e2-44c6-b3ed-ea81dc1626a0	19
\.


--
-- Data for Name: web_sociallinks; Type: TABLE DATA; Schema: public; Owner: nexsme
--

COPY public.web_sociallinks (id, facebook_link, instagram_link, twitter_link, whatsapp_link) FROM stdin;
1	https://www.facebook.com	https://www.instagram.com	https://www.x.com	https://www.whatsapp.com
\.


--
-- Data for Name: web_spotlightbanner; Type: TABLE DATA; Schema: public; Owner: nexsme
--

COPY public.web_spotlightbanner (id, auto_id, date_added, date_updated, is_deleted, deleted_reason, offer_type, banner_type, image, brand_id, category_id, creator_id, product_variant_id, updater_id) FROM stdin;
1504592b-fd3b-4a98-9e86-fc7315b865e8	1	2023-10-19 05:46:20.968589+00	2023-10-19 05:46:20.968621+00	f	\N	category	primary	media/ps5_pro_Y1GaOd7.jpg	\N	b2e9a285-d0a4-4f53-a392-0b9133499dc2	1	\N	1
8f31b7f8-a16c-4917-b217-dab8658539cc	2	2023-10-19 05:57:42.388774+00	2023-10-19 05:57:42.388796+00	f	\N	product	primary	media/dual_sense_edge_4Qy9Lb4.jpg	\N	\N	1	\N	1
cd15dfc1-1e8b-4f83-8940-7d8c42a2095b	4	2024-03-22 06:23:06.033878+00	2024-03-22 06:23:06.033914+00	t	deleted	category	primary	media/Screenshot_1946-01-02_at_10.11.52_AM.png	\N	\N	1	\N	1
8ec7ade0-3c17-4575-b31d-93271433ae66	3	2024-03-19 09:03:31.290857+00	2024-03-22 06:24:06.020127+00	f	\N	category	primary	media/WhatsApp_Image_2024-03-16_at_4.41.09_PM.jpeg	\N	3cd7385c-4b66-4147-b956-e6679c623a37	1	\N	1
\.


--
-- Data for Name: zone; Type: TABLE DATA; Schema: public; Owner: nexsme
--

COPY public.zone (id, name, municipality, district, state, taluk, latitude, longitude, pincode) FROM stdin;
1	Anakampoyil B.O		Kozhikode	KERALA	Kozhikode	\N	\N	673603
2	Arakinar S.O		Kozhikode	KERALA	Kozhikode	\N	\N	673028
3	Arambatta Kunnu B.O		Wayanad	KERALA	Vythiri	\N	\N	673575
4	Azhinjilam B.O		Malappuram	KERALA	Ernad	\N	\N	673632
5	Calicut City S.O		Kozhikode	KERALA	NA	\N	\N	673004
6	Calicut Civil Station H.O		Kozhikode	KERALA	Kozhikode	\N	\N	673020
7	Chennalode B.O		Wayanad	KERALA	Vythiri	\N	\N	673122
8	Chennamangallur B.O		Kozhikode	KERALA	Kozhikode	\N	\N	673602
9	Choothupara B.O		Wayanad	KERALA	Sulthanbathery	\N	\N	673596
10	Chulur B.O		Kozhikode	KERALA	Kozhikode	\N	\N	673601
11	Cottanad B.O		Wayanad	KERALA	Vythiri	\N	\N	673577
12	Eranhipalam S.O		Kozhikode	KERALA	Kozhikode	\N	\N	673006
13	Guruvayurappan College S.O		Kozhikode	KERALA	Kozhikode	\N	\N	673014
14	Kadalundi S.O		Kozhikode	KERALA	Kozhikode	\N	\N	673302
15	Kambalakkad B.O		Wayanad	KERALA	Vythiti	\N	\N	673122
16	Karad Paramba B.O		Malappuram	KERALA	Ernad	\N	\N	673632
17	Kidanganad B.O		Wayanad	KERALA	Sulthan Batheri	\N	\N	673592
18	Kommeri B.O		Kozhikode	KERALA	Kozhikode	\N	\N	673007
19	Kunnambetta B.O		Wayanad	KERALA	Vythiri	\N	\N	673123
20	Muthanga B.O		Wayanad	KERALA	Sulthan Batheri	\N	\N	673592
21	Nenmeni Kunnu B.O		Wayanad	KERALA	Sulthanbathery	\N	\N	673595
22	Parambil B.O		Kozhikode	KERALA	Kozhikode	\N	\N	673012
23	Parappanpoyil B.O		Kozhikode	KERALA	Kozhikode	\N	\N	673573
24	Parappil S.O		Kozhikode	KERALA	Kozhikode	\N	\N	673001
25	Pariyaram - Wynad B.O		Wayanad	KERALA	Vythiri	\N	\N	673122
26	Paropadi B.O		Kozhikode	KERALA	Kozhikode	\N	\N	673009
27	Perikallur B.O		Wayanad	KERALA	Sulthanbathery	\N	\N	673579
28	Pokkunnu B.O		Kozhikode	KERALA	Kozhikode	\N	\N	673007
29	Poomulla B.O		Wayanad	KERALA	Sulthanbathery	\N	\N	673592
30	Poovattu Paramba B.O		Kozhikode	KERALA	Kozhikode	\N	\N	673008
31	Puducode - Feroke B.O		Malappuram	KERALA	Eranad	\N	\N	673633
32	Pulpalli S.O		Wayanad	KERALA	Sulthan Bathery	\N	\N	673579
33	Puthiyangadi S.O		Kozhikode	KERALA	Kozhikode	\N	\N	673021
34	Sulthan Bathery East S.O		Wayanad	KERALA	Sulthanbathery	\N	\N	673592
35	Sulthan Bathery S.O		Wayanad	KERALA	Sulthan Bathery	\N	\N	673592
36	Thiruthiyad B.O		Kozhikode	KERALA	Kozhikode	\N	\N	673004
37	Vavad B.O		Kozhikode	KERALA	Kozhikode	\N	\N	673572
38	Vazhayur B.O		Malappuram	KERALA	Ernad	\N	\N	673633
39	Venappara B.O		Kozhikode	KERALA	Kozhikode	\N	\N	673582
40	Alli B.O		Kozhikode	KERALA	Kozhikode	\N	\N	673602
41	Amara Kuni B.O		Wayanad	KERALA	Sulthanbathery	\N	\N	673579
42	Athirattu Kunnu B.O		Wayanad	KERALA	Sulthanbathery	\N	\N	673596
43	Calicut Courts S.O		Kozhikode	KERALA	Kozhikode	\N	\N	673032
44	Cheeral S.O		Wayanad	KERALA	Sulthan Batheri	\N	\N	673595
45	Chellangode B.O		Wayanad	KERALA	Vythiri	\N	\N	673581
46	Cheruvannur S.O		Kozhikode	KERALA	Kozhikode	\N	\N	673655
47	Kakkatampoyil B.O		Kozhikode	KERALA	Kozhikode	\N	\N	673604
48	Kakkoti S.O		Kozhikode	KERALA	Kozhikode	\N	\N	673611
49	Kallai-kozhikode S.O		Kozhikode	KERALA	Kozhikode	\N	\N	673003
50	Koombara Bazar B.O		Kozhikode	KERALA	Kozhikode	\N	\N	673604
51	Kotancheri-tamaracheri S.O		Kozhikode	KERALA	Kozhikode	\N	\N	673580
52	Kottathara B.O		Wayanad	KERALA	Vythiri	\N	\N	673122
53	Kudathai Bazar B.O		Kozhikode	KERALA	Kozhikode	\N	\N	673573
54	Kuppadi B.O		Wayanad	KERALA	Sulthan Batheri	\N	\N	673592
55	Manasseri B.O		Kozhikode	KERALA	Kozhikode	\N	\N	673602
56	Maniyangode B.O		Wayanad	KERALA	Vythiri	\N	\N	673122
57	Mayanad B.O		Kozhikode	KERALA	Kozhikode	\N	\N	673008
58	Mookuthi Kunnu B.O		Wayanad	KERALA	Sulthanbathery	\N	\N	673595
59	Mundur -- Kozhikode B.O		Kozhikode	KERALA	Kozhikode	\N	\N	673580
60	Muttancheri B.O		Kozhikode	KERALA	Kozhikode	\N	\N	673585
61	Nellicode B.O		Kozhikode	KERALA	Kozhikode	\N	\N	673016
62	Palakolli B.O		Wayanad	KERALA	Sulthanbathery	\N	\N	673579
63	Pallikunnu Wynad B.O		Wayanad	KERALA	Vythiri	\N	\N	673122
64	Puthiyara S.O		Kozhikode	KERALA	Kozhikode	\N	\N	673004
65	Thachampoyil B.O		Kozhikode	KERALA	Kozhikode	\N	\N	673573
66	Thariote North B.O		Wayanad	KERALA	Vythiri	\N	\N	673575
67	Thovari Mala B.O		Wayanad	KERALA	Sulthanbathery	\N	\N	673592
68	Tiruvannur B.O		Kozhikode	KERALA	Kozhikode	\N	\N	673029
69	Vala Vayal B.O		Wayanad	KERALA	Sulthanbathery	\N	\N	673596
70	Vallarmala B.O		Wayanad	KERALA	Sulthan Bathery	\N	\N	673577
71	Valluvadi B.O		Wayanad	KERALA	Sulthanbathery	\N	\N	673592
72	Vrindavan Colony B.O		Kozhikode	KERALA	Kozhikode	\N	\N	673017
73	Bhoodanam Colony B.O		Wayanad	KERALA	Sulthanbathery	\N	\N	673579
74	Chamal B.O		Kozhikode	KERALA	Kozhikode	\N	\N	673573
75	Chedalath B.O		Wayanad	KERALA	Sulthanbathery	\N	\N	673592
76	Chettapalam B.O		Wayanad	KERALA	Sulthanbathery	\N	\N	673579
77	Feroke Pettah S.O		Kozhikode	KERALA	Kozhikode	\N	\N	673631
78	Iim Kozhikode Campus S.O		Kozhikode	KERALA	Kozhikode	\N	\N	673570
79	Kalpetta North S.O		Wayanad	KERALA	Vythiri	\N	\N	673122
80	Kannancheri B.O		Kozhikode	KERALA	Kozhikode	\N	\N	673003
81	Kannoth B.O		Kozhikode	KERALA	Kozhikode	\N	\N	673580
82	Kenichira S.O		Wayanad	KERALA	Sulthanbathery	\N	\N	673596
83	Kumaranellur B.O		Kozhikode	KERALA	Kozhikode	\N	\N	673602
84	Kunnamangalam S.O		Kozhikode	KERALA	Kozhikode	\N	\N	673571
85	Maikavu B.O		Kozhikode	KERALA	Kozhikode	\N	\N	673573
86	Morikkara B.O		Kozhikode	KERALA	Kozhikode	\N	\N	673611
87	Narikkuni S.O		Kozhikode	KERALA	Kozhikode	\N	\N	673585
88	Nenmeni B.O		Wayanad	KERALA	Sulthan Batheri	\N	\N	673592
89	Nit  Campus Po.Kozhikode S.O		Kozhikode	KERALA	Kozhikode	\N	\N	673601
90	Nooramthode B.O		Kozhikode	KERALA	Kozhikode	\N	\N	673586
91	Nulpuzha B.O		Wayanad	KERALA	Sulthanbathery	\N	\N	673592
92	Omasseri S.O		Kozhikode	KERALA	Kozhikode	\N	\N	673582
93	Palath B.O		Kozhikode	KERALA	Kozhikode	\N	\N	673611
94	Pannicode B.O		Kozhikode	KERALA	Kozhikode	\N	\N	673602
95	Parannur B.O		Kozhikode	KERALA	Kozhikode	\N	\N	673585
96	Pavandur B.O		Kozhikode	KERALA	Kozhikode	\N	\N	673613
97	Perumpally B.O		Kozhikode	KERALA	Kozhikode	\N	\N	673586
98	Pinangode B.O		Wayanad	KERALA	Vythiri	\N	\N	673122
99	Ponnamkayam B.O		Kozhikode	KERALA	Kozhikode	\N	\N	673603
100	Punnakkal B.O		Kozhikode	KERALA	Kozhikode	\N	\N	673603
101	Puzhamutti B.O		Wayanad	KERALA	Vythiri	\N	\N	673122
102	Theyyappara B.O		Kozhikode	KERALA	Kozhikode	\N	\N	673580
103	Vengalam B.O		Kozhikode	KERALA	Quilandy	\N	\N	673303
104	West Hill Beach S.O		Kozhikode	KERALA	Kozhikode	\N	\N	673005
105	West Hill S.O		Kozhikode	KERALA	Kozhikode	\N	\N	673005
106	Calicut H.O		Kozhikode	KERALA	Kozhikode	\N	\N	673001
107	Calicut R.S. S.O		Kozhikode	KERALA	Kozhikode	\N	\N	673001
108	Chaliyam S.O		Kozhikode	KERALA	Kozhikode	\N	\N	673301
109	Chembu Kadavu B.O		Kozhikode	KERALA	Kozhikode	\N	\N	673580
110	Cherukulathur B.O		Kozhikode	KERALA	Kozhikode	\N	\N	673008
111	Cheruvadi B.O		Kozhikode	KERALA	Kozhikode	\N	\N	673661
112	Chulliote B.O		Wayanad	KERALA	Sulthanbathery	\N	\N	673592
113	Elathur S.O (Kozhikode)		Kozhikode	KERALA	Kozhikode	\N	\N	673303
114	Elettil B.O		Kozhikode	KERALA	Kozhikode	\N	\N	673572
115	Eranhikkal B.O		Kozhikode	KERALA	Kozhikode	\N	\N	673303
116	Eravannur B.O		Kozhikode	KERALA	Kozhikode	\N	\N	673585
117	Feroke S.O		Kozhikode	KERALA	Kozhikode	\N	\N	673631
118	Kalanadi Kolli B.O		Wayanad	KERALA	Sulthanbathery	\N	\N	673579
119	Kalathu Vayal B.O		Wayanad	KERALA	Sulthanbathery	\N	\N	673593
120	Kalpetta H.O		Wayanad	KERALA	Vythiri	\N	\N	673121
121	Kaniyambetta B.O		Wayanad	KERALA	Vythiri	\N	\N	673122
122	Kanni Paramba B.O		Kozhikode	KERALA	Kozhikode	\N	\N	673661
123	Karuvanthuruthy B.O		Kozhikode	KERALA	Kozhikode	\N	\N	673631
124	Kilakkoth B.O		Kozhikode	KERALA	Kozhikode	\N	\N	673572
125	Kodiyathur B.O		Kozhikode	KERALA	Kozhikode	\N	\N	673602
126	Kolagapara B.O		Wayanad	KERALA	Sulthanbathery	\N	\N	673591
127	Koleri B.O		Wayanad	KERALA	Sulthanbathery	\N	\N	673596
128	Kudathai B.O		Kozhikode	KERALA	Kozhikode	\N	\N	673573
129	Kythapoyil B.O		Kozhikode	KERALA	Kozhikode	\N	\N	673586
130	Madakkimala B.O		Wayanad	KERALA	Vythiri	\N	\N	673122
131	Madavoor B.O		Kozhikode	KERALA	Kozhikode	\N	\N	673585
132	Manha Kadavu B.O		Kozhikode	KERALA	Kozhikode	\N	\N	673604
133	Mankavu S.O		Kozhikode	KERALA	Kozhikode	\N	\N	673007
134	Mannur S.O (Kozhikode)		Kozhikode	KERALA	Kozhikode	\N	\N	673328
135	Mavoor S.O (Kozhikode)		Kozhikode	KERALA	Kozhikode	\N	\N	673661
136	Moolan Kavu B.O		Wayanad	KERALA	Sulthanbathery	\N	\N	673592
137	Mundakai B.O		Wayanad	KERALA	Vythiri	\N	\N	673577
138	Muttil B.O		Wayanad	KERALA	Vythiri	\N	\N	673122
139	Nanminda S.O		Kozhikode	KERALA	Kozhikode	\N	\N	673613
140	Neeleswaram B.O		Kozhikode	KERALA	Kozhikode	\N	\N	673582
141	Pakkom B.O		Wayanad	KERALA	Sulthanbathery	\N	\N	673579
142	Pambra B.O		Wayanad	KERALA	Sulthanbathery	\N	\N	673592
143	Pilasseri B.O		Kozhikode	KERALA	Kozhikode	\N	\N	673571
144	Punnur - Cherupalam B.O		Kozhikode	KERALA	Kozhikode	\N	\N	673585
145	Puthur Vayal B.O		Wayanad	KERALA	Vythiri	\N	\N	673577
146	Seetha Mount B.O		Wayanad	KERALA	Sulthanbathery	\N	\N	673579
147	Thariote B.O		Wayanad	KERALA	Vythiri	\N	\N	673575
148	Thekkumthara B.O		Wayanad	KERALA	Vythiri	\N	\N	673122
149	Trikai Petta B.O		Wayanad	KERALA	Sulthan Batheri	\N	\N	673577
150	Vatuvanchal S.O		Wayanad	KERALA	Sulthan Bathery	\N	\N	673581
151	Vazhayur East B.O		Malappuram	KERALA	Ernad	\N	\N	673633
152	Velliparamba B.O		Kozhikode	KERALA	Kozhikode	\N	\N	673008
153	Beenachi B.O		Wayanad	KERALA	Sulthanbathery	\N	\N	673592
154	Bibleland B.O		Wayanad	KERALA	Vythiri	\N	\N	673575
155	Chalapuram S.O		Kozhikode	KERALA	Kozhikode	\N	\N	673002
156	Chelannur S.O		Kozhikode	KERALA	Kozhikode	\N	\N	673616
157	Chembra B.O		Wayanad	KERALA	Vythiri	\N	\N	673577
158	Chevarambalam B.O		Kozhikode	KERALA	Kozhikode	\N	\N	673017
159	East Hill S.O		Kozhikode	KERALA	Kozhikode	\N	\N	673005
160	Kakka Vayal B.O		Wayanad	KERALA	Sulthanbathery	\N	\N	673122
161	Kannan Kara B.O		Kozhikode	KERALA	Kozhikode	\N	\N	673616
162	Karaparamba S.O		Kozhikode	KERALA	Kozhikode	\N	\N	673010
163	Kayal B.O		Kozhikode	KERALA	Kozhikode	\N	\N	673661
164	Kolathara S.O		Kozhikode	KERALA	Kozhikode	\N	\N	673655
165	Koombara B.O		Kozhikode	KERALA	Kozhikode	\N	\N	673604
166	Kottamparamba B.O		Kozhikode	KERALA	Kozhikode	\N	\N	673008
167	Kotuvalli S.O		Kozhikode	KERALA	Kozhikode	\N	\N	673572
168	Krishna Giri B.O		Wayanad	KERALA	Sulthan Batheri	\N	\N	673591
169	Kumbaleri B.O		Wayanad	KERALA	Sulthanbathery	\N	\N	673591
170	Kuppayakode B.O		Kozhikode	KERALA	Kozhikode	\N	\N	673580
171	Kuthiravattom S.O		Kozhikode	KERALA	Kozhikode	\N	\N	673016
172	Malayamma B.O		Kozhikode	KERALA	Kozhikode	\N	\N	673601
173	Nambiar Kunnu B.O		Wayanad	KERALA	Sulthanbathery	\N	\N	673595
174	Payimbra B.O		Kozhikode	KERALA	Kozhikode	\N	\N	673571
175	Pazhur B.O		Kozhikode	KERALA	Kozhikode	\N	\N	673661
176	Perumukham B.O		Kozhikode	KERALA	Kozhikode	\N	\N	673631
177	Peruvayal B.O		Kozhikode	KERALA	Kozhikode	\N	\N	673008
178	Puduppadi S.O		Kozhikode	KERALA	Kozhikode	\N	\N	673586
179	Pulluram Para B.O		Kozhikode	KERALA	Kozhikode	\N	\N	673603
180	Punnasseri B.O		Kozhikode	KERALA	Kozhikode	\N	\N	673585
181	Ripon Wynad B.O		Wayanad	KERALA	Vythiri	\N	\N	673577
182	Sreerama Krishna Mission B.O		Kozhikode	KERALA	Kozhikode	\N	\N	673003
183	Thazha Munda B.O		Wayanad	KERALA	Sulthanbathery	\N	\N	673596
184	Thazhathur B.O		Wayanad	KERALA	Sulthanbathery	\N	\N	673595
185	Vakeri B.O		Wayanad	KERALA	Sulthan Batheri	\N	\N	673592
186	Valiyaparamba B.O		Kozhikode	KERALA	Kozhikode	\N	\N	673572
187	Veliyambam B.O		Wayanad	KERALA	Sulthanbathery	\N	\N	673579
188	Vellalasseri B.O		Kozhikode	KERALA	Kozhikode	\N	\N	673601
189	Vellayil S.O		Kozhikode	KERALA	Kozhikode	\N	\N	673011
190	Achooranam B.O		Wayanad	KERALA	Vythiri	\N	\N	673575
191	Ambalavayal S.O		Wayanad	KERALA	Sulthanbathery	\N	\N	673593
192	Beypore North B.O		Kozhikode	KERALA	Kozhikode	\N	\N	673015
193	Calicut Beach S.O		Kozhikode	KERALA	Kozhikode	\N	\N	673032
194	Calicut Medical College S.O		Kozhikode	KERALA	Kozhikode	\N	\N	673008
195	Cheengeri B.O		Wayanad	KERALA	Sulthanbathery	\N	\N	673593
196	Cheeyambam B.O		Wayanad	KERALA	Sulthanbathery	\N	\N	673579
197	Cherooppa B.O		Kozhikode	KERALA	Kozhikode	\N	\N	673661
198	Iringallur B.O		Kozhikode	KERALA	Kozhikode	\N	\N	673014
199	Irivallur B.O		Kozhikode	KERALA	Kozhikode	\N	\N	673616
200	Karanthur B.O		Kozhikode	KERALA	Kozhikode	\N	\N	673571
201	Karinkutty B.O		Wayanad	KERALA	Vythiri	\N	\N	673122
202	Kattippara B.O		Kozhikode	KERALA	Kozhikode	\N	\N	673573
203	Kavumannam B.O		Wayanad	KERALA	Vythiri	\N	\N	673122
204	Kizhakkumuri B.O		Kozhikode	KERALA	Kozhikode	\N	\N	673611
205	Konott B.O		Kozhikode	KERALA	Kozhikode	\N	\N	673571
206	Kottuli B.O		Kozhikode	KERALA	Kozhikode	\N	\N	673016
207	Kunnamangalam Mini Industrial B.O		Kozhikode	KERALA	Kozhikode	\N	\N	673571
208	Kuruvattur B.O		Kozhikode	KERALA	Kozhikode	\N	\N	673611
209	Kuttikkattur B.O		Kozhikode	KERALA	Kozhikode	\N	\N	673008
210	Mandad B.O		Wayanad	KERALA	Vythiri	\N	\N	673122
211	Mokkam S.O		Kozhikode	KERALA	Kozhikode	\N	\N	673602
212	Muthappan Puzha B.O		Kozhikode	KERALA	Kozhikode	\N	\N	673603
213	Naiketty B.O		Wayanad	KERALA	Sulthanbathery	\N	\N	673592
214	Nallara Chal B.O		Wayanad	KERALA	Sulthanbathery	\N	\N	673593
215	Nathamkuni B.O		Wayanad	KERALA	Sulthanbathery	\N	\N	673577
216	Nedungottur B.O		Kozhikode	KERALA	Kozhikode	\N	\N	673010
217	Nellika Paramba B.O		Kozhikode	KERALA	Kozhikode	\N	\N	673602
218	Pannikkottur B.O		Kozhikode	KERALA	Kozhikode	\N	\N	673572
219	Poovaranthod B.O		Kozhikode	KERALA	Kozhikode	\N	\N	673604
220	Pozhuthana S.O		Wayanad	KERALA	Vythiri	\N	\N	673575
221	Ramanattukara S.O		Kozhikode	KERALA	Kozhikode	\N	\N	673633
222	Sasimala B.O		Wayanad	KERALA	Sulthanbathery	\N	\N	673579
223	Tiruvambadi S.O		Kozhikode	KERALA	Kozhikode	\N	\N	673603
224	Velancode B.O		Kozhikode	KERALA	Kozhikode	\N	\N	673580
225	Vengeri B.O		Kozhikode	KERALA	Kozhikode	\N	\N	673010
226	Adivaram Pudupadi B.O		Kozhikode	KERALA	Kozhikode	\N	\N	673586
227	Beypore S.O		Kozhikode	KERALA	Kozhikode	\N	\N	673015
228	Calicut Collectorate S.O		Kozhikode	KERALA	Kozhikode	\N	\N	673020
229	Edakkad - West Hill B.O		Kozhikode	KERALA	Kozhikode	\N	\N	673005
230	Edakkara - Quilandy B.O		Kozhikode	KERALA	Kozhikode	\N	\N	673616
231	Farook College S.O		Kozhikode	KERALA	Kozhikode	\N	\N	673632
232	Govinda Puram B.O		Kozhikode	KERALA	Kozhikode	\N	\N	673016
233	Kabanigiri B.O		Wayanad	KERALA	Sulthanbathery	\N	\N	673579
234	Kadalmat B.O		Wayanad	KERALA	Sulthan Batheri	\N	\N	673581
235	Kakkad Pudupadi B.O		Kozhikode	KERALA	Kozhikode	\N	\N	673586
236	Kakkur B.O		Kozhikode	KERALA	Kozhikode	\N	\N	673613
237	Kallurutty B.O		Kozhikode	KERALA	Kozhikode	\N	\N	673582
238	Karachal B.O		Wayanad	KERALA	Sulthanbathery	\N	\N	673591
239	Karani B.O		Wayanad	KERALA	Sulthanbathery	\N	\N	673591
240	Karasseri B.O		Kozhikode	KERALA	Kozhikode	\N	\N	673602
241	Kariyambadi B.O		Wayanad	KERALA	Sulthanbathery	\N	\N	673591
242	Karuvampoyil B.O		Kozhikode	KERALA	Kozhikode	\N	\N	673572
243	Karuvasseri B.O		Kozhikode	KERALA	Kozhikode	\N	\N	673010
244	Kuliramutty B.O		Kozhikode	KERALA	Kozhikode	\N	\N	673604
245	Kundungal S.O		Kozhikode	KERALA	Kozhikode	\N	\N	673003
246	Kutaranni S.O		Kozhikode	KERALA	Kozhikode	\N	\N	673604
247	Madakunnu B.O		Wayanad	KERALA	Vythiri	\N	\N	673122
248	Mailellampara B.O		Kozhikode	KERALA	Kozhikode	\N	\N	673586
249	Makkada B.O		Kozhikode	KERALA	Kozhikode	\N	\N	673611
250	Manal Vayal B.O		Wayanad	KERALA	Sulthanbathery	\N	\N	673579
251	Manjoora B.O		Wayanad	KERALA	Vythiri	\N	\N	673575
252	Meemutty B.O		Kozhikode	KERALA	Kozhikode	\N	\N	673580
253	Meenangadi S.O		Wayanad	KERALA	Sulthan Bathery	\N	\N	673591
254	Moodakolli B.O		Wayanad	KERALA	Sulthanbathery	\N	\N	673592
255	Murampathy B.O		Kozhikode	KERALA	Kozhikode	\N	\N	673580
256	Mylambadi B.O		Wayanad	KERALA	Sulthanbathery	\N	\N	673591
257	Mysore Mala B.O		Kozhikode	KERALA	Kozhikode	\N	\N	673602
258	Nadakavu S.O		Kozhikode	KERALA	Kozhikode	\N	\N	673011
259	Narikkundu B.O		Wayanad	KERALA	Sulthanbathery	\N	\N	673593
260	Nayar Kuzhi B.O		Kozhikode	KERALA	Kozhikode	\N	\N	673601
261	Padanilam B.O		Kozhikode	KERALA	Kozhikode	\N	\N	673571
262	Padichira B.O		Wayanad	KERALA	Sulthan Batheri	\N	\N	673579
263	Perumanna B.O		Kozhikode	KERALA	Kozhikode	\N	\N	673019
264	Puthiya Nirathu B.O		Kozhikode	KERALA	Kozhikode	\N	\N	673303
265	Puthumala B.O		Wayanad	KERALA	Vythiri	\N	\N	673577
266	St.Vincent Colony B.O		Kozhikode	KERALA	Kozhikode	\N	\N	673006
267	Sugandhagiri B.O		Wayanad	KERALA	Vythiri	\N	\N	673576
268	Tali S.O		Kozhikode	KERALA	Kozhikode	\N	\N	673002
269	Thambalamanna B.O		Kozhikode	KERALA	Kozhikode	\N	\N	673603
270	Tiruvannur Nada S.O		Kozhikode	KERALA	Kozhikode	\N	\N	673029
271	Varadoor B.O		Wayanad	KERALA	Sulthanbathery	\N	\N	673591
272	Vazhu Vatta B.O		Wayanad	KERALA	Vythiri	\N	\N	673122
273	Vellayikkode B.O		Kozhikode	KERALA	Kozhikode	\N	\N	673019
274	Avilora B.O		Kozhikode	KERALA	Kozhikode	\N	\N	673572
275	Calicut Arts & Science College S.O		Kozhikode	KERALA	Kozhikode	\N	\N	673018
276	Chathamangalam B.O		Kozhikode	KERALA	Kozhikode	\N	\N	673601
277	Chelavur B.O		Kozhikode	KERALA	Kozhikode	\N	\N	673571
278	Chevayur S.O		Kozhikode	KERALA	Kozhikode	\N	\N	673017
279	Chundale S.O		Wayanad	KERALA	Vythiri	\N	\N	673123
280	Devagiri College B.O		Kozhikode	KERALA	Kozhikode	\N	\N	673008
281	Karadipara B.O		Wayanad	KERALA	Sulthanbathery	\N	\N	673593
282	Lakkidi B.O		Wayanad	KERALA	Vythiri	\N	\N	673576
283	Malaparamba S.O		Kozhikode	KERALA	Kozhikode	\N	\N	673009
284	Manipuram B.O		Kozhikode	KERALA	Kozhikode	\N	\N	673572
285	Marakadavu B.O		Wayanad	KERALA	Sulthanbathery	\N	\N	673579
286	Marikunnu S.O		Kozhikode	KERALA	Kozhikode	\N	\N	673012
287	Meppadi S.O		Wayanad	KERALA	Sulthan Bathery	\N	\N	673577
288	Mullankolli B.O		Wayanad	KERALA	Sulthanbathery	\N	\N	673579
289	Nallalam S.O		Kozhikode	KERALA	Kozhikode	\N	\N	673027
290	Olavanna B.O		Kozhikode	KERALA	Kozhikode	\N	\N	673019
291	Padinhara Thara B.O		Wayanad	KERALA	Vythiri	\N	\N	673575
292	Pantheerankavu S.O		Kozhikode	KERALA	Kozhikode	\N	\N	673019
293	Pazhupathur B.O		Wayanad	KERALA	Sulthanbathery	\N	\N	673592
294	Peringalam B.O		Kozhikode	KERALA	Kozhikode	\N	\N	673571
295	Poothadi B.O		Wayanad	KERALA	Sulthan Batheri	\N	\N	673596
296	Puthan Kunnu B.O		Wayanad	KERALA	Sulthanbathery	\N	\N	673595
297	Puthur- Kotuvalli B.O		Kozhikode	KERALA	Kozhikode	\N	\N	673582
298	Santhi Nagar B.O		Kozhikode	KERALA	Kozhikode	\N	\N	673582
299	Tamaracheri S.O		Kozhikode	KERALA	Kozhikode	\N	\N	673573
300	Vaidyarangadi B.O		Kozhikode	KERALA	Kozhikode	\N	\N	673633
301	Varambetta B.O		Wayanad	KERALA	Vythiri	\N	\N	673575
302	Velimanna B.O		Kozhikode	KERALA	Kozhikode	\N	\N	673582
303	Vythiri S.O		Wayanad	KERALA	Vythiri	\N	\N	673576
304	West Hill Chungam B.O		Kozhikode	KERALA	Kozhikode	\N	\N	673005
305	Alakode-kuttaramba B.O		Kannur	KERALA	Taliparamba	\N	\N	670571
306	Aroli B.O		Kannur	KERALA	Kannur	\N	\N	670561
307	Chandanakampara B.O		Kannur	KERALA	Taliparamba	\N	\N	670633
308	Chattuvapara B.O		Kannur	KERALA	Taliparamba	\N	\N	670592
309	Chepparapadava S.O		Kannur	KERALA	Taliparamba	\N	\N	670581
310	Chirakk R.S. B.O		Kannur	KERALA	Kannur	\N	\N	670011
311	Irukkur S.O		Kannur	KERALA	Taliparamba	\N	\N	670593
312	Kadannapally B.O		Kannur	KERALA	Taliparamba	\N	\N	670504
313	Kakkat S.O		Kannur	KERALA	Kannur	\N	\N	670005
314	Kalliasseri S.O		Kannur	KERALA	Kannur	\N	\N	670562
315	Kanayi B.O		Kannur	KERALA	Taliparamba	\N	\N	670307
316	Kandankali B.O		Kannur	KERALA	Taliparamba	\N	\N	670307
317	Kannadiparamba S.O		Kannur	KERALA	Kannur	\N	\N	670604
318	Kannookara B.O		Kannur	KERALA	Kannur	\N	\N	670012
319	Kannur District Hospital S.O		Kannur	KERALA	Kannur	\N	\N	670017
320	Karivellur S.O		Kannur	KERALA	Taliparamba	\N	\N	670521
321	Kudiyanmala B.O		Kannur	KERALA	Taliparamba	\N	\N	670582
322	Manakadavu B.O		Kannur	KERALA	Taliparamba	\N	\N	670571
323	Mattul North S.O		Kannur	KERALA	Kannur	\N	\N	670325
324	Morazha B.O		Kannur	KERALA	Taliparamba	\N	\N	670331
325	Mottammal S.O		Kannur	KERALA	Kannur	\N	\N	670331
326	Mundalur S.O		Kannur	KERALA	Kannur	\N	\N	670622
327	Munderi B.O		Kannur	KERALA	Kannur	\N	\N	670591
328	Muyyam B.O		Kannur	KERALA	Taliparamba	\N	\N	670142
329	Ottathai B.O		Kannur	KERALA	Taliparamba	\N	\N	670571
330	Porakunnu B.O		Kannur	KERALA	Taliparamba	\N	\N	670306
331	Talap S.O (Kannur)		Kannur	KERALA	Kannur	\N	\N	670002
332	Thattummal B.O		Kannur	KERALA	Taliparamba	\N	\N	670511
333	Varam S.O		Kannur	KERALA	Kannur	\N	\N	670594
334	Vellad B.O		Kannur	KERALA	Taliparamba	\N	\N	670571
335	Vijayagiri B.O		Kannur	KERALA	Taliparamba	\N	\N	670571
336	Annur B.O		Kannur	KERALA	Taliparamba	\N	\N	670307
337	Attadappa B.O		Kannur	KERALA	Kannur	\N	\N	670006
338	Chalakkode B.O		Kannur	KERALA	NA	\N	\N	670307
339	Chemperi S.O		Kannur	KERALA	Taliparamba	\N	\N	670632
340	Cherukun R.S. B.O		Kannur	KERALA	Kannur	\N	\N	670301
341	Cherupuzha S.O		Kannur	KERALA	Taliparamba	\N	\N	670511
342	Kadumeni B.O		Kasargod	KERALA	Hosdurg	\N	\N	670511
343	Keezhara B.O		Kannur	KERALA	Kannur	\N	\N	670301
344	Kootumugham B.O		Kannur	KERALA	Taliparamba	\N	\N	670631
345	Kottali B.O		Kannur	KERALA	Kannur	\N	\N	670005
346	Koyyode B.O		Kannur	KERALA	Kannur	\N	\N	670621
347	Mandalam B.O		Kannur	KERALA	Taliparamba	\N	\N	670582
348	Mayyil S.O		Kannur	KERALA	Taliparamba	\N	\N	670602
349	Mullakodi B.O		Kannur	KERALA	Taliparamba	\N	\N	670602
350	Muzhappala B.O		Kannur	KERALA	Kannur	\N	\N	670611
351	Naduvil S.O		Kannur	KERALA	Taliparamba	\N	\N	670582
352	Nanichery B.O		Kannur	KERALA	Taliparamba	\N	\N	670563
353	Nedungome B.O		Kannur	KERALA	Taliparamba	\N	\N	670631
354	Payangadi S.O		Kannur	KERALA	Taliaparamba	\N	\N	670303
355	Peruvalathuparamba B.O		Kannur	KERALA	Taliparamba	\N	\N	670593
356	Pulikurumba B.O		Kannur	KERALA	Taliparamba	\N	\N	670582
357	Taliparamba H.O		Kannur	KERALA	Taliparamba	\N	\N	670141
358	Anchampeedika B.O		Kannur	KERALA	Kannur	\N	\N	670331
359	Arang B.O		Kannur	KERALA	Taliparamba	\N	\N	670582
360	Arivilanjapoyil B.O		Kannur	KERALA	Taliparamba	\N	\N	670571
361	Azhikode S.O		Kannur	KERALA	Kannur	\N	\N	670009
362	Cherukunnu S.O		Kannur	KERALA	NA	\N	\N	670301
363	Chittodi B.O		Kannur	KERALA	Taliparamba	\N	\N	670571
364	Chovva S.O		Kannur	KERALA	Kannur	\N	\N	670006
365	Civil Station Kannur S.O		Kannur	KERALA	Kannur	\N	\N	670002
366	CRPF Camp Aravanchal S.O		Kannur	KERALA	Taliparamba	\N	\N	670353
367	Eachur S.O		Kannur	KERALA	Kannur	\N	\N	670591
368	Eriam B.O		Kannur	KERALA	Kannur	\N	\N	670306
369	Eruvassi B.O		Kannur	KERALA	Taliparamba	\N	\N	670632
370	Eruvatty-chapparapadava B.O		Kannur	KERALA	Taliparamba	\N	\N	670581
371	Ettikulam B.O		Kannur	KERALA	Taliparamba	\N	\N	670308
372	Ezhilode B.O		Kannur	KERALA	Taliparamba	\N	\N	670309
373	Ezhome S.O		Kannur	KERALA	Kannur	\N	\N	670334
374	Kandoth B.O		Kannur	KERALA	Taliparamba	\N	\N	670307
375	Kanhirangad B.O		Kannur	KERALA	Taliparamba	\N	\N	670142
376	Kannur Thana S.O		Kannur	KERALA	Kannur	\N	\N	670012
377	Kanul B.O		Kannur	KERALA	Taliparamba	\N	\N	670562
378	Karuvanchal B.O		Kannur	KERALA	Taliparamba	\N	\N	670571
379	Makreri B.O		Kannur	KERALA	Kannur	\N	\N	670622
380	Malapattam B.O		Kannur	KERALA	Taliparamba	\N	\N	670631
381	Mattul S.O		Kannur	KERALA	Kannur	\N	\N	670302
382	Narath B.O		Kannur	KERALA	Kannur	\N	\N	670601
383	Nellikutty B.O		Kannur	KERALA	Taliparamba	\N	\N	670632
384	Panapuzha B.O		Kannur	KERALA	Taliparamba	\N	\N	670306
385	Pariyaram Medical College S.O		Kannur	KERALA	Kannur	\N	\N	670503
386	Pattanur B.O		Kannur	KERALA	Thalassery	\N	\N	670595
387	Pavanoormotta B.O		Kannur	KERALA	Taliparamba	\N	\N	670602
388	Thadikadavu B.O		Kannur	KERALA	Taliparamba	\N	\N	670581
389	Chalad S.O		Kannur	KERALA	Kannur	\N	\N	670014
390	Chekkikulam B.O		Kannur	KERALA	Taliparamba	\N	\N	670592
391	Chengalayi B.O		Kannur	KERALA	Taliparamba	\N	\N	670631
392	Cherupazhassi B.O		Kannur	KERALA	Taliparamba	\N	\N	670601
393	Irinavu B.O		Kannur	KERALA	Kannur	\N	\N	670301
394	Kanamvayal B.O		Kannur	KERALA	Taliparamba	\N	\N	670511
395	Kanhirode B.O		Kannur	KERALA	Kannur	\N	\N	670592
396	Kankol B.O		Kannur	KERALA	Taliparamba	\N	\N	670307
397	Kannur City S.O		Kannur	KERALA	Kannur	\N	\N	670003
398	Kizhunna B.O		Kannur	KERALA	Kannur	\N	\N	670007
399	Kuttiyeri B.O		Kannur	KERALA	Taliparamba	\N	\N	670142
400	Madayi S.O		Kannur	KERALA	Taliparamba	\N	\N	670304
401	Mathil B.O		Kannur	KERALA	Taliparamba	\N	\N	670307
402	Mundayad B.O		Kannur	KERALA	Kannur	\N	\N	670594
403	Nediyenga B.O		Kannur	KERALA	Taliparamba	\N	\N	670631
404	Nellipara B.O		Kannur	KERALA	Taliparamba	\N	\N	670571
405	Padiotchal B.O		Kannur	KERALA	Taliparamba	\N	\N	670307
406	Pappinisseri S.O		Kannur	KERALA	Kannur	\N	\N	670561
407	Payangadi R S S.O		Kannur	KERALA	Kannur	\N	\N	670358
408	Poduvachery B.O		Kannur	KERALA	Kannur	\N	\N	670621
409	Ramanthali S.O		Kannur	KERALA	Taliparamba	\N	\N	670308
410	Thabore B.O		Kannur	KERALA	Taliparamba	\N	\N	670511
411	Thavam B.O		Kannur	KERALA	Kannur	\N	\N	670301
412	Thrichambaram B.O		Kannur	KERALA	Taliparamba	\N	\N	670141
413	Udayagiri B.O		Kannur	KERALA	Taliparamba	\N	\N	670571
414	Vayattuparamba B.O		Kannur	KERALA	Taliparamba	\N	\N	670582
415	Vengad B.O		Kannur	KERALA	Thalassery	\N	\N	670612
416	Vengara-kannur S.O		Kannur	KERALA	Kannur	\N	\N	670305
417	Areekamala B.O		Kannur	KERALA	Taliparamba	\N	\N	670582
418	Chala East B.O		Kannur	KERALA	Kannur	\N	\N	670621
419	Chirakkal S.O		Kannur	KERALA	Kannur	\N	\N	670011
420	Chuzhali B.O		Kannur	KERALA	Taliparamba	\N	\N	670142
421	Josegiri B.O		Kannur	KERALA	Taliparamba	\N	\N	670511
422	Kalliad B.O		Kannur	KERALA	Taliparamba	\N	\N	670593
423	Kamballur B.O		Kasargod	KERALA	Hosdurg	\N	\N	670511
424	Kandakai B.O		Kannur	KERALA	Taliparamba	\N	\N	670602
425	Kannivayal B.O		Kasargod	KERALA	Hosdurg	\N	\N	670511
426	Katalayi B.O		Kannur	KERALA	Kannur	\N	\N	670003
427	Kavvayi B.O		Kannur	KERALA	Taliparamba	\N	\N	670307
428	Kolacherry S.O		Kannur	KERALA	Taliparamba	\N	\N	670601
429	Korom B.O		Kannur	KERALA	Taliparamba	\N	\N	670307
430	Kozhummal B.O		Kannur	KERALA	Taliparamba	\N	\N	670521
431	Kuppam-taliparamba B.O		Kannur	KERALA	Taliparamba	\N	\N	670502
432	Kuttiyattur B.O		Kannur	KERALA	Taliparamba	\N	\N	670602
433	Mathamangalam B.O		Kannur	KERALA	Kannur	\N	\N	670306
434	Mowancheri S.O		Kannur	KERALA	Kannur	\N	\N	670613
435	Nhekly B.O		Kannur	KERALA	Taliparamba	\N	\N	670307
436	Panniyur B.O		Kannur	KERALA	Taliparamba	\N	\N	670142
437	Pappinisseri West B.O		Kannur	KERALA	Kannur	\N	\N	670561
438	Parassinikadavu S.O		Kannur	KERALA	Taliparamba	\N	\N	670563
439	Payyambalam S.O		Kannur	KERALA	Kannur	\N	\N	670001
440	Payyanur S.O		Kannur	KERALA	Taliparamba	\N	\N	670307
441	Payyavur S.O		Kannur	KERALA	Taliparamba	\N	\N	670633
442	Pazhassikari B.O		Kannur	KERALA	Taliparamba	\N	\N	670633
443	Peringome B.O		Kannur	KERALA	Taliparamba	\N	\N	670307
444	Pottampilavu B.O		Kannur	KERALA	Taliparamba	\N	\N	670582
445	Sreekandapuram S.O		Kannur	KERALA	Taliparamba	\N	\N	670631
446	Therthally B.O		Kannur	KERALA	Taliparamba	\N	\N	670571
447	Thimiri-chepparapadava B.O		Kannur	KERALA	Taliparamba	\N	\N	670581
448	Thirumeni B.O		Kannur	KERALA	Taliparamba	\N	\N	670511
449	Thiruvattoor B.O		Kannur	KERALA	Taliparamba	\N	\N	670502
450	Vellur B.O		Kannur	KERALA	Taliparamba	\N	\N	670307
451	Azhikkal B.O		Kannur	KERALA	Kannur	\N	\N	670009
452	Edakkom B.O		Kannur	KERALA	Taliparamba	\N	\N	670581
453	Ettukudukka B.O		Kannur	KERALA	Taliparamba	\N	\N	670521
454	Kannur Railway Station S.O		Kannur	KERALA	Kannur	\N	\N	670001
455	Kayalampara B.O		Kannur	KERALA	Taliparamba	\N	\N	670632
456	Kezhallur B.O		Kannur	KERALA	Thalassery	\N	\N	670612
457	Kottayad B.O		Kannur	KERALA	Taliparamba	\N	\N	670571
458	Koyyam B.O		Kannur	KERALA	Taliparamba	\N	\N	670142
459	Kuttikol B.O		Kannur	KERALA	Taliparamba	\N	\N	670562
460	Mathamangalam Bazar S.O		Kannur	KERALA	Taliparamba	\N	\N	670306
461	Muringeri B.O		Kannur	KERALA	Kannur	\N	\N	670612
462	Pariyaram-kannur S.O		Kannur	KERALA	Taliparamba	\N	\N	670502
463	Pattuvam S.O		Kannur	KERALA	Taliparamba	\N	\N	670143
464	Rayarom B.O		Kannur	KERALA	Taliparamba	\N	\N	670571
465	Thayyeni B.O		Kasargod	KERALA	Hosdurg	\N	\N	670511
466	Thazhe Chovva S.O		Kannur	KERALA	Kannur	\N	\N	670018
467	Vadakkumbad-ramanthali B.O		Kannur	KERALA	Taliparamba	\N	\N	670308
468	Aril B.O		Kannur	KERALA	Taliparamba	\N	\N	670143
469	Azhikode South B.O		Kannur	KERALA	Kannur	\N	\N	670009
470	Cheleri B.O		Kannur	KERALA	Taliparamba	\N	\N	670604
471	Cherikode B.O		Kannur	KERALA	Taliparamba	\N	\N	670631
472	Chundakunnu B.O		Kannur	KERALA	Taliparamba	\N	\N	670632
473	Edayannur S.O		Kannur	KERALA	Thalassery	\N	\N	670595
474	Elampara B.O		Kannur	KERALA	Thalassery	\N	\N	670595
475	Eramam Desom B.O		Kannur	KERALA	Taliparamba	\N	\N	670307
476	Kadachira S.O		Kannur	KERALA	Kannur	\N	\N	670621
477	Kanjirakolly B.O		Kannur	KERALA	Taliparamba	\N	\N	670633
478	Kannur H.O		Kannur	KERALA	Kannur	\N	\N	670001
479	Kannur University Campus S.O		Kannur	KERALA	Kannur	\N	\N	670567
480	Karimbam S.O		Kannur	KERALA	Taliparamba	\N	\N	670142
481	Karippal B.O		Kannur	KERALA	Taliparamba	\N	\N	670581
482	Kattampally B.O		Kannur	KERALA	Kannur	\N	\N	670011
483	Kokkanisseri S.O		Kannur	KERALA	Taliparamba	\N	\N	670307
484	Kooveri B.O		Kannur	KERALA	Taliparamba	\N	\N	670581
485	Kottila B.O		Kannur	KERALA	Kannur	\N	\N	670334
486	Kunhimangalam S.O		Kannur	KERALA	Taliparamba	\N	\N	670309
487	Kusavanvayal B.O		Kannur	KERALA	Taliparamba	\N	\N	670593
488	Mamba S.O		Kannur	KERALA	Kannur	\N	\N	670611
489	Mandur-kannur S.O		Kannur	KERALA	Taliparamba	\N	\N	670501
490	Mavilayi B.O		Kannur	KERALA	Kannur	\N	\N	670622
491	Nareekamvally B.O		Kannur	KERALA	Taliparamba	\N	\N	670504
492	Padappangad B.O		Kannur	KERALA	Taliparamba	\N	\N	670581
493	Palavayal B.O		Kasargod	KERALA	Hosdurg	\N	\N	670511
494	Pathampara B.O		Kannur	KERALA	Taliparamba	\N	\N	670571
495	Payyan R.S. B.O		Kannur	KERALA	Taliparamba	\N	\N	670307
496	Pilathara S.O		Kannur	KERALA	Taliparamba	\N	\N	670504
497	Sreestha B.O		Kannur	KERALA	Taliparamba	\N	\N	670303
498	Thekkumbad B.O		Kannur	KERALA	Kannur	\N	\N	670301
499	Alakode S.O		Kannur	KERALA	Taliparamba	\N	\N	670571
500	Alavil S.O		Kannur	KERALA	Kannur	\N	\N	670008
501	Anjarakandy S.O		Kannur	KERALA	Thalassery	\N	\N	670612
502	Bavode B.O		Kannur	KERALA	Kannur	\N	\N	670622
503	Burnacherry S.O		Kannur	KERALA	Kannur	\N	\N	670013
504	Chamathachal B.O		Kannur	KERALA	Taliparamba	\N	\N	670633
505	Chempanthotty B.O		Kannur	KERALA	Taliparamba	\N	\N	670631
506	Chithapilapoyil B.O		Kannur	KERALA	Taliparamba	\N	\N	670502
507	Chunda B.O		Kannur	KERALA	Taliparamba	\N	\N	670511
508	Edat S.O		Kannur	KERALA	Kannur	\N	\N	670327
509	Edavaramba B.O		Kannur	KERALA	Taliparamba	\N	\N	670511
510	Ezhimala Naval Academy S.O		Kannur	KERALA	Taliparamba	\N	\N	670310
511	Iriveri B.O		Kannur	KERALA	Kannur	\N	\N	670613
512	Kaithapram B.O		Kannur	KERALA	Taliparamba	\N	\N	670631
513	Kakkara B.O		Kannur	KERALA	Taliparamba	\N	\N	670306
514	Kappad B.O		Kannur	KERALA	Kannur	\N	\N	670006
515	Karanthat B.O		Kannur	KERALA	Taliparamba	\N	\N	670308
516	Karthikapuram B.O		Kannur	KERALA	Taliparamba	\N	\N	670571
517	Kayaralam B.O		Kannur	KERALA	Taliparamba	\N	\N	670602
518	Koodali S.O		Kannur	KERALA	Thalassery	\N	\N	670592
519	Kovvapuram B.O		Kannur	KERALA	Kannur	\N	\N	670309
520	Kozhichal B.O		Kannur	KERALA	Taliparamba	\N	\N	670511
521	Kuniyampuzha B.O		Kannur	KERALA	Taliparamba	\N	\N	670632
522	Kurumathur B.O		Kannur	KERALA	Taliparamba	\N	\N	670142
523	Kuttur B.O		Kannur	KERALA	Taliparamba	\N	\N	670306
524	Olayampadi B.O		Kannur	KERALA	Taliparamba	\N	\N	670306
525	Othayammadom B.O		Kannur	KERALA	Kannur	\N	\N	670301
526	Palakkode B.O		Kannur	KERALA	Taliparamba	\N	\N	670305
527	Pallikunnu S.O		Kannur	KERALA	Kannur	\N	\N	670004
528	Pallivayal B.O		Kannur	KERALA	Taliparamba	\N	\N	670142
529	Prapoyil B.O		Kannur	KERALA	Taliparamba	\N	\N	670511
530	Thayyil B.O		Kannur	KERALA	Kannur	\N	\N	670003
531	Thottada S.O		Kannur	KERALA	Kannur	\N	\N	670007
532	Valapattanam S.O		Kannur	KERALA	Kannur	\N	\N	670010
533	Vellora B.O		Kannur	KERALA	Taliparamba	\N	\N	670306
534	Vilayancode B.O		Kannur	KERALA	Taliparamba	\N	\N	670504
535	Adkathbail B.O		Kasargod	KERALA	Kasaragod	\N	\N	671121
536	Ammeri B.O		Kasargod	KERALA	Kasaragod	\N	\N	671322
537	Bedadka B.O		Kasargod	KERALA	Kasaragod	\N	\N	671541
538	Bedradka B.O		Kasargod	KERALA	Kasaragod	\N	\N	671124
539	Beripadavu B.O		Kasargod	KERALA	Kasaragod	\N	\N	671322
540	Bheemanady B.O		Kasargod	KERALA	Hosdurg	\N	\N	671314
541	Bombrana B.O		Kasargod	KERALA	Kasaragod	\N	\N	671321
542	Chamnad B.O		Kasargod	KERALA	Kasaragod	\N	\N	671317
543	Chervathur S.O		Kasargod	KERALA	Hosdurg	\N	\N	671313
544	Kadambar B.O		Kasargod	KERALA	Kasaragod	\N	\N	671323
545	Kaithakkad B.O		Kasargod	KERALA	Hosdurg	\N	\N	671313
546	Kalichanadukam B.O		Kasargod	KERALA	Hosdurg	\N	\N	671314
547	Kanhangad South B.O		Kasargod	KERALA	Hosdurg	\N	\N	671531
548	Kanhirapoil B.O		Kasargod	KERALA	Hosdurg	\N	\N	671531
549	Kannur B.O		Kasargod	KERALA	Kasaragod	\N	\N	671321
550	Kasaragod R S S.O		Kasargod	KERALA	Kasaragod	\N	\N	671121
551	Kayyaru B.O		Kasargod	KERALA	Kasaragod	\N	\N	671322
552	Kinningar B.O		Kasargod	KERALA	Kasaragod	\N	\N	671543
553	Kotoor B.O		Kasargod	KERALA	Kasaragod	\N	\N	671542
554	Kottamala Estate B.O		Kasargod	KERALA	Hosdurg	\N	\N	671314
555	Kundankuzhy B.O		Kasargod	KERALA	Kasaragod	\N	\N	671541
556	Madikai B.O		Kasargod	KERALA	Hosdurg	\N	\N	671314
557	Manadka B.O		Kasargod	KERALA	Kasaragod	\N	\N	671541
558	Manikoth B.O		Kasargod	KERALA	Hosdurg	\N	\N	671316
559	Mogral B.O		Kasargod	KERALA	Kasaragod	\N	\N	671321
560	Moodambail B.O		Kasargod	KERALA	Kasaragod	\N	\N	671323
561	Nileshwar S.O		Kasargod	KERALA	Hosdurg	\N	\N	671314
562	Pathoor B.O		Kasargod	KERALA	Kasaragod	\N	\N	671323
563	Patla B.O		Kasargod	KERALA	Kasaragod	\N	\N	671124
564	Punnakkunnu B.O		Kasargod	KERALA	Hosdurg	\N	\N	671533
565	Ranipuram B.O		Kasargod	KERALA	Hosdurg	\N	\N	671532
566	Udinur B.O		Kasargod	KERALA	Hosdurg	\N	\N	671310
567	Udumbanthala B.O		Kasargod	KERALA	Hosdurg	\N	\N	671311
568	Urdur B.O		Kasargod	KERALA	Kasaragod	\N	\N	671543
569	Bandadka B.O		Kasargod	KERALA	Kasaragod	\N	\N	671541
570	Chippar B.O		Kasargod	KERALA	Kasaragod	\N	\N	671322
571	Dharmathadka B.O		Kasargod	KERALA	Kasaragod	\N	\N	671324
572	Kanathur B.O		Kasargod	KERALA	Kasaragod	\N	\N	671542
573	Kanhiradkam B.O		Kasargod	KERALA	Hosdurg	\N	\N	671531
574	Karadka B.O		Kasargod	KERALA	Kasaragod	\N	\N	671542
575	Majibail B.O		Kasargod	KERALA	Kasaragod	\N	\N	671323
576	Manimoole B.O		Kasargod	KERALA	Kasaragod	\N	\N	671541
577	Muliyar S.O		Kasargod	KERALA	Kasaragod	\N	\N	671542
578	Nettanige B.O		Kasargod	KERALA	Kasaragod	\N	\N	671543
579	Padne S.O		Kasargod	KERALA	Hosdurg	\N	\N	671312
580	Panathur B.O		Kasargod	KERALA	Hosdurg	\N	\N	671532
581	Paravanadkam B.O		Kasargod	KERALA	Kasaragod	\N	\N	671317
582	Perdala S.O		Kasargod	KERALA	Kasaragod	\N	\N	671551
583	Periyanganam B.O		Kasargod	KERALA	Hosdurg	\N	\N	671314
584	Periye B.O		Kasargod	KERALA	Hosdurg	\N	\N	671316
585	Podavur B.O		Kasargod	KERALA	Hosdurg	\N	\N	671313
586	Pudukai B.O		Kasargod	KERALA	Hosdurg	\N	\N	671314
587	Pullur B.O		Kasargod	KERALA	Hosdurg	\N	\N	671531
588	Ravaneshwaram B.O		Kasargod	KERALA	Hosdurg	\N	\N	671316
589	Udyavara B.O		Kasargod	KERALA	Kasaragod	\N	\N	671323
590	Ullody B.O		Kasargod	KERALA	Kasaragod	\N	\N	671321
591	Uppilakai B.O		Kasargod	KERALA	Hosdurg	\N	\N	671314
592	Vallikadavu B.O		Kasargod	KERALA	Hosdurg	\N	\N	671533
593	West Eleri B.O		Kasargod	KERALA	Hosdurg	\N	\N	671314
594	Anekallu B.O		Kasargod	KERALA	Kasaragod	\N	\N	671323
595	Attenganam B.O		Kasargod	KERALA	Hosdurg	\N	\N	671531
596	Badaje B.O		Kasargod	KERALA	Kasaragod	\N	\N	671323
597	Bangramanjeshwar B.O		Kasargod	KERALA	Kasaragod	\N	\N	671323
598	Bekur B.O		Kasargod	KERALA	Kasaragod	\N	\N	671322
599	Cheroor B.O		Kasargod	KERALA	Kasaragod	\N	\N	671123
600	Chimeni B.O		Kasargod	KERALA	Hosdurg	\N	\N	671313
601	Chittari B.O		Kasargod	KERALA	Hosdurg	\N	\N	671316
602	Erikulam B.O		Kasargod	KERALA	Hosdurg	\N	\N	671314
603	Karindala B.O		Kasargod	KERALA	Hosdurg	\N	\N	671314
604	Kidoor B.O		Kasargod	KERALA	Kasaragod	\N	\N	671321
605	Kolichal B.O		Kasargod	KERALA	Hosdurg	\N	\N	671532
606	Koliyur B.O		Kasargod	KERALA	Kasaragod	\N	\N	671323
607	Kottacherry S.O		Kasargod	KERALA	Hosdurg	\N	\N	671315
608	Kuttikolu B.O		Kasargod	KERALA	Kasaragod	\N	\N	671541
609	Maire B.O		Kasargod	KERALA	Kasaragod	\N	\N	671552
610	Manjeshwar S.O		Kasargod	KERALA	Kasaragod	\N	\N	671323
611	Mugu B.O		Kasargod	KERALA	Kasaragod	\N	\N	671321
612	Natakkal B.O		Kasargod	KERALA	Hosdurg	\N	\N	671533
613	Olat B.O		Kasargod	KERALA	Hosdurg	\N	\N	671310
614	Padimaruth B.O		Kasargod	KERALA	Hosdurg	\N	\N	671531
615	Paivalike S.O		Kasargod	KERALA	Kasaragod	\N	\N	671348
616	Panathady B.O		Kasargod	KERALA	Hosdurg	\N	\N	671532
617	Paniyal B.O		Kasargod	KERALA	Hosdurg	\N	\N	671318
618	Pavoor B.O		Kasargod	KERALA	Kasaragod	\N	\N	671323
619	Perla S.O		Kasargod	KERALA	Kasaragod	\N	\N	671552
620	Permude B.O		Kasargod	KERALA	Kasaragod	\N	\N	671324
621	Perumbatta B.O		Kasargod	KERALA	Hosdurg	\N	\N	671313
622	Puthariadukkam B.O		Kasargod	KERALA	Hosdurg	\N	\N	671314
623	Ramdasnagar B.O		Kasargod	KERALA	Kasaragod	\N	\N	671124
624	Thekkilferry B.O		Kasargod	KERALA	Kasaragod	\N	\N	671541
625	Trikarpur South B.O		Kasargod	KERALA	Hosdurg	\N	\N	671311
626	Uppala Gate B.O		Kasargod	KERALA	Kasaragod	\N	\N	671322
627	Vellap B.O		Kasargod	KERALA	Hosdurg	\N	\N	671310
628	Achanthuruthi B.O		Kasargod	KERALA	Hosdurg	\N	\N	671351
629	Ajanur B.O		Kasargod	KERALA	Hosdurg	\N	\N	671531
630	Chandragiri B.O		Kasargod	KERALA	Kasaragod	\N	\N	671317
631	Hidayathnagar B.O		Kasargod	KERALA	Kasaragod	\N	\N	671123
632	Kalnad S.O		Kasargod	KERALA	Kasaragod	\N	\N	671317
633	Kanakappally B.O		Kasargod	KERALA	Hosdurg	\N	\N	671533
634	Kinanur B.O		Kasargod	KERALA	Hosdurg	\N	\N	671533
635	Kodoth B.O		Kasargod	KERALA	Hosdurg	\N	\N	671531
636	Kumbdaje B.O		Kasargod	KERALA	Kasaragod	\N	\N	671551
637	Kumbla S.O		Kasargod	KERALA	Kasaragod	\N	\N	671321
638	Kuntikana B.O		Kasargod	KERALA	Kasaragod	\N	\N	671551
639	Madhur B.O		Kasargod	KERALA	Kasaragod	\N	\N	671124
640	Mandapam B.O		Kasargod	KERALA	Hosdurg	\N	\N	671326
641	Mavilakadapuram B.O		Kasargod	KERALA	Hosdurg	\N	\N	671312
642	Miyapadavu B.O		Kasargod	KERALA	Kasaragod	\N	\N	671323
643	Nekraje B.O		Kasargod	KERALA	Kasaragod	\N	\N	671543
644	Padnekadapuram B.O		Kasargod	KERALA	Hosdurg	\N	\N	671312
645	Pakkom B.O		Kasargod	KERALA	Hosdurg	\N	\N	671316
646	Parappa S.O		Kasargod	KERALA	Hosdurg	\N	\N	671533
647	Pettikundu B.O		Kasargod	KERALA	Hosdurg	\N	\N	671313
648	Pilicode B.O		Kasargod	KERALA	Hosdurg	\N	\N	671310
649	Puthige B.O		Kasargod	KERALA	Kasaragod	\N	\N	671321
650	Thaikadapuram B.O		Kasargod	KERALA	Hosdurg	\N	\N	671314
651	Trikarpur Kadapuram B.O		Kasargod	KERALA	Hosdurg	\N	\N	671310
652	Valiaparaba B.O		Kasargod	KERALA	Hosdurg	\N	\N	671312
653	Alampady B.O		Kasargod	KERALA	Kasaragod	\N	\N	671123
654	Angadimogaru B.O		Kasargod	KERALA	Kasaragod	\N	\N	671321
655	Balla B.O		Kasargod	KERALA	Hosdurg	\N	\N	671531
656	Charla B.O		Kasargod	KERALA	Kasaragod	\N	\N	671323
657	Darkas B.O		Kasargod	KERALA	Hosdurg	\N	\N	671533
658	Edneer B.O		Kasargod	KERALA	Kasaragod	\N	\N	671541
659	Ichlampady B.O		Kasargod	KERALA	Kasaragod	\N	\N	671321
660	Iriyanni B.O		Kasargod	KERALA	Kasaragod	\N	\N	671542
661	Kakkebettu B.O		Kasargod	KERALA	Kasaragod	\N	\N	671543
662	Keekan B.O		Kasargod	KERALA	Hosdurg	\N	\N	671316
663	Kodiamme B.O		Kasargod	KERALA	Kasaragod	\N	\N	671321
664	Kottapuram B.O		Kasargod	KERALA	Hosdurg	\N	\N	671314
665	Kudalmerkala B.O		Kasargod	KERALA	Kasaragod	\N	\N	671324
666	Kudlu S.O		Kasargod	KERALA	Kasaragod	\N	\N	671124
667	Malakallu B.O		Kasargod	KERALA	Hosdurg	\N	\N	671532
668	Maniyat B.O		Kasargod	KERALA	Hosdurg	\N	\N	671310
669	Mayipady B.O		Kasargod	KERALA	Kasaragod	\N	\N	671124
670	Munnad B.O		Kasargod	KERALA	Kasaragod	\N	\N	671541
671	Padnekkad B.O		Kasargod	KERALA	Hosdurg	\N	\N	671314
672	Paramba B.O		Kasargod	KERALA	Hosdurg	\N	\N	671533
673	Parappa - Delampady B.O		Kasargod	KERALA	Kasaragod	\N	\N	671543
674	Rajapuram S.O		Kasargod	KERALA	Hosdurg	\N	\N	671532
675	Shiriya B.O		Kasargod	KERALA	Kasaragod	\N	\N	671321
676	Talangara S.O		Kasargod	KERALA	Kasaragod	\N	\N	671122
677	Anandashrama S.O		Kasargod	KERALA	Hosdurg	\N	\N	671531
678	Arikady B.O		Kasargod	KERALA	Kasaragod	\N	\N	671321
679	Badur B.O		Kasargod	KERALA	Kasaragod	\N	\N	671321
680	Bekal Fort S.O		Kasargod	KERALA	Hosdurg	\N	\N	671316
681	Bekal S.O		Kasargod	KERALA	Hosdurg	\N	\N	671318
682	Bela B.O		Kasargod	KERALA	Kasaragod	\N	\N	671321
683	Chengala S.O		Kasargod	KERALA	Kasaragod	\N	\N	671541
684	Chittarikkal S.O		Kasargod	KERALA	Hosdurg	\N	\N	671326
685	Chully B.O		Kasargod	KERALA	Hosdurg	\N	\N	671533
686	Delampady B.O		Kasargod	KERALA	Kasaragod	\N	\N	671543
687	Elambachi S.O		Kasargod	KERALA	Hosdurg	\N	\N	671311
688	Haripuram B.O		Kasargod	KERALA	Hosdurg	\N	\N	671531
689	Hosabettu B.O		Kasargod	KERALA	Kasaragod	\N	\N	671323
690	Kanhangad H.O		Kasargod	KERALA	Hosdurg	\N	\N	671315
691	Kilaikote B.O		Kasargod	KERALA	Hosdurg	\N	\N	671313
692	Kodlamogaru B.O		Kasargod	KERALA	Kasaragod	\N	\N	671323
693	Kolavayal B.O		Kasargod	KERALA	Hosdurg	\N	\N	671531
694	Kunjathur B.O		Kasargod	KERALA	Kasaragod	\N	\N	671323
695	Kurudapadavu B.O		Kasargod	KERALA	Kasaragod	\N	\N	671322
696	Mangalpady S.O		Kasargod	KERALA	Kasaragod	\N	\N	671324
697	Movvar B.O		Kasargod	KERALA	Kasaragod	\N	\N	671543
698	Muttomkadavil B.O		Kasargod	KERALA	Hosdurg	\N	\N	671533
699	Paraklayi B.O		Kasargod	KERALA	Hosdurg	\N	\N	671531
700	Samekochi B.O		Kasargod	KERALA	Kasaragod	\N	\N	671541
701	Timiri - Chervathur B.O		Kasargod	KERALA	Hosdurg	\N	\N	671313
702	Valiapoil B.O		Kasargod	KERALA	Hosdurg	\N	\N	671313
703	Vattamthatta B.O		Kasargod	KERALA	Kasaragod	\N	\N	671542
704	Achikanam B.O		Kasargod	KERALA	Hosdurg	\N	\N	671531
705	Adur B.O		Kasargod	KERALA	Kasaragod	\N	\N	671543
706	Balal B.O		Kasargod	KERALA	Hosdurg	\N	\N	671533
707	Balemoole B.O		Kasargod	KERALA	Kasaragod	\N	\N	671552
708	Bayar B.O		Kasargod	KERALA	Kasaragod	\N	\N	671348
709	Belluru B.O		Kasargod	KERALA	NA	\N	\N	671543
710	Chathamath B.O		Kasargod	KERALA	Hosdurg	\N	\N	671314
711	Ednad B.O		Kasargod	KERALA	Kasaragod	\N	\N	671321
712	Iriya B.O		Kasargod	KERALA	Hosdurg	\N	\N	671531
713	Kallakatta B.O		Kasargod	KERALA	Kasaragod	\N	\N	671123
714	Kallappally B.O		Kasargod	KERALA	Hosdurg	\N	\N	671532
715	Kattukukke B.O		Kasargod	KERALA	Kasaragod	\N	\N	671552
716	Kotakkat B.O		Kasargod	KERALA	Hosdurg	\N	\N	671310
717	Malla B.O		Kasargod	KERALA	Kasaragod	\N	\N	671542
718	Mogral Puthur B.O		Kasargod	KERALA	Kasaragod	\N	\N	671124
719	Nirchal B.O		Kasargod	KERALA	Kasaragod	\N	\N	671321
720	Pandi B.O		Kasargod	KERALA	Kasaragod	\N	\N	671543
721	Plachikara B.O		Kasargod	KERALA	Hosdurg	\N	\N	671533
722	Sankarampady B.O		Kasargod	KERALA	Kasaragod	\N	\N	671541
723	Thayanoor B.O		Kasargod	KERALA	Hosdurg	\N	\N	671531
724	Ukkinadka B.O		Kasargod	KERALA	Kasaragod	\N	\N	671552
725	Umda - Padinhare B.O		Kasargod	KERALA	Hosdurg	\N	\N	671319
726	Uppala S.O		Kasargod	KERALA	Kasaragod	\N	\N	671322
727	Vellarikundu B.O		Kasargod	KERALA	Hosdurg	\N	\N	671533
728	Vorkadi B.O		Kasargod	KERALA	Kasaragod	\N	\N	671323
729	Yethadka B.O		Kasargod	KERALA	Kasaragod	\N	\N	671551
730	Ariyapady B.O		Kasargod	KERALA	Kasaragod	\N	\N	671551
731	Bare B.O		Kasargod	KERALA	Hosdurg	\N	\N	671319
732	Bengalam B.O		Kasargod	KERALA	Hosdurg	\N	\N	671314
733	Chamundikunnu B.O		Kasargod	KERALA	Hosdurg	\N	\N	671532
734	Chayoth B.O		Kasargod	KERALA	Hosdurg	\N	\N	671314
735	Edachakai B.O		Kasargod	KERALA	Hosdurg	\N	\N	671310
736	Elerithattu B.O		Kasargod	KERALA	Hosdurg	\N	\N	671314
737	Heroor B.O		Kasargod	KERALA	Kasaragod	\N	\N	671324
738	Ichlangodu B.O		Kasargod	KERALA	Kasaragod	\N	\N	671324
739	Karivedakam B.O		Kasargod	KERALA	Kasaragod	\N	\N	671541
740	Kasaragod H.O		Kasargod	KERALA	Kasaragod	\N	\N	671121
741	Kattipoil B.O		Kasargod	KERALA	Hosdurg	\N	\N	671314
742	Kayyur B.O		Kasargod	KERALA	Hosdurg	\N	\N	671313
743	Kolathuri B.O		Kasargod	KERALA	Kasaragod	\N	\N	671541
744	Kollampara B.O		Kasargod	KERALA	Hosdurg	\N	\N	671314
745	Konnakad B.O		Kasargod	KERALA	Hosdurg	\N	\N	671533
746	Kottody B.O		Kasargod	KERALA	Hosdurg	\N	\N	671532
747	Kuntar B.O		Kasargod	KERALA	Kasaragod	\N	\N	671543
748	Movval B.O		Kasargod	KERALA	Hosdurg	\N	\N	671316
749	Mulleria S.O		Kasargod	KERALA	Kasaragod	\N	\N	671543
750	Muttathody B.O		Kasargod	KERALA	Kasaragod	\N	\N	671123
751	Mylatti B.O		Kasargod	KERALA	Hosdurg	\N	\N	671319
752	Ozhinhavalappu B.O		Kasargod	KERALA	Hosdurg	\N	\N	671314
753	Padre B.O		Kasargod	KERALA	Kasaragod	\N	\N	671552
754	Pallathadka B.O		Kasargod	KERALA	Kasaragod	\N	\N	671551
755	Panjikkal B.O		Kasargod	KERALA	Kasaragod	\N	\N	671543
756	Perumbala B.O		Kasargod	KERALA	Kasaragod	\N	\N	671317
757	Shiribagilu B.O		Kasargod	KERALA	Kasaragod	\N	\N	671124
758	Thekkil B.O		Kasargod	KERALA	Kasaragod	\N	\N	671541
759	Thuruthi S.O		Kasargod	KERALA	Hosdurg	\N	\N	671351
760	Trikarpur S.O		Kasargod	KERALA	Hosdurg	\N	\N	671310
761	Udma S.O		Kasargod	KERALA	Hosdurg	\N	\N	671319
762	Vaninagar B.O		Kasargod	KERALA	Kasaragod	\N	\N	671552
763	Vidyanagar S.O (Kasargod)		Kasargod	KERALA	Kasaragod	\N	\N	671123
764	Amminikkad B.O		Malappuram	KERALA	Perinthalmanna	\N	\N	679322
765	Ayikkarapadi B.O		Malappuram	KERALA	Ernad	\N	\N	673637
766	Bhoodan Colony B.O		Malappuram	KERALA	Nilambur	\N	\N	679334
767	Calicut Airport S.O		Malappuram	KERALA	Tirurangadi	\N	\N	673647
768	Chandakkunnu B.O		Malappuram	KERALA	Nilambur	\N	\N	679329
769	Chathangottupuram B.O		Malappuram	KERALA	Nilambur	\N	\N	679328
770	Chettippadam B.O		Malappuram	KERALA	Nilambur	\N	\N	679332
771	Elad B.O		Malappuram	KERALA	Perinthalmanna	\N	\N	679340
772	Eravimangalam B.O		Malappuram	KERALA	Perinthalmanna	\N	\N	679340
773	Iringattiri B.O		Malappuram	KERALA	Nilambur	\N	\N	676523
774	Kalikavu S.O		Malappuram	KERALA	Nilambur	\N	\N	676525
775	Karapuram B.O		Malappuram	KERALA	Nilambur	\N	\N	679331
776	Karuvambram West B.O		Malappuram	KERALA	Ernad	\N	\N	676123
777	Makkaraparamba S.O		Malappuram	KERALA	Perinthalmanna	\N	\N	676507
778	Melmuri B.O		Malappuram	KERALA	Ernad	\N	\N	676517
779	Nallanthanni B.O		Malappuram	KERALA	Nilambur	\N	\N	679330
780	Palathole B.O		Malappuram	KERALA	Perinthalmanna	\N	\N	679340
781	Palengara B.O		Malappuram	KERALA	Nilambur	\N	\N	679330
782	Pallikuth B.O		Malappuram	KERALA	Nilambur	\N	\N	679334
783	Pandallur B.O		Malappuram	KERALA	Ernad	\N	\N	676521
784	Pathaikara B.O		Malappuram	KERALA	Perintalmanna	\N	\N	679322
785	Payyanad B.O		Malappuram	KERALA	Ernad	\N	\N	676122
786	Perakamanna B.O		Malappuram	KERALA	Ernad	\N	\N	676541
787	Perinthattiri B.O		Malappuram	KERALA	Perinthalmanna	\N	\N	676507
788	Ponniyakurissi B.O		Malappuram	KERALA	Perinthalmanna	\N	\N	679322
789	Pookottumanna B.O		Malappuram	KERALA	Nilambur	\N	\N	679334
790	Poongode B.O		Malappuram	KERALA	Nilambur	\N	\N	679327
791	Pulpatta B.O		Malappuram	KERALA	Ernad	\N	\N	676123
792	Talekode West B.O		Malappuram	KERALA	Perinthalmanna	\N	\N	679322
793	Tirurkad B.O		Malappuram	KERALA	Perinthalmanna	\N	\N	679321
794	Trippanachi B.O		Malappuram	KERALA	Ernad	\N	\N	673641
795	Vadapuram B.O		Malappuram	KERALA	Nilambur	\N	\N	676542
796	Vazhikkadavu B.O		Malappuram	KERALA	Nilambur	\N	\N	679333
797	Wandoor S.O		Malappuram	KERALA	Nilambur	\N	\N	679328
798	Aliparamba B.O		Malappuram	KERALA	Perintalmanna	\N	\N	679357
799	Chattipparamba B.O		Malappuram	KERALA	Perinthalmanna	\N	\N	676504
800	Chelembra S.O		Malappuram	KERALA	Tirurangadi	\N	\N	673634
801	Chemmarakkattur B.O		Malappuram	KERALA	Ernad	\N	\N	673639
802	Chokkad B.O		Malappuram	KERALA	Nilambur	\N	\N	679332
803	Erumamunda B.O		Malappuram	KERALA	Nilambur	\N	\N	679334
804	Kambalakallu B.O		Malappuram	KERALA	Nilambur	\N	\N	679333
805	Kannamvettikavu B.O		Malappuram	KERALA	Ernad	\N	\N	673637
806	Mampattumoola B.O		Malappuram	KERALA	Nilambur	\N	\N	679332
807	Manhappatta B.O		Malappuram	KERALA	Ernad	\N	\N	676123
808	Mariyad B.O		Malappuram	KERALA	Ernad	\N	\N	676122
809	Modapoika B.O		Malappuram	KERALA	Nilambur	\N	\N	679331
810	Mongam S.O		Malappuram	KERALA	Ernad	\N	\N	673642
811	Moorkkanad B.O		Malappuram	KERALA	Perintalmanna	\N	\N	679338
812	Moothedam B.O		Malappuram	KERALA	Nilambur	\N	\N	679331
813	Munderi B.O		Malappuram	KERALA	Nilambur	\N	\N	679334
814	Muthuparamba B.O		Malappuram	KERALA	Ernad	\N	\N	673638
815	Muthuvallur B.O		Malappuram	KERALA	Ernad	\N	\N	673638
816	Neelancheri B.O		Malappuram	KERALA	Nilambur	\N	\N	676525
817	Olukur B.O		Malappuram	KERALA	Ernad	\N	\N	673642
818	Padiripadam B.O		Malappuram	KERALA	Nilambur	\N	\N	679334
819	Pallikkal B.O		Malappuram	KERALA	Tirurangadi	\N	\N	673634
820	Panga Chendy B.O		Malappuram	KERALA	Perinthalmanna	\N	\N	679338
821	Peruparamba-ugrapuram B.O		Malappuram	KERALA	Ernad	\N	\N	673639
822	Poonthavanam B.O		Malappuram	KERALA	Perinthalmanna	\N	\N	679325
823	Poovathikkal B.O		Malappuram	KERALA	Ernad	\N	\N	673639
824	Pulikkal S.O		Malappuram	KERALA	Ernad	\N	\N	673637
825	Pulliparamba B.O		Malappuram	KERALA	Tirurangadi	\N	\N	673634
826	Puzhakkattiri B.O		Malappuram	KERALA	Perintalmanna	\N	\N	679321
827	Thurakkal B.O		Malappuram	KERALA	Ernad	\N	\N	673638
828	Tiruvali B.O		Malappuram	KERALA	Nilambur	\N	\N	676123
829	Uppada B.O		Malappuram	KERALA	Nilambur	\N	\N	679334
830	Vadakkangara B.O		Malappuram	KERALA	Perintalmanna	\N	\N	679324
831	Vadakkumpadam B.O		Malappuram	KERALA	Nilambur	\N	\N	679339
832	Vattalur B.O		Malappuram	KERALA	Perinthalmanna	\N	\N	676507
833	Vettilappara B.O		Malappuram	KERALA	Ernad	\N	\N	673639
834	Amarambalam B.O		Malappuram	KERALA	Nilambur	\N	\N	679332
835	Aurvacode B.O		Malappuram	KERALA	Nilambur	\N	\N	679329
836	Calicut University S.O		Malappuram	KERALA	Tirurangadi	\N	\N	673635
837	Chembrassei B.O		Malappuram	KERALA	Ernad	\N	\N	676521
838	Edakkara-nilambur S.O		Malappuram	KERALA	Nilambur	\N	\N	679331
839	Edavanna S.O		Malappuram	KERALA	Ernad	\N	\N	676541
840	Elankur B.O		Malappuram	KERALA	Ernad	\N	\N	676122
841	Hajiarpalli B.O		Malappuram	KERALA	Ernad	\N	\N	676519
842	Kadannamanna B.O		Malappuram	KERALA	Perinthalmanna	\N	\N	679324
843	Kadungapurm B.O		Malappuram	KERALA	Perinthalmanna	\N	\N	679321
844	Karad B.O		Malappuram	KERALA	Nilambur	\N	\N	679339
845	Karakkode B.O		Malappuram	KERALA	Nilambur	\N	\N	679333
846	Karulai B.O		Malappuram	KERALA	Nilambur	\N	\N	679330
847	Karuvambram S.O		Malappuram	KERALA	Manjeri	\N	\N	676123
848	Kizhattur B.O		Malappuram	KERALA	Perintalmanna	\N	\N	679325
849	Kondotti S.O		Malappuram	KERALA	Ernad	\N	\N	673638
850	Koorad B.O		Malappuram	KERALA	Nilambur	\N	\N	679339
851	Malappuram Civil Station S.O		Malappuram	KERALA	Ernad	\N	\N	676505
852	Manjeri College S.O		Malappuram	KERALA	Ernad	\N	\N	676122
853	Narukara B.O		Malappuram	KERALA	Ernad	\N	\N	676122
854	Nilambur RS S.O		Malappuram	KERALA	Nilambur	\N	\N	679330
855	Omanur B.O		Malappuram	KERALA	Ernad	\N	\N	673645
856	Panga B.O		Malappuram	KERALA	Perintalmanna	\N	\N	679338
857	Pattikkad S.O		Malappuram	KERALA	Perintalmanna	\N	\N	679325
858	Pookkottur S.O		Malappuram	KERALA	Ernad	\N	\N	676517
859	Puliyakkode B.O		Malappuram	KERALA	Ernad	\N	\N	673641
860	Pullancheri B.O		Malappuram	KERALA	Ernad	\N	\N	676122
861	Pullengode B.O		Malappuram	KERALA	Nilambur	\N	\N	676525
862	Pulvetta B.O		Malappuram	KERALA	Nilambur	\N	\N	676523
863	Ramapuram B.O		Malappuram	KERALA	Perinthalmanna	\N	\N	679321
864	Thachinganadam B.O		Malappuram	KERALA	Perintalmanna	\N	\N	679325
865	Valambur B.O		Malappuram	KERALA	Perintalmanna	\N	\N	679325
866	Valluvangad B.O		Malappuram	KERALA	Ernad	\N	\N	676521
867	Valluvangad South B.O		Malappuram	KERALA	Ernad	\N	\N	676521
868	Vazhakkad S.O		Malappuram	KERALA	Ernad	\N	\N	673640
869	Velliyanchery B.O		Malappuram	KERALA	Perinthalmanna	\N	\N	679326
870	Vengad B.O		Malappuram	KERALA	Perinthalmanna	\N	\N	679338
871	Vengoor B.O		Malappuram	KERALA	Perinthalmanna	\N	\N	679325
872	Amayur B.O		Malappuram	KERALA	Ernad	\N	\N	676123
873	Andiyoorkunnu B.O		Malappuram	KERALA	Ernad	\N	\N	673637
874	Arimanal B.O		Malappuram	KERALA	Nilambur	\N	\N	676525
875	Aripra B.O		Malappuram	KERALA	Perinthalmanna	\N	\N	679321
876	Chelakkad B.O		Malappuram	KERALA	Perinthalmanna	\N	\N	679323
877	Chenakkalangadi B.O		Malappuram	KERALA	Tirurangadi	\N	\N	673636
878	Chikkode B.O		Malappuram	KERALA	Ernad	\N	\N	673645
879	Chungathara S.O		Malappuram	KERALA	Nilambur	\N	\N	679334
880	Edayattur B.O		Malappuram	KERALA	Perinthalmanna	\N	\N	679326
881	Irumbuzhi B.O		Malappuram	KERALA	Ernad	\N	\N	676509
882	Kalkundu B.O		Malappuram	KERALA	Nilambur	\N	\N	676523
883	Karumarakkad B.O		Malappuram	KERALA	Ernad	\N	\N	673640
884	Kerala Estate B.O		Malappuram	KERALA	Nilambur	\N	\N	676525
885	Koottil B.O		Malappuram	KERALA	Perinthalmanna	\N	\N	679324
886	Kumminiparamba B.O		Malappuram	KERALA	Tirurangadi	\N	\N	673638
887	Maithra B.O		Malappuram	KERALA	Ernad	\N	\N	673639
888	Mampad College B.O		Malappuram	KERALA	Nilambur	\N	\N	676542
889	Mankada Pallippuram B.O		Malappuram	KERALA	Perinthalmanna	\N	\N	679324
890	Mannarmala B.O		Malappuram	KERALA	Perinthalmanna	\N	\N	679325
891	Marutha B.O		Malappuram	KERALA	Nilambur	\N	\N	679333
892	Munduparmba S.O		Malappuram	KERALA	Ernad	\N	\N	676509
893	Nilambur S.O		Malappuram	KERALA	Nilambur	\N	\N	679329
894	Palakkalvetta B.O		Malappuram	KERALA	Nilambur	\N	\N	679327
895	Pariyapuram B.O		Malappuram	KERALA	Perinthalmanna	\N	\N	679321
896	Perimbalam B.O		Malappuram	KERALA	Ernad	\N	\N	676509
897	Puthanangadi B.O		Malappuram	KERALA	Perinthalmanna	\N	\N	679321
898	Ramankuth B.O		Malappuram	KERALA	Nilambur	\N	\N	679330
899	Talekode B.O		Malappuram	KERALA	Perintalmanna	\N	\N	679322
900	Tharis B.O		Malappuram	KERALA	Nilambur	\N	\N	676523
901	Thootha B.O		Malappuram	KERALA	Perinthalmanna	\N	\N	679357
902	Tuvvur S.O		Malappuram	KERALA	Nilambur	\N	\N	679327
903	Urangattiri B.O		Malappuram	KERALA	Ernad	\N	\N	673639
904	Valapuram B.O		Malappuram	KERALA	Perinthalmanna	\N	\N	679323
905	Vazhenkada B.O		Malappuram	KERALA	Perinthalmanna	\N	\N	679357
906	Vellayur B.O		Malappuram	KERALA	Nilambur	\N	\N	679327
907	Vettathur B.O		Malappuram	KERALA	Perintalmanna	\N	\N	679326
908	Areacode S.O		Malappuram	KERALA	Ernad	\N	\N	673639
909	Arimbra B.O		Malappuram	KERALA	Ernad	\N	\N	673638
910	Chathallur B.O		Malappuram	KERALA	Ernad	\N	\N	676541
911	Cherakkaparamba B.O		Malappuram	KERALA	Perinthalmanna	\N	\N	679321
912	Edivanna B.O		Malappuram	KERALA	Nilambur	\N	\N	679329
913	Eranhimangad B.O		Malappuram	KERALA	Nilambur	\N	\N	679329
914	Kappil B.O		Malappuram	KERALA	Nilambur	\N	\N	679328
915	Karakkunnu B.O		Malappuram	KERALA	Ernad	\N	\N	676123
916	Kavanur B.O		Malappuram	KERALA	Ernad	\N	\N	673639
917	Kolakkattuchali B.O		Malappuram	KERALA	Tirurangadi	\N	\N	673634
918	Kurumbalangode B.O		Malappuram	KERALA	Nilambur	\N	\N	679334
919	Kuruvambalam B.O		Malappuram	KERALA	Perintalmanna	\N	\N	679338
920	Malappuram H.O		Malappuram	KERALA	Ernad	\N	\N	676505
921	Manjeri Bazar S.O		Malappuram	KERALA	Ernad	\N	\N	676121
922	Munda B.O		Malappuram	KERALA	Nilambur	\N	\N	679331
923	Naduvath B.O		Malappuram	KERALA	Nilambur	\N	\N	679328
924	Padinhattumuri B.O		Malappuram	KERALA	Perinthalmanna	\N	\N	676506
925	Padirikode B.O		Malappuram	KERALA	Perinthalmanna	\N	\N	679326
926	Palachode B.O		Malappuram	KERALA	Perinthalmanna	\N	\N	679338
927	Pathiriyal B.O		Malappuram	KERALA	Nilambur	\N	\N	676123
928	Theyyathumpadam B.O		Malappuram	KERALA	Nilambur	\N	\N	679331
929	Thottumukkam B.O		Malappuram	KERALA	Ernad	\N	\N	673639
930	Vakkethodi B.O		Malappuram	KERALA	Ernad	\N	\N	676122
931	Valamkulam B.O		Malappuram	KERALA	Perinthalmanna	\N	\N	679357
932	Vaniyambalam S.O		Malappuram	KERALA	Nilambur	\N	\N	679339
933	Akkaparamba B.O		Malappuram	KERALA	Ernad	\N	\N	673641
934	Amarambalam South B.O		Malappuram	KERALA	Nilambur	\N	\N	679339
935	Chembrasseri East B.O		Malappuram	KERALA	Ernad	\N	\N	679327
936	Cheruvayur S.O		Malappuram	KERALA	Ernad	\N	\N	673645
937	Chulliyode B.O		Malappuram	KERALA	Nilambur	\N	\N	679332
938	Eranhikode B.O		Malappuram	KERALA	Ernad	\N	\N	676541
939	Ezhupathekkar B.O		Malappuram	KERALA	Nilambur	\N	\N	676525
940	Iruvetti B.O		Malappuram	KERALA	Ernad	\N	\N	673639
941	Kadambode B.O		Malappuram	KERALA	Ernad	\N	\N	676521
942	Kolaparamba S.O		Malappuram	KERALA	Ernad	\N	\N	676522
943	Kottilangadi S.O		Malappuram	KERALA	Perintalmanna	\N	\N	676506
944	Kunnappally B.O		Malappuram	KERALA	Perintalmanna	\N	\N	679322
945	Mattarakkal B.O		Malappuram	KERALA	Perintalmanna	\N	\N	679322
946	Melattur S.O (Malappuram)		Malappuram	KERALA	Perintalmanna	\N	\N	679326
947	Morayur B.O		Malappuram	KERALA	Ernad	\N	\N	673642
948	Nambooripotty B.O		Malappuram	KERALA	Nilambur	\N	\N	679333
949	Nediyirippu B.O		Malappuram	KERALA	Ernad	\N	\N	673638
950	Nellikuth B.O		Malappuram	KERALA	Ernad	\N	\N	676122
951	Olavattur B.O		Malappuram	KERALA	Ernad	\N	\N	673638
952	Oorakam Melmuri B.O		Malappuram	KERALA	Tirurangadi	\N	\N	676519
953	Pandikkad S.O		Malappuram	KERALA	Ernad	\N	\N	676521
954	Pathar B.O		Malappuram	KERALA	Nilambur	\N	\N	679334
955	Perintalmanna Bazar S.O		Malappuram	KERALA	Perinthalmanna	\N	\N	679322
956	Perintalmanna S.O		Malappuram	KERALA	Perinthalmanna	\N	\N	679322
957	Pulamanthole S.O		Malappuram	KERALA	Perintalmanna	\N	\N	679323
958	Puthur-pallikkal B.O		Malappuram	KERALA	Tirurangadi	\N	\N	673636
959	Thelakkad B.O		Malappuram	KERALA	Perinthalmanna	\N	\N	679325
960	Thottilangadi B.O		Malappuram	KERALA	Ernad	\N	\N	673639
961	Valiyaparamba B.O		Malappuram	KERALA	Ernad	\N	\N	673637
962	Valluvambram B.O		Malappuram	KERALA	Ernad	\N	\N	673642
963	Adakkakundu B.O		Malappuram	KERALA	Nilambur	\N	\N	676525
964	Ambalakkadavu B.O		Malappuram	KERALA	Nilambur	\N	\N	676525
965	Angadipuram S.O		Malappuram	KERALA	Perinthalmanna	\N	\N	679321
966	Arkkuparamba B.O		Malappuram	KERALA	Perinthalmanna	\N	\N	679322
967	Chemmaniyode B.O		Malappuram	KERALA	Perinthalmanna	\N	\N	679325
968	Cherukara S.O		Malappuram	KERALA	Perintalmanna	\N	\N	679340
969	Kodur-malabar S.O		Malappuram	KERALA	Perintalmanna	\N	\N	676504
970	Kolathur-MLP S.O		Malappuram	KERALA	Perinthalmanna	\N	\N	679338
971	Kunnakkavu B.O		Malappuram	KERALA	Perinthalmanna	\N	\N	679340
972	Kuttathy B.O		Malappuram	KERALA	Nilambur	\N	\N	676523
973	Manalaya B.O		Malappuram	KERALA	Perinthalmanna	\N	\N	679357
974	Manjeri-kla H.O		Malappuram	KERALA	Ernad	\N	\N	676121
975	Mannathipoyil B.O		Malappuram	KERALA	Nilambur	\N	\N	679332
976	Meppadam B.O		Malappuram	KERALA	Nilambur	\N	\N	676542
977	Olamathil B.O		Malappuram	KERALA	Ernad	\N	\N	673642
978	Oorakam Kizhumuri B.O		Malappuram	KERALA	Tirurangadi	\N	\N	676519
979	Palemad B.O		Malappuram	KERALA	Nilambur	\N	\N	679331
980	Panampilavu B.O		Malappuram	KERALA	Ernad	\N	\N	673639
981	Pandallur Hills B.O		Malappuram	KERALA	Ernad	\N	\N	676521
982	Panga South B.O		Malappuram	KERALA	Perinthalmanna	\N	\N	679338
983	Pappinippara B.O		Malappuram	KERALA	Ernad	\N	\N	676122
984	Pookkottumpadam S.O		Malappuram	KERALA	Nilambur	\N	\N	679332
985	Pullippadam B.O		Malappuram	KERALA	Nilambur	\N	\N	676542
986	Punnappala B.O		Malappuram	KERALA	Nilambur	\N	\N	679328
987	T.K.Colony B.O		Malappuram	KERALA	Nilambur	\N	\N	679332
988	Tavanur-feroke B.O		Malappuram	KERALA	Ernad	\N	\N	673641
989	Valillapuzha B.O		Malappuram	KERALA	Ernad	\N	\N	673639
990	Vallikkapatta B.O		Malappuram	KERALA	Perinthalmanna	\N	\N	679324
991	Vellila B.O		Malappuram	KERALA	Perinthalmanna	\N	\N	679324
992	Vellur B.O		Malappuram	KERALA	Ernad	\N	\N	676517
993	Vilayil B.O		Malappuram	KERALA	Ernad	\N	\N	673641
994	Anakkayam B.O		Malappuram	KERALA	Ernad	\N	\N	676509
995	Anamangad S.O		Malappuram	KERALA	Perintalmanna	\N	\N	679357
996	Anchachavady B.O		Malappuram	KERALA	Nilambur	\N	\N	676525
997	Chemmalasseri B.O		Malappuram	KERALA	Perinthalmanna	\N	\N	679323
998	Chirayil B.O		Malappuram	KERALA	Ernad	\N	\N	673638
999	Downhill S.O		Malappuram	KERALA	Ernad	\N	\N	676519
1000	Edapatta B.O		Malappuram	KERALA	Perintalmanna	\N	\N	679326
1001	Karippur B.O		Malappuram	KERALA	Tirurangadi	\N	\N	673638
1002	Karuvarakundu S.O		Malappuram	KERALA	Nilambur	\N	\N	676523
1003	Kavalamukkatta B.O		Malappuram	KERALA	Nilambur	\N	\N	679332
1004	Kizhakkumpadam B.O		Malappuram	KERALA	Perinthalmanna	\N	\N	679326
1005	Kizhuparamba B.O		Malappuram	KERALA	Ernad	\N	\N	673639
1006	Koomankulam B.O		Malappuram	KERALA	Ernad	\N	\N	676123
1007	Kunnummalpotti B.O		Malappuram	KERALA	Nilambur	\N	\N	679331
1008	Kuzhimanna S.O		Malappuram	KERALA	Ernad	\N	\N	673641
1009	Mampad S.O		Malappuram	KERALA	Nilambur	\N	\N	676542
1010	Manimooly S.O		Malappuram	KERALA	Nilambur	\N	\N	679333
1011	Mankada S.O		Malappuram	KERALA	Perintalmanna	\N	\N	679324
1012	Melangadi B.O		Malappuram	KERALA	Ernad	\N	\N	673638
1013	Mundakkal B.O		Malappuram	KERALA	Ernad	\N	\N	673645
1014	Palakkad(MLP) B.O		Malappuram	KERALA	Ernad	\N	\N	673641
1015	Pannippara B.O		Malappuram	KERALA	Ernad	\N	\N	676541
1016	Pathappiriyam B.O		Malappuram	KERALA	Ernad	\N	\N	676123
1017	Pattarkadavu B.O		Malappuram	KERALA	Ernad	\N	\N	676519
1018	Pazhamallur B.O		Malappuram	KERALA	Perinthalmanna	\N	\N	676506
1019	Peruvallur B.O		Malappuram	KERALA	Tirurangadi	\N	\N	673638
1020	Poolamanna B.O		Malappuram	KERALA	Ernad	\N	\N	679327
1021	Porur B.O		Malappuram	KERALA	Ernad	\N	\N	679339
1022	Tenhipalam S.O		Malappuram	KERALA	Tirurangadi	\N	\N	673636
1023	Trikkalangode B.O		Malappuram	KERALA	Ernad	\N	\N	676123
1024	Akalur B.O		Palakkad	KERALA	Ottapalam	\N	\N	679302
1025	Chalavara S.O		Palakkad	KERALA	Ottappalam	\N	\N	679505
1026	Chavadiyur B.O		Palakkad	KERALA	Mannarkad	\N	\N	678581
1027	Cherambattakavu B.O		Palakkad	KERALA	NA	\N	\N	679501
1028	Cherukutangad B.O		Palakkad	KERALA	Ottappalam	\N	\N	679305
1029	Etapalam B.O		Palakkad	KERALA	Ottappalam	\N	\N	679308
1030	Kaipuram B.O		Palakkad	KERALA	Ottappalam	\N	\N	679308
1031	Karimpuzha B.O		Palakkad	KERALA	Ottappalam	\N	\N	679513
1032	Kayiliad B.O		Palakkad	KERALA	Ottappalam	\N	\N	679122
1033	Kolikkottusseri B.O		Palakkad	KERALA	Ottappalam	\N	\N	679303
1034	Koottanad		Palakkad	KERALA	Ottappalam	\N	\N	679533
1035	Kottapadam(TTL) B.O		Palakkad	KERALA	Mannarkad	\N	\N	679534
1036	Kottappuram B.O		Palakkad	KERALA	Ottappalam	\N	\N	679513
1037	Kottathara B.O		Palakkad	KERALA	Mannarkad	\N	\N	678581
1038	Kudallur S.O		Palakkad	KERALA	Ottappalam	\N	\N	679554
1039	Kulappulli B.O		Palakkad	KERALA	Ottapalam	\N	\N	679122
1040	Kunduvampadam B.O		Palakkad	KERALA	Palakkad	\N	\N	678633
1041	Mannampatta B.O		Palakkad	KERALA	Ottappalam	\N	\N	678633
1042	Melmuri B.O		Palakkad	KERALA	Ottapalam	\N	\N	679307
1043	Melur B.O		Palakkad	KERALA	Ottapalam	\N	\N	679501
1044	Mudukurissi B.O		Palakkad	KERALA	Ottapalam	\N	\N	678593
1045	Munnurkode B.O		Palakkad	KERALA	Ottapalam	\N	\N	679502
1046	Naduvattom S.O		Palakkad	KERALA	Ottapalam	\N	\N	679308
1047	Nagalassery B.O		Palakkad	KERALA	Ottappalam	\N	\N	679533
1048	Nellikattiri B.O		Palakkad	KERALA	Ottappalam	\N	\N	679533
1049	Sankaramangalam B.O		Palakkad	KERALA	NA	\N	\N	679303
1050	Thirunayanapuram B.O		Palakkad	KERALA	NA	\N	\N	679514
1051	Thiruvegapura S.O		Palakkad	KERALA	Ottappalam	\N	\N	679304
1052	Valambillimangalam B.O		Palakkad	KERALA	Ottappalam	\N	\N	679513
1053	Vallapuzha S.O		Palakkad	KERALA	Ottappalam	\N	\N	679336
1054	Amayur B.O		Palakkad	KERALA	Ottappalam	\N	\N	679303
1055	Ambalapara S.O		Palakkad	KERALA	Ottappalam	\N	\N	679512
1056	Ambalavattom B.O		Palakkad	KERALA	Ottappalam	\N	\N	679501
1057	Chaliyattiri B.O		Palakkad	KERALA	Ottappalam	\N	\N	679535
1058	Cherottur B.O		Palakkad	KERALA	Ottappalam	\N	\N	679521
1059	Kacheriparamba B.O		Palakkad	KERALA	Mannarkad	\N	\N	678601
1060	Kalladathur B.O		Palakkad	KERALA	Ottappalam	\N	\N	679552
1061	Kanhirapuzha Dam B.O		Palakkad	KERALA	Mannarkad	\N	\N	678591
1062	Karattukurissi B.O		Palakkad	KERALA	Ottappalam	\N	\N	679503
1063	Kavalappara S.O		Palakkad	KERALA	Ottappalam	\N	\N	679523
1064	Kothachira B.O		Palakkad	KERALA	Ottappalam	\N	\N	679535
1065	Kulakkad B.O		Palakkad	KERALA	Ottappalam	\N	\N	679503
1066	Kumbidi S.O		Palakkad	KERALA	Ottappalam	\N	\N	679553
1067	Kundurkunnu B.O		Palakkad	KERALA	Mannarkkad	\N	\N	678583
1068	Mannanur B.O		Palakkad	KERALA	Ottappalam	\N	\N	679523
1069	Mattathukad B.O		Palakkad	KERALA	Mannarkkad	\N	\N	678581
1070	Melepattambi S.O		Palakkad	KERALA	Ottappalam	\N	\N	679306
1071	Moonnekkar B.O		Palakkad	KERALA	Ottapalam	\N	\N	678597
1072	Mundakkottukurissi B.O		Palakkad	KERALA	Ottapalam	\N	\N	679122
1073	Pattambi S.O		Palakkad	KERALA	Ottappalam	\N	\N	679303
1074	Perimbadari S.O		Palakkad	KERALA	Mannarkad	\N	\N	678762
1075	S G Press S.O		Palakkad	KERALA	Ottapalam	\N	\N	679122
1076	Thottakkara S.O		Palakkad	KERALA	Ottappalam	\N	\N	679102
1077	Trikkatiri S.O		Palakkad	KERALA	Ottappalam	\N	\N	679502
1078	Vakkadapuram B.O		Palakkad	KERALA	NA	\N	\N	678595
1079	Angadi B.O		Palakkad	KERALA	Ottappalam	\N	\N	679552
1080	Bhimanad B.O		Palakkad	KERALA	Mannarkad	\N	\N	678601
1081	Chembra B.O		Palakkad	KERALA	Ottappalam	\N	\N	679304
1082	Cherukattupulam B.O		Palakkad	KERALA	Ottappalam	\N	\N	679522
1083	Chunangad S.O		Palakkad	KERALA	Ottappalam	\N	\N	679511
1084	Elambulasseri B.O		Palakkad	KERALA	Ottappalam	\N	\N	678595
1085	Kadambur S.O (Palakkad)		Palakkad	KERALA	Ottappalam	\N	\N	679515
1086	Kanhirapuzha S.O		Palakkad	KERALA	Mannarkad	\N	\N	678591
1087	Karumanamkurissi B.O		Palakkad	KERALA	Ottappalam	\N	\N	679504
1088	Kulakkattukurissi B.O		Palakkad	KERALA	Ottapalam	\N	\N	678633
1089	Kumaramputhur B.O		Palakkad	KERALA	Mannarkkad	\N	\N	678583
1090	Malamalkkavu B.O		Palakkad	KERALA	Ottapalam	\N	\N	679554
1091	Mannarkad College S.O		Palakkad	KERALA	Mannarkad	\N	\N	678583
1092	Mukkali B.O		Palakkad	KERALA	Mannarkad	\N	\N	678582
1093	Palappuram S.O		Palakkad	KERALA	Ottappalam	\N	\N	679103
1094	Panamanna South B.O		Palakkad	KERALA	Ottappalam	\N	\N	679501
1095	Panayur B.O		Palakkad	KERALA	Ottapalam	\N	\N	679522
1096	Pattithara B.O		Palakkad	KERALA	Ottappalam	\N	\N	679534
1097	Poonchola B.O		Palakkad	KERALA	Mannarkad	\N	\N	678598
1098	Puliyanamkunnu B.O		Palakkad	KERALA	Ottappalam	\N	\N	679505
1099	Taruvakonam B.O		Palakkad	KERALA	NA	\N	\N	679501
1100	Tenkara B.O		Palakkad	KERALA	Mannarkkad	\N	\N	678582
1101	Thekke Vavanoor B.O		Palakkad	KERALA	NA	\N	\N	679533
1102	Thrikallur B.O		Palakkad	KERALA	Mannarkad	\N	\N	678593
1103	Uppukulam B.O		Palakkad	KERALA	Mannarkad	\N	\N	678601
1104	Vaniamkulam S.O		Palakkad	KERALA	Ottappalam	\N	\N	679522
1105	Varode B.O		Palakkad	KERALA	Ottappalam	\N	\N	679102
1106	Vellinezhi S.O		Palakkad	KERALA	Ottappalam	\N	\N	679504
1107	Ariyur B.O		Palakkad	KERALA	Mannarkad	\N	\N	678583
1108	Cherpalcheri S.O		Palakkad	KERALA	Ottappalam	\N	\N	679503
1109	Choorakode B.O		Palakkad	KERALA	Ottappalam	\N	\N	679336
1110	K A Samajam B.O		Palakkad	KERALA	Ottapalam	\N	\N	679123
1111	Kaithachira B.O		Palakkad	KERALA	NA	\N	\N	678582
1112	Kalladikode S.O		Palakkad	KERALA	Mannarkkad	\N	\N	678596
1113	Kalladipatta S.O		Palakkad	KERALA	Ottapalam	\N	\N	679313
1114	Kallipadam B.O		Palakkad	KERALA	Ottapalam	\N	\N	679122
1115	Kanhikulam B.O		Palakkad	KERALA	Palakkad	\N	\N	678596
1116	Kattukulam B.O		Palakkad	KERALA	Ottappalam	\N	\N	679514
1117	Kilmuri B.O		Palakkad	KERALA	Ottappalam	\N	\N	679307
1118	Kottopadam B.O		Palakkad	KERALA	Ottappalam	\N	\N	678583
1119	Kulukkallur S.O		Palakkad	KERALA	Ottappalam	\N	\N	679337
1120	Kumaranellur S.O		Palakkad	KERALA	Ottappalam	\N	\N	679552
1121	Mangalam(OPM) B.O		Palakkad	KERALA	Ottappalam	\N	\N	679301
1122	Manisseri S.O		Palakkad	KERALA	Ottapalam	\N	\N	679521
1123	Mannengode B.O		Palakkad	KERALA	Ottappalam	\N	\N	679307
1124	Marayamangalam B.O		Palakkad	KERALA	Ottappalam	\N	\N	679335
1125	Met Ind Nagar B.O		Palakkad	KERALA	Ottapalam	\N	\N	679122
1126	Mulanhur B.O		Palakkad	KERALA	Ottapalam	\N	\N	679511
1127	Othalur - Ttl B.O		Palakkad	KERALA	Ottapalam	\N	\N	679534
1128	Ottapalam H.O		Palakkad	KERALA	Ottapalam	\N	\N	679101
1129	Pallikunnu B.O		Palakkad	KERALA	Mannarkad Q	\N	\N	678583
1130	Pallikurup B.O		Palakkad	KERALA	Mannarkad	\N	\N	678593
1131	Pathankulam B.O		Palakkad	KERALA	Ottappalam	\N	\N	679522
1132	Pulappatta S.O		Palakkad	KERALA	Ottappalam	\N	\N	678632
1133	Sholayur-PKD B.O		Palakkad	KERALA	NA	\N	\N	678581
1134	Shornur S.O		Palakkad	KERALA	Ottapalam	\N	\N	679121
1135	Srikrishnapuram S.O		Palakkad	KERALA	Ottappalam	\N	\N	679513
1136	Thanneercode B.O		Palakkad	KERALA	Ottapalam	\N	\N	679536
1137	Vadanamkurussi B.O		Palakkad	KERALA	Ottappalam	\N	\N	679121
1138	Vettakara B.O		Palakkad	KERALA	Ottappalam	\N	\N	678633
1139	Chalisseri S.O		Palakkad	KERALA	Ottappalam	\N	\N	679536
1140	Cherukode B.O		Palakkad	KERALA	Ottappalam	\N	\N	679336
1141	Chethallur B.O		Palakkad	KERALA	Mannarkad	\N	\N	678583
1142	Chindaki B.O		Palakkad	KERALA	Mannarkad	\N	\N	678582
1143	Gandhi Seva  Sadan B.O		Palakkad	KERALA	Ottappalam	\N	\N	679302
1144	Irimbalasseri B.O		Palakkad	KERALA	Ottapalam	\N	\N	679335
1145	Jellipara B.O		Palakkad	KERALA	Mannarkkad	\N	\N	678581
1146	Kalluvazhi B.O		Palakkad	KERALA	Ottappalam	\N	\N	679514
1147	Kappur B.O		Palakkad	KERALA	Ottapalam	\N	\N	679552
1148	Karara B.O		Palakkad	KERALA	Mannarkad	\N	\N	678581
1149	Karkitamkunnu B.O		Palakkad	KERALA	Mannarkad	\N	\N	678601
1150	Katambazhipuram S.O		Palakkad	KERALA	Ottappalam	\N	\N	678633
1151	Konikazhi B.O		Palakkad	KERALA	Ottappalam	\N	\N	678632
1152	Kuruvattur B.O		Palakkad	KERALA	Ottpalam	\N	\N	679336
1153	Lakkidi S.O		Palakkad	KERALA	Ottappalam	\N	\N	679301
1154	Marayamangalam South B.O		Palakkad	KERALA	Ottappalam	\N	\N	679335
1155	Nattukal B.O		Palakkad	KERALA	Mannarkad	\N	\N	678583
1156	Palakayam B.O		Palakkad	KERALA	Mannarkkad	\N	\N	678591
1157	Paloor B.O		Palakkad	KERALA	Mannarkkad	\N	\N	678582
1158	Peringannur B.O		Palakkad	KERALA	Ottapalam	\N	\N	679535
1159	Perur-OPM S.O		Palakkad	KERALA	Ottappalam	\N	\N	679302
1160	Pombra B.O		Palakkad	KERALA	Ottappalam	\N	\N	678595
1161	Pullisseri B.O		Palakkad	KERALA	Mannarkad	\N	\N	678582
1162	Thekkumuri (CPL) B.O		Palakkad	KERALA	NA	\N	\N	679506
1163	Thirumittakode B.O		Palakkad	KERALA	Ottappalam	\N	\N	679533
1164	Tiruvalamkunnu B.O		Palakkad	KERALA	NA	\N	\N	678601
1165	Veetampara B.O		Palakkad	KERALA	Ottappalam	\N	\N	679102
1166	Vilathur B.O		Palakkad	KERALA	Ottappalam	\N	\N	679304
1167	Cherumundasseri B.O		Palakkad	KERALA	Ottapalam	\N	\N	679512
1168	Ezhuvanthala B.O		Palakkad	KERALA	Ottappalam	\N	\N	679335
1169	Kandamangalam B.O		Palakkad	KERALA	Mannarkkad	\N	\N	678583
1170	Kanniampuram S.O		Palakkad	KERALA	Ottappalam	\N	\N	679104
1171	Kavundikkal B.O		Palakkad	KERALA	Mannarkad	\N	\N	678581
1172	Kodakkad B.O		Palakkad	KERALA	Mannarkkad	\N	\N	678583
1173	Kuttanasseri B.O		Palakkad	KERALA	Ottappalam	\N	\N	679514
1174	Mangode B.O		Palakkad	KERALA	Ottappalam	\N	\N	679503
1175	Mannarkkad S.O		Palakkad	KERALA	Mannarkkad	\N	\N	678582
1176	Muduthala B.O		Palakkad	KERALA	Ottappalam	\N	\N	679303
1177	Mulayankavu B.O		Palakkad	KERALA	Ottappalam	\N	\N	679337
1178	Nhangattiri B.O		Palakkad	KERALA	Ottappalam	\N	\N	679303
1179	Pallipuram S.O (Palakkad)		Palakkad	KERALA	Ottappalam	\N	\N	679305
1180	Parudur B.O		Palakkad	KERALA	Ottappalam	\N	\N	679305
1181	Payyanadam B.O		Palakkad	KERALA	Mannarkad	\N	\N	678583
1182	Perumannur B.O		Palakkad	KERALA	Ottappalam	\N	\N	679536
1183	Punchapadam B.O		Palakkad	KERALA	Ottappalam	\N	\N	678633
1184	Thavalam B.O		Palakkad	KERALA	Mannarkad	\N	\N	678582
1185	Vazhumbram B.O		Palakkad	KERALA	NA	\N	\N	678595
1186	Veeramangalam B.O		Palakkad	KERALA	Ottappalam	\N	\N	679503
1187	Vilayur S.O		Palakkad	KERALA	Ottappalam	\N	\N	679309
1188	Vilayur West B.O		Palakkad	KERALA	NA	\N	\N	679309
1189	Viyyakurissi B.O		Palakkad	KERALA	NA	\N	\N	678593
1190	Agali S.O (Palakkad)		Palakkad	KERALA	Mannarkad	\N	\N	678581
1191	Alanallur S.O		Palakkad	KERALA	Mannarkad	\N	\N	678601
1192	Anakkara S.O (Palakkad)		Palakkad	KERALA	Ottappalam	\N	\N	679551
1193	Attasseri B.O		Palakkad	KERALA	NA	\N	\N	679513
1194	Azhiyannur B.O		Palakkad	KERALA	Ottapalam	\N	\N	678633
1195	Changileri B.O		Palakkad	KERALA	Mannarkad	\N	\N	678762
1196	Chittur -agali B.O		Palakkad	KERALA	Mannarkad	\N	\N	678581
1197	Edakode(Pavukonam) B.O		Palakkad	KERALA	Ottappalam	\N	\N	679522
1198	Edathanttukara B.O		Palakkad	KERALA	Mannarkad	\N	\N	678601
1199	Ganeshgiri S.O		Palakkad	KERALA	Ottapalam	\N	\N	679123
1200	Kalkandi B.O		Palakkad	KERALA	Mannarkad	\N	\N	678582
1201	Kallamala B.O		Palakkad	KERALA	Mannarkad	\N	\N	678582
1202	Karakurissi S.O		Palakkad	KERALA	Mannarkad	\N	\N	678595
1203	Karimba S.O		Palakkad	KERALA	Mannarkad	\N	\N	678597
1204	Kattukulam South B.O		Palakkad	KERALA	Ottapalam	\N	\N	679514
1205	Kizhayur B.O		Palakkad	KERALA	Ottappalam	\N	\N	679303
1206	Kizhur B.O		Palakkad	KERALA	Ottappalam	\N	\N	679501
1207	Koonathara B.O		Palakkad	KERALA	Ottappalam	\N	\N	679523
1208	Mala B.O		Palakkad	KERALA	Ottapalam	\N	\N	679534
1209	Nedungottur B.O		Palakkad	KERALA	Ottappalam	\N	\N	679308
1210	Nellaya S.O		Palakkad	KERALA	Ottappalam	\N	\N	679335
1211	Palode B.O		Palakkad	KERALA	Mannarkad	\N	\N	678583
1212	Panamanna S.O		Palakkad	KERALA	Ottappalam	\N	\N	679501
1213	Peringode S.O		Palakkad	KERALA	Ottappalam	\N	\N	679535
1214	Perumudiyur B.O		Palakkad	KERALA	Ottapalam	\N	\N	679303
1215	Pombilaya B.O		Palakkad	KERALA	Ottappalam	\N	\N	679335
1216	Pottasseri S.O		Palakkad	KERALA	Mannarkad	\N	\N	678598
1217	Pulasseri S.O		Palakkad	KERALA	Ottappalam	\N	\N	679307
1218	Thalakkasseri B.O		Palakkad	KERALA	Ottappalam	\N	\N	679534
1219	Thathanampully B.O		Palakkad	KERALA	NA	\N	\N	679337
1220	Thiruvazhiyode S.O		Palakkad	KERALA	Ottappalam	\N	\N	679514
1221	Ummanazhi B.O		Palakkad	KERALA	NA	\N	\N	678632
1222	Vattamannapuram B.O		Palakkad	KERALA	NA	\N	\N	678601
1223	Vengasseri S.O		Palakkad	KERALA	Ottappalam	\N	\N	679516
1224	Adakkaputhur B.O		Palakkad	KERALA	Ottappalam	\N	\N	679503
1225	Alangad B.O		Palakkad	KERALA	Ottappalam	\N	\N	678633
1226	Chathanur B.O		Palakkad	KERALA	Ottapalam	\N	\N	679535
1227	Chundampatta B.O		Palakkad	KERALA	Ottappalam	\N	\N	679337
1228	Eravakkad B.O		Palakkad	KERALA	Ottappalam	\N	\N	679552
1229	Irimbakachola B.O		Palakkad	KERALA	Mannarkad	\N	\N	678591
1230	Kanayam B.O		Palakkad	KERALA	Ottapalam	\N	\N	679122
1231	Karalmanna S.O		Palakkad	KERALA	Ottappalam	\N	\N	679506
1232	Karambathur B.O		Palakkad	KERALA	Ottapalam.	\N	\N	679305
1233	Kodumunda B.O		Palakkad	KERALA	Ottappalam	\N	\N	679303
1234	Kondurkara B.O		Palakkad	KERALA	Ottapalam	\N	\N	679313
1235	Maruthur B.O		Palakkad	KERALA	Ottappalam	\N	\N	679306
1236	Mezhathur B.O		Palakkad	KERALA	Ottappalam	\N	\N	679534
1237	Panniyamkurissi B.O		Palakkad	KERALA	Ottappalam	\N	\N	679503
1238	Paruthipra B.O		Palakkad	KERALA	Ottpalam	\N	\N	679121
1239	Pudur B.O		Palakkad	KERALA	Mannarkad	\N	\N	678581
1240	Sreeramakrishnanagar B.O		Palakkad	KERALA	Ottappalam	\N	\N	679103
1241	Tachampara S.O		Palakkad	KERALA	Mannarkad	\N	\N	678593
1242	Trithala S.O		Palakkad	KERALA	Ottappalam	\N	\N	679534
1243	Attempathy B.O		Palakkad	KERALA	Chittur	\N	\N	678556
1244	Ayakkad B.O		Palakkad	KERALA	Alathur	\N	\N	678683
1245	Ayalur S.O		Palakkad	KERALA	Chittur	\N	\N	678510
1246	Chandranagar S.O		Palakkad	KERALA	Palakkad	\N	\N	678007
1247	Chandrasekharapuram B.O		Palakkad	KERALA	Palakkad	\N	\N	678611
1248	Chittilancheri S.O		Palakkad	KERALA	Alathur	\N	\N	678704
1249	Edathara S.O		Palakkad	KERALA	Palakkad	\N	\N	678611
1250	Elavancheri B.O		Palakkad	KERALA	Chittur	\N	\N	678508
1251	Kalapatti B.O		Palakkad	KERALA	Alathur	\N	\N	678702
1252	Karingarapully B.O		Palakkad	KERALA	Palakkad	\N	\N	678551
1253	Karippali B.O		Palakkad	KERALA	Chittur	\N	\N	678532
1254	Kattusseri B.O		Palakkad	KERALA	Alatur	\N	\N	678542
1255	Keralasseri S.O		Palakkad	KERALA	Palakkad	\N	\N	678641
1256	Kottekkad S.O		Palakkad	KERALA	Palakkad	\N	\N	678732
1257	Kozhipara S.O		Palakkad	KERALA	Chittur	\N	\N	678557
1258	Kudallur B.O		Palakkad	KERALA	Alathur	\N	\N	678688
1259	Kunisseri S.O		Palakkad	KERALA	Alathur	\N	\N	678681
1260	Kuttipallam B.O		Palakkad	KERALA	Chittur	\N	\N	678101
1261	Mangalam Dam B.O		Palakkad	KERALA	Alathur	\N	\N	678706
1262	Manikkasseri B.O		Palakkad	KERALA	Palakkad	\N	\N	678631
1263	Mannalur B.O		Palakkad	KERALA	Palakkad	\N	\N	678502
1264	Mulangot B.O		Palakkad	KERALA	Alathur	\N	\N	678684
1265	Nemmara S.O		Palakkad	KERALA	Chittur	\N	\N	678508
1266	Olalapadi B.O		Palakkad	KERALA	Chittur	\N	\N	678557
1267	Palakkad Engineering College S.O		Palakkad	KERALA	Palakkad	\N	\N	678008
1268	Palakkad Fort S.O		Palakkad	KERALA	Palakkad	\N	\N	678001
1269	Perinkunnu B.O		Palakkad	KERALA	Alathur	\N	\N	678702
1270	Puthur-palakkad B.O		Palakkad	KERALA	Palakkad	\N	\N	678005
1271	Sekharipuram S.O		Palakkad	KERALA	Palakkad	\N	\N	678010
1272	Tenari B.O		Palakkad	KERALA	Palakkad	\N	\N	678622
1273	Tolanur S.O		Palakkad	KERALA	Alathur	\N	\N	678722
1274	Vadavannur S.O		Palakkad	KERALA	Chittur	\N	\N	678504
1275	Varode-kottayi B.O		Palakkad	KERALA	Alathur	\N	\N	678572
1276	Velanthavalam B.O		Palakkad	KERALA	Chittur	\N	\N	678557
1277	Velikkad B.O		Palakkad	KERALA	Palakkad	\N	\N	678592
1278	Chithali B.O		Palakkad	KERALA	Alathur	\N	\N	678702
1279	Chittur Courts B.O		Palakkad	KERALA	Chittur	\N	\N	678101
1280	Chokkanathapuram S.O		Palakkad	KERALA	Palakkad	\N	\N	678005
1281	Kanakkanthuruthy B.O		Palakkad	KERALA	Alathur	\N	\N	678683
1282	Kanimangalam B.O		Palakkad	KERALA	Chittur	\N	\N	678508
1283	Kanjikode West S.O		Palakkad	KERALA	Palakkad	\N	\N	678623
1284	Kannadi S.O		Palakkad	KERALA	Palakkad	\N	\N	678701
1285	Kavalpad B.O		Palakkad	KERALA	Palakkad	\N	\N	678012
1286	Kinavallur B.O		Palakkad	KERALA	Palakkad	\N	\N	678612
1287	Koduvayur Agraharam B.O		Palakkad	KERALA	Chittur	\N	\N	678501
1288	Manappadam B.O		Palakkad	KERALA	Alathur	\N	\N	678687
1289	Mankurussi B.O		Palakkad	KERALA	Palakkad	\N	\N	678613
1290	Mathur Agraharam B.O		Palakkad	KERALA	Alathur	\N	\N	678571
1291	Melarcode S.O		Palakkad	KERALA	Alathur	\N	\N	678703
1292	Nechur B.O		Palakkad	KERALA	Alathur	\N	\N	678722
1293	Nelliampathy B.O		Palakkad	KERALA	Chittur	\N	\N	678508
1294	Olasseri B.O		Palakkad	KERALA	Palakkad	\N	\N	678551
1295	Palakkad City S.O		Palakkad	KERALA	Palakkad	\N	\N	678014
1296	Palakkad Industrial Estate B.O		Palakkad	KERALA	Palakkad	\N	\N	678731
1297	Pallatheri B.O		Palakkad	KERALA	Palakkad	\N	\N	678007
1298	Panniankara B.O		Palakkad	KERALA	Alathur	\N	\N	678683
1299	Pattancheri S.O		Palakkad	KERALA	Palakkad	\N	\N	678532
1300	Peruvemba S.O		Palakkad	KERALA	Palakkad	\N	\N	678531
1301	Pudunagaram S.O		Palakkad	KERALA	Palakkad	\N	\N	678503
1302	Puthucode S.O		Palakkad	KERALA	Alathur	\N	\N	678687
1303	Thekkedesam B.O		Palakkad	KERALA	Chittur	\N	\N	678553
1304	Tirunilayi B.O		Palakkad	KERALA	Palakkad	\N	\N	678004
1305	Akathethara B.O		Palakkad	KERALA	Palakkad	\N	\N	678008
1306	Alathur Mbr H.O		Palakkad	KERALA	Alathur	\N	\N	678541
1307	Ambikapuram S.O (Palakkad)		Palakkad	KERALA	Palakkad	\N	\N	678011
1308	Chimbukat B.O		Palakkad	KERALA	Alathur	\N	\N	678721
1309	Chulanur B.O		Palakkad	KERALA	Alathur	\N	\N	678574
1310	Dhoni B.O		Palakkad	KERALA	Palakkad	\N	\N	678009
1311	Kadukkamkunnu B.O		Palakkad	KERALA	Palakkad	\N	\N	678651
1312	Kanjikode S.O		Palakkad	KERALA	Palakkad	\N	\N	678621
1313	Kannanur B.O		Palakkad	KERALA	Alathur	\N	\N	678702
1314	Kozhalmannam Agraharam B.O		Palakkad	KERALA	Alatur	\N	\N	678702
1315	Kunnamkattupathy B.O		Palakkad	KERALA	Chittur	\N	\N	678101
1316	Kuttanur S.O		Palakkad	KERALA	Alathur	\N	\N	678721
1317	Mannur S.O (Palakkad)		Palakkad	KERALA	Palakkad	\N	\N	678642
1318	Marudarode B.O		Palakkad	KERALA	Palakkad	\N	\N	678007
1319	Meenkara Dam B.O		Palakkad	KERALA	Chittur	\N	\N	678507
1320	Moothanthara B.O		Palakkad	KERALA	Palakkad	\N	\N	678012
1321	Mucheeri B.O		Palakkad	KERALA	Palakkad	\N	\N	678631
1322	Muthalamada S.O		Palakkad	KERALA	Chittur	\N	\N	678507
1323	Muttikulangara S.O		Palakkad	KERALA	Palakkad	\N	\N	678594
1324	Naduvathupara B.O		Palakkad	KERALA	Alathur	\N	\N	678574
1325	Olinkadavu B.O		Palakkad	KERALA	Alathur	\N	\N	678706
1326	Palakkad H.O		Palakkad	KERALA	Palakkad	\N	\N	678001
1327	Palakuzhy B.O		Palakkad	KERALA	Alathur	\N	\N	678684
1328	Palampalakode S.O		Palakkad	KERALA	Alathur	\N	\N	678544
1329	Parambikulam S.O		Palakkad	KERALA	Chittur	\N	\N	678661
1330	Parli PG S.O		Palakkad	KERALA	Palakkad	\N	\N	678612
1331	Pudanur B.O		Palakkad	KERALA	Palakkad	\N	\N	678592
1332	Pullode B.O		Palakkad	KERALA	Alathur	\N	\N	678545
1333	Tattamangalam S.O		Palakkad	KERALA	Chittur	\N	\N	678102
1334	Thannisseri B.O		Palakkad	KERALA	Palakkad	\N	\N	678501
1335	Thenkurussi S.O		Palakkad	KERALA	Alathur	\N	\N	678671
1336	Thiruvalathur B.O		Palakkad	KERALA	Palakkad	\N	\N	678551
1337	Tunacadavu B.O		Palakkad	KERALA	Chittur	\N	\N	678661
1338	Verkoli B.O		Palakkad	KERALA	Chittur	\N	\N	678552
1339	Yakkara B.O		Palakkad	KERALA	Palakkad	\N	\N	678701
1340	Anakkal B.O		Palakkad	KERALA	Palakkad	\N	\N	678651
1341	Chandrapuram B.O		Palakkad	KERALA	Palakkad	\N	\N	678624
1342	Chathamangalam B.O		Palakkad	KERALA	Chittur	\N	\N	678508
1343	Chenthamaranagar B.O		Palakkad	KERALA	Chittur	\N	\N	678102
1344	Coyalmanna S.O		Palakkad	KERALA	Alathur	\N	\N	678702
1345	Elakkad B.O		Palakkad	KERALA	Palakkad	\N	\N	678631
1346	Elapulli South B.O		Palakkad	KERALA	Palakkad	\N	\N	678622
1347	Ettanur S.O		Palakkad	KERALA	Chittur	\N	\N	678502
1348	Karinkayam B.O		Palakkad	KERALA	Alathur	\N	\N	678706
1349	Kilakkumbram B.O		Palakkad	KERALA	Palakkad	\N	\N	678642
1350	Kizhakkumuri B.O		Palakkad	KERALA	Chittur	\N	\N	678508
1351	Koduntharapully B.O		Palakkad	KERALA	Palakkad	\N	\N	678004
1352	Kollengode R.S. B.O		Palakkad	KERALA	Chittur	\N	\N	678506
1353	Kollengode West B.O		Palakkad	KERALA	Chittur	\N	\N	678506
1354	Koranchira B.O		Palakkad	KERALA	Alathur	\N	\N	678684
1355	Mannapra S.O		Palakkad	KERALA	Alathur	\N	\N	678685
1356	Mathur PG S.O		Palakkad	KERALA	Alathur	\N	\N	678571
1357	Nurani Agraharam B.O		Palakkad	KERALA	Palakkad	\N	\N	678004
1358	Olavakkot H.O		Palakkad	KERALA	Palakkad	\N	\N	678002
1359	Pallavur S.O		Palakkad	KERALA	Alathur	\N	\N	678688
1360	Pudusseri B.O		Palakkad	KERALA	Palakkad	\N	\N	678623
1361	Rvp Pudur B.O		Palakkad	KERALA	Chittur	\N	\N	678555
1362	Thekkepotta B.O		Palakkad	KERALA	Alathur	\N	\N	678687
1363	Vadasseri B.O		Palakkad	KERALA	Palakkad	\N	\N	678641
1364	Vandithavalam S.O		Palakkad	KERALA	Chittur	\N	\N	678534
1365	Vilayannur B.O		Palakkad	KERALA	Alathur	\N	\N	678671
1366	Vilayodi B.O		Palakkad	KERALA	Chittur	\N	\N	678103
1367	Anamari B.O		Palakkad	KERALA	Chittur	\N	\N	678506
1368	Athicode B.O		Palakkad	KERALA	Chittur	\N	\N	678554
1369	Chennangad B.O		Palakkad	KERALA	Alathur	\N	\N	678573
1370	Chittadi B.O		Palakkad	KERALA	Alathur	\N	\N	678706
1371	Chittur College S.O		Palakkad	KERALA	Palakkad	\N	\N	678104
1372	Erattakulam Alathur B.O		Palakkad	KERALA	Alathur	\N	\N	678682
1373	Govindapuram B.O		Palakkad	KERALA	Alathur	\N	\N	678507
1374	Kallur-palakkad B.O		Palakkad	KERALA	Palakkad	\N	\N	678613
1375	Kariyamkode B.O		Palakkad	KERALA	Alathur	\N	\N	678572
1376	Kazhani B.O		Palakkad	KERALA	Alathur	\N	\N	678543
1377	Kilakkancheri S.O		Palakkad	KERALA	Alathur	\N	\N	678684
1378	Kollengode S.O		Palakkad	KERALA	Chittur	\N	\N	678506
1379	Kongad S.O		Palakkad	KERALA	Palakkad	\N	\N	678631
1380	Mankarai R.S. B.O		Palakkad	KERALA	Palakkad	\N	\N	678613
1381	Meenakshipuram S.O		Palakkad	KERALA	Chittur	\N	\N	678533
1382	Mundur Palakkad S.O		Palakkad	KERALA	Palakkad	\N	\N	678592
1383	Nagaripuram B.O		Palakkad	KERALA	Palakkad	\N	\N	678642
1384	Nattukal S.O		Palakkad	KERALA	Chittur	\N	\N	678554
1385	Nochulli B.O		Palakkad	KERALA	Alathur	\N	\N	678702
1386	Nochupulli B.O		Palakkad	KERALA	Palakkad	\N	\N	678592
1387	Nurani S.O		Palakkad	KERALA	Palakkad	\N	\N	678004
1388	Olivemount B.O		Palakkad	KERALA	Alathur	\N	\N	678702
1389	Padur-Kavasseri B.O		Palakkad	KERALA	Alathur	\N	\N	678543
1390	Palakkad College S.O		Palakkad	KERALA	Palakkad	\N	\N	678001
1391	Pallanchathanur B.O		Palakkad	KERALA	Alathur	\N	\N	678571
1392	Parassikkal B.O		Palakkad	KERALA	Chittur	\N	\N	678556
1393	Paruthipulli S.O		Palakkad	KERALA	Alathur	\N	\N	678573
1394	Paruvasseri B.O		Palakkad	KERALA	Alathur	\N	\N	678686
1395	Perinkulam S.O		Palakkad	KERALA	Alathur	\N	\N	678542
1396	Pirayiri B.O		Palakkad	KERALA	Palakkad	\N	\N	678004
1397	Polpulli S.O		Palakkad	KERALA	Palakkad	\N	\N	678552
1398	Pulinelly B.O		Palakkad	KERALA	Alathur	\N	\N	678572
1399	Sitharkunda B.O		Palakkad	KERALA	Chittur	\N	\N	678508
1400	Tattamangalam South S.O		Palakkad	KERALA	Chittur	\N	\N	678102
1401	Thannilapuram B.O		Palakkad	KERALA	Alathur	\N	\N	678682
1402	Vadakanthara S.O		Palakkad	KERALA	Palakkad	\N	\N	678012
1403	Vandali S.O		Palakkad	KERALA	Alathur	\N	\N	678706
1404	Vattekkad B.O		Palakkad	KERALA	Chittur	\N	\N	678506
1405	Vengodi B.O		Palakkad	KERALA	Palakkad	\N	\N	678622
1406	Chittur PG S.O		Palakkad	KERALA	Palakkad	\N	\N	678101
1407	Erimayur S.O		Palakkad	KERALA	Alathur	\N	\N	678546
1408	Eruttenpadi B.O		Palakkad	KERALA	Chittur	\N	\N	678555
1409	Kakkayur S.O		Palakkad	KERALA	Chittur	\N	\N	678512
1410	Kallekulangara S.O		Palakkad	KERALA	Palakkad	\N	\N	678009
1411	Kannimari B.O		Palakkad	KERALA	Chittur	\N	\N	678534
1412	Koduvayur S.O		Palakkad	KERALA	Palakkad	\N	\N	678501
1413	Kozhinjampara S.O		Palakkad	KERALA	Palakkad	\N	\N	678555
1414	Kundalasseri B.O		Palakkad	KERALA	Palakkad	\N	\N	678641
1415	Kunnathurmedu S.O		Palakkad	KERALA	Palakkad	\N	\N	678013
1416	Malampuzha Dam S.O		Palakkad	KERALA	Palakkad	\N	\N	678651
1417	Mankarai S.O		Palakkad	KERALA	Palakkad	\N	\N	678613
1418	Mudappallur S.O		Palakkad	KERALA	Alathur	\N	\N	678705
1419	Nallepilly S.O		Palakkad	KERALA	Chittur	\N	\N	678553
1420	Nanniode B.O		Palakkad	KERALA	Chittur	\N	\N	678534
1421	Nemmara Old Village B.O		Palakkad	KERALA	Chittur	\N	\N	678508
1422	Nenmeni B.O		Palakkad	KERALA	Chittur	\N	\N	678506
1423	Newkalpathy B.O		Palakkad	KERALA	Palakkad	\N	\N	678003
1424	Panangattiri B.O		Palakkad	KERALA	Chittur	\N	\N	678506
1425	Panayur B.O		Palakkad	KERALA	Palakkad	\N	\N	678552
1426	Parasseri B.O		Palakkad	KERALA	Palakkad	\N	\N	678631
1427	Ramasseri B.O		Palakkad	KERALA	Palakkad	\N	\N	678622
1428	Tadukkasseri B.O		Palakkad	KERALA	Palakkad	\N	\N	678641
1429	Walayar Dam S.O		Palakkad	KERALA	Palakkad	\N	\N	678624
1430	Alampallam B.O		Palakkad	KERALA	Chittur	\N	\N	678506
1431	Athipotta B.O		Palakkad	KERALA	Alathur	\N	\N	678544
1432	Cherukulam B.O		Palakkad	KERALA	Alathur	\N	\N	678572
1433	Elavampadam B.O		Palakkad	KERALA	Alathur	\N	\N	678684
1434	Kallekkad B.O		Palakkad	KERALA	Palakkad	\N	\N	678006
1435	Kallepulli B.O		Palakkad	KERALA	Palakkad	\N	\N	678005
1436	Kanjikode Ind. Estate B.O		Palakkad	KERALA	Palakkad	\N	\N	678621
1437	Kotambu S.O		Palakkad	KERALA	Palakkad	\N	\N	678551
1438	Kottayi S.O		Palakkad	KERALA	Alathur	\N	\N	678572
1439	Nambullipura B.O		Palakkad	KERALA	Palakkad	\N	\N	678592
1440	Nemmara College B.O		Palakkad	KERALA	Chittur	\N	\N	678508
1441	Palaniyarpalayam B.O		Palakkad	KERALA	Chittur	\N	\N	678555
1442	Pallassana S.O		Palakkad	KERALA	Chittur	\N	\N	678505
1443	Pallipuram PG S.O		Palakkad	KERALA	Palakkad	\N	\N	678006
1444	Puduppariyaram S.O		Palakkad	KERALA	Palakkad	\N	\N	678731
1445	Tenur B.O		Palakkad	KERALA	Palakkad	\N	\N	678612
1446	Thachangad B.O		Palakkad	KERALA	Alatur	\N	\N	678571
1447	Thiruvaliad B.O		Palakkad	KERALA	Alatur	\N	\N	678510
1448	Vallikkode B.O		Palakkad	KERALA	Palakkad	\N	\N	678594
1449	Vavulliapuram B.O		Palakkad	KERALA	Alathur	\N	\N	678543
1450	Vemballur B.O		Palakkad	KERALA	Alatur	\N	\N	678502
1451	Anjumoorthy S.O		Palakkad	KERALA	Alathur	\N	\N	678682
1452	Chandramala Estate B.O		Palakkad	KERALA	Chittur	\N	\N	678508
1453	Cheramangalam B.O		Palakkad	KERALA	Alathur	\N	\N	678703
1454	Cheraya B.O		Palakkad	KERALA	Palakkad	\N	\N	678631
1455	Eduppukulam B.O		Palakkad	KERALA	Palakkad	\N	\N	678556
1456	Elapulli S.O		Palakkad	KERALA	Palakkad	\N	\N	678622
1457	Erattakulam B.O		Palakkad	KERALA	Chittur	\N	\N	678622
1458	Kairady B.O		Palakkad	KERALA	Alatur	\N	\N	678510
1459	Kalpathi S.O		Palakkad	KERALA	Palakkad	\N	\N	678003
1460	Kannambra S.O		Palakkad	KERALA	Alathur	\N	\N	678686
1461	Karippode B.O		Palakkad	KERALA	Palakkad	\N	\N	678503
1462	Kavasseri S.O		Palakkad	KERALA	Alathur	\N	\N	678543
1463	Kinasseri B.O		Palakkad	KERALA	Palakkad	\N	\N	678701
1464	Koottala B.O		Palakkad	KERALA	Alathur	\N	\N	678681
1465	Mannur West B.O		Palakkad	KERALA	Palakkad	\N	\N	678642
1466	Menonpara S.O		Palakkad	KERALA	Palakkad	\N	\N	678556
1467	Padagiri B.O		Palakkad	KERALA	Chittur	\N	\N	678508
1468	Palakkad Collectorate S.O		Palakkad	KERALA	Palakkad	\N	\N	678001
1469	Pampampallam B.O		Palakkad	KERALA	Palakkad	\N	\N	678621
1470	Payyalur B.O		Palakkad	KERALA	Chittur	\N	\N	678506
1471	Peringottukurussi S.O		Palakkad	KERALA	Alathur	\N	\N	678574
1472	Pothundy Dam B.O		Palakkad	KERALA	Chittur	\N	\N	678508
1473	Pudiyankam S.O		Palakkad	KERALA	Alathur	\N	\N	678545
1474	Tarur B.O		Palakkad	KERALA	Alathur	\N	\N	678544
1475	Thekkegramam S.O		Palakkad	KERALA	Chittur	\N	\N	678103
1476	Vadakkancherry MBR S.O		Palakkad	KERALA	Alathur	\N	\N	678683
1477	Vallanghy B.O		Palakkad	KERALA	Chittur	\N	\N	678508
1478	Vannamada B.O		Palakkad	KERALA	Palakkad	\N	\N	678555
1479	Ambayathode B.O		Kannur	KERALA	Thalassery	\N	\N	670651
1480	Anjukunnu B.O		Wayanad	KERALA	Mananthavady	\N	\N	670645
1481	Cheruparamba B.O		Kannur	KERALA	Thalassery	\N	\N	670693
1482	Dharmadam S.O		Kannur	KERALA	Thalasery	\N	\N	670106
1483	Elangot B.O		Kannur	KERALA	Thalassery	\N	\N	670692
1484	Kampatti B.O		Wayanad	KERALA	Mananthavady	\N	\N	670644
1485	Kappattumala B.O		Wayanad	KERALA	Mananthavady	\N	\N	670644
1486	Keezhpalli B.O		Kannur	KERALA	Thalassery	\N	\N	670704
1487	Kellur B.O		Wayanad	KERALA	Mananthavady	\N	\N	670645
1488	Kolari B.O		Kannur	KERALA	Thalassery	\N	\N	670702
1489	Manantheri B.O		Kannur	KERALA	Thalassery	\N	\N	670643
1490	Melur-tly B.O		Kannur	KERALA	Thalassery	\N	\N	670661
1491	Mundayamparamba B.O		Kannur	KERALA	Thalassery	\N	\N	670704
1492	Nadavayal B.O		Wayanad	KERALA	Sulthanbathery	\N	\N	670721
1493	Neerveli B.O		Kannur	KERALA	Thalassery	\N	\N	670701
1494	Palaparamba B.O		Kannur	KERALA	Thalassery	\N	\N	670701
1495	Payam East B.O		Kannur	KERALA	Thalassery	\N	\N	670704
1496	Peringadi S.O		Kannur	KERALA	NA	\N	\N	673312
1497	Poyilur B.O		Kannur	KERALA	Thalassery	\N	\N	670693
1498	Temple Gate S.O		Kannur	KERALA	Thalassery	\N	\N	670102
1499	Thalassery Courts S.O		Kannur	KERALA	Thalassery	\N	\N	670101
1500	Thondernadu B.O		Wayanad	KERALA	Manantahvady	\N	\N	670731
1501	Tirunelli Temple B.O		Wayanad	KERALA	Mananthavady	\N	\N	670646
1502	Uliyil B.O		Kannur	KERALA	Thalassery	\N	\N	670702
1503	Ummenchira S.O		Kannur	KERALA	Thalassery	\N	\N	670649
1504	Valery B.O		Wayanad	KERALA	Mananthavady	\N	\N	670645
1505	Vallat B.O		Wayanad	KERALA	Mananthavady	\N	\N	670644
1506	Varayal B.O		Wayanad	KERALA	Mananthavady	\N	\N	670644
1507	Vattiamthode B.O		Kannur	KERALA	Taliparamba	\N	\N	670705
1508	Vemom B.O		Wayanad	KERALA	Mananthavady	\N	\N	670645
1509	Aralam B.O		Kannur	KERALA	Thalassery	\N	\N	670704
1510	Bavali B.O		Wayanad	KERALA	Mananthavady	\N	\N	670646
1511	Cherakkara S.O		Kannur	KERALA	Thalassery	\N	\N	670104
1512	Cherukattoor B.O		Wayanad	KERALA	Mananthavady	\N	\N	670721
1513	Cheruvancheri B.O		Kannur	KERALA	Thalassery	\N	\N	670650
1514	Chettiamparamba B.O		Kannur	KERALA	Thalassery	\N	\N	670674
1515	Chunkakunnu B.O		Kannur	KERALA	Thalassery	\N	\N	670651
1516	Iritty S.O		Kannur	KERALA	Thalassery	\N	\N	670703
1517	Kadavathur S.O		Kannur	KERALA	Thalassery	\N	\N	670676
1518	Kalluvayal B.O		Kannur	KERALA	Taliparamba	\N	\N	670703
1519	Kammana B.O		Wayanad	KERALA	Mananthavady	\N	\N	670645
1520	Kanichar B.O		Kannur	KERALA	Thalassery	\N	\N	670674
1521	Kannavam Colony B.O		Kannur	KERALA	Thalassery	\N	\N	670650
1522	Kartikulam S.O		Wayanad	KERALA	Mananthavady	\N	\N	670646
1523	Keecheri B.O		Kannur	KERALA	Thalassery	\N	\N	670702
1524	Kidanhi B.O		Kannur	KERALA	Thalassery	\N	\N	670675
1525	Kizhakke Kadirur B.O		Kannur	KERALA	Thalassery	\N	\N	670642
1526	Kolakkad B.O		Kannur	KERALA	Thalassery	\N	\N	670673
1527	Kottarakunnu B.O		Wayanad	KERALA	Mananthavady	\N	\N	670731
1528	Malayampadi B.O		Kannur	KERALA	Thalassery	\N	\N	670674
1529	Malur B.O		Kannur	KERALA	Thalassery	\N	\N	670702
1530	Mambram B.O		Kannur	KERALA	Thalasery	\N	\N	670741
1531	Mekkunnu B.O		Kannur	KERALA	NA	\N	\N	670675
1532	Melmuringodi B.O		Kannur	KERALA	Thalassery	\N	\N	670673
1533	Mokeri B.O		Kannur	KERALA	Thalassery	\N	\N	670692
1534	Pachapoika B.O		Kannur	KERALA	Thalassery	\N	\N	670643
1535	Peringathur S.O		Kannur	KERALA	Thalassery	\N	\N	670675
1536	Thalassery H.O		Kannur	KERALA	Thalassery	\N	\N	670101
1537	Thettamala B.O		Wayanad	KERALA	Mananthavady	\N	\N	670731
1538	Ulikkal S.O		Kannur	KERALA	Taliparamba	\N	\N	670705
1539	Uruvachal B.O		Kannur	KERALA	Thalasery	\N	\N	670702
1540	Veerpad B.O		Kannur	KERALA	Thalassery	\N	\N	670704
1541	Vellunni B.O		Kannur	KERALA	Thalassery	\N	\N	670674
1542	Vilakkode B.O		Kannur	KERALA	Thalassery	\N	\N	670703
1543	Alattil B.O		Wayanad	KERALA	Mananthavady	\N	\N	670644
1544	Arinjerummal B.O		Wayanad	KERALA	Mananthavady	\N	\N	670721
1545	Champad S.O		Kannur	KERALA	Thalassery	\N	\N	670694
1546	Kacherikadavu B.O		Kannur	KERALA	Thalassery	\N	\N	670706
1547	Kadambur-kannur B.O		Kannur	KERALA	Kannur	\N	\N	670663
1548	Kadirur-tly S.O		Kannur	KERALA	Thalassery	\N	\N	670642
1549	Kannoth B.O		Kannur	KERALA	Thalassery	\N	\N	670650
1550	Kariyad South S.O		Kannur	KERALA	Thalassery	\N	\N	673316
1551	Kavumbhagam B.O		Kannur	KERALA	Thalassery	\N	\N	670649
1552	Kelakam S.O		Kannur	KERALA	Thalassery	\N	\N	670674
1553	Koomanthode B.O		Kannur	KERALA	Thalassery	\N	\N	670704
1554	Koorara B.O		Kannur	KERALA	Thalassery	\N	\N	670694
1555	Kottayam Malabar B.O		Kannur	KERALA	Thalassery	\N	\N	670643
1556	Kunhome B.O		Wayanad	KERALA	Mananthavady	\N	\N	670731
1557	Kunnamangalam Wayanad B.O		Wayanad	KERALA	Mananthavady	\N	\N	670645
1558	Makkiad B.O		Wayanad	KERALA	Mananthavady	\N	\N	670731
1559	Manikkadavu B.O		Kannur	KERALA	Taliparamba	\N	\N	670705
1560	Mattanur College B.O		Kannur	KERALA	Thalassery	\N	\N	670702
1561	Muzhappilangad S.O		Kannur	KERALA	Thalassery	\N	\N	670662
1562	Nirmalagiri S.O		Kannur	KERALA	Thalassery	\N	\N	670701
1563	Padiyur-kannur B.O		Kannur	KERALA	Thalassery	\N	\N	670703
1564	Palayad S.O		Kannur	KERALA	Thalassery	\N	\N	670661
1565	Pathiriyad B.O		Kannur	KERALA	Thalassery	\N	\N	670741
1566	Perumpunna B.O		Kannur	KERALA	Thalassery	\N	\N	670673
1567	Ponniam B.O		Kannur	KERALA	Thalassery	\N	\N	670641
1568	Pukkot-kba B.O		Kannur	KERALA	Thalassery	\N	\N	670691
1569	Punnol B.O		Kannur	KERALA	Thalassery	\N	\N	670102
1570	Tholambra B.O		Kannur	KERALA	Thalassery	\N	\N	670673
1571	Thuvakunnu S.O		Kannur	KERALA	Thalassery	\N	\N	670693
1572	Vadakkumbad B.O		Kannur	KERALA	Thalassery	\N	\N	670105
1573	Alacherry B.O		Kannur	KERALA	Thalassery	\N	\N	670650
1574	Angadikadavu B.O		Kannur	KERALA	Thalassery	\N	\N	670706
1575	Arabi B.O		Kannur	KERALA	Taliparamba	\N	\N	670705
1576	Atakkathode B.O		Kannur	KERALA	Thalassery	\N	\N	670674
1577	Ellumannam B.O		Wayanad	KERALA	Mananthavady	\N	\N	670645
1578	Kattayad B.O		Wayanad	KERALA	Mananthavady	\N	\N	670731
1579	Keezhur-iritty B.O		Kannur	KERALA	Thalassery	\N	\N	670703
1580	Naduvanad B.O		Kannur	KERALA	Thalassery	\N	\N	670702
1581	Nettur S.O (Kannur)		Kannur	KERALA	Thalassery	\N	\N	670105
1582	Nirvaram B.O		Wayanad	KERALA	Mananthavady	\N	\N	670721
1583	Nuchiyad B.O		Kannur	KERALA	Taliparamba	\N	\N	670705
1584	Panavally B.O		Wayanad	KERALA	Mananthavady	\N	\N	670646
1585	Panniyannur B.O		Kannur	KERALA	Thalassery	\N	\N	670671
1586	Pazhassiraja Nagar B.O		Kannur	KERALA	Thalassery	\N	\N	670702
1587	Peruva B.O		Kannur	KERALA	Thalassery	\N	\N	670650
1588	Randamkadavu B.O		Kannur	KERALA	Thalassery	\N	\N	670706
1589	Thrissileri B.O		Wayanad	KERALA	Mananthavady	\N	\N	670646
1590	Tiruvangad S.O		Kannur	KERALA	Thalassery	\N	\N	670103
1591	Vayannur B.O		Kannur	KERALA	Thalassery	\N	\N	670650
1592	Vellarvelly B.O		Kannur	KERALA	Thalassery	\N	\N	670673
1593	Vilakkottur B.O		Kannur	KERALA	Thalassery	\N	\N	670693
1594	Aniyaram B.O		Kannur	KERALA	NA	\N	\N	670672
1595	Chalil S.O		Kannur	KERALA	Thalassery	\N	\N	670102
1596	Chavasseri B.O		Kannur	KERALA	Thalassery	\N	\N	670702
1597	Cherakkara(wayanad) B.O		Wayanad	KERALA	Mananthavady	\N	\N	670644
1598	Kallikandy B.O		Kannur	KERALA	Thalassery	\N	\N	670693
1599	Kolayad B.O		Kannur	KERALA	Thalassery	\N	\N	670650
1600	Kottayampoil B.O		Kannur	KERALA	Thalassery	\N	\N	670691
1601	Kuttikkakam B.O		Kannur	KERALA	Kannur	\N	\N	670663
1602	Moozhikkara B.O		Kannur	KERALA	Thalassery	\N	\N	670103
1603	Panamaram S.O		Wayanad	KERALA	Mananthavady	\N	\N	670721
1604	Panoor S.O		Kannur	KERALA	Thalassery	\N	\N	670692
1605	Paral S.O		Kannur	KERALA	Thalassery	\N	\N	670671
1606	Parikkalam B.O		Kannur	KERALA	Taliparamba	\N	\N	670705
1607	Payyampalli B.O		Wayanad	KERALA	Mananthavady	\N	\N	670646
1608	Perinkeri B.O		Kannur	KERALA	Thalassery	\N	\N	670706
1609	Pinarayi S.O		Kannur	KERALA	Thalassery	\N	\N	670741
1610	Porur(wayanad) B.O		Wayanad	KERALA	Mananthavady	\N	\N	670644
1611	Pullookkara B.O		Kannur	KERALA	Thalassery	\N	\N	670672
1612	Punnad B.O		Kannur	KERALA	Thalassery	\N	\N	670703
1613	Tavinhal B.O		Wayanad	KERALA	Mananthavady	\N	\N	670644
1614	Thondiyil B.O		Kannur	KERALA	Thalassery	\N	\N	670673
1615	Tirunelli B.O		Wayanad	KERALA	Manantahvady	\N	\N	670646
1616	Vellamunda S.O		Wayanad	KERALA	Mananthavady	\N	\N	670731
1617	Echchome B.O		Wayanad	KERALA	Mananthavady	\N	\N	670721
1618	Etakkad S.O		Kannur	KERALA	Kannur	\N	\N	670663
1619	Kakkengad B.O		Kannur	KERALA	Thalassery	\N	\N	670673
1620	Kalanki B.O		Kannur	KERALA	Taliparamba	\N	\N	670705
1621	Karakkamala B.O		Wayanad	KERALA	Mananthavady	\N	\N	670645
1622	Kayakunnu B.O		Wayanad	KERALA	Sulthanbathery	\N	\N	670721
1623	Kayani B.O		Kannur	KERALA	Thalassery	\N	\N	670702
1624	Koottupuzha B.O		Kannur	KERALA	Taliparamba	\N	\N	670706
1625	Kottiyur S.O		Kannur	KERALA	Thalassery	\N	\N	670651
1626	Kuthuparamba S.O		Kannur	KERALA	Thalassery	\N	\N	670643
1627	Mooriyad B.O		Kannur	KERALA	Thalassery	\N	\N	670643
1628	Mudiyanga B.O		Kannur	KERALA	Thalassery	\N	\N	670691
1629	Mundakutty B.O		Wayanad	KERALA	Vythiri	\N	\N	670645
1630	Narikkodmala B.O		Kannur	KERALA	Thalassery	\N	\N	670693
1631	Olavilam S.O		Kannur	KERALA	NA	\N	\N	673313
1632	Pathayakunnu S.O		Kannur	KERALA	Thalassery	\N	\N	670691
1633	Perundattil B.O		Kannur	KERALA	Thalassery	\N	\N	670107
1634	Pilakavu B.O		Wayanad	KERALA	Mananthavady	\N	\N	670645
1635	Poolakutty B.O		Kannur	KERALA	Thalassery	\N	\N	670650
1636	Porora B.O		Kannur	KERALA	Thalassery	\N	\N	670702
1637	Pudusserikadavu B.O		Wayanad	KERALA	Mananthavady	\N	\N	670645
1638	Santhigiri B.O		Kannur	KERALA	Thalassery	\N	\N	670674
1639	Ambilat B.O		Kannur	KERALA	Thalasseery	\N	\N	670701
1640	Aralam Farm B.O		Kannur	KERALA	Thalassery	\N	\N	670673
1641	Ayithara Mambram B.O		Kannur	KERALA	Thalassery	\N	\N	670643
1642	Chittariparamba S.O		Kannur	KERALA	Thalassery	\N	\N	670650
1643	Chokli S.O		Kannur	KERALA	NA	\N	\N	670672
1644	Edapuzha B.O		Kannur	KERALA	Thalassery	\N	\N	670704
1645	Edavaka B.O		Wayanad	KERALA	Mananthavady	\N	\N	670645
1646	Eruvatty B.O		Kannur	KERALA	Thalassery	\N	\N	670642
1647	Kanhileri B.O		Kannur	KERALA	Thalassery	\N	\N	670702
1648	Mallannur B.O		Kannur	KERALA	Thalassery	\N	\N	670701
1649	Mananthavady S.O		Wayanad	KERALA	Mananthavady	\N	\N	670645
1650	Mangattidam B.O		Kannur	KERALA	Thalassery	\N	\N	670643
1651	Mattanur S.O		Kannur	KERALA	Thalassery	\N	\N	670702
1652	New Mahe S.O		Kannur	KERALA	Thalassery	\N	\N	673311
1653	Payam S.O		Kannur	KERALA	Thalassery	\N	\N	670704
1654	Periya B.O		Wayanad	KERALA	Mananthavady	\N	\N	670644
1655	Puthur-panoor B.O		Kannur	KERALA	Thalassery	\N	\N	670692
1656	Sankaranellur B.O		Kannur	KERALA	Thalassery	\N	\N	670643
1657	Sivapuram B.O		Kannur	KERALA	Thalassery	\N	\N	670702
1658	Thalappuzha S.O		Wayanad	KERALA	Mananthavady	\N	\N	670644
1659	Thalassery Bazar S.O		Kannur	KERALA	Thalassery	\N	\N	670101
1660	Vanhode B.O		Wayanad	KERALA	Mananthavady	\N	\N	670731
1661	Vayalalam B.O		Kannur	KERALA	Thalassery	\N	\N	670671
1662	Velimanam B.O		Kannur	KERALA	Thalassery	\N	\N	670704
1663	Vimalanagar B.O		Wayanad	KERALA	Mananthavady	\N	\N	670645
1664	Arattuthara B.O		Wayanad	KERALA	Mananthavady	\N	\N	670645
1665	Charal B.O		Kannur	KERALA	Thalassery	\N	\N	670706
1666	Chendayad B.O		Kannur	KERALA	Thalassery	\N	\N	670692
1667	Eranholi S.O		Kannur	KERALA	Thalassery	\N	\N	670107
1668	Kara- Peravoor B.O		Kannur	KERALA	Thalassery	\N	\N	670702
1669	Kiliyanthara S.O		Kannur	KERALA	Thalassery	\N	\N	670706
1670	Kolithattu B.O		Kannur	KERALA	Taliparamba	\N	\N	670706
1671	Kurichiyil B.O		Kannur	KERALA	Thalassery	\N	\N	670102
1672	Madathil B.O		Kannur	KERALA	Thalassery	\N	\N	670703
1673	Manathana B.O		Kannur	KERALA	Thalassery	\N	\N	670674
1674	Manippara B.O		Kannur	KERALA	Taliparamba	\N	\N	670705
1675	Mattilayam B.O		Wayanad	KERALA	Mananthavady	\N	\N	670731
1676	Muzhakunnu B.O		Kannur	KERALA	Thalassery	\N	\N	670673
1677	Nallurnad B.O		Wayanad	KERALA	Mananthavady	\N	\N	670645
1678	Nedumpoil B.O		Kannur	KERALA	Thalassery	\N	\N	670650
1679	Parapram B.O		Kannur	KERALA	Thalassery	\N	\N	670741
1680	Peravoor S.O		Kannur	KERALA	Thalassery	\N	\N	670673
1681	Ponniam West S.O		Kannur	KERALA	Thalassery	\N	\N	670641
1682	Pudusseri B.O		Wayanad	KERALA	Mananthavady	\N	\N	670645
1683	Puliyanambram B.O		Kannur	KERALA	Thalassery	\N	\N	670675
1684	Tharuvana B.O		Wayanad	KERALA	Mananthavady	\N	\N	670645
1685	Thillenkeri B.O		Kannur	KERALA	Thalassery	\N	\N	670702
1686	Tholpetty B.O		Wayanad	KERALA	Mananthavady	\N	\N	670646
1687	Ariyallur S.O		Malappuram	KERALA	Tirurangadi	\N	\N	676312
1688	Chamravattom B.O		Malappuram	KERALA	Tirur	\N	\N	676102
1689	Indianur B.O		Malappuram	KERALA	Tirur	\N	\N	676503
1690	Karippol B.O		Malappuram	KERALA	Tirur	\N	\N	676552
1691	Karthala B.O		Malappuram	KERALA	Tirur	\N	\N	679571
1692	Kavancheri B.O		Malappuram	KERALA	Tirur	\N	\N	676561
1693	Kooriyad B.O		Malappuram	KERALA	Tirurangadi	\N	\N	676306
1694	Kuttippala B.O		Malappuram	KERALA	Tirur	\N	\N	676501
1695	Mampuram B.O		Malappuram	KERALA	Tirurangadi	\N	\N	676306
1696	Mudur B.O		Malappuram	KERALA	Ponnani	\N	\N	679578
1697	Naduvattom B.O		Malappuram	KERALA	Tirur	\N	\N	679571
1698	Omachapuzha B.O		Malappuram	KERALA	Tirur	\N	\N	676320
1699	Othukkungal S.O		Malappuram	KERALA	Tirur	\N	\N	676528
1700	Padinharekkara B.O		Malappuram	KERALA	Tirur	\N	\N	676562
1701	Panangattur B.O		Malappuram	KERALA	Tirur	\N	\N	676302
1702	Paravanna S.O		Malappuram	KERALA	Tirur	\N	\N	676502
1703	Perumparamba B.O		Malappuram	KERALA	Ponnani	\N	\N	679576
1704	Ponani Nagaram S.O		Malappuram	KERALA	Ponnani	\N	\N	679583
1705	Ponmundam S.O		Malappuram	KERALA	Tirur	\N	\N	676106
1706	Puduppalli B.O		Malappuram	KERALA	Tirur	\N	\N	676102
1707	Randathani S.O		Malappuram	KERALA	Tirur	\N	\N	676510
1708	Tanur Nagaram B.O		Malappuram	KERALA	Tirur	\N	\N	676302
1709	Thalakkadathur S.O		Malappuram	KERALA	Tirur	\N	\N	676103
1710	Vadakkumbram B.O		Malappuram	KERALA	Tirur	\N	\N	676552
1711	Valiyora B.O		Malappuram	KERALA	Tirurangadi	\N	\N	676304
1712	Velimukku South B.O		Malappuram	KERALA	Tirurangadi	\N	\N	676317
1713	Ananthavur B.O		Malappuram	KERALA	Tirur	\N	\N	676301
1714	Athalur B.O		Malappuram	KERALA	Ponnani	\N	\N	679573
1715	Ayilakkad B.O		Malappuram	KERALA	Ponnani	\N	\N	679576
1716	Bettath Pudiangadi S.O		Malappuram	KERALA	Tirur	\N	\N	676102
1717	Chengottur B.O		Malappuram	KERALA	Tirur	\N	\N	676503
1718	Chennara B.O		Malappuram	KERALA	Tirur	\N	\N	676561
1719	Kannattipadi B.O		Malappuram	KERALA	Tirurangadi	\N	\N	676304
1720	Keraladheeswarapuram B.O		Malappuram	KERALA	Tirur	\N	\N	676307
1721	Kurumbathur B.O		Malappuram	KERALA	Tirur	\N	\N	676301
1722	Mangattiri B.O		Malappuram	KERALA	Tirur	\N	\N	676105
1723	Nannamukku South B.O		Malappuram	KERALA	Ponnani	\N	\N	679575
1724	Nariparamba B.O		Malappuram	KERALA	Ponnani	\N	\N	679573
1725	Ozhur B.O		Malappuram	KERALA	Tirur	\N	\N	676307
1726	Pachattiri B.O		Malappuram	KERALA	Tirur	\N	\N	676105
1727	Parammalangadi B.O		Malappuram	KERALA	Tirur	\N	\N	676551
1728	Parpanangadi S.O		Malappuram	KERALA	Tirurangadi	\N	\N	676303
1729	Pathayakallu B.O		Malappuram	KERALA	Tirur	\N	\N	676553
1730	Perasannur B.O		Malappuram	KERALA	Tirur	\N	\N	679571
1731	Pidavannur B.O		Malappuram	KERALA	Ponnani	\N	\N	679574
1732	Ponmala B.O		Malappuram	KERALA	Tirur	\N	\N	676528
1733	Pookayil Bazar S.O		Malappuram	KERALA	Tirur	\N	\N	676107
1734	Poyilisseri B.O		Malappuram	KERALA	Tirur	\N	\N	676102
1735	Tanur-MBR S.O		Malappuram	KERALA	Tirur	\N	\N	676302
1736	Valakolam S.O		Malappuram	KERALA	Tirurangadi	\N	\N	676508
1737	Valancheri S.O		Malappuram	KERALA	Tirur	\N	\N	676552
1738	Vettom-pallippuram B.O		Malappuram	KERALA	Tirur	\N	\N	676102
1739	Alankode S.O		Malappuram	KERALA	Ponani	\N	\N	679585
1740	Alathiyur B.O		Malappuram	KERALA	Tirur	\N	\N	676102
1741	Anjapura B.O		Malappuram	KERALA	Tirurangadi	\N	\N	676303
1742	Cherur B.O		Malappuram	KERALA	Tirurangadi	\N	\N	676304
1743	Chettipadi S.O		Malappuram	KERALA	Tirurangadi	\N	\N	676319
1744	Chullippara B.O		Malappuram	KERALA	Tirurangadi	\N	\N	676508
1745	Codacal B.O		Malappuram	KERALA	Tirur	\N	\N	676108
1746	Irimbiliyam S.O		Malappuram	KERALA	Tirur	\N	\N	679572
1747	Kadavanad B.O		Malappuram	KERALA	Ponani	\N	\N	679586
1748	Kalpakancheri S.O		Malappuram	KERALA	Tirur	\N	\N	676551
1749	Kotakkad B.O		Malappuram	KERALA	Tirurangadi	\N	\N	676319
1750	Kuttayi S.O		Malappuram	KERALA	Tirur	\N	\N	676562
1751	Kuttippuram S.O		Malappuram	KERALA	Tirur	\N	\N	679571
1752	Meenadathur B.O		Malappuram	KERALA	Tirur	\N	\N	676307
1753	Olakara B.O		Malappuram	KERALA	Tirurangadi	\N	\N	676306
1754	Parambilpeedika B.O		Malappuram	KERALA	Tirurangadi	\N	\N	676317
1755	Pazhur B.O		Malappuram	KERALA	Tirur	\N	\N	679571
1756	Ponani H.O		Malappuram	KERALA	Ponnani	\N	\N	679577
1757	Ullanam North B.O		Malappuram	KERALA	Tirurangadi	\N	\N	676303
1758	Vengalur B.O		Malappuram	KERALA	Tirur	\N	\N	676102
1759	Venniyur B.O		Malappuram	KERALA	Tirurangadi	\N	\N	676508
1760	Kadancheri B.O		Malappuram	KERALA	Ponnani	\N	\N	679582
1761	Kanmanam-thekkummuri B.O		Malappuram	KERALA	Tirur	\N	\N	676551
1762	Karekkad B.O		Malappuram	KERALA	Tirur	\N	\N	676553
1763	Kokkur S.O		Malappuram	KERALA	Ponnani	\N	\N	679591
1764	Kuttippuram-kottakkal B.O		Malappuram	KERALA	Tirur	\N	\N	676503
1765	Mangalam-MLP S.O		Malappuram	KERALA	Tirur	\N	\N	676561
1766	Marakkara B.O		Malappuram	KERALA	Tirur	\N	\N	676553
1767	Mookkuthala S.O		Malappuram	KERALA	Ponnani	\N	\N	679574
1768	Moonniyur South B.O		Malappuram	KERALA	Tirurangadi	\N	\N	676311
1769	Niramaruthur S.O		Malappuram	KERALA	Tirur	\N	\N	676109
1770	Payinkanniyur B.O		Malappuram	KERALA	Tirur	\N	\N	679571
1771	Purathur B.O		Malappuram	KERALA	Tirur	\N	\N	676102
1772	Thennala B.O		Malappuram	KERALA	Tirurangadi	\N	\N	676508
1773	Tirunavaya S.O		Malappuram	KERALA	Tirur	\N	\N	676301
1774	Tirurangadi Bazar S.O		Malappuram	KERALA	Tirurangadi	\N	\N	676306
1775	Tolavanur B.O		Malappuram	KERALA	Tirur	\N	\N	676552
1776	Trikkandiyur S.O		Malappuram	KERALA	NA	\N	\N	676104
1777	Valavannur B.O		Malappuram	KERALA	Tirur	\N	\N	676551
1778	Valiyakunnu B.O		Malappuram	KERALA	Tirur	\N	\N	676552
1779	Vettom B.O		Malappuram	KERALA	Tirur	\N	\N	676102
1780	Vyrancode B.O		Malappuram	KERALA	Tirur	\N	\N	676301
1781	Biyyam B.O		Malappuram	KERALA	Ponani	\N	\N	679576
1782	Chappanangadi B.O		Malappuram	KERALA	Tirur	\N	\N	676503
1783	Edayur B.O		Malappuram	KERALA	Tirur	\N	\N	676552
1784	Edayur North B.O		Malappuram	KERALA	Tirur	\N	\N	676552
1785	Eramangalam S.O		Malappuram	KERALA	Ponnani	\N	\N	679587
1786	Iswaramangalam B.O		Malappuram	KERALA	Ponani	\N	\N	679573
1787	Kannamangalam West B.O		Malappuram	KERALA	Tirurangadi	\N	\N	676305
1788	Kuttur North B.O		Malappuram	KERALA	Tirurangadi	\N	\N	676305
1789	Muttanur B.O		Malappuram	KERALA	Tirur	\N	\N	676561
1790	Nannambra B.O		Malappuram	KERALA	Tirurangadi	\N	\N	676320
1791	Parappur B.O		Malappuram	KERALA	Tirur	\N	\N	676503
1792	Ponani South S.O		Malappuram	KERALA	Ponnani	\N	\N	679586
1793	Tanalur S.O		Malappuram	KERALA	Tirur	\N	\N	676307
1794	Tayyalingal S.O		Malappuram	KERALA	Tirurangadi	\N	\N	676320
1795	Tirur(kerala) H.O		Malappuram	KERALA	Tirur	\N	\N	676101
1796	Vallikkunnu B.O		Malappuram	KERALA	Tirurangadi	\N	\N	673314
1797	Veliankode S.O		Malappuram	KERALA	Ponani	\N	\N	679579
1798	Abdurahiman Nagar S.O		Malappuram	KERALA	Tirurangadi	\N	\N	676305
1799	Athrisseri B.O		Malappuram	KERALA	Tirur	\N	\N	676106
1800	Cherushola B.O		Malappuram	KERALA	Tirurangadi	\N	\N	676510
1801	Iringallur B.O		Malappuram	KERALA	Tirurangadi	\N	\N	676304
1802	Kadalundinagaram S.O		Malappuram	KERALA	Tirurangadi	\N	\N	673314
1803	Kakkad B.O		Malappuram	KERALA	Tirurangadi	\N	\N	676306
1804	Kololamba B.O		Malappuram	KERALA	Ponnani	\N	\N	679576
1805	Mattathur B.O		Malappuram	KERALA	Tirurangadi	\N	\N	676528
1806	Nannamukku S.O		Malappuram	KERALA	Ponani	\N	\N	679575
1807	Neduva B.O		Malappuram	KERALA	Tirurangadi	\N	\N	676303
1808	Pandamangalam B.O		Malappuram	KERALA	Tirur	\N	\N	676503
1809	Pantarangadi B.O		Malappuram	KERALA	Tirurangadi	\N	\N	676306
1810	Pariyapuram B.O		Malappuram	KERALA	Tirur	\N	\N	676302
1811	Pazhanji-mlp B.O		Malappuram	KERALA	Ponnani	\N	\N	679579
1812	Puramannur B.O		Malappuram	KERALA	Tirur	\N	\N	676552
1813	Puranga B.O		Malappuram	KERALA	Ponnani	\N	\N	679584
1814	Puthuparamba B.O		Malappuram	KERALA	Tirurangadi	\N	\N	676501
1815	Sugapuram B.O		Malappuram	KERALA	Ponnani	\N	\N	679576
1816	Tavanur S.O		Malappuram	KERALA	Ponani	\N	\N	679573
1817	Thekkummuri S.O		Malappuram	KERALA	Tirur	\N	\N	676105
1818	Tirur East Bazar S.O		Malappuram	KERALA	Tirur	\N	\N	676101
1819	Tirurangadi S.O		Malappuram	KERALA	Tirurangadi	\N	\N	676306
1820	Trikkanapuram B.O		Malappuram	KERALA	Ponnani	\N	\N	679573
1821	Vakkad B.O		Malappuram	KERALA	Tirur	\N	\N	676502
1822	Vallikkunnu North B.O		Malappuram	KERALA	Tirurangadi	\N	\N	673314
1823	Vengara MLP S.O		Malappuram	KERALA	Tirurangadi	\N	\N	676304
1824	Athavanad B.O		Malappuram	KERALA	Tirur	\N	\N	676301
1825	Ayirur B.O		Malappuram	KERALA	Ponnani	\N	\N	679580
1826	Cheriyamundam B.O		Malappuram	KERALA	Tirur	\N	\N	676106
1827	Gramam B.O		Malappuram	KERALA	Ponnani	\N	\N	679579
1828	Iringavur B.O		Malappuram	KERALA	Tirur	\N	\N	676103
1829	Kaladi-MLP S.O		Malappuram	KERALA	Ponani	\N	\N	679582
1830	Kallarmangalam B.O		Malappuram	KERALA	Tirur	\N	\N	676553
1831	Karukathiruthy B.O		Malappuram	KERALA	Ponani	\N	\N	679584
1832	Kodinhi S.O		Malappuram	KERALA	Tirurangadi	\N	\N	676309
1833	Othalur West B.O		Malappuram	KERALA	Ponnani	\N	\N	679591
1834	Palapetty B.O		Malappuram	KERALA	Ponnani	\N	\N	679579
1835	Perumbadappu S.O		Malappuram	KERALA	Ponani	\N	\N	679580
1836	Punnathala B.O		Malappuram	KERALA	Tirur	\N	\N	676552
1837	Puthiyakadappuram B.O		Malappuram	KERALA	Tirur	\N	\N	676302
1838	Puthur -kottakkal B.O		Malappuram	KERALA	Tirurangadi	\N	\N	676503
1839	Thekkankuttur B.O		Malappuram	KERALA	Tirur	\N	\N	676551
1840	Triprangode S.O		Malappuram	KERALA	Tirur	\N	\N	676108
1841	Ullanam B.O		Malappuram	KERALA	Tirurangadi	\N	\N	676303
1842	Vellachal B.O		Malappuram	KERALA	Tirur	\N	\N	676106
1843	Ayankalam B.O		Malappuram	KERALA	Ponnani	\N	\N	679573
1844	Cherumukku B.O		Malappuram	KERALA	Tirurangadi	\N	\N	676306
1845	Cheruvallur B.O		Malappuram	KERALA	Ponnani	\N	\N	679575
1846	Edapal S.O		Malappuram	KERALA	Ponani	\N	\N	679576
1847	Edarikode S.O		Malappuram	KERALA	Tirurangadi	\N	\N	676501
1848	Kadampuzha S.O		Malappuram	KERALA	Tirur	\N	\N	676553
1849	Kanhiramukku S.O		Malappuram	KERALA	Ponnani	\N	\N	679584
1850	Kanmanam B.O		Malappuram	KERALA	Tirur	\N	\N	676551
1851	Kannamangalam B.O		Malappuram	KERALA	Tirurangadi	\N	\N	676304
1852	Klari B.O		Malappuram	KERALA	Tirur	\N	\N	676501
1853	Kottakkal S.O		Malappuram	KERALA	Tirur	\N	\N	676503
1854	Kuruga B.O		Malappuram	KERALA	Tirur	\N	\N	676551
1855	Marancheri S.O		Malappuram	KERALA	Ponani	\N	\N	679581
1856	Mooniyur S.O		Malappuram	KERALA	Tirurangadi	\N	\N	676311
1857	Polpakara B.O		Malappuram	KERALA	Ponnani	\N	\N	679576
1858	Vattamkulam S.O		Malappuram	KERALA	Ponani	\N	\N	679578
1859	Velimukku S.O		Malappuram	KERALA	Tirurangadi	\N	\N	676317
1860	Chathangottunada B.O		Kozhikode	KERALA	Vadakara	\N	\N	673513
1861	Cherumoth B.O		Kozhikode	KERALA	Vadakara	\N	\N	673517
1862	Edacheri North B.O		Kozhikode	KERALA	Vadakara	\N	\N	673502
1863	Edakulam  Koyilandi S.O		Kozhikode	KERALA	Koyilandi	\N	\N	673306
1864	Iringal S.O		Kozhikode	KERALA	Vadakara	\N	\N	673521
1865	Kadiyangad B.O		Kozhikode	KERALA	Koyilandi	\N	\N	673525
1866	Karayad B.O		Kozhikode	KERALA	Quilandy	\N	\N	673524
1867	Katameri B.O		Kozhikode	KERALA	Vadakara	\N	\N	673542
1868	Kayappanichi B.O		Kozhikode	KERALA	Vadakara	\N	\N	673505
1869	Kilinnanyam B.O		Kozhikode	KERALA	Quilandy	\N	\N	673525
1870	Kilur Meladi B.O		Kozhikode	KERALA	Koyilandi	\N	\N	673522
1871	Kollam S.O		Kozhikode	KERALA	Koyilandi	\N	\N	673307
1872	Koorachundu S.O		Kozhikode	KERALA	Koyilandi	\N	\N	673527
1873	Kottakkal-igl B.O		Kozhikode	KERALA	Quilandy	\N	\N	673521
1874	Kozhukkallur B.O		Kozhikode	KERALA	Quilandy	\N	\N	673524
1875	Kuttoth B.O		Kozhikode	KERALA	Quilandy	\N	\N	673524
1876	Mandarathur B.O		Kozhikode	KERALA	Vadakara	\N	\N	673105
1877	Mangad B.O		Kozhikode	KERALA	Quilandy	\N	\N	673574
1878	Marudonkara B.O		Kozhikode	KERALA	Vadakara	\N	\N	673513
1879	Mattanode B.O		Kozhikode	KERALA	Koyilandi	\N	\N	673527
1880	Muchukunnu B.O		Kozhikode	KERALA	Quilandy	\N	\N	673307
1881	Muttungal B.O		Kozhikode	KERALA	Vadakara	\N	\N	673106
1882	Peruvannamuzhi S.O		Kozhikode	KERALA	Koyilandi	\N	\N	673528
1883	Tharopoyil B.O		Kozhikode	KERALA	Vadakara	\N	\N	673541
1884	Thuvakkode B.O		Kozhikode	KERALA	Quilandy	\N	\N	673304
1885	Tikkoti S.O		Kozhikode	KERALA	Koyilandi	\N	\N	673529
1886	Vanimal B.O		Kozhikode	KERALA	Vadakara	\N	\N	673506
1887	Vatayam B.O		Kozhikode	KERALA	Vadakara	\N	\N	673507
1888	Vayikkilassery B.O		Kozhikode	KERALA	Vadakara	\N	\N	673104
1889	Vilangad B.O		Kozhikode	KERALA	Vadakara	\N	\N	673506
1890	Adukkath B.O		Kozhikode	KERALA	Vadakara	\N	\N	673508
1891	Avala B.O		Kozhikode	KERALA	Quilandy	\N	\N	673524
1892	Chakkittapara B.O		Kozhikode	KERALA	Quilandy	\N	\N	673526
1893	Chaniyankadavu B.O		Kozhikode	KERALA	Vadakara	\N	\N	673541
1894	Cheliya B.O		Kozhikode	KERALA	Quilandy	\N	\N	673306
1895	Chempanoda B.O		Kozhikode	KERALA	Koyilandi	\N	\N	673528
1896	Cheruvannur Meladi B.O		Kozhikode	KERALA	Koyilandi	\N	\N	673524
1897	Eramala B.O		Kozhikode	KERALA	Vadakara	\N	\N	673501
1898	Karandode B.O		Kozhikode	KERALA	Vadakara	\N	\N	673508
1899	Kolathur B.O		Kozhikode	KERALA	Kozhikode	\N	\N	673315
1900	Kurichagam B.O		Kozhikode	KERALA	Vadakara	\N	\N	673508
1901	Maniyur B.O		Kozhikode	KERALA	Vadakara	\N	\N	673523
1902	Mannankavu B.O		Kozhikode	KERALA	Quilandy	\N	\N	673614
1903	Mennaniam B.O		Kozhikode	KERALA	Quilandy	\N	\N	673525
1904	Meppayil B.O		Kozhikode	KERALA	Vadakara	\N	\N	673104
1905	Meppayur S.O		Kozhikode	KERALA	Koyilandi	\N	\N	673524
1906	Modakkallur B.O		Kozhikode	KERALA	Quilandy	\N	\N	673315
1907	Mudavantheri B.O		Kozhikode	KERALA	Vadakara	\N	\N	673505
1908	Nadakkuthala B.O		Kozhikode	KERALA	Vadakara	\N	\N	673104
1909	Nedumparamba B.O		Kozhikode	KERALA	Vadakara	\N	\N	673506
1910	Panangad Qdi B.O		Kozhikode	KERALA	Koyilandi	\N	\N	673612
1911	Parakkadavu S.O		Kozhikode	KERALA	Vadakara	\N	\N	673509
1912	Perampra S.O		Kozhikode	KERALA	Koyilandi	\N	\N	673525
1913	Peruvattur B.O		Kozhikode	KERALA	Koyilandi	\N	\N	673620
1914	Poozhithode B.O		Kozhikode	KERALA	Quilandy	\N	\N	673528
1915	Puliyavil B.O		Kozhikode	KERALA	Vadakara	\N	\N	673509
1916	Puthur B.O		Kozhikode	KERALA	Vadakara	\N	\N	673104
1917	Thanakottur B.O		Kozhikode	KERALA	Vadakara	\N	\N	673509
1918	Urallur B.O		Kozhikode	KERALA	Quilandy	\N	\N	673620
1919	Vakayad B.O		Kozhikode	KERALA	Quilandy	\N	\N	673614
1920	Vayalada B.O		Kozhikode	KERALA	Quilandy	\N	\N	673574
1921	Vishnumangalam B.O		Kozhikode	KERALA	Vadakara	\N	\N	673506
1922	Arikulam B.O		Kozhikode	KERALA	Koyilandi	\N	\N	673620
1923	Atholi S.O		Kozhikode	KERALA	Koyilani	\N	\N	673315
1924	Azhiyur S.O		Kozhikode	KERALA	Vadakara	\N	\N	673309
1925	Cheekilode B.O		Kozhikode	KERALA	Kozhikode	\N	\N	673315
1926	Cheekkonnummal B.O		Kozhikode	KERALA	Vadakara	\N	\N	673507
1927	Chenoli B.O		Kozhikode	KERALA	Koyilandi	\N	\N	673525
1928	Cherukad B.O		Kozhikode	KERALA	Quilandy	\N	\N	673527
1929	Chorode East B.O		Kozhikode	KERALA	Vadakara	\N	\N	673106
1930	Eramangalam B.O		Kozhikode	KERALA	Quilandy	\N	\N	673612
1931	Iringath B.O		Kozhikode	KERALA	Quilandy	\N	\N	673523
1932	Kakkattil S.O		Kozhikode	KERALA	Vadakara	\N	\N	673507
1933	Kallanode B.O		Kozhikode	KERALA	Quilandy	\N	\N	673615
1934	Karingad B.O		Kozhikode	KERALA	Vadakara	\N	\N	673513
1935	Kariyathankavu B.O		Kozhikode	KERALA	Quilandy	\N	\N	673612
1936	Karthikappally B.O		Kozhikode	KERALA	Vadakara	\N	\N	673542
1937	Karuvannur B.O		Kozhikode	KERALA	Quilandy	\N	\N	673614
1938	Katalur B.O		Kozhikode	KERALA	Koyilandi	\N	\N	673529
1939	Kavil B.O		Kozhikode	KERALA	Quilandy	\N	\N	673614
1940	Keezhil B.O		Kozhikode	KERALA	Vadakara	\N	\N	673104
1941	Kongannur B.O		Kozhikode	KERALA	Quilandy	\N	\N	673315
1942	Kurikkilad B.O		Kozhikode	KERALA	Vadakara	\N	\N	673104
1943	Kuttiadi S.O		Kozhikode	KERALA	Vadakara	\N	\N	673508
1944	Mudadi B.O		Kozhikode	KERALA	Quilandy	\N	\N	673307
1945	Muthukad B.O		Kozhikode	KERALA	Quilandy	\N	\N	673528
1946	Muyipoth B.O		Kozhikode	KERALA	Quilandy	\N	\N	673524
1947	Nadapuram S.O		Kozhikode	KERALA	Vadakara	\N	\N	673504
1948	Naduvathur B.O		Kozhikode	KERALA	Quilandy	\N	\N	673620
1949	Naluthara B.O		Mahe	PONDICHERRY	Mahe Ut	\N	\N	673310
1950	Onchiyam B.O		Kozhikode	KERALA	Vadakara	\N	\N	673308
1951	Oravil B.O		Kozhikode	KERALA	Quilandy	\N	\N	673614
1952	Pallikara B.O		Kozhikode	KERALA	Quilandy	\N	\N	673522
1953	Taliyil B.O		Kozhikode	KERALA	Vadakara	\N	\N	673508
1954	Thinur B.O		Kozhikode	KERALA	Vadakara	\N	\N	673507
1955	Thiruvallur S.O		Kozhikode	KERALA	Vadakara	\N	\N	673541
1956	Tuneri S.O		Kozhikode	KERALA	Vadakara	\N	\N	673505
1957	Vadakara Beach S.O		Kozhikode	KERALA	Vadakara	\N	\N	673103
1958	Velur West B.O		Kozhikode	KERALA	Quilandy	\N	\N	673315
1959	Chengaroth B.O		Kozhikode	KERALA	Quilandy	\N	\N	673528
1960	Chombala S.O		Kozhikode	KERALA	Vadakara	\N	\N	673308
1961	Edacheri S.O		Kozhikode	KERALA	Vadakara	\N	\N	673502
1962	Emmamparamba B.O		Kozhikode	KERALA	Quilandy	\N	\N	673574
1963	Iyyad B.O		Kozhikode	KERALA	Quilandy	\N	\N	673574
1964	Kappad B.O		Kozhikode	KERALA	Quilandy	\N	\N	673304
1965	Kayanna Bazar B.O		Kozhikode	KERALA	Quilandy	\N	\N	673525
1966	Kayanna S.O		Kozhikode	KERALA	Quilandy	\N	\N	673526
1967	Koothali B.O		Kozhikode	KERALA	Koyilandi	\N	\N	673525
1968	Kunnathara B.O		Kozhikode	KERALA	Koyilandi	\N	\N	673620
1969	Mahe S.O		Kozhikode	KERALA	Vadakara	\N	\N	673310
1970	Naderi B.O		Kozhikode	KERALA	Quilandy	\N	\N	673620
1971	Naduvannur S.O		Kozhikode	KERALA	Koyilandi	\N	\N	673614
1972	Nochat B.O		Kozhikode	KERALA	Quilandy	\N	\N	673614
1973	Pandakkal B.O		Pondicherry	PONDICHERRY	Ut Of Pondichery	\N	\N	673310
1974	Payyoli Angadi S.O		Kozhikode	KERALA	Koyilandi	\N	\N	673523
1975	Ponmeri Parambil B.O		Kozhikode	KERALA	Vadakara	\N	\N	673542
1976	Purakkad B.O		Kozhikode	KERALA	Quilandy	\N	\N	673522
1977	Thuruthiyad B.O		Kozhikode	KERALA	Quilandy	\N	\N	673612
1978	Vattoli B.O		Kozhikode	KERALA	Vadakara	\N	\N	673507
1979	Velom B.O		Kozhikode	KERALA	Vadakara	\N	\N	673508
1980	Abhayagiri B.O		Kozhikode	KERALA	Vadakara	\N	\N	673517
1981	Annasseri B.O		Kozhikode	KERALA	Kozhikode	\N	\N	673317
1982	Arur B.O		Kozhikode	KERALA	Vadakara	\N	\N	673507
1983	Avadukka B.O		Kozhikode	KERALA	Quilandy	\N	\N	673528
1984	Ayancheri B.O		Kozhikode	KERALA	Vadakara	\N	\N	673541
1985	Eravattur B.O		Kozhikode	KERALA	Koyilandi	\N	\N	673525
1986	Kakkancheri B.O		Kozhikode	KERALA	Quilandy	\N	\N	673620
1987	Kayakodi B.O		Kozhikode	KERALA	Vadakara	\N	\N	673508
1988	Kunduthode B.O		Kozhikode	KERALA	Vadakara	\N	\N	673513
1989	Mayyannur B.O		Kozhikode	KERALA	Vadakara	\N	\N	673542
1990	Mudadi North B.O		Kozhikode	KERALA	Quilandy	\N	\N	673307
1991	Mullambath B.O		Kozhikode	KERALA	Vadakara	\N	\N	673507
1992	Nittur B.O		Kozhikode	KERALA	Vadakara	\N	\N	673507
1993	Orkatteri S.O		Kozhikode	KERALA	Vadakara	\N	\N	673501
1994	Paleri B.O		Kozhikode	KERALA	Koyilandi	\N	\N	673508
1995	Pathiyarakkara B.O		Kozhikode	KERALA	Vadakara	\N	\N	673105
1996	Payyoli S.O		Kozhikode	KERALA	Quilandy	\N	\N	673522
1997	Perode B.O		Kozhikode	KERALA	Vadakara	\N	\N	673504
1998	Poothampara B.O		Kozhikode	KERALA	Vadakara	\N	\N	673513
1999	Puduppanam S.O		Kozhikode	KERALA	Vadakara	\N	\N	673105
2000	Purameri S.O		Kozhikode	KERALA	Vadakara	\N	\N	673503
2001	Siddhasamaj B.O		Kozhikode	KERALA	Vadakara	\N	\N	673104
2002	Thalakolathur S.O		Kozhikode	KERALA	Kozhikode	\N	\N	673317
2003	Thandorapara B.O		Kozhikode	KERALA	Koyilandi	\N	\N	673526
2004	Tiruvangoor B.O		Kozhikode	KERALA	Quilandy	\N	\N	673304
2005	Unnikulam S.O		Kozhikode	KERALA	Quilandy	\N	\N	673574
2006	Vadakara H.O		Kozhikode	KERALA	Vadakara	\N	\N	673101
2007	Vannathichira B.O		Kozhikode	KERALA	Vadakara	\N	\N	673513
2008	Varikoli B.O		Kozhikode	KERALA	Vadakara	\N	\N	673506
2009	Avitanallur B.O		Kozhikode	KERALA	Koyilandi	\N	\N	673614
2010	Cheekonnummal  West B.O		Kozhikode	KERALA	Vadakara	\N	\N	673507
2011	Chemmarathur B.O		Kozhikode	KERALA	Vadakara	\N	\N	673104
2012	Ekarool B.O		Kozhikode	KERALA	Koyilandi	\N	\N	673574
2013	Kallunira B.O		Kozhikode	KERALA	Vadakara	\N	\N	673517
2014	Kavilampara S.O		Kozhikode	KERALA	Vadakara	\N	\N	673513
2015	Kizhpayur B.O		Kozhikode	KERALA	Quilandy	\N	\N	673524
2016	Kodiyura B.O		Kozhikode	KERALA	Vadakara	\N	\N	673506
2017	Korothroad B.O		Kozhikode	KERALA	Vadakara	\N	\N	673309
2018	Kottappalli B.O		Kozhikode	KERALA	Vadakara	\N	\N	673542
2019	Kottur B.O		Kozhikode	KERALA	Koyilandi	\N	\N	673614
2020	Koyilandi H.O		Kozhikode	KERALA	Koyilandi	\N	\N	673305
2021	Moilothara B.O		Kozhikode	KERALA	Vadakara	\N	\N	673513
2022	Moolad B.O		Kozhikode	KERALA	Quilandy	\N	\N	673614
2023	Muthuuvana B.O		Kozhikode	KERALA	Koyilandi	\N	\N	673523
2024	Muthuvadathur B.O		Kozhikode	KERALA	Vadakara	\N	\N	673503
2025	Muthuvannacha B.O		Kozhikode	KERALA	Quilandy	\N	\N	673508
2026	Muttungal West B.O		Kozhikode	KERALA	Vadakara	\N	\N	673106
2027	Paleri Town B.O		Kozhikode	KERALA	Quilandy	\N	\N	673508
2028	Quilandibazar S.O		Kozhikode	KERALA	Koyilandi	\N	\N	673620
2029	Rayarangoth B.O		Kozhikode	KERALA	Vadakara	\N	\N	673102
2030	Valayam S.O		Kozhikode	KERALA	Vadakara	\N	\N	673517
2031	Balusseri S.O		Kozhikode	KERALA	Quilandy	\N	\N	673612
2032	Cherandathur B.O		Kozhikode	KERALA	Vadakara	\N	\N	673541
2033	Cherapuram B.O		Kozhikode	KERALA	Vadakara	\N	\N	673507
2034	Chingapuram B.O		Kozhikode	KERALA	Quilandy	\N	\N	673529
2035	Chorode S.O		Kozhikode	KERALA	Vadakara	\N	\N	673106
2036	Chuzhali B.O		Kozhikode	KERALA	Vadakara	\N	\N	673517
2037	Indira Nagar B.O		Kozhikode	KERALA	Vadakara	\N	\N	673506
2038	Iringannur B.O		Kozhikode	KERALA	Vadakara	\N	\N	673505
2039	Kallachi S.O		Kozhikode	KERALA	Vadakara	\N	\N	673506
2040	Kalpathur B.O		Kozhikode	KERALA	Quilandy	\N	\N	673524
2041	Karumala B.O		Kozhikode	KERALA	Koyilandi	\N	\N	673612
2042	Kinalur B.O		Kozhikode	KERALA	Koyilandi	\N	\N	673612
2043	Kokkallur B.O		Kozhikode	KERALA	Koyilandi	\N	\N	673612
2044	Kotancheri B.O		Kozhikode	KERALA	Vadakara	\N	\N	673503
2045	Kuningad B.O		Kozhikode	KERALA	Vadakara	\N	\N	673503
2046	Kurinhaliyode B.O		Kozhikode	KERALA	Vadakara	\N	\N	673542
2047	Kuruvangad B.O		Kozhikode	KERALA	Koyilandi	\N	\N	673620
2048	Melur B.O		Kozhikode	KERALA	Quilandy	\N	\N	673306
2049	Mokeri Nadapuram B.O		Kozhikode	KERALA	Vadakara	\N	\N	673507
2050	Padiripetta B.O		Kozhikode	KERALA	Vadakara	\N	\N	673507
2051	Poolakkul B.O		Kozhikode	KERALA	Vadakara	\N	\N	673507
2052	Talayad B.O		Kozhikode	KERALA	Koyilandi	\N	\N	673574
2053	Thodannur B.O		Kozhikode	KERALA	Vadakara	\N	\N	673541
2054	Tiruvode B.O		Kozhikode	KERALA	Quilandy	\N	\N	673614
2055	Ulliyeri B.O		Kozhikode	KERALA	Quilandy	\N	\N	673620
2056	Valliyad B.O		Kozhikode	KERALA	Vadakara	\N	\N	673542
2057	Velom Peruvayal B.O		Kozhikode	KERALA	Vadakara	\N	\N	673508
2058	Villyappalli S.O		Kozhikode	KERALA	Vadakara	\N	\N	673542
2059	Akkal B.O		Kozhikode	KERALA	Vadakara	\N	\N	673513
2060	Ayanikkad B.O		Kozhikode	KERALA	Quilandy	\N	\N	673521
2061	Bhumivathukkal B.O		Kozhikode	KERALA	Vadakara	\N	\N	673517
2062	Chappanthottam B.O		Kozhikode	KERALA	Vadakara	\N	\N	673513
2063	Chekkiyad B.O		Kozhikode	KERALA	Vadakara	\N	\N	673509
2064	Chelakkad B.O		Kozhikode	KERALA	Vadakara	\N	\N	673506
2065	Chemancheri S.O		Kozhikode	KERALA	Koyilandi	\N	\N	673304
2066	Edavarad B.O		Kozhikode	KERALA	Quilandy	\N	\N	673525
2067	Iyyangode B.O		Kozhikode	KERALA	Vadakara	\N	\N	673504
2068	Kakkayam S.O		Kozhikode	KERALA	Quilandy	\N	\N	673615
2069	Kannadipoil B.O		Kozhikode	KERALA	Quilandy	\N	\N	673612
2070	Kannookkara B.O		Kozhikode	KERALA	Vadakara	\N	\N	673102
2071	Katcheri B.O		Kozhikode	KERALA	Vadakara	\N	\N	673502
2072	Keezhariyur B.O		Kozhikode	KERALA	Koyilandi	\N	\N	673307
2073	Kolakkad B.O		Kozhikode	KERALA	Quilandy	\N	\N	673315
2074	Kunnummakkara B.O		Kozhikode	KERALA	Vadakara	\N	\N	673308
2075	Madappalli College S.O		Kozhikode	KERALA	Vadakara	\N	\N	673102
2076	Memunda B.O		Kozhikode	KERALA	Vadakara	\N	\N	673104
2077	Naripetta B.O		Kozhikode	KERALA	Vadakara	\N	\N	673506
2078	Nitumannur B.O		Kozhikode	KERALA	Vadakara	\N	\N	673507
2079	Nut Street S.O		Kozhikode	KERALA	Vadakara	\N	\N	673104
2080	Palayad Nada B.O		Kozhikode	KERALA	Vadakara	\N	\N	673521
2081	Pallur B.O		Mahe	PONDICHERRY	Mahe Ut	\N	\N	673310
2082	Pasukkadavu B.O		Kozhikode	KERALA	Vadakara	\N	\N	673513
2083	Punath B.O		Kozhikode	KERALA	Quilandy	\N	\N	673614
2084	Vattoli Bazar B.O		Kozhikode	KERALA	Quilandy	\N	\N	673612
2085	Alappuzha Mullackal S.O		Alappuzha	KERALA	Ambalappuzha	\N	\N	688011
2086	Alappuzha North S.O		Alappuzha	KERALA	Ambalapuzh A	\N	\N	688007
2087	Arthingal S.O		Alappuzha	KERALA	Cherthala	\N	\N	688530
2088	Cherukara Kuttanad B.O		Alappuzha	KERALA	Kuttanad	\N	\N	688506
2089	Kavalam S.O		Alappuzha	KERALA	Kuttanad	\N	\N	688506
2090	Kochuramapuram EDB.O		Alappuzha	KERALA	Cherthala	\N	\N	688541
2091	Kunnumma Thakazhy B.O		Alappuzha	KERALA	Kuttanad	\N	\N	688562
2092	Mannancherry S.O		Alappuzha	KERALA	Ambalappuzha	\N	\N	688538
2093	Mararikulam North EDB.O		Alappuzha	KERALA	Cherthala	\N	\N	688523
2094	Moncombu S.O		Alappuzha	KERALA	Kuttanad	\N	\N	688502
2095	Pallippuram S.O		Alappuzha	KERALA	Cherthala	\N	\N	688541
2096	Poochackal S.O		Alappuzha	KERALA	Cherthala	\N	\N	688526
2097	Pullangadi B.O		Alappuzha	KERALA	Kuttanad	\N	\N	688505
2098	Purakad EDB.O		Alappuzha	KERALA	Ambalappuzha	\N	\N	688561
2099	Sethulekshmipuram S.O		Alappuzha	KERALA	Cherthala	\N	\N	688523
2100	Sreenarayanapuram S.O		Alappuzha	KERALA	Cherthala	\N	\N	688582
2101	Thottuvathala B.O		Alappuzha	KERALA	Kuttanad	\N	\N	688501
2102	Thuravoor South B.O		Alappuzha	KERALA	Cherthala	\N	\N	688532
2103	Eramallur S.O		Alappuzha	KERALA	Cherthala	\N	\N	688537
2104	Kalavamkodam B.O		Alappuzha	KERALA	Cherthala	\N	\N	688524
2105	Karumady EDB.O		Alappuzha	KERALA	Ambalapuzha	\N	\N	688561
2106	Kokkothamangalam B.O		Alappuzha	KERALA	Cherthala	\N	\N	688527
2107	Naduvathnagar EDB.O		Alappuzha	KERALA	Cherthala	\N	\N	688526
2108	Parayakad B.O		Alappuzha	KERALA	Cherthala	\N	\N	688540
2109	Punnakunnathussery B.O		Alappuzha	KERALA	Kuttanad	\N	\N	688504
2110	Thondankulangara S.O		Alappuzha	KERALA	Ambalappuzha	\N	\N	688013
2111	Valamangalam B.O		Alappuzha	KERALA	Cherthala	\N	\N	688532
2112	Vattayal Ward B.O		Alappuzha	KERALA	Ambalapuzha	\N	\N	688002
2113	Champakulam East B.O		Alappuzha	KERALA	Kuttanad	\N	\N	688505
2114	Kadakkarapally S.O		Alappuzha	KERALA	Cherthala	\N	\N	688529
2115	Kanichukulangara EDB.O		Alappuzha	KERALA	Cherthala	\N	\N	688582
2116	Komalapuram B.O		Alappuzha	KERALA	Ambalapuzha	\N	\N	688006
2117	Kuppappuram B.O		Alappuzha	KERALA	Ambalapuzha	\N	\N	688011
2118	Mayithara Market S.O		Alappuzha	KERALA	Cherthala	\N	\N	688539
2119	Thirumalabhagom S.O		Alappuzha	KERALA	Cherthala	\N	\N	688540
2120	Varanadu EDB.O		Alappuzha	KERALA	Cherthala	\N	\N	688539
2121	Alappuzha Medical College S.O		Alappuzha	KERALA	Ambalappuzha	\N	\N	688005
2122	Arookutty S.O		Alappuzha	KERALA	Cherthala	\N	\N	688535
2123	Chathurthiakary B.O		Alappuzha	KERALA	Kuttanad	\N	\N	688502
2124	Chennamkary East B.O		Alappuzha	KERALA	Kuttanad	\N	\N	688506
2125	Cherthala Cutcherry S.O		Alappuzha	KERALA	Cherthala	\N	\N	688524
2126	Kainakary East B.O		Alappuzha	KERALA	Kuttanad	\N	\N	688501
2127	Kanjiramchira B.O		Alappuzha	KERALA	Ambalappuzha	\N	\N	688007
2128	Kannady B.O		Alappuzha	KERALA	Kuttanad	\N	\N	688504
2129	Kavalam North B.O		Alappuzha	KERALA	Kuttanad	\N	\N	688506
2130	Kelamangalam B.O		Alappuzha	KERALA	Kuttanad	\N	\N	688562
2131	Manappuram EDB.O		Alappuzha	KERALA	Cherthala	\N	\N	688526
2132	Maruthorvattom EDB.O		Alappuzha	KERALA	Cherthala	\N	\N	688539
2133	Moncombu Thekkekara S.O		Alappuzha	KERALA	Kuttanad	\N	\N	688503
2134	Olavaipu B.O		Alappuzha	KERALA	Cherthala	\N	\N	688526
2135	Pallithode B.O		Alappuzha	KERALA	Cherthala	\N	\N	688540
2136	Perumbalam S.O		Alappuzha	KERALA	Cherthala	\N	\N	688570
2137	Pollethai EDB.O		Alappuzha	KERALA	Ambalappuzha	\N	\N	688522
2138	Thaickal EDB.O		Alappuzha	KERALA	Cherthala	\N	\N	688530
2139	Vaduthala Jetty B.O		Alappuzha	KERALA	Cherthala	\N	\N	688535
2140	Aroor S.O		Alappuzha	KERALA	Cherthla	\N	\N	688534
2141	Chennamkary B.O		Alappuzha	KERALA	Kuttanad	\N	\N	688501
2142	Cherthala H.O		Alappuzha	KERALA	Cherthala	\N	\N	688524
2143	Chethy GDB.O		Alappuzha	KERALA	Cherthala	\N	\N	688530
2144	Chirayakom B.O		Alappuzha	KERALA	Kuttanad	\N	\N	688562
2145	Ezhupunna South EDB.O		Alappuzha	KERALA	Cherthala	\N	\N	688537
2146	Kottankulangara B.O		Alappuzha	KERALA	Ambalappuzha	\N	\N	688006
2147	Muhamma S.O		Alappuzha	KERALA	Cherthala	\N	\N	688525
2148	Muttathiparambu B.O		Alappuzha	KERALA	Cherthala	\N	\N	688527
2149	Pathirappally S.O		Alappuzha	KERALA	Ambalapuzha	\N	\N	688521
2150	Pattanacaud S.O		Alappuzha	KERALA	Cherthala	\N	\N	688531
2151	Pazhaveedu S.O		Alappuzha	KERALA	Ambalapuzha	\N	\N	688009
2152	Ponnad B.O		Alappuzha	KERALA	Ambalappuzha	\N	\N	688538
2153	Thirunallur EDB.O		Alappuzha	KERALA	Cherthala	\N	\N	688541
2154	Thuravoor S.O		Alappuzha	KERALA	Cherthala	\N	\N	688532
2155	Thycattussery S.O		Alappuzha	KERALA	Cherthala	\N	\N	688528
2156	Vayalar S.O		Alappuzha	KERALA	Cherthala	\N	\N	688536
2157	Vysombhagom B.O		Alappuzha	KERALA	Kuttanad	\N	\N	688005
2158	Alappuzha Bazar S.O		Alappuzha	KERALA	Ambalapuzha	\N	\N	688012
2159	Alappuzha Collectorate S.O		Alappuzha	KERALA	Ambalapuzha	\N	\N	688001
2160	Ambalapuzha S.O		Alappuzha	KERALA	Ambalapuzha	\N	\N	688561
2161	Aryad North EDB.O		Alappuzha	KERALA	Mararikulam	\N	\N	688538
2162	Chempumpuram B.O		Alappuzha	KERALA	Kuttanad	\N	\N	688505
2163	Cherthala South EDB.O		Alappuzha	KERALA	Cherthala	\N	\N	688539
2164	Illichira B.O		Alappuzha	KERALA	Ambalappuzha	\N	\N	688561
2165	Karikad B.O		Alappuzha	KERALA	Cherthala	\N	\N	688527
2166	Narakathara B.O		Alappuzha	KERALA	Kuttanad	\N	\N	688506
2167	Panavally EDB.O		Alappuzha	KERALA	Cherthala	\N	\N	688526
2168	Thakazhy S.O		Alappuzha	KERALA	Kuttanad	\N	\N	688562
2169	Thiruvampady Junction S.O		Alappuzha	KERALA	Ambalapuha	\N	\N	688002
2170	Thottappally EDB.O		Alappuzha	KERALA	Ambalapuzha	\N	\N	688561
2171	Vadackal B.O		Alappuzha	KERALA	Ambalapuzha	\N	\N	688003
2172	Varanam S.O		Alappuzha	KERALA	Cherthala	\N	\N	688555
2173	Vettackal EDB.O		Alappuzha	KERALA	Cherthala	\N	\N	688529
2174	Alappuzha District Hospital S.O		Alappuzha	KERALA	Ambalapuzha	\N	\N	688011
2175	Alappuzha H.O		Alappuzha	KERALA	Ambalapuzha	\N	\N	688001
2176	Alappuzha Iron Bridge S.O		Alappuzha	KERALA	Ambalapuzha	\N	\N	688011
2177	Andhakaranazhy B.O		Alappuzha	KERALA	Cherthala	\N	\N	688531
2178	Champakulam S.O		Alappuzha	KERALA	Kuttanad	\N	\N	688505
2179	Chungom B.O		Alappuzha	KERALA	Ambalappuzha	\N	\N	688011
2180	Kakkazhom B.O		Alappuzha	KERALA	Ambalappuzha	\N	\N	688005
2181	Kalavoor S.O		Alappuzha	KERALA	Ambalapuzha	\N	\N	688522
2182	Kanjipadom B.O		Alappuzha	KERALA	Ambalappuzha	\N	\N	688005
2183	Kattoor Kalavoor EDB.O		Alappuzha	KERALA	Ambalapuzha	\N	\N	688522
2184	Kayalpuram B.O		Alappuzha	KERALA	Kuttanad	\N	\N	688504
2185	Kuruppankulangara B.O		Alappuzha	KERALA	Cherthala	\N	\N	688539
2186	Kuttamangalam B.O		Alappuzha	KERALA	Kuttanad	\N	\N	688501
2187	Nedumudy EDB.O		Alappuzha	KERALA	Kuttanad	\N	\N	688503
2188	Pulincunnu S.O		Alappuzha	KERALA	Kuttanad	\N	\N	688504
2189	Punnapra S.O		Alappuzha	KERALA	Ambalapuzha	\N	\N	688004
2190	Sanathanapuram S.O		Alappuzha	KERALA	Ambalapuzha	\N	\N	688003
2191	Thanneermukkom S.O		Alappuzha	KERALA	Cherthala	\N	\N	688527
2192	Thumpoly S.O		Alappuzha	KERALA	Ambalapuzha	\N	\N	688008
2193	Ambalapuzha East EDB.O		Alappuzha	KERALA	Ambalappuzha	\N	\N	688561
2194	Avalukkunnu S.O		Alappuzha	KERALA	Ambalapuzha	\N	\N	688006
2195	Chandiroor EDB.O		Alappuzha	KERALA	Cherthala	\N	\N	688537
2196	Ezhupunna EDB.O		Alappuzha	KERALA	Cherthala	\N	\N	688537
2197	Kainakary S.O		Alappuzha	KERALA	Kuttanad	\N	\N	688501
2198	Kannady West B.O		Alappuzha	KERALA	Kuttanad	\N	\N	688504
2199	Kannankara B.O		Alappuzha	KERALA	Cherthala	\N	\N	688527
2200	Kommady Ward B.O		Alappuzha	KERALA	Ambalappuzha	\N	\N	688007
2201	Kuthiathode S.O		Alappuzha	KERALA	Cherthala	\N	\N	688533
2202	Pandarakulam B.O		Alappuzha	KERALA	Kuttanad	\N	\N	688505
2203	Ponga B.O		Alappuzha	KERALA	Kuttanad	\N	\N	688503
2204	Punnakunnathussery South B.O		Alappuzha	KERALA	Kuttanad	\N	\N	688504
2205	Punnapra North S.O		Alappuzha	KERALA	Ambalapuzha	\N	\N	688014
2206	Thathampally S.O		Alappuzha	KERALA	Ambalappuzha	\N	\N	688013
2207	Trichattukulam EDB.O		Alappuzha	KERALA	Cherthala	\N	\N	688526
2208	Vembanad Kayal B.O		Alappuzha	KERALA	Ambalapuzha	\N	\N	688006
2209	Asamannoor S.O		Ernakulam	KERALA	Kunnathunad	\N	\N	683549
2210	Cherai S.O		Ernakulam	KERALA	Paravur	\N	\N	683514
2211	Desom B.O		Ernakulam	KERALA	Aluva	\N	\N	683102
2212	Edayar B.O		Ernakulam	KERALA	Muvattupuzha	\N	\N	686662
2213	Karamala B.O		Ernakulam	KERALA	Muvattupuzha	\N	\N	686662
2214	Karukadom B.O		Ernakulam	KERALA	Kothamangalam	\N	\N	686691
2215	Koonammavu S.O		Ernakulam	KERALA	Paravur	\N	\N	683518
2216	Kurumassery S.O		Ernakulam	KERALA	Aluva	\N	\N	683579
2217	Madakkathanam B.O		Ernakulam	KERALA	Muvattupuzha	\N	\N	686670
2218	Manickamangalam B.O		Ernakulam	KERALA	Aluva	\N	\N	683574
2219	Mannam Paravur S.O		Ernakulam	KERALA	Paravur	\N	\N	683520
2220	Marampally B.O		Ernakulam	KERALA	Kunnathunad	\N	\N	683105
2221	Meenkunnam B.O		Ernakulam	KERALA	Muvattupuzha	\N	\N	686672
2222	Mullapuzhachal B.O		Ernakulam	KERALA	Muvattupuzha	\N	\N	686670
2223	Mutholapuram B.O		Ernakulam	KERALA	Muvattupuzha	\N	\N	686665
2224	Nechoor B.O		Ernakulam	KERALA	Muvattupuzha	\N	\N	686664
2225	Neriamangalam B.O		Ernakulam	KERALA	Kothamangalam	\N	\N	686693
2226	Njayapalli B.O		Ernakulam	KERALA	Kothamangalam	\N	\N	686681
2227	Pampakuda S.O		Ernakulam	KERALA	Muvattupuzha	\N	\N	686667
2228	Pattimattam B.O		Ernakulam	KERALA	Aluva	\N	\N	683562
2229	Perumbavoor H.O		Ernakulam	KERALA	Kunnathunad	\N	\N	683542
2230	Plamudi B.O		Ernakulam	KERALA	Kothamangalam	\N	\N	686692
2231	Pulinthanam B.O		Ernakulam	KERALA	Kothamangalam	\N	\N	686671
2232	Pulluvazhi B.O		Ernakulam	KERALA	Kunnathunad	\N	\N	683541
2233	Thottakkattukara S.O		Ernakulam	KERALA	Aluva	\N	\N	683108
2234	Thottumughom S.O		Ernakulam	KERALA	Aluva	\N	\N	683105
2235	Thuruthy B.O		Ernakulam	KERALA	Kunnathunad	\N	\N	683545
2236	Vadakkumpuram S.O		Ernakulam	KERALA	Paravur	\N	\N	683521
2237	Vappalassery B.O		Ernakulam	KERALA	Aluva	\N	\N	683572
2238	Vempilly B.O		Ernakulam	KERALA	Kunnathunad	\N	\N	683565
2239	Allapra B.O		Ernakulam	KERALA	Kunnathunad	\N	\N	683556
2240	Aruvappara B.O		Ernakulam	KERALA	Kunnathunad	\N	\N	683545
2241	Avoly B.O		Ernakulam	KERALA	Muvattupuzha	\N	\N	686670
2242	Chengamanad S.O		Ernakulam	KERALA	Paravur	\N	\N	683578
2243	Edathala S.O		Ernakulam	KERALA	Aluva	\N	\N	683561
2244	Ezhikkara B.O		Ernakulam	KERALA	Paravur	\N	\N	683513
2245	Iringole B.O		Ernakulam	KERALA	Kunnathunad	\N	\N	683545
2246	Kadayirippu B.O		Ernakulam	KERALA	Kunnathunad	\N	\N	682311
2247	Kakkoor B.O		Ernakulam	KERALA	Muvattupuzha	\N	\N	686662
2248	Kaloor B.O		Ernakulam	KERALA	Muvattupuzha	\N	\N	686668
2249	Kidangoor B.O		Ernakulam	KERALA	Aluva	\N	\N	683572
2250	Kodanad B.O		Ernakulam	KERALA	Kunnathunad	\N	\N	683544
2251	Malayidumthuruth B.O		Ernakulam	KERALA	Kunnathunad	\N	\N	683561
2252	Manary B.O		Ernakulam	KERALA	Muvattupuzha	\N	\N	686673
2253	Mannathur B.O		Ernakulam	KERALA	Muvattupuzha	\N	\N	686667
2254	Mudikkal S.O		Ernakulam	KERALA	Kunnathunad	\N	\N	683547
2255	Muppathadam S.O		Ernakulam	KERALA	Paravur	\N	\N	683110
2256	Muvattupuzha H.O		Ernakulam	KERALA	Muvattupuzha	\N	\N	686661
2257	Neendapara B.O		Ernakulam	KERALA	Kothamangalam	\N	\N	686693
2258	Palakuzha B.O		Ernakulam	KERALA	Muvattupuzha	\N	\N	686662
2259	Paravur Market S.O		Ernakulam	KERALA	Paravur	\N	\N	683513
2260	Pareekanni B.O		Ernakulam	KERALA	Kothamangalam	\N	\N	686693
2261	Pazhoor B.O		Ernakulam	KERALA	Muvattupuzha	\N	\N	686664
2262	Thattekkad B.O		Ernakulam	KERALA	Kothamangalam	\N	\N	686681
2263	Thrikkalathoor B.O		Ernakulam	KERALA	Kunnathunad	\N	\N	683541
2264	Union Christian College S.O		Ernakulam	KERALA	Aluva	\N	\N	683102
2265	Urulanthanni B.O		Ernakulam	KERALA	Kothamangalam	\N	\N	686681
2266	Vengoor S.O		Ernakulam	KERALA	Kunnathunad	\N	\N	683546
2267	West Veliyathunad B.O		Ernakulam	KERALA	Paravur	\N	\N	683511
2268	Yordhanapuram B.O		Ernakulam	KERALA	Aluva	\N	\N	683574
2269	Alattuchira B.O		Ernakulam	KERALA	Kunnathunad	\N	\N	683544
2270	Athani S.O (Ernakulam)		Ernakulam	KERALA	Aluva	\N	\N	683585
2271	Ayyampuzha B.O		Ernakulam	KERALA	Aluva	\N	\N	683581
2272	Chelad Junction S.O		Ernakulam	KERALA	Kothamangalam	\N	\N	686681
2273	Chendamangalam S.O		Ernakulam	KERALA	Paravur	\N	\N	683512
2274	Illambakapalli B.O		Ernakulam	KERALA	Kunnathunad	\N	\N	683544
2275	Inchathotty B.O		Ernakulam	KERALA	Kothamangalam	\N	\N	686681
2276	Kadavoor B.O		Ernakulam	KERALA	Kothamangalam	\N	\N	686671
2277	Karukappilli B.O		Ernakulam	KERALA	Kunnathunad	\N	\N	682311
2278	Keezhillam S.O		Ernakulam	KERALA	Kunnathunad	\N	\N	683541
2279	Koovappady S.O		Ernakulam	KERALA	Kunnathunad	\N	\N	683544
2280	Kothamangalam College S.O		Ernakulam	KERALA	Kothamangalam	\N	\N	686666
2281	Kuttampuzha B.O		Ernakulam	KERALA	Kothamangalam	\N	\N	686681
2282	Manidu B.O		Ernakulam	KERALA	Muvattupuzha	\N	\N	686664
2283	Marady East B.O		Ernakulam	KERALA	Muvattupuzha	\N	\N	686673
2284	Mookkannur S.O		Ernakulam	KERALA	Aluva	\N	\N	683577
2285	Moothakunnam S.O		Ernakulam	KERALA	Paravur	\N	\N	683516
2286	Naval Armament Depot - Aluva S.O		Ernakulam	KERALA	Aluva	\N	\N	683563
2287	Nayathode B.O		Ernakulam	KERALA	Aluva	\N	\N	683572
2288	Nellad B.O		Ernakulam	KERALA	Kunnathunad	\N	\N	686669
2289	Okkal S.O		Ernakulam	KERALA	Kunnathunad	\N	\N	683550
2290	Oonnukal B.O		Ernakulam	KERALA	Kothamangalam	\N	\N	686693
2291	Paniely B.O		Ernakulam	KERALA	Kunnathunad	\N	\N	683546
2292	Pooyamkutty B.O		Ernakulam	KERALA	Kothamangalam	\N	\N	686681
2293	Puliyanam B.O		Ernakulam	KERALA	Aluva	\N	\N	683572
2294	Puthenvelikkara S.O		Ernakulam	KERALA	Paravur	\N	\N	683594
2295	S.Aduvassery B.O		Ernakulam	KERALA	Paravur	\N	\N	683578
2296	Thrikkariyoor S.O		Ernakulam	KERALA	Kothamangalam	\N	\N	686692
2297	Thuravoor B.O		Ernakulam	KERALA	Aluva	\N	\N	683572
2298	Uliyannoor B.O		Ernakulam	KERALA	Aluva	\N	\N	683108
2299	Vadattupara B.O		Ernakulam	KERALA	Kothamangalam	\N	\N	686681
2300	Vaikkara B.O		Ernakulam	KERALA	Kunnathunad	\N	\N	683549
2301	Varapetty B.O		Ernakulam	KERALA	Kothamangalam	\N	\N	686691
2302	Vengola B.O		Ernakulam	KERALA	Kunnathunad	\N	\N	683556
2303	Airoopadam B.O		Ernakulam	KERALA	Kothamangalam	\N	\N	686692
2304	Angamally S.O		Ernakulam	KERALA	Paravur	\N	\N	683572
2305	Bhoothathankettu B.O		Ernakulam	KERALA	Kothamangalam	\N	\N	686681
2306	Chathamattam B.O		Ernakulam	KERALA	Kothamangalam	\N	\N	686671
2307	Chully B.O		Ernakulam	KERALA	Aluva	\N	\N	683581
2308	Kalampoor B.O		Ernakulam	KERALA	Muvattupuzha	\N	\N	686664
2309	Karukutty S.O		Ernakulam	KERALA	Aluva	\N	\N	683576
2310	Keerampara B.O		Ernakulam	KERALA	Kothamangalam	\N	\N	686681
2311	Koovappara B.O		Ernakulam	KERALA	Kothamangalam	\N	\N	686681
2312	Kunjithai B.O		Ernakulam	KERALA	Paravur	\N	\N	683522
2313	Kunnackal S.O		Ernakulam	KERALA	Muvattupuzha	\N	\N	682316
2314	Kuthiathode(EKM) B.O		Ernakulam	KERALA	Paravur	\N	\N	683594
2315	Mamalakandom B.O		Ernakulam	KERALA	Kothamangalam	\N	\N	686681
2316	Mazhuvannoor B.O		Ernakulam	KERALA	Kunnathunad	\N	\N	686669
2317	Mazhuvannoor South B.O		Ernakulam	KERALA	Kunnathunad	\N	\N	686669
2318	Mekkadambu B.O		Ernakulam	KERALA	Muvattupuzha	\N	\N	682316
2319	Memadangu B.O		Ernakulam	KERALA	Muvattupuzha	\N	\N	686672
2320	Methala B.O		Ernakulam	KERALA	Kunnathunad	\N	\N	683545
2321	Muvattupuzha Market S.O		Ernakulam	KERALA	Muvattupuzha	\N	\N	686673
2322	Onakkoor B.O		Ernakulam	KERALA	Muvattupuzha	\N	\N	686667
2323	Panipra B.O		Ernakulam	KERALA	Kothamangalam	\N	\N	686692
2324	Paravur S.O (Ernakulam)		Ernakulam	KERALA	Paravur	\N	\N	683513
2325	Perumballoor B.O		Ernakulam	KERALA	Muvattupuzha	\N	\N	686673
2326	Pezhakkappilly B.O		Ernakulam	KERALA	Muvattupuzha	\N	\N	686673
2327	Piravom S.O		Ernakulam	KERALA	Muvattupuzha	\N	\N	686664
2328	Ponjassery B.O		Ernakulam	KERALA	Kunnathunad	\N	\N	683547
2329	Ramamangalam S.O		Ernakulam	KERALA	Muvattupuzha	\N	\N	686663
2330	Thabore B.O		Ernakulam	KERALA	Aluva	\N	\N	683577
2331	Thaikkattukara S.O		Ernakulam	KERALA	Aluva	\N	\N	683106
2332	Vellarappilly South B.O		Ernakulam	KERALA	Aluva	\N	\N	683580
2333	Airapuram B.O		Ernakulam	KERALA	Kunnathunad	\N	\N	683541
2334	Anchelpetty B.O		Ernakulam	KERALA	Muvattupuzha	\N	\N	686667
2335	Binanipuram S.O		Ernakulam	KERALA	Paravur	\N	\N	683502
2336	Cheruvattoor B.O		Ernakulam	KERALA	Kothamangalam	\N	\N	686691
2337	Choondakuzhy B.O		Ernakulam	KERALA	Kunnathunad	\N	\N	683546
2338	Enanalloor B.O		Ernakulam	KERALA	Muvattupuzha	\N	\N	686673
2339	Iramalloor B.O		Ernakulam	KERALA	Kothamangalam	\N	\N	686691
2340	Kadakkanad B.O		Ernakulam	KERALA	Kunnathunad	\N	\N	682311
2341	Kalady Plantation B.O		Ernakulam	KERALA	Aluva	\N	\N	683581
2342	Kalloorkkad S.O		Ernakulam	KERALA	Muvattupuzha	\N	\N	686668
2343	Kottappady B.O		Ernakulam	KERALA	Kothamangalam	\N	\N	686692
2344	Kumarapuram S.O (Ernakulam)		Ernakulam	KERALA	Kunnathunad	\N	\N	683565
2345	Kunnukara B.O		Ernakulam	KERALA	Paravur	\N	\N	683578
2346	Mamalassery B.O		Ernakulam	KERALA	Muvattupuzha	\N	\N	686663
2347	Manjapra S.O		Ernakulam	KERALA	Aluva	\N	\N	683581
2348	Muvattupuzha Bazar B.O		Ernakulam	KERALA	Muvattupuzha	\N	\N	686673
2349	Nadukani B.O		Ernakulam	KERALA	Kothamangalam	\N	\N	686691
2350	Neeleeswaram B.O		Ernakulam	KERALA	Aluva	\N	\N	683574
2351	Ooramana B.O		Ernakulam	KERALA	Muvattupuzha	\N	\N	686663
2352	Paduvapuram B.O		Ernakulam	KERALA	Aluva	\N	\N	683576
2353	Parakkadavu B.O		Ernakulam	KERALA	Aluva	\N	\N	683579
2354	Pazhamthottam B.O		Ernakulam	KERALA	Kunnathunad	\N	\N	683565
2355	Peringala B.O		Ernakulam	KERALA	Kunnathunad	\N	\N	683565
2356	Perumbadavam B.O		Ernakulam	KERALA	Muvattupuzha	\N	\N	686665
2357	Perumbavoor South S.O		Ernakulam	KERALA	Kunnathunad	\N	\N	683542
2358	Pindimana B.O		Ernakulam	KERALA	Kothamangalam	\N	\N	686692
2359	Piraroor B.O		Ernakulam	KERALA	Aluva	\N	\N	683574
2360	Puthupadi B.O		Ernakulam	KERALA	Muvattupuzha	\N	\N	686673
2361	Rayamangalam B.O		Ernakulam	KERALA	Kunnathunad	\N	\N	683545
2362	Rayonpuram S.O		Ernakulam	KERALA	Kunnathunad	\N	\N	683543
2363	Thazhvankunnam B.O		Ernakulam	KERALA	Muvattupuzha	\N	\N	686668
2364	Vazhakulam S.O		Ernakulam	KERALA	Muvattupuzha	\N	\N	686670
2365	West Kadungalloor B.O		Ernakulam	KERALA	Paravur	\N	\N	683110
2366	Cheranalloor(PBR) B.O		Ernakulam	KERALA	Kunnathunad	\N	\N	683544
2367	Edathala North B.O		Ernakulam	KERALA	Aluva	\N	\N	683561
2368	Edavoor B.O		Ernakulam	KERALA	Kunnathunad	\N	\N	683544
2369	Elanji S.O		Ernakulam	KERALA	Muvattupuzha	\N	\N	686665
2370	Elavoor B.O		Ernakulam	KERALA	Aluva	\N	\N	683572
2371	Idamalayar B.O		Ernakulam	KERALA	Kothamangalam	\N	\N	686681
2372	Kadalikkad B.O		Ernakulam	KERALA	Muvattupuzha	\N	\N	686670
2373	Kadamattam B.O		Ernakulam	KERALA	Kunnathunad	\N	\N	682311
2374	Kaitharam S.O		Ernakulam	KERALA	Paravur	\N	\N	683519
2375	Kakkad B.O		Ernakulam	KERALA	Muvattupuzha	\N	\N	686664
2376	Kizhakkambalam S.O		Ernakulam	KERALA	Aluva	\N	\N	683562
2377	Kizhmuri B.O		Ernakulam	KERALA	Muvattupuzha	\N	\N	686663
2378	Kochi Airport S.O		Ernakulam	KERALA	Aluva	\N	\N	683111
2379	Koothattukulam S.O		Ernakulam	KERALA	Muvattupuzha	\N	\N	686662
2380	Kothamangalam Bazar B.O		Ernakulam	KERALA	Kothamangalam	\N	\N	686691
2381	Kuruppampady S.O		Ernakulam	KERALA	Kunnathunad	\N	\N	683545
2382	Malayattoor S.O		Ernakulam	KERALA	Aluva	\N	\N	683587
2383	Maliankara B.O		Ernakulam	KERALA	Paravur	\N	\N	683516
2384	Mattoor B.O		Ernakulam	KERALA	Aluva	\N	\N	683574
2385	Nedungapra B.O		Ernakulam	KERALA	Kunnathunad	\N	\N	683545
2386	Nellikuzhy B.O		Ernakulam	KERALA	Kothamangalam	\N	\N	686691
2387	Nellimattam S.O		Ernakulam	KERALA	Kothamangalam	\N	\N	686693
2388	Oliyapuram B.O		Ernakulam	KERALA	Muvattupuzha	\N	\N	686662
2389	Paingattoor B.O		Ernakulam	KERALA	Kothamangalam	\N	\N	686671
2390	South Vazhakulam B.O		Ernakulam	KERALA	Kunnathunad	\N	\N	683105
2391	Thalakode B.O		Ernakulam	KERALA	Kothamangalam	\N	\N	686693
2392	Thathappilly B.O		Ernakulam	KERALA	Paravur	\N	\N	683520
2393	Varapuzha Landing B.O		Ernakulam	KERALA	Paravur	\N	\N	683517
2394	Vazhappilly East B.O		Ernakulam	KERALA	Muvattupuzha	\N	\N	686673
2395	Vettampara B.O		Ernakulam	KERALA	Kothamangalam	\N	\N	686681
2396	Alangad S.O		Ernakulam	KERALA	Paravur	\N	\N	683511
2397	Aluva Bazar S.O		Ernakulam	KERALA	Aluva	\N	\N	683101
2398	Ayavana B.O		Ernakulam	KERALA	Muvattupuzha	\N	\N	686668
2399	Azhakam B.O		Ernakulam	KERALA	Aluva	\N	\N	683577
2400	Elanthikara B.O		Ernakulam	KERALA	Paravur	\N	\N	683594
2401	Ezhattumugham B.O		Ernakulam	KERALA	Aluva	\N	\N	683577
2402	Kalady S.O		Ernakulam	KERALA	Aluva	\N	\N	683574
2403	Kanjoor S.O		Ernakulam	KERALA	Aluva	\N	\N	683575
2404	Karimpana B.O		Ernakulam	KERALA	Muvattupuzha	\N	\N	686662
2405	Kavakkad B.O		Ernakulam	KERALA	Muvattupuzha	\N	\N	686668
2406	Kizhakompu B.O		Ernakulam	KERALA	Muvattupuzha	\N	\N	686662
2407	Kongorpilly B.O		Ernakulam	KERALA	Paravur	\N	\N	683518
2408	Kottuvally B.O		Ernakulam	KERALA	Paravur	\N	\N	683519
2409	Kozhipilly B.O		Ernakulam	KERALA	Kothamangalam	\N	\N	686691
2410	Malipara B.O		Ernakulam	KERALA	Kothamangalam	\N	\N	686681
2411	Manikinar B.O		Ernakulam	KERALA	Kothamangalam	\N	\N	686693
2412	Mudavoor S.O		Ernakulam	KERALA	Muvattupuzha	\N	\N	686669
2413	Mulavoor B.O		Ernakulam	KERALA	Muvattupuzha	\N	\N	686673
2414	Nirmala B.O		Ernakulam	KERALA	Muvattupuzha	\N	\N	686673
2415	North Piramadom B.O		Ernakulam	KERALA	Muvattupuzha	\N	\N	686667
2416	Palliport S.O		Ernakulam	KERALA	Kochi	\N	\N	683515
2417	Pandappily B.O		Ernakulam	KERALA	Muvattupuzha	\N	\N	686672
2418	Parappuram B.O		Ernakulam	KERALA	Aluva	\N	\N	683575
2419	Thekkenmarady B.O		Ernakulam	KERALA	Muvattupuzha	\N	\N	686673
2420	Vadakkekara S.O		Ernakulam	KERALA	Paravur	\N	\N	683522
2421	Valayanchirangara S.O		Ernakulam	KERALA	Kunnathunad	\N	\N	683556
2422	Vattaparambu B.O		Ernakulam	KERALA	Aluva	\N	\N	683579
2423	Vengola West B.O		Ernakulam	KERALA	Kunnathunad	\N	\N	683556
2424	Vilangu B.O		Ernakulam	KERALA	Kunnathunad	\N	\N	683561
2425	Aimurikara B.O		Ernakulam	KERALA	Kunnathunad	\N	\N	683544
2426	Airoor B.O		Ernakulam	KERALA	Paravur	\N	\N	683579
2427	Aluva H.O		Ernakulam	KERALA	Aluva	\N	\N	683101
2428	Aluva Town Bus Stand S.O		Ernakulam	KERALA	Aluva	\N	\N	683101
2429	Aluva-asokapuram B.O		Ernakulam	KERALA	Aluva	\N	\N	683101
2430	Anappara-kalady B.O		Ernakulam	KERALA	Aluva	\N	\N	683581
2431	Angamally South S.O		Ernakulam	KERALA	Aluva	\N	\N	683573
2432	Arakuzha S.O		Ernakulam	KERALA	Muvattupuzha	\N	\N	686672
2433	Chowara S.O		Ernakulam	KERALA	Aluva	\N	\N	683571
2434	Erumathala S.O		Ernakulam	KERALA	Kunnathunad	\N	\N	683112
2435	Gothuruthy B.O		Ernakulam	KERALA	Paravur	\N	\N	683516
2436	Karumalloor B.O		Ernakulam	KERALA	Paravur	\N	\N	683511
2437	Kinginimattom B.O		Ernakulam	KERALA	Kunnathunad	\N	\N	682311
2438	Kolenchery S.O		Ernakulam	KERALA	Kunnathunad	\N	\N	682311
2439	Kombanad B.O		Ernakulam	KERALA	Kunnathunad	\N	\N	683546
2440	Koovalloor B.O		Ernakulam	KERALA	Kothamangalam	\N	\N	686671
2441	Kothamangalam S.O (Ernakulam)		Ernakulam	KERALA	Kothamangalam	\N	\N	686691
2442	Kuthukuzhy B.O		Ernakulam	KERALA	Kothamangalam	\N	\N	686691
2443	Marika B.O		Ernakulam	KERALA	Muvattupuzha	\N	\N	686662
2444	Mekkad S.O		Ernakulam	KERALA	Aluva	\N	\N	683589
2445	Mudakuzha B.O		Ernakulam	KERALA	Kunnathunad	\N	\N	683546
2446	Mulakulam B.O		Ernakulam	KERALA	Muvattupuzha	\N	\N	686664
2447	Naduvattam B.O		Ernakulam	KERALA	Aluva	\N	\N	683574
2448	Nagapuzha B.O		Ernakulam	KERALA	Muvattupuzha	\N	\N	686668
2449	Nanthiattukunnam B.O		Ernakulam	KERALA	Paravur	\N	\N	683513
2450	Nedumbassery B.O		Ernakulam	KERALA	Aluva	\N	\N	683585
2451	Neericode B.O		Ernakulam	KERALA	Paravur	\N	\N	683511
2452	Pallarimangalam B.O		Ernakulam	KERALA	Kothamangalam	\N	\N	686671
2453	Panaikulam B.O		Ernakulam	KERALA	Paravur	\N	\N	683511
2454	Paravur Town S.O		Ernakulam	KERALA	Paravur	\N	\N	683513
2455	Periapuram B.O		Ernakulam	KERALA	Muvattupuzha	\N	\N	686667
2456	Perumannoor(KGM) B.O		Ernakulam	KERALA	Kothamangalam	\N	\N	686693
2457	Pothanicaud S.O		Ernakulam	KERALA	Kothamangalam	\N	\N	686671
2458	Randar B.O		Ernakulam	KERALA	Muvattupuzha	\N	\N	686673
2459	Sreemoolanagaram S.O		Ernakulam	KERALA	Aluva	\N	\N	683580
2460	Thirumarady B.O		Ernakulam	KERALA	Muvattupuzha	\N	\N	686662
2461	Thuravumkara B.O		Ernakulam	KERALA	Aluva	\N	\N	683575
2462	Vadakode-vazhakulam B.O		Ernakulam	KERALA	Muvattupuzha	\N	\N	686670
2463	Varapuzha S.O		Ernakulam	KERALA	Paravur	\N	\N	683517
2464	Changanacherry College S.O		Kottayam	KERALA	Changanassery	\N	\N	686101
2465	Changanacherry Industrialnagar S.O		Kottayam	KERALA	Changanassery	\N	\N	686106
2466	Cheeranchira B.O		Kottayam	KERALA	Changanassery	\N	\N	686106
2467	Elamkadu B.O		Kottayam	KERALA	Kanjirappally	\N	\N	686514
2468	Elampally B.O		Kottayam	KERALA	Kottayam	\N	\N	686503
2469	Ithithanam B.O		Kottayam	KERALA	Changanassery	\N	\N	686535
2470	Kanamala B.O		Kottayam	KERALA	Kanjirappally	\N	\N	686510
2471	Karukachal S.O		Kottayam	KERALA	Changanacherry	\N	\N	686540
2472	Koottickal S.O		Kottayam	KERALA	Kanjirapally	\N	\N	686514
2473	Koovapally S.O		Kottayam	KERALA	Kanjirapally	\N	\N	686518
2474	Malakunnam B.O		Kottayam	KERALA	Changanassery	\N	\N	686535
2475	Nalukody S.O		Kottayam	KERALA	Changanassery	\N	\N	686548
2476	Nedumkunnam S.O		Kottayam	KERALA	Changanacherry	\N	\N	686542
2477	Panachepally B.O		Kottayam	KERALA	Kanjirappally	\N	\N	686518
2478	Panamattom B.O		Kottayam	KERALA	Kanjirappally	\N	\N	686522
2479	Perumpanachy S.O		Kottayam	KERALA	Changanassery	\N	\N	686536
2480	Ponkunnam S.O		Kottayam	KERALA	Kanjirappally	\N	\N	686506
2481	Ponthenpuzha B.O		Kottayam	KERALA	Kanjirappally	\N	\N	686544
2482	Poothakuzhy B.O		Kottayam	KERALA	Kottayam	\N	\N	686521
2483	Pulikkallu B.O		Kottayam	KERALA	Kanjirappally	\N	\N	686544
2484	Velloor S.O		Kottayam	KERALA	Kottayam	\N	\N	686501
2485	Wembly B.O		Idukki	KERALA	Peerumade	\N	\N	686514
2486	Amara B.O		Kottayam	KERALA	Changanassery	\N	\N	686546
2487	Chennakunnu B.O		Kottayam	KERALA	Kanjirapally	\N	\N	686506
2488	Chirakadavu Centre B.O		Kottayam	KERALA	Kanjirappally	\N	\N	686519
2489	Kalaketty S.O		Kottayam	KERALA	Kanjirappally	\N	\N	686508
2490	Kanjirapally H.O		Kottayam	KERALA	Kanjirappally	\N	\N	686507
2491	Kanjirappara B.O		Kottayam	KERALA	Changanassery	\N	\N	686555
2492	Kannimala B.O		Kottayam	KERALA	Kanjirappally	\N	\N	686509
2493	Koorali S.O		Kottayam	KERALA	Kanjirapally	\N	\N	686522
2494	Kulathoorprayar B.O		Kottayam	KERALA	Changanassery	\N	\N	686541
2495	Kunnam Vechoochira S.O		Pathanamthitta	KERALA	Ranni	\N	\N	686511
2496	Manthuruthy B.O		Kottayam	KERALA	Changanassery	\N	\N	686542
2497	Muttappally B.O		Kottayam	KERALA	Kanjirappally	\N	\N	686510
2498	Nariyanani B.O		Kottayam	KERALA	Kanjirappally	\N	\N	686506
2499	Neelamperoor S.O		Alappuzha	KERALA	Kuttanad	\N	\N	686534
2500	Perunna S.O		Kottayam	KERALA	Changanassery	\N	\N	686102
2501	Ponganthanam B.O		Kottayam	KERALA	Changanassery	\N	\N	686538
2502	Prpose B.O		Kottayam	KERALA	Kanjirappally	\N	\N	686509
2503	Ruby Nagar B.O		Kottayam	KERALA	Changanacherry	\N	\N	686103
2504	Thuruthy S.O		Kottayam	KERALA	Changanassery	\N	\N	686535
2505	Umbidi B.O		Kottayam	KERALA	Changanassery	\N	\N	686539
2506	Urakkanadu B.O		Kottayam	KERALA	Kanjirappally	\N	\N	686512
2507	Vazhoor East B.O		Kottayam	KERALA	Changanassery	\N	\N	686504
2508	Velanilam B.O		Kottayam	KERALA	Kanjirappally	\N	\N	686514
2509	Yendayar B.O		Kottayam	KERALA	Kanjirappally	\N	\N	686514
2510	Champakara B.O		Kottayam	KERALA	Changanassery	\N	\N	686540
2511	Chelacompu B.O		Kottayam	KERALA	Changanassery	\N	\N	686540
2512	Chemmalamattom B.O		Kottayam	KERALA	Meenachil	\N	\N	686508
2513	Chingavanam S.O		Kottayam	KERALA	Changanacherry	\N	\N	686531
2514	Chirakadavu S.O		Kottayam	KERALA	Kanjirappally	\N	\N	686520
2515	Edakkunnam B.O		Kottayam	KERALA	Kanjirappally	\N	\N	686512
2516	Erathuvadakara B.O		Kottayam	KERALA	Changanassery	\N	\N	686543
2517	Eravuchira B.O		Kottayam	KERALA	Changanassery	\N	\N	686539
2518	Inchiyani B.O		Kottayam	KERALA	Kanjirappally	\N	\N	686512
2519	Kooropada B.O		Kottayam	KERALA	Kottayam	\N	\N	686502
2520	Kothala B.O		Kottayam	KERALA	Kottayam	\N	\N	686502
2521	Manalunkal B.O		Kottayam	KERALA	Kottayam	\N	\N	686503
2522	Mukkoottuthara S.O		Kottayam	KERALA	Kanjirappally	\N	\N	686510
2523	Nedumanny B.O		Kottayam	KERALA	Changanassery	\N	\N	686542
2524	Pallickachirakavala S.O		Kottayam	KERALA	Changanacherry	\N	\N	686537
2525	Pangada B.O		Kottayam	KERALA	Kottayam	\N	\N	686502
2526	Sachivothamapuram S.O		Kottayam	KERALA	Changanacherry	\N	\N	686532
2527	Suryanarayana Puram B.O		Kottayam	KERALA	Kottayam	\N	\N	686502
2528	Thalumkal B.O		Kottayam	KERALA	Kanjirappally	\N	\N	686514
2529	Thottackad West B.O		Kottayam	KERALA	Changanassery	\N	\N	686539
2530	Vanchimala B.O		Kottayam	KERALA	Kanjirappally	\N	\N	686508
2531	Vellavoor B.O		Kottayam	KERALA	Changanassery	\N	\N	686541
2532	Anikad West B.O		Kottayam	KERALA	Kottayam	\N	\N	686503
2533	Areeparampu B.O		Kottayam	KERALA	Kottayam	\N	\N	686501
2534	Aruvikuzhy B.O		Kottayam	KERALA	Kottayam	\N	\N	686503
2535	Chathenthara B.O		Pathanamthitta	KERALA	Ranni	\N	\N	686510
2536	Chenappady B.O		Kottayam	KERALA	Kanjirappally	\N	\N	686520
2537	Cheruvally B.O		Kottayam	KERALA	Changanacherry	\N	\N	686543
2538	Kanakapalam B.O		Kottayam	KERALA	Kanjirappally	\N	\N	686509
2539	Kangazha S.O		Kottayam	KERALA	Changanacherry	\N	\N	686541
2540	Karinilam B.O		Kottayam	KERALA	Kanjirappally	\N	\N	686513
2541	Koruthode B.O		Kottayam	KERALA	Kanjirappally	\N	\N	686513
2542	Kottamurickal B.O		Kottayam	KERALA	Changanassery	\N	\N	686105
2543	Kumarankary B.O		Alappuzha	KERALA	Kuttanadu	\N	\N	686103
2544	Kurumpanadom B.O		Kottayam	KERALA	Changanassery	\N	\N	686536
2545	Madappally S.O		Kottayam	KERALA	Changanacherry	\N	\N	686546
2546	Nalunnackal B.O		Kottayam	KERALA	Changanassery	\N	\N	686538
2547	Rajendraprasad Colony B.O		Kottayam	KERALA	Kanjirappally	\N	\N	686513
2548	Santhipuram B.O		Kottayam	KERALA	Changanassery	\N	\N	686545
2549	Theerthapadapuram S.O		Kottayam	KERALA	Changanassery	\N	\N	686505
2550	Thekkethukavala S.O		Kottayam	KERALA	Kanjirappally	\N	\N	686519
2551	Thottakadu S.O		Kottayam	KERALA	Changanacherry	\N	\N	686539
2552	Vazhappally West S.O		Kottayam	KERALA	Changanassery	\N	\N	686103
2553	Veroor B.O		Kottayam	KERALA	Changanassery	\N	\N	686104
2554	Anikad S.O		Kottayam	KERALA	Kottayam	\N	\N	686503
2555	Changanacherry H.O		Kottayam	KERALA	Changanacherry	\N	\N	686101
2556	Chittadi B.O		Kottayam	KERALA	Kanjirapally	\N	\N	686512
2557	Edayarickapuzha B.O		Kottayam	KERALA	Changanassery	\N	\N	686541
2558	Kanam B.O		Kottayam	KERALA	Changanassery	\N	\N	686515
2559	Karikkattoor Centre B.O		Kottayam	KERALA	Kanjirappally	\N	\N	686544
2560	Kidangara B.O		Alappuzha	KERALA	Kuttanad	\N	\N	686102
2561	Kunnamkary B.O		Alappuzha	KERALA	Kuttanad	\N	\N	686102
2562	Kuppakkayam B.O		Idukki	KERALA	Peerumade	\N	\N	686513
2563	Lakkattoor B.O		Kottayam	KERALA	Kottayam	\N	\N	686502
2564	Moozhoor B.O		Kottayam	KERALA	Kottayam	\N	\N	686503
2565	Mukkada B.O		Kottayam	KERALA	Kanjirappally	\N	\N	686544
2566	Panachikavu B.O		Kottayam	KERALA	Changanassery	\N	\N	686102
2567	Pathamuttom B.O		Kottayam	KERALA	Changanassery	\N	\N	686532
2568	Poovatholi B.O		Kottayam	KERALA	Kanjirappally	\N	\N	686544
2569	Vizhikithode B.O		Kottayam	KERALA	Kanjirappally	\N	\N	686518
2570	Anikad East B.O		Kottayam	KERALA	Kottayam	\N	\N	686503
2571	Chakompathal S.O		Kottayam	KERALA	Changanassery	\N	\N	686517
2572	Channanikadu B.O		Kottayam	KERALA	Kottayam	\N	\N	686533
2573	Chettuthode B.O		Kottayam	KERALA	Meenachil	\N	\N	686508
2574	Chirakadavu East B.O		Kottayam	KERALA	Kanjirappally	\N	\N	686520
2575	Kadayanickad B.O		Kottayam	KERALA	Changanassery	\N	\N	686541
2576	Kavumbhagom B.O		Kottayam	KERALA	Kanjirappally	\N	\N	686519
2577	Koothrappally B.O		Kottayam	KERALA	Changanassery	\N	\N	686540
2578	Kurichy B.O		Kottayam	KERALA	Changanassery	\N	\N	686532
2579	Kurisummoodu S.O		Kottayam	KERALA	Changanacherry	\N	\N	686104
2580	Kuruvammoozhy B.O		Kottayam	KERALA	Kanjirappally	\N	\N	686509
2581	Manimala S.O		Kottayam	KERALA	Changanacherry	\N	\N	686543
2582	Mukkulam B.O		Idukki	KERALA	Peerumade	\N	\N	686514
2583	Mundakayam East B.O		Idukki	KERALA	Peerumade	\N	\N	686513
2584	Nedungadappally S.O		Kottayam	KERALA	Changanassery	\N	\N	686545
2585	Palampra B.O		Kottayam	KERALA	Kanjirappally	\N	\N	686518
2586	Pampady S.O		Kottayam	KERALA	Kottayam	\N	\N	686502
2587	Parathode S.O (Kottayam)		Kottayam	KERALA	Kanjirappally	\N	\N	686512
2588	Puthenchantha B.O		Kottayam	KERALA	Changanassery	\N	\N	686538
2589	Vakathanam South B.O		Kottayam	KERALA	Changanassery	\N	\N	686538
2590	Venkurinji B.O		Kottayam	KERALA	Kanjirapally	\N	\N	686510
2591	Alapra B.O		Kottayam	KERALA	Kanjirappally	\N	\N	686544
2592	Anakkal B.O		Kottayam	KERALA	Kanjirapally	\N	\N	686508
2593	Erumely S.O		Kottayam	KERALA	Kanjirapally	\N	\N	686509
2594	Kanjiramattom B.O		Kottayam	KERALA	Kottayam	\N	\N	686585
2595	Kappadu B.O		Kottayam	KERALA	Kanjirappally	\N	\N	686508
2596	Karikkattoor S.O		Kottayam	KERALA	Kanjirapally	\N	\N	686544
2597	Kuzhimattom S.O		Kottayam	KERALA	Kottayam	\N	\N	686533
2598	Mammoodu B.O		Kottayam	KERALA	Changanassery	\N	\N	686536
2599	Mannadisala B.O		Pathanamthitta	KERALA	Ranni	\N	\N	686511
2600	Mannarakayam B.O		Kottayam	KERALA	Kanjirappally	\N	\N	686506
2601	Pampady South S.O		Kottayam	KERALA	Kottayam	\N	\N	686521
2602	Ponkunnam Court B.O		Kottayam	KERALA	Kanjirappally	\N	\N	686506
2603	Pothenpuram B.O		Kottayam	KERALA	Kottayam	\N	\N	686502
2604	Thazhathuvadakara B.O		Kottayam	KERALA	Changanassery	\N	\N	686541
2605	Thrickodithanam S.O		Kottayam	KERALA	Changanacherry	\N	\N	686105
2606	Vakathanam S.O		Kottayam	KERALA	Changanacherry	\N	\N	686538
2607	Vengathanam B.O		Kottayam	KERALA	Kanjirappally	\N	\N	686512
2608	Changanacherry Market S.O		Kottayam	KERALA	Changanacherry	\N	\N	686101
2609	Chengalam S.O		Kottayam	KERALA	Kottayam	\N	\N	686585
2610	Devagiri S.O		Kottayam	KERALA	Changanassery	\N	\N	686555
2611	Eara North B.O		Alappuzha	KERALA	Kuttanad	\N	\N	686534
2612	Edakadathy B.O		Kottayam	KERALA	Kanjirappally	\N	\N	686510
2613	Fathimapuram B.O		Kottayam	KERALA	Changanassery	\N	\N	686102
2614	Kainady B.O		Alappuzha	KERALA	Kuttanad	\N	\N	686534
2615	Kalloorkulam B.O		Kottayam	KERALA	Kottayam	\N	\N	686503
2616	Kanjirapally West B.O		Kottayam	KERALA	Kanjirappally	\N	\N	686506
2617	Madukka B.O		Kottayam	KERALA	Kanjirappally	\N	\N	686513
2618	Mukkulam East B.O		Idukki	KERALA	Peerumade	\N	\N	686514
2619	Mundakayam S.O		Kottayam	KERALA	Kanjirapally	\N	\N	686513
2620	Mundathanam B.O		Kottayam	KERALA	Changanassery	\N	\N	686541
2621	Pampavally North B.O		Kottayam	KERALA	Kottayam	\N	\N	686510
2622	Parathanam B.O		Kottayam	KERALA	Kanjirappally	\N	\N	686514
2623	Pazhayidom B.O		Kottayam	KERALA	Kanjirappally	\N	\N	686520
2624	Pulickakavala S.O		Kottayam	KERALA	Changanassery	\N	\N	686515
2625	Punchavayal B.O		Kottayam	KERALA	Kanjirappally	\N	\N	686513
2626	Thampalakkad B.O		Kottayam	KERALA	Kanjirappally	\N	\N	686506
2627	Thulappally B.O		Pathanamthitta	KERALA	Ranni	\N	\N	686510
2628	Vazhoor S.O		Kottayam	KERALA	Changanacherry	\N	\N	686504
2629	Bhaktanandapuram B.O		Ernakulam	KERALA	Kunnathunad	\N	\N	682308
2630	Chethicode B.O		Ernakulam	KERALA	Kanayannur	\N	\N	682315
2631	Edakochi S.O		Ernakulam	KERALA	Kochi	\N	\N	682010
2632	Edapally North B.O		Ernakulam	KERALA	Ernakulam	\N	\N	682024
2633	Eroor West B.O		Ernakulam	KERALA	Ernakulam	\N	\N	682306
2634	Ezhakkaranad B.O		Ernakulam	KERALA	Muvattupuzha	\N	\N	682308
2635	Ezhakkaranadu South B.O		Ernakulam	KERALA	Muvattupuzha	\N	\N	682308
2636	Kadungamangalam B.O		Ernakulam	KERALA	Kanayannur	\N	\N	682305
2637	Kokkappilly B.O		Ernakulam	KERALA	Kunnathunad	\N	\N	682305
2638	Kusumagiri B.O		Ernakulam	KERALA	Ernakulam	\N	\N	682030
2639	Mamala B.O		Ernakulam	KERALA	Kunnathunad	\N	\N	682305
2640	Marithazham B.O		Ernakulam	KERALA	Kanayannur	\N	\N	682315
2641	Meempara B.O		Ernakulam	KERALA	Kunnathunadu	\N	\N	682308
2642	Mulavukad S.O		Ernakulam	KERALA	Ernakulam	\N	\N	682504
2643	Nadakkavu B.O		Ernakulam	KERALA	Kanayannur	\N	\N	682307
2644	Nedungad B.O		Ernakulam	KERALA	Kochi	\N	\N	682509
2645	Perumanur S.O		Ernakulam	KERALA	Ernakulam	\N	\N	682015
2646	Pizhala B.O		Ernakulam	KERALA	Ernakulam	\N	\N	682027
2647	Thengod B.O		Ernakulam	KERALA	Ernakulam	\N	\N	682030
2648	Willingdon Island S.O		Ernakulam	KERALA	Kochi	\N	\N	682003
2649	Brahmapuram B.O		Ernakulam	KERALA	Kunnathunad	\N	\N	682303
2650	Changampuzha Nagar S.O		Ernakulam	KERALA	Kanayannur	\N	\N	682033
2651	Cochin Special Economic Zone S.O		Ernakulam	KERALA	Ernakulam	\N	\N	682037
2652	Edavanakad S.O		Ernakulam	KERALA	Kochi	\N	\N	682502
2653	Eroor S.O (Ernakulam)		Ernakulam	KERALA	Ernakulam	\N	\N	682306
2654	Eroor South B.O		Ernakulam	KERALA	Ernakulam	\N	\N	682306
2655	Kaipatoor B.O		Ernakulam	KERALA	Ernakulam	\N	\N	682313
2656	Kakkanad West B.O		Ernakulam	KERALA	Ernakulam	\N	\N	682030
2657	Kaloor S.O		Ernakulam	KERALA	Ernakulam	\N	\N	682017
2658	Kochi M.G.Road S.O		Ernakulam	KERALA	Ernakulam	\N	\N	682016
2659	Kureekad B.O		Ernakulam	KERALA	Kanayannur	\N	\N	682305
2660	Mattancherry Jetty S.O		Ernakulam	KERALA	Kochi	\N	\N	682002
2661	Mundamveli S.O		Ernakulam	KERALA	Kochi	\N	\N	682507
2662	Nazreth B.O		Ernakulam	KERALA	Kochi	\N	\N	682507
2663	Thevara S.O		Ernakulam	KERALA	Ernakulam	\N	\N	682013
2664	Udyogamandal S.O		Ernakulam	KERALA	Parur	\N	\N	683501
2665	Vadayampadi B.O		Ernakulam	KERALA	Kunnathunad	\N	\N	682308
2666	Azheekal B.O		Ernakulam	KERALA	Kochi	\N	\N	682508
2667	Ernakulam Hindi Prachar Sabha S.O		Ernakulam	KERALA	Ernakulam	\N	\N	682016
2668	Kadamakudi B.O		Ernakulam	KERALA	Ernakulam	\N	\N	682027
2669	Kochi Palace B.O		Ernakulam	KERALA	Ernakulam	\N	\N	682301
2670	Malipuram S.O		Ernakulam	KERALA	Kochi	\N	\N	682511
2671	Manjummel B.O		Ernakulam	KERALA	Parur	\N	\N	683501
2672	Narakkal S.O		Ernakulam	KERALA	Kochi	\N	\N	682505
2673	North End S.O		Ernakulam	KERALA	Kochi	\N	\N	682009
2674	Ochanthuruth S.O		Ernakulam	KERALA	Kochi	\N	\N	682508
2675	Palluruthy South B.O		Ernakulam	KERALA	Kochi	\N	\N	682006
2676	Poonithura S.O		Ernakulam	KERALA	Ernakulam	\N	\N	682038
2677	Thammanam S.O		Ernakulam	KERALA	Ernakulam	\N	\N	682032
2678	Vadavucode S.O		Ernakulam	KERALA	Kunnathunadu	\N	\N	682310
2679	Vallarpadam B.O		Ernakulam	KERALA	Ernakulam	\N	\N	682504
2680	Ambalamedu S.O		Ernakulam	KERALA	Kunnathunad	\N	\N	682303
2681	Andikkadavu B.O		Ernakulam	KERALA	Kochi	\N	\N	682008
2682	Ayyampilly S.O		Ernakulam	KERALA	Kochi	\N	\N	682501
2683	Chittoor-ekm S.O		Ernakulam	KERALA	Ernakulam	\N	\N	682027
2684	Chottanikkara S.O		Ernakulam	KERALA	Kanayannur	\N	\N	682312
2685	Elamakkara S.O		Ernakulam	KERALA	Ernakulam	\N	\N	682026
2686	Ernakulam H.O		Ernakulam	KERALA	Ernakulam	\N	\N	682011
2687	Irimbanam S.O		Ernakulam	KERALA	Ernakulam	\N	\N	682309
2688	Kalamassery Development Plot B.O		Ernakulam	KERALA	Kanayannur	\N	\N	683104
2689	Kumbalangi S.O		Ernakulam	KERALA	Kochi	\N	\N	682007
2690	Poothrikka B.O		Ernakulam	KERALA	Kunnathunad	\N	\N	682308
2691	Puthuvype B.O		Ernakulam	KERALA	Kochi	\N	\N	682508
2692	South Paravoor B.O		Ernakulam	KERALA	Kanayannur	\N	\N	682307
2693	Thalacode B.O		Ernakulam	KERALA	Kanayannur	\N	\N	682314
2694	Thekkumbhagom B.O		Ernakulam	KERALA	Ernakulam	\N	\N	682301
2695	Varikoli B.O		Ernakulam	KERALA	Kunnathunadu	\N	\N	682308
2696	Vennala S.O		Ernakulam	KERALA	Ernakulam	\N	\N	682028
2697	Cheranallur S.O		Ernakulam	KERALA	Ernakulam	\N	\N	682034
2698	Kochi University S.O		Ernakulam	KERALA	Ernakulam	\N	\N	682022
2699	Kuttikkattukara B.O		Ernakulam	KERALA	Ernakulam	\N	\N	683501
2700	Mattancherry S.O		Ernakulam	KERALA	Kochi	\N	\N	682002
2701	Mattancherry Town S.O		Ernakulam	KERALA	Kochi	\N	\N	682002
2702	Pachalam S.O		Ernakulam	KERALA	Ernakulam	\N	\N	682012
2703	Palarivattom S.O		Ernakulam	KERALA	Ernakulam	\N	\N	682025
2704	Panangad S.O (Ernakulam)		Ernakulam	KERALA	Kanayannur	\N	\N	682506
2705	Panayappilly S.O		Ernakulam	KERALA	Kochi	\N	\N	682002
2706	Poothotta B.O		Ernakulam	KERALA	Kanayannur	\N	\N	682307
2707	Rajagiri Valley S.O		Ernakulam	KERALA	Ernakulam	\N	\N	682039
2708	Thirumarayoor B.O		Ernakulam	KERALA	Kanayannur	\N	\N	682313
2709	Udayamperoor S.O		Ernakulam	KERALA	Ernakulam	\N	\N	682307
2710	Vadacode Kailas Colony B.O		Ernakulam	KERALA	Kanayannur	\N	\N	682021
2711	Vaduthala S.O		Ernakulam	KERALA	Ernakulam	\N	\N	682023
2712	Veliyanad B.O		Ernakulam	KERALA	Kanayannur	\N	\N	682313
2713	Vyttila S.O		Ernakulam	KERALA	Ernakulam	\N	\N	682019
2714	Ambalamugal S.O		Ernakulam	KERALA	Kunnathunad	\N	\N	682302
2715	Arakunnam S.O		Ernakulam	KERALA	Kanayannur	\N	\N	682313
2716	Ernakulam College S.O		Ernakulam	KERALA	Ernakulam	\N	\N	682035
2717	Hmt Colony S.O		Ernakulam	KERALA	Kanayannur	\N	\N	683503
2718	Kadavanthara S.O		Ernakulam	KERALA	Ernakulam	\N	\N	682020
2719	Kakkanad S.O		Ernakulam	KERALA	Ernakulam	\N	\N	682030
2720	Kalamassery S.O		Ernakulam	KERALA	Kanayannur	\N	\N	683104
2721	Kandanad B.O		Ernakulam	KERALA	Kanayannur	\N	\N	682305
2722	Kannamali S.O		Ernakulam	KERALA	Kochi	\N	\N	682008
2723	Kumbalam B.O		Ernakulam	KERALA	Ernakulam	\N	\N	682506
2724	Kumbalangi South B.O		Ernakulam	KERALA	Kochi	\N	\N	682007
2725	Maradu S.O		Ernakulam	KERALA	Ernakulam	\N	\N	682304
2726	Mulanthuruthy S.O		Ernakulam	KERALA	Ernakulam	\N	\N	682314
2727	Nayarambalam S.O		Ernakulam	KERALA	Kochi	\N	\N	682509
2728	Pancode B.O		Ernakulam	KERALA	Kunnathunadu	\N	\N	682310
2729	Perumpilly B.O		Ernakulam	KERALA	Kanayannur	\N	\N	682314
2730	Pulickamaly B.O		Ernakulam	KERALA	Kanayannur	\N	\N	682314
2731	Puthencruz S.O		Ernakulam	KERALA	Kunnathunadu	\N	\N	682308
2732	S.Chellanam B.O		Ernakulam	KERALA	Kochi	\N	\N	682008
2733	Thiruvamkulam S.O		Ernakulam	KERALA	Ernakulam	\N	\N	682305
2734	Thrikkakara S.O		Ernakulam	KERALA	Ernakulam	\N	\N	682021
2735	Edakkattuvayal B.O		Ernakulam	KERALA	Kanayannur	\N	\N	682313
2736	Elamkunnapuzha S.O		Ernakulam	KERALA	Kochi	\N	\N	682503
2737	Ernakulam High Court S.O		Ernakulam	KERALA	Ernakulam	\N	\N	682031
2738	Ernakulam North S.O		Ernakulam	KERALA	Ernakulam	\N	\N	682018
2739	Kanjiramattom S.O		Ernakulam	KERALA	Kanayannur	\N	\N	682315
2740	Karimugal B.O		Ernakulam	KERALA	Kunnathunad	\N	\N	682303
2741	Kochi H.O		Ernakulam	KERALA	Kochi	\N	\N	682001
2742	Kochi Naval Base S.O		Ernakulam	KERALA	Kochi	\N	\N	682004
2743	Kothad B.O		Ernakulam	KERALA	Ernakulam	\N	\N	682027
2744	Kulayettikara B.O		Ernakulam	KERALA	Kanayannur	\N	\N	682315
2745	Kuzhiyara B.O		Ernakulam	KERALA	Kunnathunad	\N	\N	682312
2746	Nettoor S.O		Ernakulam	KERALA	Kanayannur	\N	\N	682040
2747	Paingarapilly B.O		Ernakulam	KERALA	Kanayannur	\N	\N	682314
2748	Palluruthy S.O		Ernakulam	KERALA	Kochi	\N	\N	682006
2749	Panampilly Nagar S.O		Ernakulam	KERALA	Ernakulam	\N	\N	682036
2750	Shanmugham Road S.O		Ernakulam	KERALA	Ernakulam	\N	\N	682031
2751	Thoppumpady S.O		Ernakulam	KERALA	Kochi	\N	\N	682005
2752	Tripunithura S.O		Ernakulam	KERALA	Ernakulam	\N	\N	682301
2753	Vettickal B.O		Ernakulam	KERALA	Kanayannur	\N	\N	682314
2754	AIMS Ponekkara S.O		Ernakulam	KERALA	Kanayannur	\N	\N	682041
2755	Amballur B.O		Ernakulam	KERALA	Ernakulam	\N	\N	682315
2756	Chellanam B.O		Ernakulam	KERALA	Kochi	\N	\N	682008
2757	Edapally S.O		Ernakulam	KERALA	Ernakulam	\N	\N	682024
2758	Infopark-Kochi S.O		Ernakulam	KERALA	Kanayannur	\N	\N	682042
2759	Kanayannoor B.O		Ernakulam	KERALA	Kanayannur	\N	\N	682312
2760	Kaninad B.O		Ernakulam	KERALA	Kunnathunad	\N	\N	682310
2761	Matsyapuri S.O		Ernakulam	KERALA	Kochi	\N	\N	682029
2762	Rajagiri B.O		Ernakulam	KERALA	Kanayannur	\N	\N	683104
2763	Thiruvaniyoor B.O		Ernakulam	KERALA	Kunnathunadu	\N	\N	682308
2764	Tripunithura Fort S.O		Ernakulam	KERALA	Ernakulam	\N	\N	682301
2765	Vadacode B.O		Ernakulam	KERALA	Kanayannur	\N	\N	682021
2766	Chemmannar B.O		Idukki	KERALA	Udumbanchola	\N	\N	685554
2767	Chinnar B.O		Idukki	KERALA	Peerumade	\N	\N	685501
2768	Chottupara Periyar B.O		Idukki	KERALA	Peerumade	\N	\N	685533
2769	Ellapatti S.O		Idukki	KERALA	Devikulam	\N	\N	685615
2770	Kalayanthani S.O		Idukki	KERALA	Thodupuzha	\N	\N	685588
2771	Kallar S.O		Idukki	KERALA	Udumbanchola	\N	\N	685552
2772	Kanayankavayal B.O		Idukki	KERALA	Peerumade	\N	\N	685532
2773	Karunapuram B.O		Idukki	KERALA	Udumbanchola	\N	\N	685552
2774	Keerikara B.O		Idukki	KERALA	Peerumade	\N	\N	685533
2775	Kodikulam S.O		Idukki	KERALA	Thodupuzha	\N	\N	685582
2776	Kolahalamedu B.O		Idukki	KERALA	Peerumade	\N	\N	685501
2777	Kottakomboor B.O		Idukki	KERALA	Devikulam	\N	\N	685615
2778	Lakshmi Coil B.O		Idukki	KERALA	Peerumade	\N	\N	685531
2779	Mrala B.O		Idukki	KERALA	Thodupuzha	\N	\N	685587
2780	Muniyara B.O		Idukki	KERALA	Udumbanchola	\N	\N	685571
2781	Pampadumpara B.O		Idukki	KERALA	NA	\N	\N	685553
2782	Panamkutty B.O		Idukki	KERALA	Udumbanchola	\N	\N	685562
2783	Pandipara B.O		Idukki	KERALA	Udumbanchola	\N	\N	685609
2784	Peermade S.O		Idukki	KERALA	Peermade	\N	\N	685531
2785	Perinchankutty B.O		Idukki	KERALA	Udumbanchola	\N	\N	685604
2786	Rajakumari South B.O		Idukki	KERALA	Udumbanchola	\N	\N	685619
2787	Sahayagiri B.O		Idukki	KERALA	Devikulam	\N	\N	685620
2788	Senapathy B.O		Idukki	KERALA	Udumbanchola	\N	\N	685619
2789	Springvalley B.O		Idukki	KERALA	Peermade	\N	\N	685509
2790	Thattakuzha B.O		Idukki	KERALA	Thodupuzha	\N	\N	685581
2791	Thokkupara B.O		Idukki	KERALA	Devikulam	\N	\N	685565
2792	Upputhara S.O		Idukki	KERALA	Peermade	\N	\N	685505
2793	Upputhode B.O		Idukki	KERALA	Udumbanchola	\N	\N	685604
2794	Vagamon S.O		Idukki	KERALA	Peermade	\N	\N	685503
2795	Valiyathovala B.O		Idukki	KERALA	Udumbanchola	\N	\N	685514
2796	Adoormala B.O		Idukki	KERALA	Thodupuzha	\N	\N	685590
2797	Amayapra B.O		Idukki	KERALA	Thodupuzha	\N	\N	685595
2798	Anavilasam B.O		Idukki	KERALA	Udumbanchola	\N	\N	685535
2799	Anaviratty B.O		Idukki	KERALA	Devikulam	\N	\N	685561
2800	Anayirankal B.O		Idukki	KERALA	Udumbanchola	\N	\N	685613
2801	Arakulam S.O		Idukki	KERALA	Thodupuzha	\N	\N	685591
2802	Arnakal B.O		Idukki	KERALA	Peerumade	\N	\N	685533
2803	Ayyappancoil S.O		Idukki	KERALA	Udumbanchola	\N	\N	685507
2804	Bethel B.O		Idukki	KERALA	Udumbanchola	\N	\N	685514
2805	Combayar B.O		Idukki	KERALA	Udumbanchola	\N	\N	685552
2806	Devarupara B.O		Idukki	KERALA	Thodupuzha	\N	\N	685588
2807	Ellakallu B.O		Idukki	KERALA	Udumbanchola	\N	\N	685565
2808	Ellumpuram B.O		Idukki	KERALA	Thodupuzha	\N	\N	685587
2809	Erattayar North B.O		Idukki	KERALA	Udumbanchola	\N	\N	685514
2810	Haileyburia B.O		Idukki	KERALA	Peerumade	\N	\N	685501
2811	Ilappally B.O		Idukki	KERALA	Thodupuzha	\N	\N	685589
2812	Kallarkutty S.O		Idukki	KERALA	Devikulam	\N	\N	685562
2813	Karadikuzhy B.O		Idukki	KERALA	Peerumade	\N	\N	685531
2814	Karimkunnam S.O		Idukki	KERALA	Thodupuzha	\N	\N	685586
2815	Karippalangad B.O		Idukki	KERALA	Thodupuzha	\N	\N	685601
2816	Kattappana South S.O		Idukki	KERALA	Udumbanchola	\N	\N	685515
2817	Kochukarimtharuvi B.O		Idukki	KERALA	Peerumade	\N	\N	685501
2818	Koompanpara B.O		Idukki	KERALA	Devikulam	\N	\N	685561
2819	Kulamavu S.O		Idukki	KERALA	Thodupuzha	\N	\N	685601
2820	Kuninji B.O		Idukki	KERALA	Thodupuzha	\N	\N	685583
2821	Mailacombu B.O		Idukki	KERALA	Thodupuzha	\N	\N	685608
2822	Mariyapuram B.O		Idukki	KERALA	Udumbanchola	\N	\N	685602
2823	Melekuppachampady B.O		Idukki	KERALA	Udumbanchola	\N	\N	685514
2824	Moolamattom East B.O		Idukki	KERALA	Thodupuzha	\N	\N	685589
2825	Mullaringadu B.O		Idukki	KERALA	Thodupuzha	\N	\N	685607
2826	Muthalakodam S.O		Idukki	KERALA	Thodupuzha	\N	\N	685605
2827	Nayarupara B.O		Idukki	KERALA	Udumbanchola	\N	\N	685602
2828	Nediyasala B.O		Idukki	KERALA	Thodupuzha	\N	\N	685608
2829	Neyyassery B.O		Idukki	KERALA	Thodupuzha	\N	\N	685581
2830	Pallivasal B.O		Idukki	KERALA	Devikulam	\N	\N	685565
2831	Pallivasal Estate B.O		Idukki	KERALA	Devikulam	\N	\N	685612
2832	Pampupara B.O		Idukki	KERALA	Udumbanchola	\N	\N	685551
2833	Pannimattom B.O		Idukki	KERALA	Thodupuzha	\N	\N	685588
2834	Pius Nagar B.O		Idukki	KERALA	Devikulam	\N	\N	685620
2835	Pulickathotty B.O		Idukki	KERALA	Thodupuzha	\N	\N	685607
2836	Rajakandam B.O		Idukki	KERALA	Udumbanchola	\N	\N	685551
2837	Rajamudi B.O		Idukki	KERALA	Udumbanchola	\N	\N	685604
2838	Talliar S.O		Idukki	KERALA	Devikulam	\N	\N	685614
2839	Thodupuzha H.O		Idukki	KERALA	Thodupuzha	\N	\N	685584
2840	Vengallur S.O		Idukki	KERALA	Thodupuzha	\N	\N	685608
2841	Calvari Mount B.O		Idukki	KERALA	Udumbanchola	\N	\N	685515
2842	Cheenikuzhi B.O		Idukki	KERALA	Thodupuzha	\N	\N	685595
2843	Chempakapara B.O		Idukki	KERALA	Udumbanchola	\N	\N	685514
2844	Chenkara B.O		Idukki	KERALA	Peerumade	\N	\N	685533
2845	Dymock B.O		Idukki	KERALA	Peerumade	\N	\N	685533
2846	Edad-idukki B.O		Idukki	KERALA	Thodupuzha	\N	\N	685589
2847	Edavetty B.O		Idukki	KERALA	Thodupuzha	\N	\N	685588
2848	Ezhallur B.O		Idukki	KERALA	Thodupuzha	\N	\N	685605
2849	Ezhukunvayal B.O		Idukki	KERALA	Udumbanchola	\N	\N	685553
2850	Fair Field B.O		Idukki	KERALA	Peerumade	\N	\N	685501
2851	Gramby B.O		Idukki	KERALA	Peerumade	\N	\N	685533
2852	Konnackamali B.O		Idukki	KERALA	Udumbanchola	\N	\N	685604
2853	Koovappally-kudayathur B.O		Idukki	KERALA	Thodupuzha	\N	\N	685590
2854	Kumaramangala B.O		Idukki	KERALA	Thodupuzha	\N	\N	685608
2855	Mankulam B.O		Idukki	KERALA	Devikulam	\N	\N	685565
2856	Moolamattom S.O		Idukki	KERALA	Thodupuzha	\N	\N	685589
2857	Moongalar B.O		Idukki	KERALA	Peerumade	\N	\N	685533
2858	Mukkudam B.O		Idukki	KERALA	Devikulam	\N	\N	685562
2859	Mundanmudy B.O		Idukki	KERALA	Thodupuzha	\N	\N	685607
2860	Murinjapuzha B.O		Idukki	KERALA	Peerumade	\N	\N	685532
2861	Narakakanam B.O		Idukki	KERALA	Udumbanchola	\N	\N	685602
2862	Pathippally B.O		Idukki	KERALA	Thodupuzha	\N	\N	685589
2863	Peringassery B.O		Idukki	KERALA	Thodupuzha	\N	\N	685595
2864	Perumthotty B.O		Idukki	KERALA	Udumbanchola	\N	\N	685609
2865	Prakash B.O		Idukki	KERALA	Udumbanchola	\N	\N	685609
2866	Puliyanmala B.O		Idukki	KERALA	Udumbanchola	\N	\N	685515
2867	Pullikkanam B.O		Idukki	KERALA	Peerumade	\N	\N	685503
2868	Rajakad S.O		Idukki	KERALA	Udumbanchola	\N	\N	685566
2869	Santhanpara S.O		Idukki	KERALA	Udumbanchola	\N	\N	685619
2870	Thekkumbhagam B.O		Idukki	KERALA	Thodupuzha	\N	\N	685585
2871	Thopramkduy B.O		Idukki	KERALA	Udumbanchola	\N	\N	685609
2872	Vazhavara B.O		Idukki	KERALA	Udumbanchola	\N	\N	685515
2873	C. Kuthumkal B.O		Idukki	KERALA	Udumbanchola	\N	\N	685566
2874	Chembalam B.O		Idukki	KERALA	Udumbanchola	\N	\N	685553
2875	Chottupara B.O		Idukki	KERALA	Udumbanchola	\N	\N	685552
2876	Devikulam S.O		Idukki	KERALA	Devikulam	\N	\N	685613
2877	Elappara S.O		Idukki	KERALA	Peermade	\N	\N	685501
2878	Ettithope B.O		Idukki	KERALA	Udumbanchola	\N	\N	685514
2879	Ezhumuttom B.O		Idukki	KERALA	Thodupuzha	\N	\N	685605
2880	Glenmary B.O		Idukki	KERALA	Peerumade	\N	\N	685531
2881	Idukki Painavu S.O		Idukki	KERALA	Thodupuzha	\N	\N	685603
2882	Josegiri B.O		Idukki	KERALA	Udumbanchola	\N	\N	685565
2883	Kanjar B.O		Idukki	KERALA	Thodupuzha	\N	\N	685590
2884	Kanthallur B.O		Idukki	KERALA	Devikulam	\N	\N	685620
2885	Khajanapara B.O		Idukki	KERALA	Udumbanchola	\N	\N	685619
2886	Kolani B.O		Idukki	KERALA	Thodupuzha	\N	\N	685608
2887	Koviloor B.O		Idukki	KERALA	Devikulam	\N	\N	685615
2888	Kumily S.O		Idukki	KERALA	Peermade	\N	\N	685509
2889	Lonetree B.O		Idukki	KERALA	Peerumade	\N	\N	685505
2890	Mammattikanam B.O		Idukki	KERALA	Udumbanchola	\N	\N	685566
2891	Mankuva B.O		Idukki	KERALA	Udumbanchola	\N	\N	685604
2892	Mannamkandam B.O		Idukki	KERALA	Devikulam	\N	\N	685561
2893	Marigiri B.O		Idukki	KERALA	Udumbanchola	\N	\N	685609
2894	Michaelgiri B.O		Idukki	KERALA	Devikulam	\N	\N	685620
2895	Mount B.O		Idukki	KERALA	Peerumade	\N	\N	685533
2896	Mulakuvally B.O		Idukki	KERALA	Thodupuzha	\N	\N	685602
2897	Mullarikudy B.O		Idukki	KERALA	Udumbanchola	\N	\N	685571
2898	Murukady S.O		Idukki	KERALA	Peerumade	\N	\N	685535
2899	Nettithozhu B.O		Idukki	KERALA	Udumbanchola	\N	\N	685551
2900	Pachakanam B.O		Idukki	KERALA	Peerumade	\N	\N	685533
2901	Padicap B.O		Idukki	KERALA	Devikulam	\N	\N	685561
2902	Pallikunnu B.O		Idukki	KERALA	Peerumade	\N	\N	685531
2903	Pampa Dam B.O		Idukki	KERALA	Peerumade	\N	\N	685533
2904	Panickankudy B.O		Idukki	KERALA	Udumbanchola	\N	\N	685571
2905	Panniar Estate B.O		Idukki	KERALA	Udumbanchola	\N	\N	685613
2906	Periyar Lake B.O		Idukki	KERALA	Peerumade	\N	\N	685509
2907	Peruvanthanam S.O		Idukki	KERALA	Peermade	\N	\N	685532
2908	Puttady B.O		Idukki	KERALA	Udumbanchola	\N	\N	685551
2909	Selliampara B.O		Idukki	KERALA	Devikulam	\N	\N	685563
2910	Thankamany S.O		Idukki	KERALA	Udumbanchola	\N	\N	685609
2911	Thommankuthu B.O		Idukki	KERALA	Thodupuzha	\N	\N	685581
2912	Udumbannur S.O		Idukki	KERALA	Thodupuzha	\N	\N	685595
2913	Vazhithala S.O		Idukki	KERALA	Thodupuzha	\N	\N	685583
2914	Vimalagiri B.O		Idukki	KERALA	Udumbanchola	\N	\N	685602
2915	Alpara B.O		Idukki	KERALA	Thodupuzha	\N	\N	685606
2916	Anchiri B.O		Idukki	KERALA	Thodupuzha	\N	\N	685585
2917	Arikuzha B.O		Idukki	KERALA	Thodupuzha	\N	\N	685608
2918	Attapallam B.O		Idukki	KERALA	Peerumade	\N	\N	685509
2919	Chakkupallam B.O		Idukki	KERALA	Udumbanchola	\N	\N	685509
2920	Chathurangapara B.O		Idukki	KERALA	Udumbanchola	\N	\N	685554
2921	Chellarcoil B.O		Idukki	KERALA	Udumbanchola	\N	\N	685512
2922	Chilavu B.O		Idukki	KERALA	Thodupuzha	\N	\N	685588
2923	Chithirapuram S.O		Idukki	KERALA	Devikulam	\N	\N	685565
2924	Cumbumbettu B.O		Idukki	KERALA	Udumbanchola	\N	\N	685551
2925	Gavi B.O		Pathanamthitta	KERALA	Ranni	\N	\N	685533
2926	Kannickal B.O		Idukki	KERALA	Thodupuzha	\N	\N	685589
2927	Karimkulam Chappath B.O		Idukki	KERALA	Udumbanchola	\N	\N	685505
2928	Kochara B.O		Idukki	KERALA	Udumbanchola	\N	\N	685551
2929	Kozhimala B.O		Idukki	KERALA	Udumbanchola	\N	\N	685511
2930	Kudayathur S.O		Idukki	KERALA	Thodupuzha	\N	\N	685590
2931	Mattupatty ISP B.O		Idukki	KERALA	Devikulam	\N	\N	685616
2932	Mattuppatti S.O		Idukki	KERALA	Devikulam	\N	\N	685616
2933	Mattuthavalam B.O		Idukki	KERALA	Peerumade	\N	\N	685505
2934	Mavady B.O		Idukki	KERALA	Udumbanchola	\N	\N	685553
2935	Meencut B.O		Idukki	KERALA	Devikulam	\N	\N	685565
2936	Meloram B.O		Idukki	KERALA	Peermade	\N	\N	685532
2937	Moolakad B.O		Idukki	KERALA	Thodupuzha	\N	\N	685595
2938	Munnar S.O		Idukki	KERALA	Devikulam	\N	\N	685612
2939	Muttom EK S.O		Idukki	KERALA	Thodupuzha	\N	\N	685587
2940	Pachady B.O		Idukki	KERALA	Udumbanchola	\N	\N	685553
2941	Pannoor B.O		Idukki	KERALA	Thodupuzha	\N	\N	685581
2942	Pasupara B.O		Idukki	KERALA	Peerumade	\N	\N	685501
2943	Pethotty B.O		Idukki	KERALA	Udumbanchola	\N	\N	685619
2944	Ponmudi B.O		Idukki	KERALA	Udumbanchola	\N	\N	685563
2945	Thadiampadu B.O		Idukki	KERALA	Thodupuzha	\N	\N	685602
2946	Thodupuzha East S.O		Idukki	KERALA	Thodupuzha	\N	\N	685585
2947	Thodupuzha West S.O		Idukki	KERALA	Thodupuzha	\N	\N	685584
2948	Thoppipala B.O		Idukki	KERALA	Udumbanchola	\N	\N	685511
2949	Udumbanchola S.O		Idukki	KERALA	Udumbanchola	\N	\N	685554
2950	Valara B.O		Idukki	KERALA	Devikulam	\N	\N	685561
2951	Vandamattom B.O		Idukki	KERALA	Thodupuzha	\N	\N	685582
2952	Vattappara (UBC) B.O		Idukki	KERALA	Udumbanchola	\N	\N	685619
2953	Vellaramkunnu B.O		Idukki	KERALA	Udumbanchola	\N	\N	685535
2954	Venmony B.O		Idukki	KERALA	Thodupuzha	\N	\N	685606
2955	Amaravathy B.O		Idukki	KERALA	Peerumade	\N	\N	685509
2956	Anakkara S.O (Idukki)		Idukki	KERALA	Udumbanchola	\N	\N	685512
2957	Anakulam B.O		Idukki	KERALA	Devikulam	\N	\N	685565
2958	Aruvilanchal B.O		Idukki	KERALA	Udumbanchola	\N	\N	685619
2959	Bisonvalley B.O		Idukki	KERALA	Devikulam	\N	\N	685565
2960	Chelachuvadu B.O		Idukki	KERALA	Thodupuzha	\N	\N	685606
2961	Kadamakuzhy B.O		Idukki	KERALA	Udumbanchola	\N	\N	685515
2962	Kailasanadu B.O		Idukki	KERALA	Udumbanchola	\N	\N	685553
2963	Kochuthovala B.O		Idukki	KERALA	Udumbanchola	\N	\N	685514
2964	Koduveli B.O		Idukki	KERALA	Thodupuzha	\N	\N	685581
2965	Konnathady B.O		Idukki	KERALA	Udumbanchola	\N	\N	685563
2966	Kunchithanni B.O		Idukki	KERALA	Devikulam	\N	\N	685565
2967	Mali B.O		Idukki	KERALA	Udumbanchola	\N	\N	685551
2968	Maniyaramkudy B.O		Idukki	KERALA	Thodupuzha	\N	\N	685602
2969	Maraiyur S.O		Idukki	KERALA	Devikulam	\N	\N	685620
2970	Mukkudil B.O		Idukki	KERALA	Udumbanchola	\N	\N	685566
2971	Mulakaramedu B.O		Idukki	KERALA	Udumbanchola	\N	\N	685515
2972	Mulappuram B.O		Idukki	KERALA	Thodupuzha	\N	\N	685581
2973	Munnar Colony B.O		Idukki	KERALA	Devikulam	\N	\N	685612
2974	Murickassery S.O		Idukki	KERALA	Udumbanchola	\N	\N	685604
2975	Paloorkavu B.O		Idukki	KERALA	Peerumade	\N	\N	685532
2976	Parapuzha B.O		Idukki	KERALA	Thodupuzha	\N	\N	685582
2977	Pothamedu B.O		Idukki	KERALA	Devikulam	\N	\N	685612
2978	Pottenkad B.O		Idukki	KERALA	Udumbanchola	\N	\N	685565
2979	Ramakkal Mettu B.O		Idukki	KERALA	Udumbanchola	\N	\N	685552
2980	Sanniasioda B.O		Idukki	KERALA	Udumbanchola	\N	\N	685552
2981	Thattarathatta B.O		Idukki	KERALA	Thodupuzha	\N	\N	685586
2982	Thodupuzha -puthuperiyaram B.O		Idukki	KERALA	Thodupuzha	\N	\N	685608
2983	Thovarayar B.O		Idukki	KERALA	Udumbanchola	\N	\N	685511
2984	Thudanganad B.O		Idukki	KERALA	Thodupuzha	\N	\N	685587
2985	Vadakkummury B.O		Idukki	KERALA	Thodupuzha	\N	\N	685586
2986	Vallakadavu Periyar B.O		Idukki	KERALA	Peerumade	\N	\N	685533
2987	Vandanmettu S.O		Idukki	KERALA	Udumbanchola	\N	\N	685551
2988	Vellathooval S.O		Idukki	KERALA	Udumbanchola	\N	\N	685563
2989	Vellayamkudy B.O		Idukki	KERALA	Udumbanchola	\N	\N	685515
2990	Velliyamattom B.O		Idukki	KERALA	Thodupuzha	\N	\N	685588
2991	Wallardie B.O		Idukki	KERALA	Peerumade	\N	\N	685533
2992	Alakode B.O		Idukki	KERALA	Thodupuzha	\N	\N	685588
2993	Cheenthalar B.O		Idukki	KERALA	Peerumade	\N	\N	685501
2994	Chinnakanal B.O		Idukki	KERALA	Udumbanchola	\N	\N	685618
2995	Elamdesom B.O		Idukki	KERALA	Thodupuzha	\N	\N	685588
2996	Idukki Colony S.O		Idukki	KERALA	Thodupuzha	\N	\N	685602
2997	Kaloor East B.O		Idukki	KERALA	Thodupuzha	\N	\N	685608
2998	Kanchiyar S.O		Idukki	KERALA	Udumbanchola	\N	\N	685511
2999	Karimannoor S.O		Idukki	KERALA	Thodupuzha	\N	\N	685581
3000	Kattappana H.O		Idukki	KERALA	Udumbanchola	\N	\N	685508
3001	Keerithode B.O		Idukki	KERALA	Thodupuzha	\N	\N	685606
3002	Koottar B.O		Idukki	KERALA	Udumbanchola	\N	\N	685552
3003	Koovakandam B.O		Idukki	KERALA	Thodupuzha	\N	\N	685588
3004	Korangatti B.O		Idukki	KERALA	Devikulam	\N	\N	685561
3005	Kuzhithozhu B.O		Idukki	KERALA	Udumbanchola	\N	\N	685551
3006	Machiplavu B.O		Idukki	KERALA	Devikulam	\N	\N	685561
3007	Manakkad B.O		Idukki	KERALA	Thodupuzha	\N	\N	685608
3008	Manipara B.O		Idukki	KERALA	Thodupuzha	\N	\N	685602
3009	Manjappara B.O		Idukki	KERALA	Udumbanchola	\N	\N	685553
3010	N R City B.O		Idukki	KERALA	Udumbanchola	\N	\N	685566
3011	Nedumkandam S.O		Idukki	KERALA	Udumbanchola	\N	\N	685553
3012	Nellipara B.O		Idukki	KERALA	Udumbanchola	\N	\N	685515
3013	Padamugham B.O		Idukki	KERALA	Udumbanchola	\N	\N	685604
3014	Pambanar B.O		Idukki	KERALA	Peerumade	\N	\N	685531
3015	Pazhayarikandam B.O		Idukki	KERALA	Thodupuzha	\N	\N	685606
3016	Pushpakandam B.O		Idukki	KERALA	Udumbanchola	\N	\N	685552
3017	Rajakumari B.O		Idukki	KERALA	Udumbanchola	\N	\N	685619
3018	Santhigram B.O		Idukki	KERALA	Udumbanchola	\N	\N	685514
3019	Sasthanoda B.O		Idukki	KERALA	Udumbanchola	\N	\N	685535
3020	Sethuparvathipuram B.O		Idukki	KERALA	Devikulam	\N	\N	685615
3021	Sinkukandam B.O		Idukki	KERALA	Udumbanchola	\N	\N	685618
3022	South Kathipara B.O		Idukki	KERALA	Devikulam	\N	\N	685562
3023	Vattiar B.O		Idukki	KERALA	Devikulam	\N	\N	685565
3024	West Kodikulam B.O		Idukki	KERALA	Thodupuzha	\N	\N	685582
3025	Adimali S.O		Idukki	KERALA	Devikulam	\N	\N	685561
3026	Anniyartholu B.O		Idukki	KERALA	Udumbanchola	\N	\N	685515
3027	Balagram B.O		Idukki	KERALA	Udumbanchola	\N	\N	685552
3028	Chattamannar B.O		Idukki	KERALA	Devikulam	\N	\N	685614
3029	Cheppukulam B.O		Idukki	KERALA	Thodupuzha	\N	\N	685581
3030	Erattayar S.O		Idukki	KERALA	Udumbanchola	\N	\N	685514
3031	Gudarle B.O		Idukki	KERALA	Devikulam	\N	\N	685612
3032	Idinjamala B.O		Idukki	KERALA	Udumbanchola	\N	\N	685514
3033	Kaliyar B.O		Idukki	KERALA	Thodupuzha	\N	\N	685607
3034	Kalthotty B.O		Idukki	KERALA	Udumbanchola	\N	\N	685507
3035	Kamakshy B.O		Idukki	KERALA	Udumbanchola	\N	\N	685515
3036	Kanjikuzhi - Idukki S.O		Idukki	KERALA	Thodupuzha	\N	\N	685606
3037	Kottamala B.O		Idukki	KERALA	Peerumade	\N	\N	685503
3038	Kulaparachal B.O		Idukki	KERALA	Udumbanchola	\N	\N	685619
3039	Kuttikanam B.O		Idukki	KERALA	Peerumade	\N	\N	685531
3040	Malayinchi B.O		Idukki	KERALA	Thodupuzha	\N	\N	685595
3041	Mathaipara B.O		Idukki	KERALA	Peerumade	\N	\N	685505
3042	Nariampara B.O		Idukki	KERALA	Udumbanchola	\N	\N	685511
3043	Ottalloor B.O		Idukki	KERALA	Thodupuzha	\N	\N	685586
3044	Paloorkavu Central B.O		Idukki	KERALA	Peerumade	\N	\N	685532
3045	Parathode S.O (Idukki)		Idukki	KERALA	Udumbanchola	\N	\N	685571
3046	Perumpillichira B.O		Idukki	KERALA	Thodupuzha	\N	\N	685605
3047	Poopara B.O		Idukki	KERALA	Udumbanchola	\N	\N	685619
3048	Purapuzha B.O		Idukki	KERALA	Thodupuzha	\N	\N	685583
3049	Puthady B.O		Idukki	KERALA	Udumbanchola	\N	\N	685619
3050	Rajapuram B.O		Idukki	KERALA	Udumbanchola	\N	\N	685604
3051	Sengulam B.O		Idukki	KERALA	Devikulam	\N	\N	685565
3052	Surianalle S.O		Idukki	KERALA	Udumbanchola	\N	\N	685618
3053	Thattekanni B.O		Idukki	KERALA	Thodupuzha	\N	\N	685606
3054	Thekkady B.O		Idukki	KERALA	Peerumade	\N	\N	685509
3055	Thengakal B.O		Idukki	KERALA	Peerumade	\N	\N	685533
3056	Uppukandam B.O		Idukki	KERALA	Udumbanchola	\N	\N	685514
3057	Vandiperiyar S.O		Idukki	KERALA	Peermade	\N	\N	685533
3058	Vannapuram S.O		Idukki	KERALA	Thodupuzha	\N	\N	685607
3059	Annanad B.O		Thrissur	KERALA	Mukundapuram	\N	\N	680309
3060	Aripalam S.O		Thrissur	KERALA	Mukundapuram	\N	\N	680688
3061	Eravathur B.O		Thrissur	KERALA	Mukundapuram	\N	\N	680734
3062	Kaduppassery B.O		Thrissur	KERALA	Mukundapuram	\N	\N	680683
3063	Kallettumkara S.O		Thrissur	KERALA	Mukundapuram	\N	\N	680683
3064	Karalam B.O		Thrissur	KERALA	Mukundapuram	\N	\N	680711
3065	Karuvannur S.O		Thrissur	KERALA	Mukundapuram	\N	\N	680711
3066	Kathikkudam B.O		Thrissur	KERALA	Mukundapuram	\N	\N	680308
3067	Kuzhikkattussery B.O		Thrissur	KERALA	Mukundapuram	\N	\N	680697
3068	Kuzhur S.O		Thrissur	KERALA	Mukundapuram	\N	\N	680734
3069	Madathumpady B.O		Thrissur	KERALA	NA	\N	\N	680733
3070	Mambra B.O		Thrissur	KERALA	Mukundapuram	\N	\N	680308
3071	Mothirakkanni B.O		Thrissur	KERALA	Mukundapuram	\N	\N	680724
3072	Padinjare Vemballur B.O		Thrissur	KERALA	Kodungallur	\N	\N	680671
3073	Pady S.O		Thrissur	KERALA	Mukundapuram	\N	\N	680699
3074	Panamkulam B.O		Thrissur	KERALA	Thrissur	\N	\N	680711
3075	Pazhayi B.O		Thrissur	KERALA	Mukundapuram	\N	\N	680301
3076	Perinjanam West B.O		Thrissur	KERALA	Kodungallur	\N	\N	680686
3077	Ponjanam B.O		Thrissur	KERALA	Mukundapuram	\N	\N	680702
3078	Poringalkuthu B.O		Thrissur	KERALA	Mukundapuram	\N	\N	680721
3079	Thiruvanchikulam B.O		Thrissur	KERALA	Kodungallur	\N	\N	680664
3080	Thuruthippuram B.O		Ernakulam	KERALA	Paravur	\N	\N	680667
3081	Vadama B.O		Thrissur	KERALA	Mukundapuram	\N	\N	680732
3082	Valapad Beach B.O		Thrissur	KERALA	Chavakkad	\N	\N	680567
3083	Vallachira B.O		Thrissur	KERALA	Thrissur	\N	\N	680562
3084	Vellangallur S.O		Thrissur	KERALA	Mukundapuram	\N	\N	680662
3085	Vellani B.O		Thrissur	KERALA	Mukundapuram	\N	\N	680701
3086	Vettilappara B.O		Thrissur	KERALA	Mukundapuram	\N	\N	680721
3087	Annallur B.O		Thrissur	KERALA	Mukundapuram	\N	\N	680731
3088	Annamanada S.O		Thrissur	KERALA	Mukundapuram	\N	\N	680741
3089	Chazhur B.O		Thrissur	KERALA	Thrissur	\N	\N	680571
3090	Cherpu Padinjattumuri B.O		Thrissur	KERALA	Thrissur	\N	\N	680561
3091	Inchakundu B.O		Thrissur	KERALA	Mukundapuram	\N	\N	680312
3092	Inchamudy B.O		Thrissur	KERALA	Thrissur	\N	\N	680564
3093	Kaduppassery  South B.O		Thrissur	KERALA	Mukundapuram	\N	\N	680683
3094	Kallur S.O (Thrissur)		Thrissur	KERALA	Mukundapuram	\N	\N	680317
3095	Kattoor S.O		Thrissur	KERALA	Mukundapuram	\N	\N	680702
3096	Kilakkummuri S.O		Thrissur	KERALA	Thrissur	\N	\N	680571
3097	Kombathukadavu B.O		Thrissur	KERALA	Mukundapuram	\N	\N	680682
3098	Koratti S.O		Thrissur	KERALA	Mukundapuram	\N	\N	680308
3099	Kottamuri B.O		Thrissur	KERALA	Mukundapuram	\N	\N	680732
3100	Kurumbilavu B.O		Thrissur	KERALA	Thrissur	\N	\N	680564
3101	Kuttamangalam B.O		Thrissur	KERALA	Kodungallur	\N	\N	680703
3102	Lokamaleswaram North B.O		Thrissur	KERALA	Kodungallur	\N	\N	680664
3103	Mathilakam S.O		Thrissur	KERALA	Kodungallur	\N	\N	680685
3104	Nandikkara B.O		Thrissur	KERALA	Mukundapuram	\N	\N	680301
3105	Perambra-thrissur S.O		Thrissur	KERALA	Mukundapuram	\N	\N	680689
3106	Pooppathy B.O		Thrissur	KERALA	Kodungallur	\N	\N	680733
3107	Pudukad S.O		Thrissur	KERALA	Mukundapuram	\N	\N	680301
3108	Thottippal B.O		Thrissur	KERALA	Mukundapuram	\N	\N	680310
3109	Thumbur B.O		Thrissur	KERALA	Mukundapuram	\N	\N	680662
3110	Vattanathara B.O		Thrissur	KERALA	Mukundapuram	\N	\N	680302
3111	Velupadam B.O		Thrissur	KERALA	Mukundapuram	\N	\N	680303
3112	Chalingad B.O		Thrissur	KERALA	Kodungallur	\N	\N	680681
3113	Chelur B.O		Thrissur	KERALA	Mukundapuram	\N	\N	680121
3114	Erayamkudi B.O		Thrissur	KERALA	Mukundapuram	\N	\N	680308
3115	Iranikulam B.O		Thrissur	KERALA	Mukundapuram	\N	\N	680734
3116	Irinjalakuda H.O		Thrissur	KERALA	Mukundapuram Taluk	\N	\N	680121
3117	Irinjalakuda Mkt S.O		Thrissur	KERALA	Mukundapuram	\N	\N	680121
3118	Kalparamba B.O		Thrissur	KERALA	Mukundapuram	\N	\N	680662
3119	Kannikulangara B.O		Thrissur	KERALA	Mukundapuram	\N	\N	680682
3120	Kinfra Park Koratti S.O		Thrissur	KERALA	Mukundapuram	\N	\N	680309
3121	Kodakara S.O		Thrissur	KERALA	Mukundapuram	\N	\N	680684
3122	Konnakuzhy B.O		Thrissur	KERALA	Mukundapuram	\N	\N	680721
3123	Koolimuttam S.O		Thrissur	KERALA	Kodungallur	\N	\N	680691
3124	Koratti South B.O		Thrissur	KERALA	Mukundapuram	\N	\N	680308
3125	Kottat B.O		Thrissur	KERALA	NA	\N	\N	680731
3126	Kundur B.O		Thrissur	KERALA	Mukundapuram	\N	\N	680734
3127	Mala-thrissur S.O		Thrissur	KERALA	Mukundapuram	\N	\N	680732
3128	Methala S.O		Thrissur	KERALA	Kodungallur	\N	\N	680669
3129	Nattikabeach B.O		Thrissur	KERALA	Chavakkad	\N	\N	680566
3130	Parappukkara S.O		Thrissur	KERALA	Mukundapuram	\N	\N	680310
3131	Pazhuvil S.O		Thrissur	KERALA	Thrissur	\N	\N	680564
3132	Pazhuvil West B.O		Thrissur	KERALA	Thrissur	\N	\N	680564
3133	Peringottukara S.O		Thrissur	KERALA	Thrissur	\N	\N	680565
3134	Poovathussery B.O		Thrissur	KERALA	Mukundapuram	\N	\N	680741
3135	Alur-Kalletumkara B.O		Thrissur	KERALA	Mukundapuram	\N	\N	680683
3136	Ashtamichira S.O		Thrissur	KERALA	Mukundapuram	\N	\N	680731
3137	Chamakkala B.O		Thrissur	KERALA	Kodungallur	\N	\N	680687
3138	Chattikulam B.O		Thrissur	KERALA	Mukundapuram	\N	\N	680721
3139	Chittissery B.O		Thrissur	KERALA	Mukundapuram	\N	\N	680301
3140	Irinjalakuda North S.O		Thrissur	KERALA	Mukundapuram	\N	\N	680125
3141	Kannampallipuram B.O		Thrissur	KERALA	Kodungallur	\N	\N	680687
3142	Kizhupillikkara B.O		Thrissur	KERALA	Mukundapuram	\N	\N	680702
3143	Kothaparamba S.O		Thrissur	KERALA	Kodungallur	\N	\N	680668
3144	Kunnappilly B.O		Thrissur	KERALA	Mukundapuram	\N	\N	680311
3145	Kuruvilassery B.O		Thrissur	KERALA	Mukundapuram	\N	\N	680732
3146	Moorkkanad B.O		Thrissur	KERALA	Mukundapuram	\N	\N	680711
3147	Murikkungal B.O		Thrissur	KERALA	Mukundapuram	\N	\N	680699
3148	Nellayi-thrissur S.O		Thrissur	KERALA	Mukundapuram	\N	\N	680305
3149	Padiyur B.O		Thrissur	KERALA	Mukundapuram	\N	\N	680688
3150	Palappilly S.O		Thrissur	KERALA	Mukundapuram	\N	\N	680304
3151	Palayamparambu B.O		Thrissur	KERALA	Mukundapuram	\N	\N	680741
3152	Pullut North B.O		Thrissur	KERALA	Kodungallur	\N	\N	680663
3153	Pullut S.O		Thrissur	KERALA	Kodungallur	\N	\N	680663
3154	Puthenchira Kizhakkummuri B.O		Thrissur	KERALA	Mukundapuram	\N	\N	680682
3155	Puthenchira S.O		Thrissur	KERALA	Mukundapuram	\N	\N	680682
3156	Srinngapuram S.O		Thrissur	KERALA	NA	\N	\N	680664
3157	Thanissery S.O		Thrissur	KERALA	Mukundapuram	\N	\N	680701
3158	Thazhekkad S.O		Thrissur	KERALA	Mukundapuram	\N	\N	680697
3159	Triprayar B.O		Thrissur	KERALA	Chavakkad	\N	\N	680567
3160	Urakam S.O		Thrissur	KERALA	Thrissur	\N	\N	680562
3161	Vellanchira B.O		Thrissur	KERALA	Mukundapuram	\N	\N	680697
3162	Azhikode-Thrissur B.O		Thrissur	KERALA	Kodungallur	\N	\N	680666
3163	Chalakudi R S B.O		Thrissur	KERALA	Mukundapuram	\N	\N	680722
3164	Chalakudi South S.O		Thrissur	KERALA	NA	\N	\N	680307
3165	Chembuchira B.O		Thrissur	KERALA	Mukundapuram	\N	\N	680684
3166	Chentrappinni East B.O		Thrissur	KERALA	Kodungallur	\N	\N	680687
3167	Kaipamangalam Beach B.O		Thrissur	KERALA	Kodungallur	\N	\N	680681
3168	Kaipamangalam S.O		Thrissur	KERALA	Kodungallur	\N	\N	680681
3169	Kalimbram B.O		Thrissur	KERALA	Chavakkad	\N	\N	680568
3170	Karayamvattam B.O		Thrissur	KERALA	Chavakkad	\N	\N	680567
3171	Karupadanna S.O		Thrissur	KERALA	Mukundapuram	\N	\N	680670
3172	Konathukunnu S.O		Thrissur	KERALA	Mukundapuram	\N	\N	680123
3173	Koovakkattukunnu B.O		Thrissur	KERALA	Mukundapuram	\N	\N	680311
3174	Kottanallur B.O		Thrissur	KERALA	Mukundapuram	\N	\N	680662
3175	Kottappuram S.O		Thrissur	KERALA	Kodungallur	\N	\N	680667
3176	Nadavaramba S.O		Thrissur	KERALA	Mukundapuram	\N	\N	680661
3177	Pathazhakkad B.O		Thrissur	KERALA	Kodungallur	\N	\N	680668
3178	Santhipuram B.O		Thrissur	KERALA	Kodungallur	\N	\N	680668
3179	Vellikulangara B.O		Thrissur	KERALA	Mukundapuram	\N	\N	680699
3180	Anandapuram B.O		Thrissur	KERALA	Mukundapuram	\N	\N	680305
3181	Arattupuzha B.O		Thrissur	KERALA	Thrissur	\N	\N	680562
3182	Azhikode Jetty B.O		Thrissur	KERALA	Kodungallur	\N	\N	680666
3183	Chengallur S.O		Thrissur	KERALA	Mukundapuram	\N	\N	680312
3184	Chimoni Dam B.O		Thrissur	KERALA	Mukundapuram	\N	\N	680304
3185	Edamuttam S.O		Thrissur	KERALA	Chavakkad	\N	\N	680568
3186	Edavilangu S.O		Thrissur	KERALA	Kodungallur	\N	\N	680671
3187	Kanakamala B.O		Thrissur	KERALA	Mukundapuram	\N	\N	680689
3188	Kanjirappilly-TCR B.O		Thrissur	KERALA	Mukundapuram	\N	\N	680721
3189	Karumathra B.O		Thrissur	KERALA	Mukundapuram	\N	\N	680123
3190	Kodungallur S.O		Thrissur	KERALA	Kodungallur	\N	\N	680664
3191	Koratti Kizhakkumuri B.O		Thrissur	KERALA	Mukundapuram	\N	\N	680308
3192	Krishnankotta B.O		Thrissur	KERALA	Kodungallur	\N	\N	680733
3193	Madayikonam S.O		Thrissur	KERALA	Mukundapuram	\N	\N	680712
3194	Melur S.O (Thrissur)		Thrissur	KERALA	Mukundapuram	\N	\N	680311
3195	Nalukettu B.O		Thrissur	KERALA	Mukundapuram	\N	\N	680308
3196	Nattika S.O		Thrissur	KERALA	Chavakkad	\N	\N	680566
3197	Nenmenikkara B.O		Thrissur	KERALA	NA	\N	\N	680301
3198	Pallipuram B.O		Thrissur	KERALA	Mukundapuram	\N	\N	680732
3199	Pootharakkal B.O		Thrissur	KERALA	Thrissur	\N	\N	680561
3200	Pullur B.O		Thrissur	KERALA	Mukundapuram	\N	\N	680683
3201	Puthenchira Thekkummuri B.O		Thrissur	KERALA	Mukundapuram	\N	\N	680682
3202	Vadakkummuri S.O		Thrissur	KERALA	Thrissur	\N	\N	680570
3203	Vallivattam B.O		Thrissur	KERALA	Kodungallur	\N	\N	680123
3204	Alagappanagar S.O		Thrissur	KERALA	Mukundapuram	\N	\N	680302
3205	Alathur(Thrissur) B.O		Thrissur	KERALA	Mukundapuram	\N	\N	680741
3206	Anapuzha B.O		Thrissur	KERALA	Kodungallur	\N	\N	680667
3207	Avittathur B.O		Thrissur	KERALA	Mukundapuram	\N	\N	680683
3208	Chalakudi Town S.O		Thrissur	KERALA	NA	\N	\N	680307
3209	Chentrappinni S.O		Thrissur	KERALA	Kodungallur	\N	\N	680687
3210	Cherpu S.O		Thrissur	KERALA	Thrissur	\N	\N	680561
3211	Cheruvallur B.O		Thrissur	KERALA	Mukundapuram	\N	\N	680308
3212	Edakulam B.O		Thrissur	KERALA	Mukundapuram	\N	\N	680688
3213	Edathuruthy S.O		Thrissur	KERALA	Mukundapuram	\N	\N	680703
3214	Kadukutty B.O		Thrissur	KERALA	Mukundapuram	\N	\N	680309
3215	Karanchira B.O		Thrissur	KERALA	Mukundapuram	\N	\N	680702
3216	Karur B.O		Thrissur	KERALA	Mukundapuram	\N	\N	680697
3217	Kuttikkad B.O		Thrissur	KERALA	Mukundapuram	\N	\N	680724
3218	Malakkapara B.O		Thrissur	KERALA	Mukundapuram	\N	\N	680721
3219	Manakulangara B.O		Thrissur	KERALA	Mukundapuram	\N	\N	680684
3220	Mattathurkkunnu B.O		Thrissur	KERALA	Mukundapuram	\N	\N	680684
3221	Muringoor Vadakkummuri B.O		Thrissur	KERALA	Mukundapuram	\N	\N	680309
3222	Muttithadi B.O		Thrissur	KERALA	Mukundapuram	\N	\N	680317
3223	Nandipulam B.O		Thrissur	KERALA	Mukundapuram	\N	\N	680312
3224	Pariyaram S.O (Thrissur)		Thrissur	KERALA	Mukundapuram	\N	\N	680721
3225	Potta S.O		Thrissur	KERALA	Mukundapuram	\N	\N	680722
3226	Poyya S.O		Thrissur	KERALA	Kodungallur	\N	\N	680733
3227	Varakara B.O		Thrissur	KERALA	Mukundapuram	\N	\N	680302
3228	Vijayaraghavapuram B.O		Thrissur	KERALA	Mukundapuram	\N	\N	680722
3229	Chaipankuzhi B.O		Thrissur	KERALA	Mukundapuram	\N	\N	680724
3230	Chakkarappadam B.O		Thrissur	KERALA	Kodungallur	\N	\N	680686
3231	Chalakudi H.O		Thrissur	KERALA	Mukundapuram Taluk	\N	\N	680307
3232	Chokkana B.O		Thrissur	KERALA	Mukundapuram	\N	\N	680699
3233	Chulur B.O		Thrissur	KERALA	Chavakkad	\N	\N	680567
3234	Edathirinji S.O		Thrissur	KERALA	Mukundapuram	\N	\N	680122
3235	Elinjipra B.O		Thrissur	KERALA	Mi\\ukundapuram	\N	\N	680721
3236	Eriyad S.O		Thrissur	KERALA	Kodungallur	\N	\N	680666
3237	Kandamkulam B.O		Thrissur	KERALA	Kodungallur	\N	\N	680669
3238	Kara B.O		Thrissur	KERALA	Kodungallur	\N	\N	680671
3239	Kodassery B.O		Thrissur	KERALA	Mukundapuram	\N	\N	680721
3240	Koorikuzhi B.O		Thrissur	KERALA	Kodungallur	\N	\N	680681
3241	Kuttichira S.O		Thrissur	KERALA	Mukundapuram	\N	\N	680724
3242	Madavana B.O		Thrissur	KERALA	Kodungallur	\N	\N	680666
3243	Mattathur B.O		Thrissur	KERALA	Mukundapuram	\N	\N	680684
3244	Mupliyam B.O		Thrissur	KERALA	Mukundapuram	\N	\N	680312
3245	Muriyad B.O		Thrissur	KERALA	Mukundapuram	\N	\N	680683
3246	Panangad S.O (Thrissur)		Thrissur	KERALA	Kodungallur	\N	\N	680665
3247	Perinjanam S.O		Thrissur	KERALA	Kodungallur	\N	\N	680686
3248	Porathissery B.O		Thrissur	KERALA	Mukundapuram	\N	\N	680125
3249	Valapad S.O		Thrissur	KERALA	Chavakkad	\N	\N	680567
3250	Varandarappilly S.O		Thrissur	KERALA	Mukundapuram	\N	\N	680303
3251	Alanad B.O		Kottayam	KERALA	Meenachil	\N	\N	686651
3252	Athirampuzha S.O		Kottayam	KERALA	Kottayam	\N	\N	686562
3253	Aymanam S.O		Kottayam	KERALA	Kottayam	\N	\N	686015
3254	Brahmamangalam B.O		Kottayam	KERALA	Vaikom	\N	\N	686605
3255	Chamakala B.O		Kottayam	KERALA	Vaikom	\N	\N	686603
3256	Chengalam South S.O		Kottayam	KERALA	Kottayam	\N	\N	686022
3257	Chennad B.O		Kottayam	KERALA	Meenachil	\N	\N	686581
3258	Ezhacherry B.O		Kottayam	KERALA	Meenachil	\N	\N	686651
3259	Ezhumanthuruth B.O		Kottayam	KERALA	Vaikom	\N	\N	686613
3260	Kattachira B.O		Kottayam	KERALA	Meenachil	\N	\N	686572
3261	Keezhoor B.O		Kottayam	KERALA	Vaikom	\N	\N	686605
3262	Kezhuvankulam B.O		Kottayam	KERALA	Meenachil	\N	\N	686584
3263	Kollad B.O		Kottayam	KERALA	Kottayam	\N	\N	686004
3264	Kongandoor B.O		Kottayam	KERALA	Kottayam	\N	\N	686564
3265	Kottayam H.O		Kottayam	KERALA	Kottayam	\N	\N	686001
3266	Kottayam West S.O		Kottayam	KERALA	Kottayam	\N	\N	686003
3267	Kumaranalloor S.O		Kottayam	KERALA	Kottayam	\N	\N	686016
3268	Mallikasery B.O		Kottayam	KERALA	Meenachil	\N	\N	686577
3269	Manjoor S.O		Kottayam	KERALA	Vaikom	\N	\N	686603
3270	Mariappally B.O		Kottayam	KERALA	Kottayam	\N	\N	686013
3271	Mary Land B.O		Kottayam	KERALA	Meenachil	\N	\N	686652
3272	Mechal B.O		Kottayam	KERALA	Meenachil	\N	\N	686586
3273	Midayikunnu B.O		Kottayam	KERALA	Vaikom	\N	\N	686605
3274	Palai H.O		Kottayam	KERALA	Meenachil	\N	\N	686575
3275	Palakkattumala B.O		Kottayam	KERALA	Meenachil	\N	\N	686635
3276	Poovathode B.O		Kottayam	KERALA	Meenachil	\N	\N	686578
3277	Puthuvely B.O		Kottayam	KERALA	Meenachil	\N	\N	686636
3278	Thidanad S.O		Kottayam	KERALA	Meenachil	\N	\N	686123
3279	Vellikulam B.O		Kottayam	KERALA	Meenachil	\N	\N	686580
3280	Villoonni B.O		Kottayam	KERALA	Kottayam	\N	\N	686008
3281	Amalagiri B.O		Kottayam	KERALA	Kottayam	\N	\N	686561
3282	Amayannur B.O		Kottayam	KERALA	Kottayam	\N	\N	686019
3283	Arumanur B.O		Kottayam	KERALA	Kottayam	\N	\N	686564
3284	Chakkampuzha B.O		Kottayam	KERALA	Meenachil	\N	\N	686574
3285	Elakad B.O		Kottayam	KERALA	Meenachil	\N	\N	686587
3286	Erattupetta S.O		Kottayam	KERALA	Meenachil	\N	\N	686121
3287	Kalathoor B.O		Kottayam	KERALA	Meenachil	\N	\N	686633
3288	Karikode B.O		Kottayam	KERALA	Vaikom	\N	\N	686610
3289	Kizhathiri B.O		Kottayam	KERALA	Meenachil	\N	\N	686576
3290	Kottayam Collectorate S.O		Kottayam	KERALA	Kottayam	\N	\N	686002
3291	Kurianad B.O		Kottayam	KERALA	Meenachil	\N	\N	686636
3292	Kurumannu B.O		Kottayam	KERALA	Meenachil	\N	\N	686651
3293	Kurumulloor B.O		Kottayam	KERALA	Meenachil	\N	\N	686632
3294	Madukkakunuu B.O		Kottayam	KERALA	Kanjirappally	\N	\N	686577
3295	Malam B.O		Kottayam	KERALA	Kottayam	\N	\N	686019
3296	Malloossery S.O		Kottayam	KERALA	Kottayam	\N	\N	686041
3297	Mannanam S.O		Kottayam	KERALA	Kottayam	\N	\N	686561
3298	Meenachil B.O		Kottayam	KERALA	Meenachil	\N	\N	686577
3299	Melukavumattom S.O		Kottayam	KERALA	Meenachil	\N	\N	686652
3300	Muttuchira S.O		Kottayam	KERALA	Vaikom	\N	\N	686613
3301	Njizhoor S.O		Kottayam	KERALA	Vaikom	\N	\N	686612
3302	Pala Town S.O		Kottayam	KERALA	Meenachil	\N	\N	686575
3303	Pallippurathussery B.O		Kottayam	KERALA	Vaikom	\N	\N	686606
3304	Payyappady B.O		Kottayam	KERALA	Kottayam	\N	\N	686011
3305	Ramapuram Bazar S.O		Kottayam	KERALA	Meenachil	\N	\N	686576
3306	Thellakom S.O		Kottayam	KERALA	Kottayam	\N	\N	686630
3307	Thiruvarppu B.O		Kottayam	KERALA	Kottayam	\N	\N	686020
3308	Thrikothamangalam B.O		Kottayam	KERALA	Kottayam	\N	\N	686011
3309	Ullanad B.O		Kottayam	KERALA	Meenachil	\N	\N	686651
3310	Vadakara - Thalayolaparabu B.O		Kottayam	KERALA	Vaikom	\N	\N	686605
3311	Vadayar B.O		Kottayam	KERALA	Vaikom	\N	\N	686605
3312	Vaikom H.O		Kottayam	KERALA	Vaikom	\N	\N	686141
3313	Vakad B.O		Kottayam	KERALA	Vaikom	\N	\N	686636
3314	Amanakara B.O		Kottayam	KERALA	Meenachil	\N	\N	686576
3315	Ampara Nirappel B.O		Kottayam	KERALA	Meenachil	\N	\N	686578
3316	Anjoottimangalam B.O		Kottayam	KERALA	Meenachil	\N	\N	686579
3317	Apporkara B.O		Kottayam	KERALA	Kottayam	\N	\N	686008
3318	Arpookara East B.O		Kottayam	KERALA	Kottayam	\N	\N	686008
3319	Ayyarkulangara B.O		Kottayam	KERALA	Vaikom	\N	\N	686146
3320	Chempilavu B.O		Kottayam	KERALA	Meenachil	\N	\N	686584
3321	Edanad B.O		Kottayam	KERALA	Meenachil	\N	\N	686574
3322	Ettumanur Junction S.O		Kottayam	KERALA	Kottayam	\N	\N	686631
3323	Kadanad Meenachil S.O		Kottayam	KERALA	Meenachil	\N	\N	686653
3324	Kaduthuruthy S.O		Kottayam	KERALA	Vaikom	\N	\N	686604
3325	Karimpani B.O		Kottayam	KERALA	Kottayam	\N	\N	686564
3326	Kidangoor South S.O		Kottayam	KERALA	Meenachil	\N	\N	686583
3327	Kottakkapuram B.O		Kottayam	KERALA	Kottayam	\N	\N	686631
3328	Kottayam North S.O		Kottayam	KERALA	Kottayam	\N	\N	686001
3329	Kottayam South B.O		Kottayam	KERALA	Kottayam	\N	\N	686013
3330	Kozhuvanal B.O		Kottayam	KERALA	Meenachil	\N	\N	686573
3331	Kunnam B.O		Kottayam	KERALA	Meenachil	\N	\N	686582
3332	Kurinji B.O		Kottayam	KERALA	Meenachil	\N	\N	686576
3333	Manganam S.O		Kottayam	KERALA	Kottayam	\N	\N	686018
3334	Mediri B.O		Kottayam	KERALA	Meenachil	\N	\N	686576
3335	Mevelloor S.O		Kottayam	KERALA	Vaikom	\N	\N	686609
3336	Moonnilavu S.O		Kottayam	KERALA	Meenachil	\N	\N	686586
3337	Nadackal B.O		Kottayam	KERALA	Meenachil	\N	\N	686121
3338	Nattassery S H Mount S.O		Kottayam	KERALA	Kottayam	\N	\N	686006
3339	Njandupara B.O		Kottayam	KERALA	Kanjirappally	\N	\N	686577
3340	Onamthuruthu B.O		Kottayam	KERALA	Kottayam	\N	\N	686602
3341	Ozhavur East B.O		Kottayam	KERALA	Meenachil	\N	\N	686634
3342	Ozhavur S.O		Kottayam	KERALA	Vaikom	\N	\N	686634
3343	Parippu B.O		Kottayam	KERALA	Kottayam	\N	\N	686014
3344	Payyappar B.O		Kottayam	KERALA	Meenachil	\N	\N	686651
3345	Perumbaikkad B.O		Kottayam	KERALA	Kottayam	\N	\N	686016
3346	Pizhaku B.O		Kottayam	KERALA	Meenachil	\N	\N	686651
3347	Pravithanam B.O		Kottayam	KERALA	Meenachil	\N	\N	686651
3348	Pulikkuttissery B.O		Kottayam	KERALA	Kottayam	\N	\N	686015
3349	Thottakom B.O		Kottayam	KERALA	Vaikom	\N	\N	686607
3350	Vaikom Thekkenada B.O		Kottayam	KERALA	Vaikom	\N	\N	686146
3351	Velliappally B.O		Kottayam	KERALA	Meenachil	\N	\N	686574
3352	Adukkam B.O		Kottayam	KERALA	Meenachil	\N	\N	686580
3353	Chemmanathukara B.O		Kottayam	KERALA	Vaikom	\N	\N	686606
3354	Cholathadom B.O		Kottayam	KERALA	Meenachil	\N	\N	686582
3355	Chovvur B.O		Kottayam	KERALA	Meenachil	\N	\N	686586
3356	Kalathukadavu B.O		Kottayam	KERALA	Meenachil	\N	\N	686579
3357	Kallara South B.O		Kottayam	KERALA	Vaikom	\N	\N	686611
3358	Kanjiram B.O		Kottayam	KERALA	Kottayam	\N	\N	686020
3359	Kanjirathanam B.O		Kottayam	KERALA	Vaikom	\N	\N	686603
3360	Kattampack B.O		Kottayam	KERALA	Vaikom	\N	\N	686612
3361	Kayyoor B.O		Kottayam	KERALA	Meenachil	\N	\N	686651
3362	Kizhaparayar B.O		Kottayam	KERALA	Meenachil	\N	\N	686578
3363	Kummanam B.O		Kottayam	KERALA	Kottayam	\N	\N	686005
3364	Marangoli B.O		Kottayam	KERALA	Vaikom	\N	\N	686612
3365	Mattathipara B.O		Kottayam	KERALA	Meenachil	\N	\N	686651
3366	Monippally S.O		Kottayam	KERALA	Meenachil	\N	\N	686636
3367	Moozhikulangara B.O		Kottayam	KERALA	Kottayam	\N	\N	686601
3368	Mulakulam South B.O		Kottayam	KERALA	Vaikom	\N	\N	686610
3369	Mutholi B.O		Kottayam	KERALA	Meenachil	\N	\N	686573
3370	Muttambalam S.O		Kottayam	KERALA	Kottayam	\N	\N	686004
3371	Padinjattinkara B.O		Kottayam	KERALA	Meenachil	\N	\N	686571
3372	Pariyaram S.O (Kottayam)		Kottayam	KERALA	Kottayam	\N	\N	686021
3373	Peroor S.O		Kottayam	KERALA	Kottayam	\N	\N	686637
3374	Ponand-karur B.O		Kottayam	KERALA	Meenachil	\N	\N	686574
3375	Poonjar Thekkekara S.O		Kottayam	KERALA	Meenachil	\N	\N	686582
3376	Ramapuram B.O		Kottayam	KERALA	Meenachil	\N	\N	686576
3377	Thalayolaparambu S.O		Kottayam	KERALA	Vaikom	\N	\N	686605
3378	Thazhathangady S.O		Kottayam	KERALA	Kottayam	\N	\N	686005
3379	Thirunakkara S.O		Kottayam	KERALA	Kottayam	\N	\N	686001
3380	Thiruvanchoor B.O		Kottayam	KERALA	Kottayam	\N	\N	686019
3381	Thiruvanpady B.O		Kottayam	KERALA	Vaikom	\N	\N	686612
3382	Thodanal B.O		Kottayam	KERALA	Meenachil	\N	\N	686573
3383	Udayanapuram S.O		Kottayam	KERALA	Vaikom	\N	\N	686143
3384	Vadavathoor S.O		Kottayam	KERALA	Kottayam	\N	\N	686010
3385	Vaikaprayar B.O		Kottayam	KERALA	Vaikom	\N	\N	686146
3386	Vallichira B.O		Kottayam	KERALA	Meenachil	\N	\N	686574
3387	Vattakunnu B.O		Kottayam	KERALA	Kottayam	\N	\N	686516
3388	Vattukulam B.O		Kottayam	KERALA	Meenachil	\N	\N	686587
3389	Velathusseri B.O		Kottayam	KERALA	Meenachil	\N	\N	686580
3390	Vettimukal B.O		Kottayam	KERALA	Kottayam	\N	\N	686631
3391	Ayamkudy B.O		Kottayam	KERALA	Vaikom	\N	\N	686613
3392	Devalokam B.O		Kottayam	KERALA	Kottayam	\N	\N	686004
3393	Elikulam B.O		Kottayam	KERALA	Meenachil	\N	\N	686577
3394	Eravimangalam B.O		Kottayam	KERALA	Vaikom	\N	\N	686613
3395	Gandhi Nagar S.O (Kottayam)		Kottayam	KERALA	Kottayam	\N	\N	686008
3396	Irumpayam B.O		Kottayam	KERALA	Vaikom	\N	\N	686605
3397	Kadaplamattom S.O		Kottayam	KERALA	Meenachil	\N	\N	686571
3398	Kaipally B.O		Kottayam	KERALA	Meenachil	\N	\N	686582
3399	Konipad B.O		Kottayam	KERALA	Meenachil	\N	\N	686652
3400	Kothavara B.O		Kottayam	KERALA	Vaikom	\N	\N	686607
3401	Kudakkachira B.O		Kottayam	KERALA	Meenachil	\N	\N	686635
3402	Kudamaloor S.O		Kottayam	KERALA	Kottayam	\N	\N	686017
3403	Kumarakom S.O		Kottayam	KERALA	Kottayam	\N	\N	686563
3404	Kurichithanam B.O		Kottayam	KERALA	Vaikom	\N	\N	686634
3405	Kuruppamthara B.O		Kottayam	KERALA	Vaikom	\N	\N	686603
3406	Mannackanad B.O		Kottayam	KERALA	Meenachil	\N	\N	686633
3407	Maravanthuruthu B.O		Kottayam	KERALA	Vaikom	\N	\N	686608
3408	Meenadom S.O		Kottayam	KERALA	Kottayam	\N	\N	686516
3409	Nazreth Hill B.O		Kottayam	KERALA	Meenachil	\N	\N	686633
3410	Nechipuzhoor B.O		Kottayam	KERALA	Meenachil	\N	\N	686574
3411	Neerikkad B.O		Kottayam	KERALA	Kottayam	\N	\N	686564
3412	Padinjarekkara S.O		Kottayam	KERALA	Voikom	\N	\N	686146
3413	Palai Market Junction S.O		Kottayam	KERALA	Meenachil	\N	\N	686575
3414	Peringalam B.O		Kottayam	KERALA	Meenachil	\N	\N	686582
3415	Perumthuruth B.O		Kottayam	KERALA	Vaikom	\N	\N	686611
3416	Poovarani S.O		Kottayam	KERALA	Meenachil	\N	\N	686577
3417	Teekoy S.O		Kottayam	KERALA	Meenachil	\N	\N	686580
3418	Thirumani Venkita Puram S.O		Kottayam	KERALA	Vaikom	\N	\N	686606
3419	Vadakkenirappu B.O		Kottayam	KERALA	Vaikom	\N	\N	686612
3420	Vechoor B.O		Kottayam	KERALA	Vaikom	\N	\N	686144
3421	Adivaram B.O		Kottayam	KERALA	Meenachil	\N	\N	686582
3422	Akkarapadom B.O		Kottayam	KERALA	Vaikom	\N	\N	686143
3423	Arunapuram S.O		Kottayam	KERALA	Meenachil	\N	\N	686574
3424	Ayarkunnam S.O		Kottayam	KERALA	Kottayam	\N	\N	686564
3425	Cherpunkal S.O		Kottayam	KERALA	Meenachil	\N	\N	686584
3426	Edavattom B.O		Kottayam	KERALA	Vaikom	\N	\N	686605
3427	Ettumanur S.O		Kottayam	KERALA	Kottayam	\N	\N	686631
3428	Kadappattoor B.O		Kottayam	KERALA	Meenachil	\N	\N	686574
3429	Kallara S.O (Kottayam)		Kottayam	KERALA	Vaikom	\N	\N	686611
3430	Kanakari S.O		Kottayam	KERALA	Meenachil	\N	\N	686632
3431	Kappumthala B.O		Kottayam	KERALA	Vaikom	\N	\N	686613
3432	Kiliroor North S.O		Kottayam	KERALA	Kottayam	\N	\N	686020
3433	Koodapalam B.O		Kottayam	KERALA	Meenachil	\N	\N	686576
3434	Kumarakom North B.O		Kottayam	KERALA	Kottayam	\N	\N	686563
3435	Melukavu B.O		Kottayam	KERALA	Meenachil	\N	\N	686652
3436	Mevada B.O		Kottayam	KERALA	Meenachil	\N	\N	686573
3437	Moolavattom B.O		Kottayam	KERALA	Kottayam	\N	\N	686012
3438	Nariayanganam B.O		Kottayam	KERALA	Meenachil	\N	\N	686579
3439	Neendoor S.O		Kottayam	KERALA	Kottayam	\N	\N	686601
3440	Newsprint Nagar S.O		Kottayam	KERALA	Vaikom	\N	\N	686616
3441	Olessa S.O		Kottayam	KERALA	Kottayam	\N	\N	686014
3442	Paduva B.O		Kottayam	KERALA	Kottayam	\N	\N	686564
3443	Pakkil S.O		Kottayam	KERALA	Kottayam	\N	\N	686012
3444	Pattithanam B.O		Kottayam	KERALA	Kottayam	\N	\N	686631
3445	Peruva S.O		Kottayam	KERALA	Vaikom	\N	\N	686610
3446	Plassanal S.O		Kottayam	KERALA	Meenachil	\N	\N	686579
3447	Poonjar S.O		Kottayam	KERALA	Meenachil	\N	\N	686581
3448	Poovanthuruthu GDSB.O		Kottayam	KERALA	Kottayam	\N	\N	686012
3449	Puliyannoor S.O		Kottayam	KERALA	Meenachil	\N	\N	686573
3450	Punnathura B.O		Kottayam	KERALA	Kottayam	\N	\N	686583
3451	Puthupalli S.O		Kottayam	KERALA	Kottayam	\N	\N	686011
3452	Sreekantamangalam B.O		Kottayam	KERALA	Kottayam	\N	\N	686562
3453	Valavoor B.O		Kottayam	KERALA	Meenachil	\N	\N	686635
3454	Veliyannoor B.O		Kottayam	KERALA	Vaikom	\N	\N	686634
3455	Veloor B.O		Kottayam	KERALA	Kottayam	\N	\N	686003
3456	Vempally B.O		Kottayam	KERALA	Vaikom	\N	\N	686633
3457	Anthinad S.O		Kottayam	KERALA	Meenachil	\N	\N	686651
3458	Chempu B.O		Kottayam	KERALA	Vaikom	\N	\N	686608
3459	Kidangoor S.O		Kottayam	KERALA	Meenachil	\N	\N	686572
3460	Kizhakkenmattom B.O		Kottayam	KERALA	Meenachil	\N	\N	686652
3461	Kizhathadiyur B.O		Kottayam	KERALA	Meenachil	\N	\N	686574
3462	Kozha B.O		Kottayam	KERALA	Vaikom	\N	\N	686633
3463	Kulasekharamangalam S.O		Kottayam	KERALA	Vaikom	\N	\N	686608
3464	Kumarakom East B.O		Kottayam	KERALA	Kottayam	\N	\N	686563
3465	Kumarakom South B.O		Kottayam	KERALA	Kottayam	\N	\N	686563
3466	Kuravilangadu S.O		Kottayam	KERALA	Meenachil	\N	\N	686633
3467	Manarcaudu S.O		Kottayam	KERALA	Kottayam	\N	\N	686019
3468	Manjoor South B.O		Kottayam	KERALA	Vaikom	\N	\N	686603
3469	Marangattupally S.O		Kottayam	KERALA	Vaikom	\N	\N	686635
3470	Mariathuruthu B.O		Kottayam	KERALA	Kottayam	\N	\N	686017
3471	Mattakkara B.O		Kottayam	KERALA	Kottayam	\N	\N	686564
3472	Melampara B.O		Kottayam	KERALA	Meenachil	\N	\N	686578
3473	Memuri B.O		Kottayam	KERALA	Vaikom	\N	\N	686611
3474	Mundankal B.O		Kottayam	KERALA	Meenachil	\N	\N	686574
3475	Nattakom S.O		Kottayam	KERALA	Kottayam	\N	\N	686013
3476	Neeloor B.O		Kottayam	KERALA	Meenachil	\N	\N	686651
3477	Parampuzha B.O		Kottayam	KERALA	Kottayam	\N	\N	686004
3478	Pathampuzha B.O		Kottayam	KERALA	Meenachil	\N	\N	686582
3479	Punnathura West B.O		Kottayam	KERALA	Kottayam	\N	\N	686631
3480	Ambika Market B.O		Kottayam	KERALA	Vaikom	\N	\N	686144
3481	Arunoottimangalam B.O		Kottayam	KERALA	Vaikom	\N	\N	686604
3482	Aruvithura S.O		Kottayam	KERALA	Meenachil	\N	\N	686122
3483	Bharananganam S.O		Kottayam	KERALA	Meenachil	\N	\N	686578
3484	Cheepunkal B.O		Kottayam	KERALA	Kottayam	\N	\N	686563
3485	Choondacherry B.O		Kottayam	KERALA	Meenachil	\N	\N	686579
3486	Edamaruku B.O		Kottayam	KERALA	Meenachil	\N	\N	686652
3487	Edappady B.O		Kottayam	KERALA	Meenachil	\N	\N	686578
3488	Enadi B.O		Kottayam	KERALA	Vaikom	\N	\N	686608
3489	Eravinalloor B.O		Kottayam	KERALA	Kottayam	\N	\N	686011
3490	Erumapramattom B.O		Kottayam	KERALA	Meenachil	\N	\N	686586
3491	Idamattom B.O		Kottayam	KERALA	Meenachil	\N	\N	686578
3492	Idiyanal B.O		Kottayam	KERALA	Meenachil	\N	\N	686576
3493	Kaipuzha S.O		Kottayam	KERALA	Kottayam	\N	\N	686602
3494	Karipadom B.O		Kottayam	KERALA	Vaikom	\N	\N	686605
3495	Kodumpidi B.O		Kottayam	KERALA	Meenachil	\N	\N	686651
3496	Kothanallur B.O		Kottayam	KERALA	Meenachil	\N	\N	686632
3497	Kudalloor B.O		Kottayam	KERALA	Meenachil	\N	\N	686587
3498	Kudavechoor S.O		Kottayam	KERALA	Vaikom	\N	\N	686144
3499	Kummannoor B.O		Kottayam	KERALA	Meenachil	\N	\N	686572
3500	Pakalomattom B.O		Kottayam	KERALA	Meenachil	\N	\N	686633
3501	Pallom S.O		Kottayam	KERALA	Kottayam	\N	\N	686007
3502	Pious Mount B.O		Kottayam	KERALA	Meenachil	\N	\N	686636
3503	Poozhikole B.O		Kottayam	KERALA	Vaikom	\N	\N	686604
3504	Priyadarsini Hills S.O		Kottayam	KERALA	Kottayam	\N	\N	686560
3505	Rubber Board S.O		Kottayam	KERALA	Kottayam	\N	\N	686009
3506	Thalanad B.O		Kottayam	KERALA	Meenachil	\N	\N	686580
3507	Thalayazham S.O		Kottayam	KERALA	Vaikom	\N	\N	686607
3508	Vayala S.O		Kottayam	KERALA	Meenachil	\N	\N	686587
3509	Chetlat S.O		Lakshadweep	LAKSHADWEEP	Lakshadweep	\N	\N	682554
3510	Kavaratti S.O		Lakshadweep	LAKSHADWEEP	Lakshadweep	\N	\N	682555
3511	Amini S.O		Lakshadweep	LAKSHADWEEP	Amini	\N	\N	682552
3512	Androth S.O		Lakshadweep	LAKSHADWEEP	Lakshadweep	\N	\N	682551
3513	Bithra B.O		Lakshadweep	LAKSHADWEEP	Amini	\N	\N	682555
3514	Kadamat S.O		Lakshadweep	LAKSHADWEEP	Lakshadweep	\N	\N	682556
3515	Kalpeni S.O		Lakshadweep	LAKSHADWEEP	Lakshadweep	\N	\N	682557
3516	Minicoy S.O		Lakshadweep	LAKSHADWEEP	Lakshadweep	\N	\N	682559
3517	Kiltan S.O		Lakshadweep	LAKSHADWEEP	Lakshadweep	\N	\N	682558
3518	Agathi S.O		Lakshadweep	LAKSHADWEEP	Lakshadweep	\N	\N	682553
3519	Bharanickavu B.O		Alappuzha	KERALA	Mavelikkara	\N	\N	690503
3520	Cheppaud S.O		Alappuzha	KERALA	Karthikappally	\N	\N	690507
3521	Ezhakadavu B.O		Alappuzha	KERALA	Mavelikkara	\N	\N	690104
3522	Kandallur S.O		Alappuzha	KERALA	Karthikappally	\N	\N	690535
3523	Kareelakulangara S.O		Alappuzha	KERALA	Karthikappally	\N	\N	690572
3524	Mavelikara Court S.O		Alappuzha	KERALA	Mavelikkara	\N	\N	690101
3525	Muttom-alleppey S.O		Alappuzha	KERALA	Karthikappally	\N	\N	690511
3526	Naduvattom B.O		Alappuzha	KERALA	Karthikappally	\N	\N	690512
3527	Pathiyoor B.O		Alappuzha	KERALA	Karthikappally	\N	\N	690508
3528	Puthiyacavu B.O		Alappuzha	KERALA	Mavelikkara	\N	\N	690102
3529	Valiyaparambu B.O		Alappuzha	KERALA	Karthikappally	\N	\N	690516
3530	Choolatheruvu B.O		Alappuzha	KERALA	Karthikappally	\N	\N	690506
3531	Erezha South B.O		Alappuzha	KERALA	Mavelikkara	\N	\N	690106
3532	Kallumala S.O		Alappuzha	KERALA	Mavelikkara	\N	\N	690110
3533	Keerikad S.O		Alappuzha	KERALA	Karthikappally	\N	\N	690508
3534	Kodukulanji S.O		Alappuzha	KERALA	Chengannur	\N	\N	689508
3535	Kudassanad S.O		Alappuzha	KERALA	Mavelikkara	\N	\N	689512
3536	Kuttemperur S.O		Alappuzha	KERALA	Chengannur	\N	\N	689623
3537	Pallickal S.O		Alappuzha	KERALA	Mavelikara	\N	\N	690503
3538	Pandy B.O		Alappuzha	KERALA	Karthikappally	\N	\N	690517
3539	Pela B.O		Alappuzha	KERALA	Mavelikkara	\N	\N	690103
3540	Peringala-mulakuzha B.O		Alappuzha	KERALA	Chengannur	\N	\N	689505
3541	Puthiyavila B.O		Alappuzha	KERALA	Karthikappally	\N	\N	690531
3542	Puthuppally S.O		Alappuzha	KERALA	Karthikappally	\N	\N	690527
3543	Thannikunnu B.O		Alappuzha	KERALA	Mavelikkara	\N	\N	690534
3544	Varenickal B.O		Alappuzha	KERALA	Mavelikkara	\N	\N	690107
3545	Arattupuzha B.O		Alappuzha	KERALA	Karthikappally	\N	\N	690535
3546	Ayiranikudy B.O		Alappuzha	KERALA	Mavelikkara	\N	\N	690558
3547	Charumoodu S.O		Alappuzha	KERALA	Mavelikkara	\N	\N	690505
3548	Cheruthana B.O		Alappuzha	KERALA	Karthikappally	\N	\N	690517
3549	Evur B.O		Alappuzha	KERALA	Karthikappally	\N	\N	690507
3550	Kannamangalam B.O		Alappuzha	KERALA	Mavelikkara	\N	\N	690106
3551	Kappil East B.O		Alappuzha	KERALA	Mavelikara	\N	\N	690533
3552	Komallur B.O		Alappuzha	KERALA	Mavelikkara	\N	\N	690505
3553	Kumarapuram S.O (Alappuzha)		Alappuzha	KERALA	Karthikappally	\N	\N	690548
3554	Kunnam S.O (Alappuzha)		Alappuzha	KERALA	Mavelikkara	\N	\N	690108
3555	Olakettiambalam S.O		Alappuzha	KERALA	Chengannur	\N	\N	690510
3556	Pallana B.O		Alappuzha	KERALA	Karthikappally	\N	\N	690515
3557	Panayil B.O		Alappuzha	KERALA	Mavelikkara	\N	\N	690504
3558	Perungala S.O		Alappuzha	KERALA	Karthikappally	\N	\N	690559
3559	Vallikunnam S.O		Alappuzha	KERALA	Mavelikara	\N	\N	690501
3560	Akamkudy B.O		Alappuzha	KERALA	Karthikappally	\N	\N	690513
3561	Arattupuzha North B.O		Alappuzha	KERALA	Karthikappally	\N	\N	690515
3562	Arunoottimangalam B.O		Alappuzha	KERALA	Mavelikkara	\N	\N	690110
3563	Eruva B.O		Alappuzha	KERALA	Karthikappally	\N	\N	690572
3564	Haripad S.O		Alappuzha	KERALA	Karthikappally	\N	\N	690514
3565	Kallimel B.O		Alappuzha	KERALA	Mavelikkara	\N	\N	690509
3566	Karuvatta S.O		Alappuzha	KERALA	Karthikappally	\N	\N	690517
3567	Kattanam B.O		Alappuzha	KERALA	Mavelikara	\N	\N	690503
3568	Muthukulam South S.O		Alappuzha	KERALA	Karthikappally	\N	\N	690506
3569	Njakkanal B.O		Alappuzha	KERALA	Karthikappally	\N	\N	690533
3570	Pallickal -nooranad B.O		Pathanamthitta	KERALA	Adoor	\N	\N	690504
3571	Pavukara B.O		Alappuzha	KERALA	Chengannur	\N	\N	689622
3572	Peringilipuram B.O		Alappuzha	KERALA	Chengannur	\N	\N	689624
3573	Puthenchantha B.O		Alappuzha	KERALA	Mavelikkara	\N	\N	690501
3574	Thrikkunnapuzha S.O		Alappuzha	KERALA	Karthikappally	\N	\N	690515
3575	Thripperunthura B.O		Alappuzha	KERALA	Mavelikara	\N	\N	690105
3576	Valiyakulangara B.O		Alappuzha	KERALA	Mavelikkara	\N	\N	690104
3577	Vedaraplavu B.O		Alappuzha	KERALA	Mavelikkara	\N	\N	690505
3578	Vettiyar B.O		Alappuzha	KERALA	Mavelikkara	\N	\N	690558
3579	Areekara B.O		Alappuzha	KERALA	Chengannur	\N	\N	689505
3580	Ayaparambu B.O		Alappuzha	KERALA	Karthikappally	\N	\N	690517
3581	Chingoli S.O		Alappuzha	KERALA	Karthikappally	\N	\N	690532
3582	Chunakara S.O		Alappuzha	KERALA	Mavelikara	\N	\N	690534
3583	Eramathoor B.O		Alappuzha	KERALA	Chengannur	\N	\N	689622
3584	Karthikappally S.O		Alappuzha	KERALA	Karthikappally	\N	\N	690516
3585	Karuvatta North B.O		Alappuzha	KERALA	Karthikappally	\N	\N	690517
3586	Kayangulam H.O		Alappuzha	KERALA	Karthikappally	\N	\N	690502
3587	Kotta B.O		Alappuzha	KERALA	Chengannur	\N	\N	689504
3588	Mankamkuzhy S.O		Alappuzha	KERALA	Mavelikara	\N	\N	690558
3589	Mavelikara H.O		Alappuzha	KERALA	Mavelikara	\N	\N	690101
3590	Mulakuzha S.O		Alappuzha	KERALA	Chengannur	\N	\N	689505
3591	Muthukulam B.O		Alappuzha	KERALA	Karthikappally	\N	\N	690506
3592	Nangiarkulangara S.O		Alappuzha	KERALA	Karthikappally	\N	\N	690513
3593	Neduvaramkodu B.O		Alappuzha	KERALA	Chengannur	\N	\N	689508
3594	Pattolimarket S.O		Alappuzha	KERALA	Karthikappally	\N	\N	690531
3595	Punthala B.O		Alappuzha	KERALA	Chengannur	\N	\N	689509
3596	Thamallackal B.O		Alappuzha	KERALA	Karthikappally	\N	\N	690548
3597	Thamallackal North B.O		Alappuzha	KERALA	Karthikappally	\N	\N	690514
3598	Thazhakara S.O		Alappuzha	KERALA	Mavelikara	\N	\N	690102
3599	Athikattukulangara B.O		Alappuzha	KERALA	Mavelikkara	\N	\N	690504
3600	Illippakulam B.O		Alappuzha	KERALA	Mavelikkara	\N	\N	690503
3601	Kandiyoor B.O		Alappuzha	KERALA	Mavelikkara	\N	\N	690103
3602	Kollakadavu S.O		Alappuzha	KERALA	Chengannur	\N	\N	690509
3603	Kozhuvallur S.O		Alappuzha	KERALA	Chengannur	\N	\N	689521
3604	Krishnapuram S.O (Alappuzha)		Alappuzha	KERALA	Karthikappally	\N	\N	690533
3605	Mannar S.O		Alappuzha	KERALA	Chengannur	\N	\N	689622
3606	Melpadom S.O		Alappuzha	KERALA	Mavelikara	\N	\N	689627
3607	Pallipad S.O		Alappuzha	KERALA	Karthikappally	\N	\N	690512
3608	Pattoor B.O		Alappuzha	KERALA	Mavelikkara	\N	\N	690529
3609	Payipad B.O		Alappuzha	KERALA	Karthikappally	\N	\N	690514
3610	Poomala B.O		Alappuzha	KERALA	Chengannur	\N	\N	689520
3611	Chennithala S.O		Alappuzha	KERALA	Mavelikara	\N	\N	690105
3612	Chennithala South B.O		Alappuzha	KERALA	Mavelikkara	\N	\N	690105
3613	Ennakkad S.O		Alappuzha	KERALA	Chengannur	\N	\N	689624
3614	Eravankara B.O		Alappuzha	KERALA	Mavelikkara	\N	\N	690108
3615	Govindamuttom B.O		Alappuzha	KERALA	Karthikappally	\N	\N	690527
3616	Kaduvinal B.O		Alappuzha	KERALA	Mavelikkara	\N	\N	690501
3617	Karakkad S.O		Alappuzha	KERALA	Chengannur	\N	\N	689504
3618	Mavelikara Cutcherry S.O		Alappuzha	KERALA	Mavelikkara	\N	\N	690101
3619	Padanilam S.O		Alappuzha	KERALA	Mavelikara	\N	\N	690529
3620	Pennukkara S.O		Alappuzha	KERALA	Chengannur	\N	\N	689520
3621	Thekkekara S.O		Alappuzha	KERALA	Mavelikkara	\N	\N	690107
3622	Valiyazheekkal B.O		Alappuzha	KERALA	Karthikappally	\N	\N	690535
3623	Venmony S.O		Alappuzha	KERALA	Chengannur	\N	\N	689509
3624	Vetticode B.O		Alappuzha	KERALA	Mavelikkara	\N	\N	690503
3625	Cherukole S.O		Alappuzha	KERALA	Mavelikkara	\N	\N	690104
3626	Chettikulangara S.O		Alappuzha	KERALA	Mavelikara	\N	\N	690106
3627	Erezha North B.O		Alappuzha	KERALA	Mavelikkara	\N	\N	690106
3628	Erickavu B.O		Alappuzha	KERALA	Karthikappally	\N	\N	690516
3629	Kannanakuzhy B.O		Alappuzha	KERALA	Mavelikkara	\N	\N	690505
3630	Karipuzha B.O		Alappuzha	KERALA	Mavelikkara	\N	\N	690103
3631	Kayangulam College S.O		Alappuzha	KERALA	Karthikappally	\N	\N	690502
3632	Mahadevikadu B.O		Alappuzha	KERALA	Karthikappally	\N	\N	690516
3633	Mampra B.O		Alappuzha	KERALA	Chengannur	\N	\N	689508
3634	Mangalam B.O		Alappuzha	KERALA	Karthikappally	\N	\N	690515
3635	Mannarasala B.O		Alappuzha	KERALA	Karthikappally	\N	\N	690514
3636	Nooranad S.O		Alappuzha	KERALA	Mavelikara	\N	\N	690504
3637	Nooranad Sanatorium S.O		Alappuzha	KERALA	Mavelikkara	\N	\N	690571
3638	Pallarimangalam B.O		Alappuzha	KERALA	Mavelikkara	\N	\N	690107
3639	Pallickal Naduvilemuri B.O		Alappuzha	KERALA	Mavelikkara	\N	\N	690503
3640	Payyanallur B.O		Alappuzha	KERALA	Mavelikkara	\N	\N	690504
3641	Pullikanakku S.O		Alappuzha	KERALA	Mavelikkara	\N	\N	690537
3642	Punnamoodu B.O		Alappuzha	KERALA	Mavelikkara	\N	\N	690101
3643	Thamarakulam S.O		Alappuzha	KERALA	Mavelikara	\N	\N	690530
3644	Thattarambalam S.O		Alappuzha	KERALA	Mavelikkara	\N	\N	690103
3645	Veeyapuram B.O		Alappuzha	KERALA	Karthikappally	\N	\N	690514
3646	Adat B.O		Thrissur	KERALA	Thrissur	\N	\N	680551
3647	Agalad S.O		Thrissur	KERALA	Chavakkad	\N	\N	680518
3648	Akathiyur B.O		Thrissur	KERALA	Thalapilly	\N	\N	680519
3649	Alapad B.O		Thrissur	KERALA	Thrissur	\N	\N	680641
3650	Anchery B.O		Thrissur	KERALA	NA	\N	\N	680006
3651	Avanur B.O		Thrissur	KERALA	Thrissur	\N	\N	680541
3652	Chettupuzha B.O		Thrissur	KERALA	NA	\N	\N	680012
3653	Choolissery B.O		Thrissur	KERALA	Thrissur	\N	\N	680541
3654	Chottupara B.O		Thrissur	KERALA	Thrissur	\N	\N	680581
3655	Elavally B.O		Thrissur	KERALA	Chavakkad	\N	\N	680511
3656	Kadavallur S.O		Thrissur	KERALA	Talappilly	\N	\N	680543
3657	Kanattukara S.O		Thrissur	KERALA	Thrissur	\N	\N	680011
3658	Kavida B.O		Thrissur	KERALA	NA	\N	\N	680505
3659	Kecheri S.O		Thrissur	KERALA	Thalapilly	\N	\N	680501
3660	Kozhukully B.O		Thrissur	KERALA	Thrissur	\N	\N	680751
3661	Kumbalacode B.O		Thrissur	KERALA	Thalapilly	\N	\N	680587
3662	Kuriachira S.O		Thrissur	KERALA	NA	\N	\N	680006
3663	Manalur HS B.O		Thrissur	KERALA	Thrissur	\N	\N	680617
3664	Mangad B.O		Thrissur	KERALA	Talappilly	\N	\N	680542
3665	Mulagunnathukavu S.O		Thrissur	KERALA	Thrissur	\N	\N	680581
3666	Nadathara S.O		Thrissur	KERALA	NA	\N	\N	680751
3667	Naduvilkkara B.O		Thrissur	KERALA	Chavakkad	\N	\N	680614
3668	Nellikunnu B.O		Thrissur	KERALA	NA	\N	\N	680005
3669	Nelluvaya B.O		Thrissur	KERALA	Thalapilly	\N	\N	680584
3670	Netumpura B.O		Thrissur	KERALA	Talappilly	\N	\N	679531
3671	Orumanayur S.O		Thrissur	KERALA	Chavakkad	\N	\N	680512
3672	Palayur B.O		Thrissur	KERALA	NA	\N	\N	680506
3673	Panjal B.O		Thrissur	KERALA	Talappilly	\N	\N	679531
3674	Pattiparambu B.O		Thrissur	KERALA	Thalapilly	\N	\N	680588
3675	Pazhayannur S.O		Thrissur	KERALA	Talappilly	\N	\N	680587
3676	Peechi S.O		Thrissur	KERALA	Thrissur	\N	\N	680653
3677	Perakam B.O		Thrissur	KERALA	NA	\N	\N	680506
3678	Perinchery B.O		Thrissur	KERALA	NA	\N	\N	680306
3679	Peruvallur B.O		Thrissur	KERALA	Chavakkad	\N	\N	680508
3680	Punnayurkulam S.O		Thrissur	KERALA	Chavakkad	\N	\N	679561
3681	Talikulam S.O		Thrissur	KERALA	Chavakkad	\N	\N	680569
3682	Thayyur B.O		Thrissur	KERALA	Talappilly	\N	\N	680584
3683	Thekkumkara B.O		Thrissur	KERALA	Talappilly	\N	\N	680589
3684	Thrissur City S.O		Thrissur	KERALA	Thrissur	\N	\N	680020
3685	Vatanappally S.O		Thrissur	KERALA	Chavakkad	\N	\N	680614
3686	Vellattanjur B.O		Thrissur	KERALA	Talappilly	\N	\N	680601
3687	Vennur B.O		Thrissur	KERALA	Thalapilly	\N	\N	680587
3688	Wadakanchery-TC H.O		Thrissur	KERALA	Thalapilly	\N	\N	680582
3689	Aranattukara S.O		Thrissur	KERALA	NA	\N	\N	680618
3690	Ayyappankavu B.O		Thrissur	KERALA	Thrissur	\N	\N	680751
3691	Brahmakulam B.O		Thrissur	KERALA	NA	\N	\N	680104
3692	Chelakkara S.O		Thrissur	KERALA	Thalapilly	\N	\N	680586
3693	Chemmannur B.O		Thrissur	KERALA	NA	\N	\N	680517
3694	Desamangalam S.O		Thrissur	KERALA	Thalapilly	\N	\N	679532
3695	Enkakad S.O		Thrissur	KERALA	Thalapilly	\N	\N	680589
3696	Guruvayur Temple S.O		Thrissur	KERALA	NA	\N	\N	680101
3697	Kaiparamba S.O		Thrissur	KERALA	Thrissur	\N	\N	680546
3698	Kallepadam B.O		Thrissur	KERALA	Talappilly	\N	\N	680587
3699	Kanjani S.O		Thrissur	KERALA	Thrissur	\N	\N	680612
3700	Kannara B.O		Thrissur	KERALA	Thrissur	\N	\N	680652
3701	Karumathra B.O		Thrissur	KERALA	Thalapilly	\N	\N	680589
3702	Kiralur B.O		Thrissur	KERALA	Talappilly	\N	\N	680601
3703	Kumaranellur TC S.O		Thrissur	KERALA	Talappilly	\N	\N	680590
3704	Kumarappanal B.O		Thrissur	KERALA	Talappilly	\N	\N	680585
3705	Kunnamkulam H.O		Thrissur	KERALA	NA	\N	\N	680503
3706	Kurumala B.O		Thrissur	KERALA	Talappilly	\N	\N	680586
3707	Kuttanchery B.O		Thrissur	KERALA	Talappilly	\N	\N	680584
3708	Kuttanellur B.O		Thrissur	KERALA	NA	\N	\N	680014
3709	Maruthayur B.O		Thrissur	KERALA	NA	\N	\N	680507
3710	Mullurkkara S.O		Thrissur	KERALA	Thalapilly	\N	\N	680583
3711	Ollukkara S.O		Thrissur	KERALA	Thrissur	\N	\N	680655
3712	Padoor S.O		Thrissur	KERALA	Chavakkad	\N	\N	680524
3713	Pallur B.O		Thrissur	KERALA	Talappilly	\N	\N	679532
3714	Pampady East B.O		Thrissur	KERALA	Talappilly	\N	\N	680588
3715	Porkolangad B.O		Thrissur	KERALA	Talappilly	\N	\N	680517
3716	Puduruthy B.O		Thrissur	KERALA	Talappilly	\N	\N	680623
3717	Pullazhi S.O		Thrissur	KERALA	NA	\N	\N	680012
3718	Pullu B.O		Thrissur	KERALA	Thrissur	\N	\N	680641
3719	Puthenpeedika S.O		Thrissur	KERALA	Thrissur	\N	\N	680642
3720	Ramavarmapuram S.O		Thrissur	KERALA	Thrissur	\N	\N	680631
3721	Tali B.O		Thrissur	KERALA	Talappilly	\N	\N	680585
3722	Thalassery B.O		Thrissur	KERALA	Talappilly	\N	\N	679532
3723	Thangalur B.O		Thrissur	KERALA	Thrissur	\N	\N	680596
3724	Thichur B.O		Thrissur	KERALA	Talappilly	\N	\N	680584
3725	Thiruvenkitam B.O		Thrissur	KERALA	NA	\N	\N	680101
3726	Tiruvatra S.O		Thrissur	KERALA	NA	\N	\N	680516
3727	Trithallur S.O		Thrissur	KERALA	Chavakkad	\N	\N	680619
3728	Anthikad S.O		Thrissur	KERALA	Thrissur	\N	\N	680641
3729	Attur B.O		Thrissur	KERALA	Talappilly	\N	\N	680583
3730	Ayyanthole North B.O		Thrissur	KERALA	Thrissur	\N	\N	680003
3731	Blangad B.O		Thrissur	KERALA	Chavakkad	\N	\N	680506
3732	Chelakode B.O		Thrissur	KERALA	Thalapilly	\N	\N	680587
3733	Cherur S.O		Thrissur	KERALA	Thrissur	\N	\N	680008
3734	Chiramanangad B.O		Thrissur	KERALA	Talappilly	\N	\N	680604
3735	Elthuruth S.O		Thrissur	KERALA	NA	\N	\N	680611
3736	Eyyal B.O		Thrissur	KERALA	Talappilly	\N	\N	680501
3737	Karikkad S.O		Thrissur	KERALA	Talappilly	\N	\N	680519
3738	Kolazhi RM B.O		Thrissur	KERALA	NA	\N	\N	680010
3739	Kootala-Thrissur B.O		Thrissur	KERALA	Thrissur	\N	\N	680652
3740	Kundaliyur S.O		Thrissur	KERALA	Chavakkad	\N	\N	680616
3741	Kundukad B.O		Thrissur	KERALA	Thrissur	\N	\N	680028
3742	Kurkancheri S.O		Thrissur	KERALA	NA	\N	\N	680007
3743	Madu B.O		Thrissur	KERALA	Chavakkad	\N	\N	680512
3744	Mannalamkunnu B.O		Thrissur	KERALA	Chavakkad	\N	\N	680518
3745	Marathakkara B.O		Thrissur	KERALA	NA	\N	\N	680306
3746	Mayannur S.O		Thrissur	KERALA	Thalapilly	\N	\N	679105
3747	Nambazhikad B.O		Thrissur	KERALA	Talappilly	\N	\N	680602
3748	Nehrunagar B.O		Thrissur	KERALA	NA	\N	\N	680006
3749	Painkulam B.O		Thrissur	KERALA	Talappilly	\N	\N	679531
3750	Paluvai S.O		Thrissur	KERALA	NA	\N	\N	680522
3751	Pampady West B.O		Thrissur	KERALA	Talappilly	\N	\N	680588
3752	Pathiyarkulangara B.O		Thrissur	KERALA	Chavakkad	\N	\N	680552
3753	Peringavu B.O		Thrissur	KERALA	Thrissur	\N	\N	680008
3754	Pulakkad B.O		Thrissur	KERALA	Thalapilly	\N	\N	680585
3755	Punkunnu S.O		Thrissur	KERALA	Thrissur	\N	\N	680002
3756	Thampankadavu B.O		Thrissur	KERALA	Chavakkad	\N	\N	680569
3757	Vayilathur B.O		Thrissur	KERALA	Chavakkad	\N	\N	679563
3758	Viyyur S.O		Thrissur	KERALA	Thrissur	\N	\N	680010
3759	Alur Mattom B.O		Thrissur	KERALA	Talappilly	\N	\N	680602
3760	Andathode S.O		Thrissur	KERALA	Chavakkad	\N	\N	679564
3761	Anjur-kunnamkulam B.O		Thrissur	KERALA	Thrissur	\N	\N	680523
3762	Avanisseri B.O		Thrissur	KERALA	NA	\N	\N	680306
3763	Chiyyaram S.O		Thrissur	KERALA	NA	\N	\N	680026
3764	Edakkaliyur S.O		Thrissur	KERALA	Chavakkad	\N	\N	680515
3765	Guruvayur S.O		Thrissur	KERALA	NA	\N	\N	680101
3766	Kainoor B.O		Thrissur	KERALA	Thrissur	\N	\N	680014
3767	Kanjirakode B.O		Thrissur	KERALA	Talappilly	\N	\N	680590
3768	Kannoth B.O		Thrissur	KERALA	Chavakkad	\N	\N	680510
3769	Korattikkara B.O		Thrissur	KERALA	Talappilly	\N	\N	680543
3770	Kottappuram Wri B.O		Thrissur	KERALA	NA	\N	\N	680584
3771	Kundannur B.O		Thrissur	KERALA	NA	\N	\N	680590
3772	Kuruchikkara S.O		Thrissur	KERALA	Thrissur	\N	\N	680028
3773	Kuthampilly B.O		Thrissur	KERALA	Thalapilly	\N	\N	680594
3774	Manalur S.O		Thrissur	KERALA	Thrissur	\N	\N	680617
3775	Marottichal B.O		Thrissur	KERALA	Thrissur	\N	\N	680014
3776	Paralam B.O		Thrissur	KERALA	Thrissur	\N	\N	680563
3777	Pazhanji S.O		Thrissur	KERALA	Thalapilly	\N	\N	680542
3778	Perumthuruthy B.O		Thrissur	KERALA	Talappilly	\N	\N	680542
3779	Porkulam B.O		Thrissur	KERALA	Talappilly	\N	\N	680542
3780	Puranattukara S.O		Thrissur	KERALA	NA	\N	\N	680551
3781	Puthanpalli S.O		Thrissur	KERALA	NA	\N	\N	680103
3782	Thamarayur B.O		Thrissur	KERALA	NA	\N	\N	680505
3783	Thiruvambady TSR S.O		Thrissur	KERALA	Thrissur	\N	\N	680022
3784	Thozhiyur S.O		Thrissur	KERALA	Chavakkad	\N	\N	680520
3785	Thrissur East S.O		Thrissur	KERALA	Thrissur	\N	\N	680005
3786	Thrissur Engg College S.O		Thrissur	KERALA	Thrissur	\N	\N	680009
3787	Vadookkara B.O		Thrissur	KERALA	NA	\N	\N	680007
3788	Vaniampara B.O		Thrissur	KERALA	Thrissur	\N	\N	680652
3789	Velur Thrissur S.O		Thrissur	KERALA	Thalapilly	\N	\N	680601
3790	Venganellur B.O		Thrissur	KERALA	Talappilly	\N	\N	680586
3791	Wadakkancheri-Thrissur RS S.O		Thrissur	KERALA	Talappilly	\N	\N	680623
3792	Akkikavu B.O		Thrissur	KERALA	Talappilly	\N	\N	680519
3793	Ammadam S.O		Thrissur	KERALA	Thrissur	\N	\N	680563
3794	Chakkumkandam B.O		Thrissur	KERALA	NA	\N	\N	680522
3795	Chittanda B.O		Thrissur	KERALA	NA	\N	\N	680585
3796	Chittattukara S.O		Thrissur	KERALA	Chavakkad	\N	\N	680511
3797	Chovvur B.O		Thrissur	KERALA	NA	\N	\N	680027
3798	Chuvannamannu B.O		Thrissur	KERALA	Thrissur	\N	\N	680652
3799	Edakkara-Thrissur B.O		Thrissur	KERALA	Chavakkad	\N	\N	680518
3800	Enamakkal B.O		Thrissur	KERALA	Chavakkad	\N	\N	680510
3801	Kanippayur S.O		Thrissur	KERALA	Thalapilly	\N	\N	680517
3802	Killimangalam S.O		Thrissur	KERALA	Thalapilly	\N	\N	680591
3803	Kodannur B.O		Thrissur	KERALA	Thrissur	\N	\N	680563
3804	Kondazhi S.O		Thrissur	KERALA	Thalapilly	\N	\N	679106
3805	Madakkathara B.O		Thrissur	KERALA	Thrissur	\N	\N	680651
3806	Mundathicode B.O		Thrissur	KERALA	Thalapilly	\N	\N	680601
3807	Nemmini B.O		Thrissur	KERALA	NA	\N	\N	680104
3808	Ollur North B.O		Thrissur	KERALA	NA	\N	\N	680306
3809	Padiyam B.O		Thrissur	KERALA	NA	\N	\N	680641
3810	Parlikkad B.O		Thrissur	KERALA	Talappilly	\N	\N	680623
3811	Peringandur B.O		Thrissur	KERALA	Thrissur	\N	\N	680581
3812	Perumpilavu B.O		Thrissur	KERALA	Thalapilly	\N	\N	680519
3813	Punnayur B.O		Thrissur	KERALA	Chavakkad	\N	\N	679562
3814	Puthur-Thrissur S.O		Thrissur	KERALA	NA	\N	\N	680014
3815	Puvathur S.O		Thrissur	KERALA	Chavakkad	\N	\N	680508
3816	South Kondazhi B.O		Thrissur	KERALA	Talappilly	\N	\N	679106
3817	Thalakkottukara B.O		Thrissur	KERALA	Talappilly	\N	\N	680501
3818	Thrissur Medical College S.O		Thrissur	KERALA	Thrissur	\N	\N	680596
3819	Thrissur R S S.O		Thrissur	KERALA	Thrissur	\N	\N	680021
3820	Tirur B.O		Thrissur	KERALA	NA	\N	\N	680581
3821	Trithallur West B.O		Thrissur	KERALA	Chavakkad	\N	\N	680619
3822	Vadakkethara B.O		Thrissur	KERALA	Thalapilly	\N	\N	680587
3823	Vaka B.O		Thrissur	KERALA	Thalapilly	\N	\N	680602
3824	Vellarakad B.O		Thrissur	KERALA	Talappilly	\N	\N	680584
3825	Venkitangu S.O		Thrissur	KERALA	Chavakkad	\N	\N	680510
3826	Anjur Mundur B.O		Thrissur	KERALA	Thrissur	\N	\N	680541
3827	Annakara B.O		Thrissur	KERALA	Chavakkad	\N	\N	680508
3828	Athani Thrissur B.O		Thrissur	KERALA	Thrissur	\N	\N	680581
3829	Chammannur B.O		Thrissur	KERALA	Chavakkad	\N	\N	679561
3830	Chavakkad S.O		Thrissur	KERALA	Chavakkad	\N	\N	680506
3831	Chemmanthatta B.O		Thrissur	KERALA	Talappilly	\N	\N	680501
3832	Chiranellur B.O		Thrissur	KERALA	Thalapilly	\N	\N	680501
3833	Chittilapilly B.O		Thrissur	KERALA	Thrissur	\N	\N	680551
3834	Chowannur B.O		Thrissur	KERALA	Thalapilly	\N	\N	680517
3835	Edakkalathur B.O		Thrissur	KERALA	Thrissur	\N	\N	680552
3836	Eravimangalam B.O		Thrissur	KERALA	NA	\N	\N	680751
3837	Eravu B.O		Thrissur	KERALA	Thrissur	\N	\N	680620
3838	Kallur-Vadakkekkad B.O		Thrissur	KERALA	Chavakkad	\N	\N	679562
3839	Kanimangalam S.O		Thrissur	KERALA	NA	\N	\N	680027
3840	Kattakampal S.O		Thrissur	KERALA	Thalapilly	\N	\N	680544
3841	Kurumal B.O		Thrissur	KERALA	Talappilly	\N	\N	680601
3842	Mannuthy S.O		Thrissur	KERALA	NA	\N	\N	680651
3843	Mundur-TC S.O		Thrissur	KERALA	Thrissur	\N	\N	680541
3844	Nedupuzha B.O		Thrissur	KERALA	NA	\N	\N	680007
3845	Palissery B.O		Thrissur	KERALA	NA	\N	\N	680027
3846	Pangarappally B.O		Thrissur	KERALA	Talappilly	\N	\N	680586
3847	Poomala B.O		Thrissur	KERALA	Thrissur	\N	\N	680581
3848	Poothole S.O		Thrissur	KERALA	NA	\N	\N	680004
3849	Puzhakkal S.O		Thrissur	KERALA	Thrissur	\N	\N	680553
3850	Thalore B.O		Thrissur	KERALA	Thrissur	\N	\N	680306
3851	Thozhupadam B.O		Thrissur	KERALA	Talappilly	\N	\N	680586
3852	Toyakkavu S.O		Thrissur	KERALA	Chavakkad	\N	\N	680513
3853	Varavur S.O		Thrissur	KERALA	Thalapilly	\N	\N	680585
3854	Vatanapally Beach B.O		Thrissur	KERALA	Chavakkad	\N	\N	680614
3855	Vattekkad B.O		Thrissur	KERALA	Chavakkad	\N	\N	680512
3856	Veluthur B.O		Thrissur	KERALA	Thrissur	\N	\N	680012
3857	Vettukad B.O		Thrissur	KERALA	Thrissur	\N	\N	680014
3858	Arangottukara B.O		Thrissur	KERALA	Thalapilly	\N	\N	679532
3859	Arimpur S.O		Thrissur	KERALA	Thrissur	\N	\N	680620
3860	Ariyannur S.O		Thrissur	KERALA	Thalapilly	\N	\N	680102
3861	Asarikkad B.O		Thrissur	KERALA	Thrissur	\N	\N	680751
3862	Ayyanthole S.O		Thrissur	KERALA	Thrissur	\N	\N	680003
3863	Chennaipara B.O		Thrissur	KERALA	Thrissur	\N	\N	680653
3864	Cheruthuruthy S.O		Thrissur	KERALA	Talappilly	\N	\N	679531
3865	Choondal S.O		Thrissur	KERALA	Thalapilly	\N	\N	680502
3866	Elanad B.O		Thrissur	KERALA	Thalapilly	\N	\N	680586
3867	Engandiyur S.O		Thrissur	KERALA	Chavakkad	\N	\N	680615
3868	Eranellur B.O		Thrissur	KERALA	Talappilly	\N	\N	680501
3869	Erumapetty S.O		Thrissur	KERALA	Thalapilly	\N	\N	680584
3870	Irunilamcode B.O		Thrissur	KERALA	Talappilly	\N	\N	680583
3871	Kakkassery B.O		Thrissur	KERALA	Chavakkad	\N	\N	680511
3872	Kaliyarode B.O		Thrissur	KERALA	Talappilly	\N	\N	680586
3873	Kandanassery B.O		Thrissur	KERALA	Talappilly	\N	\N	680102
3874	Kaniyarkod S.O		Thrissur	KERALA	Talappilly	\N	\N	680594
3875	Katungode B.O		Thrissur	KERALA	Thalapilly	\N	\N	680584
3876	Kerala Agri-university S.O		Thrissur	KERALA	Thrissur	\N	\N	680656
3877	Konikara B.O		Thrissur	KERALA	Mukundapuram	\N	\N	680306
3878	Koonamoochi S.O		Thrissur	KERALA	Talappilly	\N	\N	680504
3879	Kuttur S.O (Thrissur)		Thrissur	KERALA	Thrissur	\N	\N	680013
3880	Malavattom B.O		Thrissur	KERALA	Talappilly	\N	\N	680588
3881	Manalithara B.O		Thrissur	KERALA	Talappilly	\N	\N	680589
3882	Maruthancode S.O		Thrissur	KERALA	Thalapilly	\N	\N	680604
3883	Mattom S.O		Thrissur	KERALA	Thalapilly	\N	\N	680602
3884	Nettissery B.O		Thrissur	KERALA	NA	\N	\N	680651
3885	Nhamanghat S.O		Thrissur	KERALA	Chavakkad	\N	\N	679563
3886	Ollur S.O		Thrissur	KERALA	NA	\N	\N	680306
3887	Ollur Thaikkattussery B.O		Thrissur	KERALA	NA	\N	\N	680306
3888	Pallam Kottambathur B.O		Thrissur	KERALA	Talappilly	\N	\N	679532
3889	Panangattukara B.O		Thrissur	KERALA	NA	\N	\N	680623
3890	Parappur S.O		Thrissur	KERALA	Thrissur	\N	\N	680552
3891	Pavaratty S.O		Thrissur	KERALA	NA	\N	\N	680507
3892	Pengamuck B.O		Thrissur	KERALA	Talappilly	\N	\N	680544
3893	Ponnore B.O		Thrissur	KERALA	NA	\N	\N	680552
3894	Poovanchira B.O		Thrissur	KERALA	Thrissur	\N	\N	680652
3895	Thaikkad S.O		Thrissur	KERALA	NA	\N	\N	680104
3896	Thippilissery B.O		Thrissur	KERALA	Talappilly	\N	\N	680519
3897	Thonnurkkara B.O		Thrissur	KERALA	Talappilly	\N	\N	680586
3898	Thrissur H.O		Thrissur	KERALA	Thrissur	\N	\N	680001
3899	Tolur-parappur B.O		Thrissur	KERALA	Thrissur	\N	\N	680552
3900	Vazhani B.O		Thrissur	KERALA	Thalapilly	\N	\N	680589
3901	Vemmanad B.O		Thrissur	KERALA	NA	\N	\N	680507
3902	Amalanagar S.O		Thrissur	KERALA	Thrissur	\N	\N	680555
3903	Arthat S.O		Thrissur	KERALA	NA	\N	\N	680521
3904	Chittanjur B.O		Thrissur	KERALA	Thrissur	\N	\N	680523
3905	Edassery B.O		Thrissur	KERALA	Chavakkad	\N	\N	680569
3906	Elavally South B.O		Thrissur	KERALA	Chavakkad	\N	\N	680511
3907	Iringapuram B.O		Thrissur	KERALA	NA	\N	\N	680103
3908	Kadappuram S.O		Thrissur	KERALA	Chavakkad	\N	\N	680514
3909	Kandassankadavu S.O		Thrissur	KERALA	Thrissur	\N	\N	680613
3910	Kattilapoovam B.O		Thrissur	KERALA	Thrissur	\N	\N	680028
3911	Kizhur S.O		Thrissur	KERALA	NA	\N	\N	680523
3912	Kochannur B.O		Thrissur	KERALA	Chavakkad	\N	\N	679562
3913	Kottappadi S.O		Thrissur	KERALA	NA	\N	\N	680505
3914	Kunnamkulam City B.O		Thrissur	KERALA	NA	\N	\N	680523
3915	Kuranniyur B.O		Thrissur	KERALA	Chavakkad	\N	\N	680506
3916	Malesamangalam B.O		Thrissur	KERALA	Talappilly	\N	\N	680588
3917	Manakkodi B.O		Thrissur	KERALA	Thrissur	\N	\N	680012
3918	Mannamangalam B.O		Thrissur	KERALA	Thrissur	\N	\N	680014
3919	Minalur B.O		Thrissur	KERALA	Talappilly	\N	\N	680581
3920	Mulayam B.O		Thrissur	KERALA	Thrissur	\N	\N	680751
3921	Mullassery S.O		Thrissur	KERALA	Chavakkad	\N	\N	680509
3922	Mundathicode West B.O		Thrissur	KERALA	Talappilly	\N	\N	680623
3923	Pattikkad TC S.O		Thrissur	KERALA	Thrissur	\N	\N	680652
3924	Peramangalam S.O		Thrissur	KERALA	Thrissur	\N	\N	680545
3925	Ponnukkara B.O		Thrissur	KERALA	Thrissur	\N	\N	680306
3926	Pookode B.O		Thrissur	KERALA	NA	\N	\N	680505
3927	Pottore B.O		Thrissur	KERALA	NA	\N	\N	680581
3928	Pulakode B.O		Thrissur	KERALA	Talappilly	\N	\N	680586
3929	Thirunellur B.O		Thrissur	KERALA	Chavakkad	\N	\N	680508
3930	Thiruvilwamala S.O		Thrissur	KERALA	Talappilly	\N	\N	680588
3931	Thrissur Central S.O		Thrissur	KERALA	Thrissur	\N	\N	680001
3932	Trikkur B.O		Thrissur	KERALA	Mukundapuram	\N	\N	680306
3933	Vadakkekad S.O		Thrissur	KERALA	Chavakkad	\N	\N	679562
3934	Vellanikkara S.O		Thrissur	KERALA	Thrissur	\N	\N	680654
3935	Velur Bazar B.O		Thrissur	KERALA	Talappilly	\N	\N	680601
3936	Vettikkattiri R.S. B.O		Thrissur	KERALA	Thalapilly	\N	\N	679531
3937	Vyasagiri B.O		Thrissur	KERALA	Talappilly	\N	\N	680623
3938	West Fort B.O		Thrissur	KERALA	NA	\N	\N	680004
3939	Adur( Kla) H.O		Pathanamthitta	KERALA	Adur	\N	\N	691523
3940	Ambalathumbhagom B.O		Kollam	KERALA	Kunnathur	\N	\N	690520
3941	Angadi S.O (Pathanamthitta)		Pathanamthitta	KERALA	Ranny	\N	\N	689674
3942	Attachakkal B.O		Pathanamthitta	KERALA	Kozhenchery	\N	\N	689692
3943	Ayur S.O		Kollam	KERALA	Pathanapuram	\N	\N	691533
3944	Chandanapally B.O		Pathanamthitta	KERALA	Adur	\N	\N	689648
3945	Chellakkad S.O		Pathanamthitta	KERALA	Ranni	\N	\N	689677
3946	Chenneerkara B.O		Pathanamthitta	KERALA	Kozhencherry	\N	\N	689503
3947	Edakkad B.O		Kollam	KERALA	Kunnathur	\N	\N	691552
3948	Elanthur S.O		Pathanamthitta	KERALA	Kozhencherry	\N	\N	689643
3949	Kaipuzha North B.O		Pathanamthitta	KERALA	Kozhenchery	\N	\N	689503
3950	Karavaloor B.O		Kollam	KERALA	Pathanapuram	\N	\N	691333
3951	Kizhakkupuram B.O		Pathanamthitta	KERALA	Kozhenchery	\N	\N	689653
3952	Kochukoikkal B.O		Pathanamthitta	KERALA	Ranni	\N	\N	689667
3953	Kodumon S.O		Pathanamthitta	KERALA	Adur	\N	\N	691555
3954	Koonamkara B.O		Pathanamthitta	KERALA	Ranni	\N	\N	689711
3955	Kunnathur East S.O		Kollam	KERALA	Kunnathur	\N	\N	690540
3956	Makkapuzha S.O		Pathanamthitta	KERALA	Ranni	\N	\N	689676
3957	Mammoodu B.O		Pathanamthitta	KERALA	Kozhenchery	\N	\N	689513
3958	Mancode B.O		Pathanamthitta	KERALA	Adoor	\N	\N	689694
3959	Manneera B.O		Pathanamthitta	KERALA	Kozhenchery	\N	\N	689699
3960	Mylapra S.O		Pathanamthitta	KERALA	Kozhenchery	\N	\N	689671
3961	Naranganam North B.O		Pathanamthitta	KERALA	Kozhenchery	\N	\N	689642
3962	Poruvazhy S.O		Kollam	KERALA	Kunnathur	\N	\N	690520
3963	Ranny Perinad S.O		Pathanamthitta	KERALA	Ranny	\N	\N	689711
3964	Thannithode S.O		Pathanamthitta	KERALA	Kozhencherry	\N	\N	689699
3965	Thattayil S.O		Pathanamthitta	KERALA	Adoor	\N	\N	691525
3966	Theppupara B.O		Pathanamthitta	KERALA	Adoor	\N	\N	691554
3967	Vadakkupuram B.O		Pathanamthitta	KERALA	Kozhenchery	\N	\N	689653
3968	Vilakkupara B.O		Kollam	KERALA	Pathanapuram	\N	\N	691312
3969	Alayamon B.O		Kollam	KERALA	Pathanapuram	\N	\N	691306
3970	Anayadi B.O		Kollam	KERALA	Kunnathur	\N	\N	690561
3971	Aryavon B.O		Pathanamthitta	KERALA	Kozhenchery	\N	\N	689691
3972	Athirumkal B.O		Pathanamthitta	KERALA	Adoor	\N	\N	689693
3973	Chathakulam B.O		Kollam	KERALA	Kunnathur	\N	\N	690520
3974	Edakulam B.O		Pathanamthitta	KERALA	Ranni	\N	\N	689672
3975	Edapalayam B.O		Kollam	KERALA	Pathanapuram	\N	\N	691309
3976	Ellimullumplackal B.O		Pathanamthitta	KERALA	Kozhenchery	\N	\N	689692
3977	Kadammanitta S.O		Pathanamthitta	KERALA	Kozhenchery	\N	\N	689649
3978	Kallada Irrigation Project B.O		Kollam	KERALA	Pathanapuram	\N	\N	691308
3979	Karimthottuva B.O		Kollam	KERALA	Kunnathur	\N	\N	690540
3980	Kozhencherry East B.O		Pathanamthitta	KERALA	Kozhenchery	\N	\N	689641
3981	Kumpalampoika S.O		Pathanamthitta	KERALA	Ranni	\N	\N	689661
3982	Kundayam B.O		Kollam	KERALA	Pathanapuram	\N	\N	689695
3983	Maniyar B.O		Pathanamthitta	KERALA	Ranni	\N	\N	689662
3984	Mannady S.O (Pathanamthitta)		Pathanamthitta	KERALA	Adoor	\N	\N	691530
3985	Mannarakulanji B.O		Pathanamthitta	KERALA	Kozhenchery	\N	\N	689678
3986	Melood B.O		Pathanamthitta	KERALA	Adoor	\N	\N	691554
3987	Mundukottackal B.O		Pathanamthitta	KERALA	Kozhenchery	\N	\N	689649
3988	Naranganam S.O		Pathanamthitta	KERALA	Kozhencherry	\N	\N	689642
3989	Nedumoncavu B.O		Pathanamthitta	KERALA	Adoor	\N	\N	689693
3990	Nellikkamon B.O		Pathanamthitta	KERALA	Ranni	\N	\N	689674
3991	Oonnakavu B.O		Pathanamthitta	KERALA	Ranni	\N	\N	689674
3992	Oonnukal B.O		Pathanamthitta	KERALA	Kozhenchery	\N	\N	689647
3993	Paranthal B.O		Pathanamthitta	KERALA	Adoor	\N	\N	689501
3994	Payyanamon S.O		Pathanamthitta	KERALA	Kozhencherry	\N	\N	689692
3995	Pazhakulam B.O		Pathanamthitta	KERALA	Adur	\N	\N	691554
3996	Puthumala B.O		Pathanamthitta	KERALA	Adoor	\N	\N	691554
3997	Seethathode S.O		Pathanamthitta	KERALA	Ranni	\N	\N	689667
3998	Thengamom B.O		Pathanamthitta	KERALA	Adoor	\N	\N	690522
3999	Thenmala S.O		Kollam	KERALA	Pathanapuram	\N	\N	691308
4000	Thumpamon Thazham B.O		Pathanamthitta	KERALA	Kozhenchery	\N	\N	689625
4001	Vayala Parakode B.O		Pathanamthitta	KERALA	Adoor	\N	\N	691554
4002	Vayala-anchal B.O		Kollam	KERALA	Kottarakkara	\N	\N	691306
4003	Vettithitta B.O		Kollam	KERALA	Pathanapuram	\N	\N	689696
4004	Ambalathinnirappu B.O		Kollam	KERALA	Pathanapuram	\N	\N	691508
4005	Anandapally B.O		Pathanamthitta	KERALA	Adoor	\N	\N	691525
4006	Angadical North B.O		Pathanamthitta	KERALA	Adoor	\N	\N	689648
4007	Areeplachy B.O		Kollam	KERALA	Pathanapuram	\N	\N	691333
4008	Aruvappulam B.O		Pathanamthitta	KERALA	Kozhencherry	\N	\N	689691
4009	Aryankavu B.O		Kollam	KERALA	Pathanapuram	\N	\N	691309
4010	Channapettah S.O		Kollam	KERALA	Pathanapuram	\N	\N	691311
4011	Cherukulanji B.O		Pathanamthitta	KERALA	Ranni	\N	\N	689673
4012	Chozhiakode B.O		Kollam	KERALA	Pathanapuram	\N	\N	691310
4013	Kakkudumon B.O		Pathanamthitta	KERALA	Ranni	\N	\N	689711
4014	Karavoor B.O		Kollam	KERALA	Pathanapuram	\N	\N	689696
4015	Karikayam B.O		Pathanamthitta	KERALA	Ranni	\N	\N	689663
4016	Keekozhur B.O		Pathanamthitta	KERALA	Ranni	\N	\N	689672
4017	Keerukuzhy B.O		Pathanamthitta	KERALA	Adoor	\N	\N	689502
4018	Kozhencherry  Thekkemala S.O		Pathanamthitta	KERALA	Kozhenchery	\N	\N	689654
4019	Kulathumon B.O		Pathanamthitta	KERALA	Adoor	\N	\N	689693
4020	Kummannoor B.O		Pathanamthitta	KERALA	Kozhenchery	\N	\N	689691
4021	Manjakala B.O		Kollam	KERALA	Pathanapuram	\N	\N	691508
4022	Mannam Nagar B.O		Pathanamthitta	KERALA	Adoor	\N	\N	689501
4023	Mannam Sugar Mills B.O		Pathanamthitta	KERALA	Adoor	\N	\N	689501
4024	Marthandankara B.O		Kollam	KERALA	Pathanapuram	\N	\N	691312
4025	Melila B.O		Kollam	KERALA	Kottarakkara	\N	\N	691508
4026	Muthupezhumkal B.O		Pathanamthitta	KERALA	Kozhenchery	\N	\N	689698
4027	Narikal B.O		Kollam	KERALA	Pathanapuram	\N	\N	691322
4028	Neeliplavu B.O		Pathanamthitta	KERALA	Ranni	\N	\N	689663
4029	Nellipally B.O		Kollam	KERALA	Pathanapuram	\N	\N	691331
4030	Omallur-kla S.O		Pathanamthitta	KERALA	Kozhencherry	\N	\N	689647
4031	Pampa Triveni B.O		Pathanamthitta	KERALA	Ranni	\N	\N	689662
4032	Pampini B.O		Pathanamthitta	KERALA	Ranni	\N	\N	689663
4033	Pandalam Medical Mission S.O		Pathanamthitta	KERALA	Adoor	\N	\N	689501
4034	Pathanapuram S.O		Kollam	KERALA	Pathanapuram	\N	\N	689695
4035	Peringanad B.O		Pathanamthitta	KERALA	Adur	\N	\N	691551
4036	Pezhumpara B.O		Pathanamthitta	KERALA	Ranni	\N	\N	689662
4037	Poonkulanji B.O		Kollam	KERALA	Pathanapuram	\N	\N	689695
4038	Pulloopram B.O		Pathanamthitta	KERALA	Ranni	\N	\N	689674
4039	Punnala B.O		Kollam	KERALA	Pathanapuram	\N	\N	689696
4040	Thalavoor B.O		Kollam	KERALA	Pathanapuram	\N	\N	691508
4041	Thazhathuvadakku B.O		Kollam	KERALA	Pathanapuram	\N	\N	691526
4042	Vakayar S.O		Pathanamthitta	KERALA	Kozhenchery	\N	\N	689698
4043	Venga B.O		Kollam	KERALA	Kunnathur	\N	\N	690521
4044	Adumpumkulam B.O		Pathanamthitta	KERALA	Kozhencherry	\N	\N	689692
4045	Chengalthadom B.O		Pathanamthitta	KERALA	Kozhenchery	\N	\N	689671
4046	Elamannur S.O		Pathanamthitta	KERALA	Adur	\N	\N	691524
4047	Kallely B.O		Pathanamthitta	KERALA	Kozhenchery	\N	\N	689691
4048	Karikulam B.O		Pathanamthitta	KERALA	Ranni	\N	\N	689673
4049	Kidangannur S.O		Pathanamthitta	KERALA	Kozhencherry	\N	\N	689514
4050	Kodumon East B.O		Pathanamthitta	KERALA	Adoor	\N	\N	691555
4051	Kumarankudy B.O		Kollam	KERALA	Pathanapuram	\N	\N	689696
4052	Maloor B.O		Kollam	KERALA	Pathanapuram	\N	\N	689695
4053	Manakala S.O		Pathanamthitta	KERALA	Kunnathur	\N	\N	691551
4054	Manalil B.O		Kollam	KERALA	Pathanapuram	\N	\N	691312
4055	Manchallur Pathanapuram S.O		Kollam	KERALA	Pathanapuram	\N	\N	689695
4056	Mangadu-Elamannur B.O		Pathanamthitta	KERALA	Adur	\N	\N	691524
4057	Moozhiar B.O		Pathanamthitta	KERALA	Ranni	\N	\N	689662
4058	Mudiyoorkonam B.O		Pathanamthitta	KERALA	Adoor	\N	\N	689501
4059	Nediyara B.O		Kollam	KERALA	Pathanapuram	\N	\N	691306
4060	Nedumon S.O		Pathanamthitta	KERALA	Adur	\N	\N	691556
4061	Nellikala B.O		Pathanamthitta	KERALA	Kozhenchery	\N	\N	689643
4062	Njakkunilam B.O		Pathanamthitta	KERALA	Kozhenchery	\N	\N	689656
4063	Oottupara B.O		Pathanamthitta	KERALA	Kozhenchery	\N	\N	689691
4064	Panthaplavu B.O		Kollam	KERALA	Pathanapuram	\N	\N	691522
4065	Punnakkad S.O		Pathanamthitta	KERALA	Kozhencherry	\N	\N	689652
4066	Puthenambalam B.O		Kollam	KERALA	Kunnathur	\N	\N	691553
4067	Ranny Edamon B.O		Pathanamthitta	KERALA	Ranny	\N	\N	689676
4068	Rosemala B.O		Kollam	KERALA	Pathanapuram	\N	\N	691309
4069	Thalachira Eram B.O		Pathanamthitta	KERALA	Ranni	\N	\N	689664
4070	Thevannur B.O		Kollam	KERALA	Kottarakkara	\N	\N	691533
4071	Thingalkarikom B.O		Kollam	KERALA	Pathanapuram	\N	\N	691310
4072	Vallicode Kottayam S.O		Pathanamthitta	KERALA	Kozhenchery	\N	\N	689656
4073	Vayyattupuzha B.O		Pathanamthitta	KERALA	Ranni	\N	\N	689663
4074	Vazhamuttom B.O		Pathanamthitta	KERALA	Kozhenchery	\N	\N	689647
4075	Vellappara B.O		Pathanamthitta	KERALA	Kozhenchery	\N	\N	689691
4076	Vilanthara Jn B.O		Kollam	KERALA	Kunnathur	\N	\N	690521
4077	Anapettakongal B.O		Kollam	KERALA	Pathanapuram	\N	\N	691307
4078	Anchal S.O		Kollam	KERALA	Pathanapuram	\N	\N	691306
4079	Avaneeswaram RS B.O		Kollam	KERALA	Pathanapuram	\N	\N	691508
4080	Ayiranallur B.O		Kollam	KERALA	Pathanapuram	\N	\N	691307
4081	Chengara B.O		Pathanamthitta	KERALA	Kozhenchery	\N	\N	689664
4082	Cherukole Kozhencherri S.O		Pathanamthitta	KERALA	Kozhencherri	\N	\N	689650
4083	Cheruvakkal B.O		Kollam	KERALA	Kottarakkara	\N	\N	691533
4084	Dally B.O		Kollam	KERALA	Pathanapuram	\N	\N	691310
4085	Edamulackal B.O		Kollam	KERALA	Pathanapuram	\N	\N	691306
4086	Elamadu B.O		Kollam	KERALA	Kottarakkara	\N	\N	691533
4087	Elanthur East B.O		Pathanamthitta	KERALA	Kozhenchery	\N	\N	689643
4088	Elappupara B.O		Pathanamthitta	KERALA	Kozhenchery	\N	\N	689656
4089	Elavanthitta S.O		Pathanamthitta	KERALA	Kozhenchery	\N	\N	689625
4090	Elicode B.O		Kollam	KERALA	Pathanapuram	\N	\N	691322
4091	Enathu S.O		Pathanamthitta	KERALA	Adur	\N	\N	691526
4092	Eroor S.O (Kollam)		Kollam	KERALA	Pathanapuram	\N	\N	691312
4093	Kaithaparambu B.O		Pathanamthitta	KERALA	Adoor	\N	\N	691526
4094	Kakkakunnu B.O		Kollam	KERALA	Kunnathur	\N	\N	690522
4095	Karamvely B.O		Pathanamthitta	KERALA	Kozhenchery	\N	\N	689643
4096	Kariyara B.O		Kollam	KERALA	Pathanapuram	\N	\N	691332
4097	Kottamonpara B.O		Pathanamthitta	KERALA	Ranni	\N	\N	689667
4098	Kozhencherry S.O		Pathanamthitta	KERALA	Kozhencherry	\N	\N	689641
4099	Kudamurutty B.O		Pathanamthitta	KERALA	Ranni	\N	\N	689711
4100	Kulathupuzha S.O		Kollam	KERALA	Pathanapuram	\N	\N	691310
4101	Madamon B.O		Pathanamthitta	KERALA	Ranni	\N	\N	689711
4102	Mandiram Jn B.O		Pathanamthitta	KERALA	Ranni	\N	\N	689672
4103	Maniyaru-punalur B.O		Kollam	KERALA	Pathanapuram	\N	\N	691333
4104	Mathra B.O		Kollam	KERALA	Pathanapuram	\N	\N	691333
4105	Musaliar College B.O		Pathanamthitta	KERALA	Kozhenchery	\N	\N	689653
4106	Nellimukal B.O		Pathanamthitta	KERALA	Adoor	\N	\N	691551
4107	Parakadavu B.O		Kollam	KERALA	Kunnathur	\N	\N	690561
4108	Parakoottam B.O		Pathanamthitta	KERALA	Adoor	\N	\N	691551
4109	Perinjottackal B.O		Pathanamthitta	KERALA	Kozhenchery	\N	\N	689692
4110	Sasthamcottah S.O		Kollam	KERALA	Kunnathur	\N	\N	690521
4111	Thuruthikara B.O		Kollam	KERALA	Kunnathur	\N	\N	690540
4112	Ullannur B.O		Pathanamthitta	KERALA	Kozhenchery	\N	\N	689503
4113	Uthimoodu B.O		Pathanamthitta	KERALA	Ranni	\N	\N	689672
4114	Vallicode B.O		Pathanamthitta	KERALA	Kozhenchery	\N	\N	689648
4115	Vayalathala B.O		Pathanamthitta	KERALA	Ranni	\N	\N	689672
4116	Vayyanam B.O		Kollam	KERALA	Kottarakkara	\N	\N	691533
4117	Vazhamuttom East B.O		Pathanamthitta	KERALA	Kozhenchery	\N	\N	689646
4118	Venchempu B.O		Kollam	KERALA	Pathanapuram	\N	\N	691333
4119	Vengoor B.O		Kollam	KERALA	Kottarakkara	\N	\N	691533
4120	Venture B.O		Kollam	KERALA	Pathanapuram	\N	\N	691309
4121	Vettur Kumbazha B.O		Pathanamthitta	KERALA	Kozhenchery	\N	\N	689653
4122	Vilakkuvattom B.O		Kollam	KERALA	Pathanapuram	\N	\N	691331
4123	Villumala B.O		Kollam	KERALA	Pathanapuram	\N	\N	691310
4124	Achencoil B.O		Kollam	KERALA	Pathanapuram	\N	\N	689696
4125	Ambanad B.O		Kollam	KERALA	Pathanapuram	\N	\N	691309
4126	Anakulam B.O		Kollam	KERALA	Pathanapuram	\N	\N	691311
4127	Angamoozhy B.O		Pathanamthitta	KERALA	Ranni	\N	\N	689662
4128	Avaneeswaram B.O		Kollam	KERALA	Pathanapuram	\N	\N	691508
4129	Chakkuvarakkal B.O		Kollam	KERALA	Kottarakkara	\N	\N	691508
4130	Chayalode B.O		Pathanamthitta	KERALA	Adoor	\N	\N	691556
4131	Chittar S.O		Pathanamthitta	KERALA	Ranny	\N	\N	689663
4132	Choorakode B.O		Pathanamthitta	KERALA	Adoor	\N	\N	691551
4133	Edamon S.O		Kollam	KERALA	Pathanapuram	\N	\N	691307
4134	Edathitta B.O		Pathanamthitta	KERALA	Adoor	\N	\N	691555
4135	Elikattoor B.O		Kollam	KERALA	Pathanapuram	\N	\N	689696
4136	Gurunathanmannu B.O		Pathanamthitta	KERALA	Ranni	\N	\N	689667
4137	Kadamancode B.O		Kollam	KERALA	Pathanapuram	\N	\N	691312
4138	Kadambanad S.O		Pathanamthitta	KERALA	Adur	\N	\N	691552
4139	Kakkode B.O		Kollam	KERALA	Pathanapuram	\N	\N	691331
4140	Kalanjoor S.O		Pathanamthitta	KERALA	Adoor	\N	\N	689694
4141	Karithotta B.O		Pathanamthitta	KERALA	Kozhenchery	\N	\N	689514
4142	Karukone B.O		Kollam	KERALA	Pathanapuram	\N	\N	691306
4143	Konny S.O		Pathanamthitta	KERALA	Kozhencherry	\N	\N	689691
4144	Koovakkad B.O		Kollam	KERALA	Pathanapuram	\N	\N	691310
4145	Kurampala South B.O		Pathanamthitta	KERALA	Adur	\N	\N	689501
4146	Kuzhikala S.O		Pathanamthitta	KERALA	Kozhenchery	\N	\N	689644
4147	Lahai B.O		Pathanamthitta	KERALA	Ranni	\N	\N	689662
4148	Makkankunnu S.O		Pathanamthitta	KERALA	Kozhenchery	\N	\N	689645
4149	Mallasseri S.O		Pathanamthitta	KERALA	Kozhencherry	\N	\N	689646
4150	Mampara B.O		Pathanamthitta	KERALA	Ranni	\N	\N	689711
4151	Mampazhathara B.O		Kollam	KERALA	Pathanapuram	\N	\N	691307
4152	Manjappara B.O		Kollam	KERALA	Kottarakkara	\N	\N	691533
4153	Mannur-anchal B.O		Kollam	KERALA	Kottarakkara	\N	\N	691311
4154	Manthuka B.O		Pathanamthitta	KERALA	Kozhenchery	\N	\N	689503
4155	Mathur B.O		Pathanamthitta	KERALA	Kozhenchery	\N	\N	689647
4156	Melukara B.O		Pathanamthitta	KERALA	Kozhenchery	\N	\N	689641
4157	Mezhuveli S.O		Pathanamthitta	KERALA	Kozhencherry	\N	\N	689507
4158	Muttathukonam B.O		Pathanamthitta	KERALA	Kozhenchery	\N	\N	689625
4159	Muttom Thumpamon B.O		Pathanamthitta	KERALA	Adoor	\N	\N	689502
4160	Nirathupara B.O		Pathanamthitta	KERALA	Adoor	\N	\N	689693
4161	Ottackal B.O		Kollam	KERALA	Pathanapuram	\N	\N	691308
4162	Padam B.O		Pathanamthitta	KERALA	Adoor	\N	\N	689694
4163	Prakkanam B.O		Pathanamthitta	KERALA	Kozhenchery	\N	\N	689643
4164	Puthusserimala B.O		Pathanamthitta	KERALA	Ranni	\N	\N	689672
4165	Samnagar B.O		Kollam	KERALA	Pathanapuram	\N	\N	691310
4166	Shaliacarry Estate B.O		Kollam	KERALA	Pathanapuram	\N	\N	691331
4167	Thadicaud B.O		Kollam	KERALA	Pathanapuram	\N	\N	691306
4168	Thekkuthode B.O		Pathanamthitta	KERALA	Kozhenchery	\N	\N	689699
4169	Thengumcavu B.O		Pathanamthitta	KERALA	Kozhenchery	\N	\N	689646
4170	Tholicode S.O		Kollam	KERALA	Pathanapuram	\N	\N	691333
4171	Thonniamala B.O		Pathanamthitta	KERALA	Kozhenchery	\N	\N	689668
4172	Thumpamon S.O		Pathanamthitta	KERALA	Adur	\N	\N	689502
4173	Urukunnu B.O		Kollam	KERALA	Pathanapuram	\N	\N	691307
4174	Vadakkedathukavu Jn B.O		Pathanamthitta	KERALA	Adoor	\N	\N	691526
4175	Vadamon B.O		Kollam	KERALA	Pathanapuram	\N	\N	691306
4176	Arkannur B.O		Kollam	KERALA	Kottarakkara	\N	\N	691533
4177	Bharatheepuram B.O		Kollam	KERALA	Pathanapuram	\N	\N	691312
4178	Cherukulam B.O		Kollam	KERALA	Kottarakkara	\N	\N	691306
4179	Chethackal B.O		Pathanamthitta	KERALA	Ranni	\N	\N	689677
4180	Churulicode S.O		Pathanamthitta	KERALA	Kozhenchery	\N	\N	689668
4181	Ettichuvadu S.O		Pathanamthitta	KERALA	Ranni	\N	\N	689675
4182	Ezhiyam Vattathra Mala Mukku B.O		Kollam	KERALA	Pathanapuram	\N	\N	691306
4183	Kadambanad South S.O		Pathanamthitta	KERALA	Adoor	\N	\N	691553
4184	Kaipattur S.O		Pathanamthitta	KERALA	Kozhenchery	\N	\N	689648
4185	Karali Jn B.O		Kollam	KERALA	Kunnathur	\N	\N	690521
4186	Kattoor Kozhencherry B.O		Pathanamthitta	KERALA	Ranni	\N	\N	689650
4187	Kozhencherry College S.O		Pathanamthitta	KERALA	Kozhenchery	\N	\N	689641
4188	Kumbazhamuri S.O		Pathanamthitta	KERALA	Kozhenchery	\N	\N	689653
4189	Kunnicode S.O		Kollam	KERALA	Pathanapuram	\N	\N	691508
4190	Kurumbakara B.O		Pathanamthitta	KERALA	Adoor	\N	\N	689695
4191	Marur B.O		Pathanamthitta	KERALA	Adoor	\N	\N	691524
4192	Mekozhur B.O		Pathanamthitta	KERALA	Kozhenchery	\N	\N	689678
4193	Muthupilakkad B.O		Kollam	KERALA	Kunnathur	\N	\N	690520
4194	Mylapra Town S.O		Pathanamthitta	KERALA	Kozhencherry	\N	\N	689678
4195	Naranganam West B.O		Pathanamthitta	KERALA	Kozhenchery	\N	\N	689642
4196	Nellikkapara B.O		Pathanamthitta	KERALA	Kozhenchery	\N	\N	689691
4197	Ozhukkuparackal B.O		Kollam	KERALA	Pathanapuram	\N	\N	691533
4198	Panangad B.O		Pathanamthitta	KERALA	Kozhenchery	\N	\N	689503
4199	Pandalam S.O (Pathanamthitta)		Pathanamthitta	KERALA	Adur	\N	\N	689501
4200	Pathanamthitta H.O		Pathanamthitta	KERALA	Kozhencherry	\N	\N	689645
4201	Pidavoor B.O		Kollam	KERALA	Pathanapuram	\N	\N	689695
4202	Placherry B.O		Kollam	KERALA	Pathanapuram	\N	\N	691331
4203	Punalur Paper Mills S.O		Kollam	KERALA	Pathanapuram	\N	\N	691332
4204	Ranny-pazhavangadi S.O		Pathanamthitta	KERALA	Ranny	\N	\N	689673
4205	Sooranad S.O		Kollam	KERALA	Kunnathur	\N	\N	690522
4206	Thuvayur South B.O		Pathanamthitta	KERALA	Adoor	\N	\N	691552
4207	Vadasserikara S.O		Pathanamthitta	KERALA	Ranny	\N	\N	689662
4208	Valacode S.O		Kollam	KERALA	Pathanapuram	\N	\N	691331
4209	Adichipuzha B.O		Pathanamthitta	KERALA	Ranni	\N	\N	689711
4210	Angadical South B.O		Pathanamthitta	KERALA	Adoor	\N	\N	691555
4211	Anthiyalankavu B.O		Pathanamthitta	KERALA	Kozhenchery	\N	\N	689649
4212	Ayilara B.O		Kollam	KERALA	Pathanapuram	\N	\N	691312
4213	Chelikuzhy B.O		Pathanamthitta	KERALA	Pathanapuram	\N	\N	691556
4214	Chembanaruvi B.O		Kollam	KERALA	Pathanapuram	\N	\N	689696
4215	Edapariyaram B.O		Pathanamthitta	KERALA	Kozhenchery	\N	\N	689643
4216	Elakollur B.O		Pathanamthitta	KERALA	Kozhenchery	\N	\N	689691
4217	Elampal S.O		Kollam	KERALA	Pathanapuram	\N	\N	691322
4218	Elanthur Pariyaram B.O		Pathanamthitta	KERALA	Kozhenchery	\N	\N	689643
4219	Iythala B.O		Pathanamthitta	KERALA	Ranni	\N	\N	689673
4220	Kallely Thottam B.O		Pathanamthitta	KERALA	Kozhenchery	\N	\N	689691
4221	Kalthuruthy S.O		Kollam	KERALA	Pathanapuram	\N	\N	691309
4222	Kamukumcherry B.O		Kollam	KERALA	Pathanapuram	\N	\N	689696
4223	Kokkathode B.O		Pathanamthitta	KERALA	Kozhenchery	\N	\N	689691
4224	Koodal S.O		Pathanamthitta	KERALA	Adur	\N	\N	689693
4225	Kottavattom B.O		Kollam	KERALA	Kottarakkara	\N	\N	691322
4226	Kottukkal B.O		Kollam	KERALA	Kottarakkara	\N	\N	691306
4227	Kulanada S.O		Pathanamthitta	KERALA	Kozhencherry	\N	\N	689503
4228	Kumaramperoor Thekkekkara B.O		Pathanamthitta	KERALA	Ranni	\N	\N	689662
4229	Malayalapuzha Eram S.O		Pathanamthitta	KERALA	Kozhenchery	\N	\N	689664
4230	Malayalapuzha Thazham S.O		Pathanamthitta	KERALA	Ranny	\N	\N	689666
4231	Maloor College B.O		Kollam	KERALA	Pathanapuram	\N	\N	689695
4232	Manampuzha B.O		Kollam	KERALA	Kunnathur	\N	\N	691553
4233	Murinjakal B.O		Pathanamthitta	KERALA	Adoor	\N	\N	689693
4234	Naranamoozhy B.O		Pathanamthitta	KERALA	Ranny	\N	\N	689711
4235	Nariapuram S.O		Pathanamthitta	KERALA	Kozhenchery	\N	\N	689513
4236	Pallisserickal B.O		Kollam	KERALA	Kunnathur	\N	\N	690521
4237	Parakara B.O		Pathanamthitta	KERALA	Adoor	\N	\N	691525
4238	Parakode S.O		Pathanamthitta	KERALA	Adoor	\N	\N	691554
4239	Patharam B.O		Kollam	KERALA	Kunnathur	\N	\N	690522
4240	Pathirickal B.O		Kollam	KERALA	Pathanapuram	\N	\N	689695
4241	Pattazhy S.O		Kollam	KERALA	Pathanapuram	\N	\N	691522
4242	Piravanthur S.O		Kollam	KERALA	Pathanapuram	\N	\N	689696
4243	Punalur H.O		Kollam	KERALA	Pathanapuram	\N	\N	691305
4244	Ranny S.O		Pathanamthitta	KERALA	Ranny	\N	\N	689672
4245	Sooranad North S.O		Kollam	KERALA	Kunnathur	\N	\N	690561
4246	Thekketheri B.O		Kollam	KERALA	Pathanapuram	\N	\N	691522
4247	Thombikandam B.O		Pathanamthitta	KERALA	Ranni	\N	\N	689676
4248	Thumpamon North B.O		Pathanamthitta	KERALA	Kozhenchery	\N	\N	689625
4249	Ulanad B.O		Pathanamthitta	KERALA	Kozhenchery	\N	\N	689503
4250	Valiyakavu B.O		Pathanamthitta	KERALA	Ranni	\N	\N	689675
4251	Vilakudy B.O		Kollam	KERALA	Pathanapuram	\N	\N	691508
4252	Alumpeedika B.O		Kollam	KERALA	Karunagappally	\N	\N	690547
4253	Chariparabu B.O		Kollam	KERALA	Kottarakkara	\N	\N	691536
4254	Chirakkara B.O		Kollam	KERALA	Kollam	\N	\N	691578
4255	Inchavila B.O		Kollam	KERALA	Kollam	\N	\N	691601
4256	Kaithacode S.O		Kollam	KERALA	Kottarakkara	\N	\N	691543
4257	Kalayapuram S.O		Kollam	KERALA	Kottarakara	\N	\N	691560
4258	Karikkom B.O		Kollam	KERALA	Kottarakkara	\N	\N	691531
4259	Kollam Cutchery S.O		Kollam	KERALA	Kollam	\N	\N	691013
4260	Kollayil B.O		Kollam	KERALA	Kottarakkara	\N	\N	691541
4261	Kottathala B.O		Kollam	KERALA	Kottarakkara	\N	\N	691507
4262	Kureepuzha B.O		Kollam	KERALA	Kollam	\N	\N	691601
4263	Mailom B.O		Kollam	KERALA	Kottarakkara	\N	\N	691560
4264	Manappally North S.O		Kollam	KERALA	Karunagappally	\N	\N	690574
4265	Mangad S.O		Kollam	KERALA	Kollam	\N	\N	691015
4266	Mathilil B.O		Kollam	KERALA	Kollam	\N	\N	691601
4267	Mukundapuram S.O		Kollam	KERALA	Karunagappally	\N	\N	691585
4268	Nellettil B.O		Kollam	KERALA	Kollam	\N	\N	691302
4269	Pallimon B.O		Kollam	KERALA	Kollam	\N	\N	691576
4270	Panmana B.O		Kollam	KERALA	Karunagapally	\N	\N	691583
4271	Perumannur B.O		Kollam	KERALA	Pathanapuram	\N	\N	691532
4272	Prakkulam B.O		Kollam	KERALA	Kollam	\N	\N	691602
4273	Vellimon S.O		Kollam	KERALA	Kollam	\N	\N	691511
4274	Aduthala B.O		Kollam	KERALA	Kollam	\N	\N	691579
4275	Athinad North S.O		Kollam	KERALA	Karunagappally	\N	\N	690542
4276	Ayirakuzhy B.O		Kollam	KERALA	Kottarakkara	\N	\N	691559
4277	Azheekkalthura B.O		Kollam	KERALA	Karunagappally	\N	\N	690547
4278	Chengamanad Jn S.O		Kollam	KERALA	Kottarakara	\N	\N	691557
4279	Chenkulam B.O		Kollam	KERALA	Kottarakkara	\N	\N	691510
4280	Decent Jn B.O		Kollam	KERALA	Kollam	\N	\N	691577
4281	Kadathur Ward B.O		Kollam	KERALA	Karunagappally	\N	\N	690523
4282	Kaithode B.O		Kollam	KERALA	Kottarakkara	\N	\N	691535
4283	Kalakode B.O		Kollam	KERALA	Kollam	\N	\N	691302
4284	Kanjavely S.O		Kollam	KERALA	Kollam	\N	\N	691602
4285	Karuvelil B.O		Kollam	KERALA	Kottarakkara	\N	\N	691505
4286	Kattilkadavu B.O		Kollam	KERALA	Karunagappally	\N	\N	690542
4287	Kavanad S.O		Kollam	KERALA	Kollam	\N	\N	691003
4288	Kollam Cantonment S.O		Kollam	KERALA	Kollam	\N	\N	691001
4289	Kollam Civil Station S.O		Kollam	KERALA	Kollam	\N	\N	691013
4290	Kulakkadathazham B.O		Kollam	KERALA	Kottarakkara	\N	\N	691521
4291	Kulasekharapuram S.O		Kollam	KERALA	Karunagapally	\N	\N	690544
4292	Kuzhithura B.O		Kollam	KERALA	Karunagappally	\N	\N	690542
4293	Madathilkaranma B.O		Kollam	KERALA	Karunagappally	\N	\N	690526
4294	Maruthadi B.O		Kollam	KERALA	Kollam	\N	\N	691003
4295	Mathira B.O		Kollam	KERALA	Kottarakkara	\N	\N	691536
4296	Meeyannur B.O		Kollam	KERALA	Kollam	\N	\N	691537
4297	Mylakkadu B.O		Kollam	KERALA	Kollam	\N	\N	691571
4298	Nedumoncavu B.O		Kollam	KERALA	Kottarakkara	\N	\N	691509
4299	Nedumpaikulam B.O		Kollam	KERALA	Kottarakkara	\N	\N	691501
4300	Nilamel S.O		Kollam	KERALA	Kottarakara	\N	\N	691535
4301	Odanavattom S.O		Kollam	KERALA	Kottarakara	\N	\N	691512
4302	Pallickal-kottarakara S.O		Kollam	KERALA	Kottarakkara	\N	\N	691566
4303	Pattathanam S.O		Kollam	KERALA	Kollam	\N	\N	691021
4304	Perumpuzha S.O		Kollam	KERALA	Kollam	\N	\N	691504
4305	Peruvelikara B.O		Kollam	KERALA	Kollam	\N	\N	691500
4306	Pulippara Jn B.O		Kollam	KERALA	Kottarakkara	\N	\N	691536
4307	Puthur-kollam S.O		Kollam	KERALA	Kottarakara	\N	\N	691507
4308	S V Market B.O		Kollam	KERALA	Karunagappally	\N	\N	690573
4309	Sakthikulangara S.O		Kollam	KERALA	Kollam	\N	\N	691581
4310	T K M College S.O		Kollam	KERALA	Kollam	\N	\N	691005
4311	Thevally S.O		Kollam	KERALA	Kollam	\N	\N	691009
4312	Thirumullavaram S.O		Kollam	KERALA	Kollam	\N	\N	691012
4313	Vadakkumthala East S.O		Kollam	KERALA	Karunagappally	\N	\N	690536
4314	Vakkanad B.O		Kollam	KERALA	Kottarakkara	\N	\N	691509
4315	Valathungal B.O		Kollam	KERALA	Kollam	\N	\N	691011
4316	Vellimon West B.O		Kollam	KERALA	Kollam	\N	\N	691511
4317	Vettikavala S.O		Kollam	KERALA	Kottarakara	\N	\N	691538
4318	West Kallada S.O		Kollam	KERALA	Kollam	\N	\N	691500
4319	Ambalakkara B.O		Kollam	KERALA	Kottarakkara	\N	\N	691532
4320	Arinallur S.O		Kollam	KERALA	Karunagappally	\N	\N	690538
4321	Asramom S.O		Kollam	KERALA	Kollam	\N	\N	691002
4322	Channappara B.O		Kollam	KERALA	Kottarakkara	\N	\N	691536
4323	Chithara S.O		Kollam	KERALA	Kottarakara	\N	\N	691559
4324	Elampazhannur B.O		Kollam	KERALA	Kottarakkara	\N	\N	691534
4325	Idakkadom B.O		Kollam	KERALA	Kottarakkara	\N	\N	691505
4326	Kadakkal S.O		Kollam	KERALA	Kottarakara	\N	\N	691536
4327	Kadakkode B.O		Kollam	KERALA	Kottarakkara	\N	\N	691505
4328	Kadappakada S.O		Kollam	KERALA	Kollam	\N	\N	691008
4329	Kundara S.O		Kollam	KERALA	Kollam	\N	\N	691501
4330	Kuzhimathicaud S.O		Kollam	KERALA	Kottarakara	\N	\N	691509
4331	Mancode-kadakkal B.O		Kollam	KERALA	Kottarakkara	\N	\N	691559
4332	Mukathala S.O		Kollam	KERALA	Kollam	\N	\N	691577
4333	Mundakkal B.O		Kollam	KERALA	Kollam	\N	\N	691010
4334	Mynagappally North B.O		Kollam	KERALA	Kunnathur	\N	\N	690519
4335	Parippally S.O		Kollam	KERALA	Kollam	\N	\N	691574
4336	Poredom B.O		Kollam	KERALA	Kottarakkara	\N	\N	691534
4337	Puthukkadukara B.O		Kollam	KERALA	Karunagappally	\N	\N	691585
4338	Thodiyur North B.O		Kollam	KERALA	Karunagappally	\N	\N	690523
4339	Thrioppilazhikom B.O		Kollam	KERALA	Kottarakkara	\N	\N	691509
4340	Ummannur B.O		Kollam	KERALA	Kottarakara	\N	\N	691520
4341	Vadakkevila S.O		Kollam	KERALA	Kollam	\N	\N	691010
4342	Valakom S.O		Kollam	KERALA	Kottarakara	\N	\N	691532
4343	Valiyode B.O		Kollam	KERALA	Kottarakkara	\N	\N	691520
4344	Vayakkal B.O		Kollam	KERALA	Kottarakkara	\N	\N	691532
4345	Akkal B.O		Kollam	KERALA	Kottarakkara	\N	\N	691516
4346	Amrithapuri B.O		Kollam	KERALA	Karunagappally	\N	\N	690525
4347	Arinallur South B.O		Kollam	KERALA	Karunagappally	\N	\N	690538
4348	Chemmakkad B.O		Kollam	KERALA	Kollam	\N	\N	691601
4349	Edakulangara B.O		Kollam	KERALA	Karunagappally	\N	\N	690523
4350	Edappallycotta B.O		Kollam	KERALA	Karunagappally	\N	\N	691583
4351	Kallelibhagom B.O		Kollam	KERALA	Karunagapally	\N	\N	690519
4352	Kalluvathukkal S.O		Kollam	KERALA	Kollam	\N	\N	691578
4353	Karimpinpuzha B.O		Kollam	KERALA	Kottarakkara	\N	\N	691507
4354	Kilikollur East S.O		Kollam	KERALA	Kollam	\N	\N	691004
4355	Kizhakketheruvu B.O		Kollam	KERALA	Kottarakkara	\N	\N	691531
4356	Koduvila B.O		Kollam	KERALA	Kollam	\N	\N	691502
4357	Kokkad B.O		Kollam	KERALA	Kottarakkara	\N	\N	691538
4358	Kollam H.O		Kollam	KERALA	Kollam	\N	\N	691001
4359	Kottiyam S.O		Kollam	KERALA	Kollam	\N	\N	691571
4360	Kudavattur B.O		Kollam	KERALA	Kottarakkara	\N	\N	691512
4361	Kulakada S.O		Kollam	KERALA	Kottarakara	\N	\N	691521
4362	Kumbalam B.O		Kollam	KERALA	Kollam	\N	\N	691503
4363	Kummallur B.O		Kollam	KERALA	Kollam	\N	\N	691573
4364	Mynagappally S.O		Kollam	KERALA	Karunagappally	\N	\N	690519
4365	Nallila S.O		Kollam	KERALA	Kollam	\N	\N	691515
4366	Plappally B.O		Kollam	KERALA	Kottarakkara	\N	\N	691531
4367	Ponmana B.O		Kollam	KERALA	Karunagappally	\N	\N	691583
4368	Pooyapally S.O		Kollam	KERALA	Kottarakara	\N	\N	691537
4369	Prayar S.O		Alappuzha	KERALA	Karthikappally	\N	\N	690547
4370	Pulamon S.O		Kollam	KERALA	Kottarakara	\N	\N	691531
4371	Pullichira S.O		Kollam	KERALA	Kollam	\N	\N	691304
4372	Pullupana B.O		Kollam	KERALA	Kottarakkara	\N	\N	691536
4373	Puthenthura B.O		Kollam	KERALA	Karunagappally	\N	\N	691582
4374	Sadanandapuram B.O		Kollam	KERALA	Kottarakkara	\N	\N	691531
4375	Thalachira B.O		Kollam	KERALA	Kottarakkara	\N	\N	691538
4376	Thamarakudy B.O		Kollam	KERALA	Kottarakkara	\N	\N	691560
4377	Uliyakovil S.O		Kollam	KERALA	Kollam	\N	\N	691019
4378	Vadakkumbhagom B.O		Kollam	KERALA	Karunagappally	\N	\N	691584
4379	Vattathamara B.O		Kollam	KERALA	Kottarakkara	\N	\N	691536
4380	Vendar B.O		Kollam	KERALA	Kottarakkara	\N	\N	691507
4381	Adichanallur S.O		Kollam	KERALA	Adichanallur	\N	\N	691573
4382	Ambalathumkala B.O		Kollam	KERALA	Kottarakkara	\N	\N	691505
4383	Ambipoika B.O		Kollam	KERALA	Kollam	\N	\N	691501
4384	Ashtamudi B.O		Kollam	KERALA	Kollam	\N	\N	691602
4385	Chavara South S.O		Kollam	KERALA	Karunagapally	\N	\N	691584
4386	Edathara B.O		Kollam	KERALA	Kottarakkara	\N	\N	691536
4387	Edayam B.O		Kollam	KERALA	Kottarakkara	\N	\N	691532
4388	Eravipuram S.O		Kollam	KERALA	Kollam	\N	\N	691011
4389	Extension Trg Centre B.O		Kollam	KERALA	Kottarakkara	\N	\N	691531
4390	Iverkala East B.O		Kollam	KERALA	Kottarakkara	\N	\N	691507
4391	Kallumthazham B.O		Kollam	KERALA	Kollam	\N	\N	691004
4392	Karamcode S.O		Kollam	KERALA	Kollam	\N	\N	691579
4393	Karunagappaly H.O		Kollam	KERALA	Karunagappaly	\N	\N	690518
4394	Kura B.O		Kollam	KERALA	Kottarakkara	\N	\N	691557
4395	Kuthirapanthy B.O		Kollam	KERALA	Karunagappally	\N	\N	690523
4396	Maranad B.O		Kollam	KERALA	Kottarakkara	\N	\N	691505
4397	Munroethuruthu B.O		Kollam	KERALA	Kollam	\N	\N	691502
4398	Nedumpana B.O		Kollam	KERALA	Kollam	\N	\N	691576
4399	Nedungolam S.O		Kollam	KERALA	Kollam	\N	\N	691334
4400	Neeleswaram B.O		Kollam	KERALA	Kottarakara	\N	\N	691505
4401	Nellikunnam B.O		Kollam	KERALA	Kottarakkara	\N	\N	691520
4402	Pavithreswaram B.O		Kollam	KERALA	Kottarakara	\N	\N	691507
4403	Pavumba B.O		Kollam	KERALA	Karunagapally	\N	\N	690574
4404	Perungalam B.O		Kollam	KERALA	Karunagappally	\N	\N	690538
4405	Thattakkattu Market B.O		Alappuzha	KERALA	Karthikappally	\N	\N	690547
4406	Thattarkonam B.O		Kollam	KERALA	Kollam	\N	\N	691005
4407	Thrikkannamangal B.O		Kollam	KERALA	Kottarakkara	\N	\N	691531
4408	Thudayannur B.O		Kollam	KERALA	Kottarakkara	\N	\N	691536
4409	Velamannoor B.O		Kollam	KERALA	Kollam	\N	\N	691574
4410	Venkolla B.O		Kollam	KERALA	Kottarakkara	\N	\N	691541
4411	Alumoodu B.O		Kollam	KERALA	Kollam	\N	\N	691577
4412	Chadayamangalam S.O		Kollam	KERALA	Kottarakkara	\N	\N	691534
4413	Chandanathope S.O		Kollam	KERALA	Kollam	\N	\N	691014
4414	Chathannur S.O		Kollam	KERALA	Kolllam	\N	\N	691572
4415	Chavara Bridge S.O		Kollam	KERALA	Karunagapally	\N	\N	691583
4416	Chirakkarathazham B.O		Kollam	KERALA	Kollam	\N	\N	691578
4417	Karunagappally North B.O		Kollam	KERALA	Karunagappally	\N	\N	690544
4418	Kollam Bazar S.O		Kollam	KERALA	Kollam	\N	\N	691001
4419	Kulakkada East B.O		Kollam	KERALA	Kottarakkara	\N	\N	691521
4420	Kummil B.O		Kollam	KERALA	Kottarakkara	\N	\N	691536
4421	Mayyanad S.O		Kollam	KERALA	Kollam	\N	\N	691303
4422	Mulavana S.O		Kollam	KERALA	Kollam	\N	\N	691503
4423	Neendakara S.O		Kollam	KERALA	Karunagapally	\N	\N	691582
4424	Padappakara B.O		Kollam	KERALA	Kollam	\N	\N	691503
4425	Padinjattakkara B.O		Kollam	KERALA	Karunagappally	\N	\N	690524
4426	Panavely B.O		Kollam	KERALA	Kottarakkara	\N	\N	691532
4427	Panayam B.O		Kollam	KERALA	Kollam	\N	\N	691601
4428	Panmana Puthen Chantha B.O		Kollam	KERALA	Karunagappally	\N	\N	691583
4429	Pattamthuruth B.O		Kollam	KERALA	Kollam	\N	\N	691601
4430	Perumon B.O		Kollam	KERALA	Kollam	\N	\N	691601
4431	Podiyattuvila B.O		Kollam	KERALA	Kottarakkara	\N	\N	691532
4432	Thattamala S.O		Kollam	KERALA	Kollam	\N	\N	691020
4433	Thekkevila S.O		Kollam	KERALA	Kollam	\N	\N	691016
4434	Thevalakkara S.O		Kollam	KERALA	Karunagappally	\N	\N	690524
4435	Thevalappuram B.O		Kollam	KERALA	Kottarakkara	\N	\N	691507
4436	Varavila B.O		Kollam	KERALA	Karunagappally	\N	\N	690528
4437	Veliyam S.O		Kollam	KERALA	Kottarakara	\N	\N	691540
4438	Vilavoorkonam B.O		Kollam	KERALA	Kollam	\N	\N	691578
4439	Alumkadavu S.O		Kollam	KERALA	Karunagappally	\N	\N	690573
4440	Ayathil B.O		Kollam	KERALA	Kollam	\N	\N	691021
4441	Cheriyavelinallur B.O		Kollam	KERALA	Kottarakkara	\N	\N	691516
4442	Cheriyazheekal B.O		Kollam	KERALA	Karunagappally	\N	\N	690573
4443	Clappana S.O		Kollam	KERALA	Karunagapally	\N	\N	690525
4444	Edanad B.O B.O		Kollam	KERALA	Kollam	\N	\N	691579
4445	Ezhukone S.O		Kollam	KERALA	Kottarakara	\N	\N	691505
4446	Kanjiracode B.O		Kollam	KERALA	Kollam	\N	\N	691501
4447	Kannanallur S.O		Kollam	KERALA	Kollam	\N	\N	691576
4448	Karingannur S.O		Kollam	KERALA	Kottarakkara	\N	\N	691516
4449	Kattadi Jn B.O		Kollam	KERALA	Kottarakkara	\N	\N	691537
4450	Kilikollur S.O		Kollam	KERALA	Kollam	\N	\N	691004
4451	Kottarakara H.O		Kollam	KERALA	Kottarakara	\N	\N	691506
4452	Kuriyode B.O		Kollam	KERALA	Kottarakkara	\N	\N	691534
4453	Mailode B.O		Kollam	KERALA	Kottarakkara	\N	\N	691537
4454	Mavadi B.O		Kollam	KERALA	Kottarakkara	\N	\N	691507
4455	Meeyana B.O		Kollam	KERALA	Kottarakkara	\N	\N	691510
4456	Muttara B.O		Kollam	KERALA	Kottarakkara	\N	\N	691512
4457	Oyur S.O		Kollam	KERALA	Kottarakkara	\N	\N	691510
4458	Pallithottam S.O		Kollam	KERALA	Kollam	\N	\N	691006
4459	Paravur S.O (Kollam)		Kollam	KERALA	Kollam	\N	\N	691301
4460	Puthenkulam B.O		Kollam	KERALA	Kollam	\N	\N	691302
4461	S R P Market S.O		Kollam	KERALA	Karunagappally	\N	\N	690539
4462	Thottumugham B.O		Kollam	KERALA	Karunagappally	\N	\N	690519
4463	Valavupacha B.O		Kollam	KERALA	Kottarakkara	\N	\N	691559
4464	Veliyam West B.O		Kollam	KERALA	Kottarakkara	\N	\N	691540
4465	Anakottur B.O		Kollam	KERALA	Kottarakkara	\N	\N	691505
4466	Andoor B.O		Kollam	KERALA	Kottarakkara	\N	\N	691532
4467	Bhoothakulam S.O		Kollam	KERALA	Kollam	\N	\N	691302
4468	Chavara S.O		Kollam	KERALA	Karunagappally	\N	\N	691583
4469	Cheppara S.O		Kollam	KERALA	Kottarakkara	\N	\N	691520
4470	Cherupoika B.O		Kollam	KERALA	Kottarakkara	\N	\N	691543
4471	East Kallada S.O		Kollam	KERALA	Kollam	\N	\N	691502
4472	Irumpanangadu B.O		Kollam	KERALA	Kottarakkara	\N	\N	691505
4473	Kakkotumoola B.O		Kollam	KERALA	Kollam	\N	\N	691303
4474	Kizhakkenela B.O		Kollam	KERALA	Kollam	\N	\N	691574
4475	Koivila S.O		Kollam	KERALA	Karunagappally	\N	\N	691590
4476	Kollaka B.O		Kollam	KERALA	Karunagappally	\N	\N	690536
4477	Kollam Taluk Cutchery S.O		Kollam	KERALA	Kollam	\N	\N	691001
4478	Koottikada B.O		Kollam	KERALA	Kollam	\N	\N	691020
4479	Kundara East S.O		Kollam	KERALA	Kollam	\N	\N	691501
4480	Kuttikadu B.O		Kollam	KERALA	Kottarakkara	\N	\N	691536
4481	Madathara S.O		Kollam	KERALA	Kottarakkara	\N	\N	691541
4482	Mukkoodu B.O		Kollam	KERALA	Kollam	\N	\N	691503
4483	Nellimukku B.O		Kollam	KERALA	Kottarakkara	\N	\N	691509
4484	Nettayam B.O		Kollam	KERALA	Kottarakkara	\N	\N	691537
4485	Ochira S.O		Kollam	KERALA	Karunagapally	\N	\N	690526
4486	Perinad S.O		Kollam	KERALA	Kollam	\N	\N	691601
4487	Perumkulam B.O		Kollam	KERALA	Kottarakkara	\N	\N	691566
4488	Polachira B.O		Kollam	KERALA	Kollam	\N	\N	691334
4489	Thangasserry S.O		Kollam	KERALA	Kollam	\N	\N	691007
4490	Thazhava S.O		Kollam	KERALA	Karunagappally	\N	\N	690523
4491	Thekkumbhagom S.O		Kollam	KERALA	Kollam	\N	\N	691319
4492	Thodiyur B.O		Kollam	KERALA	Karunagappally	\N	\N	690523
4493	Uliyanadu B.O		Kollam	KERALA	Kollam	\N	\N	691579
4494	Umayanallur I E S.O		Kollam	KERALA	Kollam	\N	\N	691589
4495	Vavvakkavu S.O		Kollam	KERALA	Karunagappally	\N	\N	690528
4496	Velichikala B.O		Kollam	KERALA	Kollam	\N	\N	691573
4497	Azhiyadathuchira S.O		Pathanamthitta	KERALA	Thiruvalla	\N	\N	689113
4498	Chathankary S.O		Pathanamthitta	KERALA	Thiruvalla	\N	\N	689112
4499	Edayarnmula S.O		Pathanamthitta	KERALA	Kozhenchery	\N	\N	689532
4500	Kavumbhagom S.O		Pathanamthitta	KERALA	Tiruvalla	\N	\N	689102
4501	Mallappally East S.O		Pathanamthitta	KERALA	Mallappally	\N	\N	689584
4502	Mallappally West S.O		Pathanamthitta	KERALA	Mallappally	\N	\N	689585
4503	Manjady Jn S.O		Pathanamthitta	KERALA	Tiruvalla	\N	\N	689105
4504	Mepral S.O		Pathanamthitta	KERALA	Thiruvalla	\N	\N	689591
4505	Narakathanni B.O		Pathanamthitta	KERALA	Mallappally	\N	\N	689544
4506	Neervilakom B.O		Pathanamthitta	KERALA	Kozhenchery	\N	\N	689122
4507	Nellimala B.O		Pathanamthitta	KERALA	Thiruvalla	\N	\N	689542
4508	Othera S.O		Pathanamthitta	KERALA	Thiruvalla	\N	\N	689546
4509	Perumpramavu B.O		Pathanamthitta	KERALA	Mallappally	\N	\N	689587
4510	Thelliyoor B.O		Pathanamthitta	KERALA	Mallappally	\N	\N	689544
4511	Thonackad B.O		Alappuzha	KERALA	Chengannur	\N	\N	689511
4512	Thottabhagom B.O		Pathanamthitta	KERALA	Thiruvalla	\N	\N	689541
4513	Tiruvalla RS S.O		Pathanamthitta	KERALA	Ranni	\N	\N	689111
4514	Valakuzhy B.O		Pathanamthitta	KERALA	Mallappally	\N	\N	689544
4515	Ala S.O (Alappuzha)		Alappuzha	KERALA	Chengannur	\N	\N	689126
4516	Angadical Chengannur S.O		Alappuzha	KERALA	Chengannur	\N	\N	689122
4517	Bhudhanoor B.O		Alappuzha	KERALA	Chengannur	\N	\N	689510
4518	Chalappally B.O		Pathanamthitta	KERALA	Mallappally	\N	\N	689586
4519	Chengannur H.O		Alappuzha	KERALA	Chengannur	\N	\N	689121
4520	Kaithakody B.O		Pathanamthitta	KERALA	Ranni	\N	\N	689614
4521	Kattode B.O		Pathanamthitta	KERALA	Tiruvalla	\N	\N	689105
4522	Kuravankuzhy B.O		Pathanamthitta	KERALA	Thiruvalla	\N	\N	689548
4523	Kurichimuttom B.O		Pathanamthitta	KERALA	Kozhenchery	\N	\N	689532
4524	Mithrakary B.O		Alappuzha	KERALA	Kuttanad	\N	\N	689595
4525	Mundiappally B.O		Pathanamthitta	KERALA	Thiruvalla	\N	\N	689581
4526	Niranam Central B.O		Pathanamthitta	KERALA	Thiruvalla	\N	\N	689621
4527	Parumala S.O		Pathanamthitta	KERALA	Thiruvalla	\N	\N	689626
4528	Perisserry B.O		Alappuzha	KERALA	Chengannur	\N	\N	689126
4529	Pullad S.O		Pathanamthitta	KERALA	Thiruvalla	\N	\N	689548
4530	Thadiyur S.O		Pathanamthitta	KERALA	Mallappally	\N	\N	689545
4531	Thalavady S.O		Alappuzha	KERALA	Kuttanad	\N	\N	689572
4532	Thalavady South B.O		Alappuzha	KERALA	Kuttanad	\N	\N	689572
4533	Thayamkary B.O		Alappuzha	KERALA	Kuttanad	\N	\N	689573
4534	Thengeli B.O		Pathanamthitta	KERALA	Thiruvalla	\N	\N	689106
4535	Thirumoolapuram S.O		Pathanamthitta	KERALA	Thiruvalla	\N	\N	689115
4536	Vaipur S.O		Pathanamthitta	KERALA	Mallappally	\N	\N	689588
4537	Varayannur B.O		Pathanamthitta	KERALA	Thiruvalla	\N	\N	689548
4538	Vellayil B.O		Pathanamthitta	KERALA	Mallappally	\N	\N	689613
4539	Alumthuruthy B.O		Pathanamthitta	KERALA	Thiruvalla	\N	\N	689113
4540	Amichikary B.O		Pathanamthitta	KERALA	Thiruvalla	\N	\N	689112
4541	Anaprambal North B.O		Alappuzha	KERALA	Kuttanad	\N	\N	689572
4542	Anikad Mallappally GDS B.O		Pathanamthitta	KERALA	Mallappally	\N	\N	689585
4543	Chengannur RS S.O		Alappuzha	KERALA	Chengannur	\N	\N	689121
4544	Edathua S.O		Alappuzha	KERALA	Kuttanad	\N	\N	689573
4545	Edayaramula West B.O		Pathanamthitta	KERALA	Kozhenchery	\N	\N	689532
4546	Kallooppara S.O		Pathanamthitta	KERALA	Mallappally	\N	\N	689583
4547	Kariamplavu B.O		Pathanamthitta	KERALA	Mallappally	\N	\N	689615
4548	Karikuzhy B.O		Alappuzha	KERALA	Kuttanad	\N	\N	689571
4549	Kolabhagom B.O		Pathanamthitta	KERALA	Mallappally	\N	\N	689545
4550	Kottangal B.O		Pathanamthitta	KERALA	Mallappally	\N	\N	686547
4551	Kulathur B.O		Pathanamthitta	KERALA	Mallappally	\N	\N	689588
4552	Kumbanadu S.O		Pathanamthitta	KERALA	Thiruvalla	\N	\N	689547
4553	Otherawest S.O		Pathanamthitta	KERALA	Thiruvalla	\N	\N	689551
4554	Pandanad West B.O		Alappuzha	KERALA	Chengannur	\N	\N	689506
4555	Peringara S.O		Pathanamthitta	KERALA	Tiruvalla	\N	\N	689108
4556	Puliyoor S.O		Alappuzha	KERALA	Chengannur	\N	\N	689510
4557	Puthencavu S.O		Alappuzha	KERALA	Chengannur	\N	\N	689123
4558	Puthusserry South S.O		Pathanamthitta	KERALA	Mallappally	\N	\N	689602
4559	Theodical S.O		Pathanamthitta	KERALA	Mallappally	\N	\N	689613
4560	Valanjavattom East B.O		Pathanamthitta	KERALA	Thiruvalla	\N	\N	689104
4561	Anjilithanam B.O		Pathanamthitta	KERALA	Thiruvalla	\N	\N	689582
4562	Arattupuzha B.O		Pathanamthitta	KERALA	Kozhenchery	\N	\N	689123
4563	Cheriyanadu S.O		Alappuzha	KERALA	Chengannur	\N	\N	689511
4564	Eramallikkara B.O		Alappuzha	KERALA	Chengannur	\N	\N	689109
4565	Karakkal B.O		Pathanamthitta	KERALA	Thiruvalla	\N	\N	689108
4566	Kozhimala B.O		Pathanamthitta	KERALA	Thiruvalla	\N	\N	689541
4567	Kurunghazhabhagom B.O		Pathanamthitta	KERALA	Thiruvalla	\N	\N	689548
4568	Kuttur S.O (Pathanamthitta)		Pathanamthitta	KERALA	Tiruvalla	\N	\N	689106
4569	Muthoor S.O		Pathanamthitta	KERALA	Thiruvalla	\N	\N	689107
4570	Paduthode B.O		Pathanamthitta	KERALA	Mallappally	\N	\N	689544
4571	Poovathoor B.O		Pathanamthitta	KERALA	Thiruvalla	\N	\N	689531
4572	Punnavely S.O		Pathanamthitta	KERALA	Mallappally	\N	\N	689589
4573	Vennikulam S.O		Pathanamthitta	KERALA	Mallappally	\N	\N	689544
4574	Chengaroor S.O		Pathanamthitta	KERALA	Mallappally	\N	\N	689594
4575	Chirayirambu B.O		Pathanamthitta	KERALA	Thiruvalla	\N	\N	689549
4576	Edanad B.O		Alappuzha	KERALA	Chengannur	\N	\N	689123
4577	Elanjimel B.O		Alappuzha	KERALA	Chengannur	\N	\N	689511
4578	Eraviperoor East B.O		Pathanamthitta	KERALA	Thiruvalla	\N	\N	689542
4579	Eraviperoor S.O		Pathanamthitta	KERALA	Thiruvalla	\N	\N	689542
4580	Kadamankulam B.O		Pathanamthitta	KERALA	Mallappally	\N	\N	689583
4581	Kodupunna B.O		Alappuzha	KERALA	Kuttanad	\N	\N	689595
4582	Kuttapuzha S.O		Pathanamthitta	KERALA	Tiruvalla	\N	\N	689103
4583	Mallappally North B.O		Pathanamthitta	KERALA	Mallappally	\N	\N	689594
4584	Nalkallikkal B.O		Pathanamthitta	KERALA	Kozhenchery	\N	\N	689533
4585	Nooromavu B.O		Pathanamthitta	KERALA	Mallappally	\N	\N	689589
4586	Piralassery B.O		Alappuzha	KERALA	Chengannur	\N	\N	689122
4587	Tiruvalla H.O		Pathanamthitta	KERALA	Tiruvalla	\N	\N	689101
4588	Valanjavattom S.O		Pathanamthitta	KERALA	Thiruvalla	\N	\N	689104
4589	Vallamkulam East B.O		Pathanamthitta	KERALA	Thiruvalla	\N	\N	689541
4590	Vdakkumbhagom B.O		Pathanamthitta	KERALA	Thiruvalla	\N	\N	689621
4591	Velliyara B.O		Pathanamthitta	KERALA	Ranni	\N	\N	689612
4592	Ayroor North S.O		Pathanamthitta	KERALA	Ranni	\N	\N	689612
4593	Ezhumattoor S.O		Pathanamthitta	KERALA	Mallappally	\N	\N	689586
4594	Kadapra Mannar B.O		Pathanamthitta	KERALA	Tiruvalla	\N	\N	689621
4595	Kallisserry S.O		Alappuzha	KERALA	Chengannur	\N	\N	689124
4596	Kanjeettukara B.O		Pathanamthitta	KERALA	Ranni	\N	\N	689611
4597	Koipuram S.O		Pathanamthitta	KERALA	Tiruvalla	\N	\N	689531
4598	Kottathoor S.O		Pathanamthitta	KERALA	Ranni	\N	\N	689614
4599	Kottoor B.O		Pathanamthitta	KERALA	Thiruvalla	\N	\N	689582
4600	Kunnamthanam S.O		Pathanamthitta	KERALA	Tiruvalla	\N	\N	689581
4601	Malakara B.O		Pathanamthitta	KERALA	Kozhenchery	\N	\N	689532
4602	Manthanam B.O		Pathanamthitta	KERALA	Mallappally	\N	\N	689581
4603	Mundamala B.O		Pathanamthitta	KERALA	Mallappally	\N	\N	689543
4604	Muttumon B.O		Pathanamthitta	KERALA	Thiruvalla	\N	\N	689547
4605	Nedumpuram B.O		Pathanamthitta	KERALA	Thiruvalla	\N	\N	689110
4606	Neerattupuram S.O		Alappuzha	KERALA	Kuttanad	\N	\N	689571
4607	Pariyaram B.O		Pathanamthitta	KERALA	Mallappally	\N	\N	689585
4608	Perumpatty S.O		Pathanamthitta	KERALA	Mallappally	\N	\N	689592
4609	Perumthuruthy B.O		Pathanamthitta	KERALA	Thiruvalla	\N	\N	689107
4610	Podiyadi S.O		Pathanamthitta	KERALA	Thiruvalla	\N	\N	689110
4611	Puramattom S.O		Pathanamthitta	KERALA	Mallappally	\N	\N	689543
4612	Pushpagiri Tiruvalla B.O		Pathanamthitta	KERALA	Thiruvalla	\N	\N	689105
4613	Thekkumkal B.O		Pathanamthitta	KERALA	Ranni	\N	\N	689614
4614	Thuruthicaud S.O		Pathanamthitta	KERALA	Mallappally	\N	\N	689597
4615	Tiruvalla Market Jn S.O		Pathanamthitta	KERALA	Thiruvalla	\N	\N	689101
4616	Veliyanadu S.O		Alappuzha	KERALA	Kuttanadu	\N	\N	689590
4617	Anaprambal B.O		Alappuzha	KERALA	Kuttanad	\N	\N	689572
4618	Aranmula S.O		Pathanamthitta	KERALA	Kozhencherry	\N	\N	689533
4619	Changankary B.O		Alappuzha	KERALA	Kuttanad	\N	\N	689573
4620	Chekkidikkadu B.O		Alappuzha	KERALA	Kuttanad	\N	\N	689573
4621	Kadapra Kumbanadu B.O		Pathanamthitta	KERALA	Thiruvalla	\N	\N	689547
4622	Kallumkal B.O		Pathanamthitta	KERALA	Thiruvalla	\N	\N	689102
4623	Kavungumprayar B.O		Pathanamthitta	KERALA	Mallappally	\N	\N	689543
4624	Kizhakkumbhagom B.O		Pathanamthitta	KERALA	Thiruvalla	\N	\N	689621
4625	Kottanad S.O		Pathanamthitta	KERALA	Mallappally	\N	\N	689615
4626	Kunnathukara HSC B.O		Pathanamthitta	KERALA	Thiruvalla	\N	\N	689546
4627	Kunthirickal B.O		Alappuzha	KERALA	Kuttanad	\N	\N	689572
4628	Maramon S.O		Pathanamthitta	KERALA	Thiruvalla	\N	\N	689549
4629	Muttar S.O		Alappuzha	KERALA	Kuttanadu	\N	\N	689574
4630	Niranam S.O		Pathanamthitta	KERALA	Thiruvalla	\N	\N	689621
4631	Palackathakidi B.O		Pathanamthitta	KERALA	Mallappally	\N	\N	689581
4632	Pandanad S.O		Alappuzha	KERALA	Chengannur	\N	\N	689506
4633	Ramankary S.O		Alappuzha	KERALA	Kuttanad	\N	\N	689595
4634	Urukari B.O		Alappuzha	KERALA	Kuttanad	\N	\N	689595
4635	Vallamkulam S.O		Pathanamthitta	KERALA	Thiruvalla	\N	\N	689541
4636	Veliyanadu West B.O		Alappuzha	KERALA	Kuttanad	\N	\N	689590
4637	Ayroor South S.O		Pathanamthitta	KERALA	Ranni	\N	\N	689611
4638	Chumathra B.O		Pathanamthitta	KERALA	Tiruvalla	\N	\N	689103
4639	Chunkapara S.O		Pathanamthitta	KERALA	Mallappally	\N	\N	686547
4640	Edappavoor B.O		Pathanamthitta	KERALA	Ranni	\N	\N	689614
4641	Erumakkad B.O		Pathanamthitta	KERALA	Kozhenchery	\N	\N	689532
4642	Kaviyoor S.O		Pathanamthitta	KERALA	Tiruvalla	\N	\N	689582
4643	Keezhvaipur S.O		Pathanamthitta	KERALA	Mallappally	\N	\N	689587
4644	Kuriannoor S.O		Pathanamthitta	KERALA	Thiruvalla	\N	\N	689550
4645	Madathumbhagom North B.O		Pathanamthitta	KERALA	Mallappally	\N	\N	689543
4646	Mallappuzhassery B.O		Pathanamthitta	KERALA	Kozhenchery	\N	\N	689533
4647	Mundancavu B.O		Alappuzha	KERALA	Chengannur	\N	\N	689124
4648	Padimon B.O		Pathanamthitta	KERALA	Mallappally	\N	\N	689587
4649	Pandanad North B.O		Alappuzha	KERALA	Chengannur	\N	\N	689124
4650	Pandankary B.O		Alappuzha	KERALA	Kuttanad	\N	\N	689573
4651	Tiruvanvandur S.O		Alappuzha	KERALA	Chengannur	\N	\N	689109
4652	Vazharmangalam B.O		Alappuzha	KERALA	Chengannur	\N	\N	689124
4653	Veliyanadu North B.O		Alappuzha	KERALA	Kuttanad	\N	\N	689590
4654	Venpala B.O		Pathanamthitta	KERALA	Thiruvalla	\N	\N	689102
4655	Vezhapra B.O		Alappuzha	KERALA	Kuttanad	\N	\N	689595
4656	Altharamoodu B.O		Thiruvananthapuram	KERALA	Chirayinkeezhu	\N	\N	695102
4657	Anayara S.O		Thiruvananthapuram	KERALA	Thiruvananthapuram	\N	\N	695029
4658	Karavaram B.O		Thiruvananthapuram	KERALA	Chirayinkeezhu	\N	\N	695605
4659	Koithurkonam B.O		Thiruvananthapuram	KERALA	Thiruvananthapuram	\N	\N	695584
4660	Moongode S.O		Thiruvananthapuram	KERALA	Chirayinkeezhu	\N	\N	695144
4661	Mudapuram B.O		Thiruvananthapuram	KERALA	Chirayinkeezhu	\N	\N	695304
4662	Nilakkamukku B.O		Thiruvananthapuram	KERALA	Chirayinkeezhu	\N	\N	695306
4663	Njarayilkonam B.O		Thiruvananthapuram	KERALA	Chirayinkeezhu	\N	\N	695602
4664	Pallipuram S.O (Thiruvananthapuram)		Thiruvananthapuram	KERALA	Thiruvananthapuram	\N	\N	695316
4665	Parayathukonam B.O		Thiruvananthapuram	KERALA	Chirayinkeezhu	\N	\N	695104
4666	Thiruvananthapuram  Beach S.O		Thiruvananthapuram	KERALA	Thiruvananthapuram	\N	\N	695007
4667	Thiruvananthapuram  Engg College S.O		Thiruvananthapuram	KERALA	Thiruvananthapuram	\N	\N	695016
4668	Ulloor B.O		Thiruvananthapuram	KERALA	Thiruvananthapuram	\N	\N	695011
4669	Varkala S.O		Thiruvananthapuram	KERALA	Chirayinkeezhu	\N	\N	695141
4670	Venkode B.O		Thiruvananthapuram	KERALA	Nedumangad	\N	\N	695028
4671	Venkulam B.O		Thiruvananthapuram	KERALA	Chirayinkeezhu	\N	\N	695311
4672	Andoorkonam B.O		Thiruvananthapuram	KERALA	Chirayinkil	\N	\N	695584
4673	Attingal H.O		Thiruvananthapuram	KERALA	Chirayinkeezhu	\N	\N	695101
4674	Beemapally B.O		Thiruvananthapuram	KERALA	Thiruvananthapuram	\N	\N	695008
4675	Chirayinkeezhu S.O		Thiruvananthapuram	KERALA	Chirayinkeezhu	\N	\N	695304
4676	Hariharapuram B.O		Thiruvananthapuram	KERALA	Chirayinkeezhu	\N	\N	695310
4677	Kaniyapuram S.O		Thiruvananthapuram	KERALA	Thiruvananthapuram	\N	\N	695301
4678	Karimanal B.O		Thiruvananthapuram	KERALA	Thiruvananthapuram	\N	\N	695583
4679	Keezhattingal B.O		Thiruvananthapuram	KERALA	Chirayinkeezhu	\N	\N	695101
4680	Kulathur S.O (Thiruvananthapuram)		Thiruvananthapuram	KERALA	Thiruvananthapuram	\N	\N	695583
4681	Madavoor-pallickal S.O		Thiruvananthapuram	KERALA	Chirayinkeezhu	\N	\N	695602
4682	Maruthikunnu B.O		Thiruvananthapuram	KERALA	Chirayinkeezhu	\N	\N	695603
4683	Moonnanakuzhy B.O		Thiruvananthapuram	KERALA	Nedumangad	\N	\N	695615
4684	Nedumparambu B.O		Thiruvananthapuram	KERALA	Chirayinkeezhu	\N	\N	695102
4685	Panayara B.O		Thiruvananthapuram	KERALA	Chirayinkeezhu	\N	\N	695145
4686	Pangappara B.O		Thiruvananthapuram	KERALA	Thiruvananthapuram	\N	\N	695581
4687	Peroor B.O		Thiruvananthapuram	KERALA	Chirayinkeezhu	\N	\N	695601
4688	Ponganadu B.O		Thiruvananthapuram	KERALA	Chirayinkeezhu	\N	\N	695601
4689	Prasanth Nagar B.O		Thiruvananthapuram	KERALA	Thiruvananthapuram	\N	\N	695011
4690	Pullampara B.O		Thiruvananthapuram	KERALA	Nedumangad	\N	\N	695607
4691	Pullayil B.O		Thiruvananthapuram	KERALA	Chirayinkeezhu	\N	\N	695601
4692	Sainik School S.O (Thiruvananthapuram)		Thiruvananthapuram	KERALA	Thiruvananthapuram	\N	\N	695585
4693	Santhigiri S.O		Thiruvananthapuram	KERALA	Thiruvananthapuram	\N	\N	695589
4694	St.Xavier"s College S.O		Thiruvananthapuram	KERALA	Thiruvananthapuram	\N	\N	695586
4695	Thiruvananthapuram  Chalai S.O		Thiruvananthapuram	KERALA	Thiruvananthapuram	\N	\N	695036
4696	Thiruvananthapuram  Medical College S.O		Thiruvananthapuram	KERALA	Thiruvananthapuram	\N	\N	695011
4697	Thiruvananthapuram  University S.O		Thiruvananthapuram	KERALA	Thiruvananthapuram	\N	\N	695034
4698	Varkala South B.O		Thiruvananthapuram	KERALA	Chirayinkeezhu	\N	\N	695141
4699	Vennicode S.O		Thiruvananthapuram	KERALA	Chirayinkeezhu	\N	\N	695318
4700	Vettoor S.O		Thiruvananthapuram	KERALA	Chirayinkeezhu	\N	\N	695312
4701	Bharathannur B.O		Thiruvananthapuram	KERALA	Nedumangad	\N	\N	695609
4702	Charupara B.O		Thiruvananthapuram	KERALA	Chirayinkeezhu	\N	\N	695601
4703	Elakamon-kizhakkepuram B.O		Thiruvananthapuram	KERALA	Chirayinkeezhu	\N	\N	695310
4704	Kalamachal B.O		Thiruvananthapuram	KERALA	Nedumangad	\N	\N	695606
4705	Kallara S.O (Thiruvananthapuram)		Thiruvananthapuram	KERALA	Chirayinkeezhu	\N	\N	695608
4706	Kanchinada B.O		Thiruvananthapuram	KERALA	Nedumangad	\N	\N	695609
4707	Karikkakom S.O		Thiruvananthapuram	KERALA	Thiruvananthapuram	\N	\N	695021
4708	Karimkuttikara B.O		Thiruvananthapuram	KERALA	Nedumangad	\N	\N	695606
4709	Kattumpuram B.O		Thiruvananthapuram	KERALA	Nedumangad	\N	\N	695608
4710	Kilmanur S.O		Thiruvananthapuram	KERALA	Chirayinkeezhu	\N	\N	695601
4711	Kodithookiyakunnu B.O		Thiruvananthapuram	KERALA	Nedumangad	\N	\N	695608
4712	Kokkottukonam B.O		Thiruvananthapuram	KERALA	Chirayinkeezhu	\N	\N	695604
4713	Konchira B.O		Thiruvananthapuram	KERALA	Nedumangad	\N	\N	695615
4714	Kuthirakulam B.O		Thiruvananthapuram	KERALA	Nedumangad	\N	\N	695615
4715	Manambur S.O		Thiruvananthapuram	KERALA	Chirayinkeezhu	\N	\N	695611
4716	Moonnumukku B.O		Thiruvananthapuram	KERALA	Nedumangad	\N	\N	695609
4717	Moothala B.O		Thiruvananthapuram	KERALA	Chirayinkeezhu	\N	\N	695604
4718	Nagaroor B.O		Thiruvananthapuram	KERALA	Chirayinkeezhu	\N	\N	695601
4719	Neeramankadavuu B.O		Thiruvananthapuram	KERALA	Nedumangad	\N	\N	695610
4720	Nethajipuram B.O		Thiruvananthapuram	KERALA	Thiruvananthapuram	\N	\N	695589
4721	Odayam B.O		Thiruvananthapuram	KERALA	Chirayinkeezhu	\N	\N	695311
4722	Pakalkuri B.O		Thiruvananthapuram	KERALA	Chirayinkeezhu	\N	\N	695604
4723	Pallithura B.O		Thiruvananthapuram	KERALA	Thiruvananthapuram	\N	\N	695586
4724	PMG Jn S.O		Thiruvananthapuram	KERALA	Thiruvananthapuram	\N	\N	695033
4725	Poothura B.O		Thiruvananthapuram	KERALA	Chirayinkeezhu	\N	\N	695309
4726	Public Office S.O (Thiruvananthapuram)		Thiruvananthapuram	KERALA	Thiruvananthapuram	\N	\N	695033
4727	Sasthavattom B.O		Thiruvananthapuram	KERALA	Chirayinkeezhu	\N	\N	695305
4728	Sreekaryam S.O		Thiruvananthapuram	KERALA	Thiruvananthapuram	\N	\N	695017
4729	Thiruvananthapuram  Fort S.O		Thiruvananthapuram	KERALA	Thiruvananthapuram	\N	\N	695023
4730	Thope B.O		Thiruvananthapuram	KERALA	Thiruvananthapuram	\N	\N	695008
4731	Thuruvikkal B.O		Thiruvananthapuram	KERALA	Thiruvananthapuram	\N	\N	695011
4732	Vanchiyur-attingal B.O		Thiruvananthapuram	KERALA	Chirayinkeezhu	\N	\N	695102
4733	Adayamon B.O		Thiruvananthapuram	KERALA	Chirayinkeezhu	\N	\N	695614
4734	Alamcode S.O		Thiruvananthapuram	KERALA	Chirayinkeezhu	\N	\N	695102
4735	Anakudy B.O		Thiruvananthapuram	KERALA	Nedumangad	\N	\N	695606
4736	Anathalavattom B.O		Thiruvananthapuram	KERALA	Chirayinkeezhu	\N	\N	695306
4737	Anjengo S.O		Thiruvananthapuram	KERALA	Chirayinkeezhu	\N	\N	695309
4738	Attakulangara S.O		Thiruvananthapuram	KERALA	Thiruvananthapuram	\N	\N	695023
4739	Ayilam B.O		Thiruvananthapuram	KERALA	Chirayinkeezhu	\N	\N	695103
4740	Chakkai B.O		Thiruvananthapuram	KERALA	Thiruvananthapuram	\N	\N	695024
4741	Cheeranikkara B.O		Thiruvananthapuram	KERALA	Nedumangad	\N	\N	695615
4742	Chilakur B.O		Thiruvananthapuram	KERALA	Chirayinkeezhu	\N	\N	695141
4743	Edakode B.O		Thiruvananthapuram	KERALA	Chirayinkeezhu	\N	\N	695104
4744	Elakamon B.O		Thiruvananthapuram	KERALA	Chirayinkeezhu	\N	\N	695310
4745	Kadakkavur S.O		Thiruvananthapuram	KERALA	Chirayinkeezhu	\N	\N	695306
4746	Kavalayur B.O		Thiruvananthapuram	KERALA	Chirayinkeezhu	\N	\N	695144
4747	Melvettoor B.O		Thiruvananthapuram	KERALA	Chirayinkeezhu	\N	\N	695312
4748	Mukkudil B.O		Thiruvananthapuram	KERALA	Nedumangad	\N	\N	695607
4749	Murukumpuzhaa S.O		Thiruvananthapuram	KERALA	Thiruvananthapuram	\N	\N	695302
4750	Muthana B.O		Thiruvananthapuram	KERALA	Chirayinkeezhu	\N	\N	695146
4751	Mylamoodu B.O		Thiruvananthapuram	KERALA	Nedumangad	\N	\N	695609
4752	Perumathura B.O		Thiruvananthapuram	KERALA	Chirayinkeezhu	\N	\N	695303
4753	Perumkulam B.O		Thiruvananthapuram	KERALA	Chirayinkeezhu	\N	\N	695102
4754	Perunguzhi S.O		Thiruvananthapuram	KERALA	Chirayinkeezhu	\N	\N	695305
4755	Puthenthope B.O		Thiruvananthapuram	KERALA	Thiruvananthapuram	\N	\N	695586
4756	Thiruvananthapuram  AG"s S.O		Thiruvananthapuram	KERALA	Thiruvananthapuram	\N	\N	695001
4757	Thiruvananthapuram  ISRO S.O		Thiruvananthapuram	KERALA	Thiruvananthapuram	\N	\N	695022
4758	Thiruvananthapuram  Pettah S.O		Thiruvananthapuram	KERALA	Thiruvananthapuram	\N	\N	695024
4759	Thonnakkal S.O		Thiruvananthapuram	KERALA	Thiruvananthapuram	\N	\N	695317
4760	Vattappara S.O		Thiruvananthapuram	KERALA	Thiruvananthapuram	\N	\N	695028
4761	Ayroor-varkala S.O		Thiruvananthapuram	KERALA	Chirayinkeezhu	\N	\N	695310
4762	Chempazhanthy S.O		Thiruvananthapuram	KERALA	Thiruvananthapuram	\N	\N	695587
4763	Cherunniyur S.O		Thiruvananthapuram	KERALA	Chirayinkeezhu	\N	\N	695142
4764	Edava S.O		Thiruvananthapuram	KERALA	Chirayinkeezhu	\N	\N	695311
4765	Janardhanapuram B.O		Thiruvananthapuram	KERALA	Chirayinkeezhu	\N	\N	695141
4766	Kallambalam S.O		Thiruvananthapuram	KERALA	Chirayinkeezhu	\N	\N	695605
4767	Karyavattom S.O		Thiruvananthapuram	KERALA	Thiruvananthapuram	\N	\N	695581
4768	Kazhakuttam S.O		Thiruvananthapuram	KERALA	Thiruvananthapuram	\N	\N	695582
4769	Keezhavur B.O		Thiruvananthapuram	KERALA	Thiruvananthapuram	\N	\N	695584
4770	Kilimanur Palace B.O		Thiruvananthapuram	KERALA	Chirayinkeezhu	\N	\N	695601
4771	Koliakode B.O		Thiruvananthapuram	KERALA	Chirayinkil	\N	\N	695607
4772	Kurumbayam B.O		Thiruvananthapuram	KERALA	Nedumangad	\N	\N	695608
4773	Mudakkal B.O		Thiruvananthapuram	KERALA	Chirayinkeezhu	\N	\N	695103
4774	Nalanchira S.O		Thiruvananthapuram	KERALA	Thiruvananthapuram	\N	\N	695015
4775	Palamkonam B.O		Thiruvananthapuram	KERALA	Nedumangad	\N	\N	695607
4776	Pazhayakunnummel B.O		Thiruvananthapuram	KERALA	Chirayinkeezhu	\N	\N	695601
4777	Powdikonam		Thiruvananthapuram	KERALA	Tiruvanathapuram	\N	\N	695588
4778	Pulimath S.O		Thiruvananthapuram	KERALA	Chirayinkeezhu	\N	\N	695612
4779	Puthencurichy S.O		Thiruvananthapuram	KERALA	Thiruvananthapuram	\N	\N	695303
4780	Thalikuzhi B.O		Thiruvananthapuram	KERALA	Chirayinkeezhu	\N	\N	695612
4781	Thiruvananthapuram  Govt Press S.O		Thiruvananthapuram	KERALA	Thiruvananthapuram	\N	\N	695001
4782	Thokkad B.O		Thiruvananthapuram	KERALA	Chirayinkeezhu	\N	\N	695143
4783	Titanium B.O		Thiruvananthapuram	KERALA	Thiruvananthapuram	\N	\N	695021
4784	Vettiyara B.O		Thiruvananthapuram	KERALA	Chirayinkeezhu	\N	\N	695603
4785	Vikas Bhavan S.O		Thiruvananthapuram	KERALA	Thiruvananthapuram	\N	\N	695033
4786	Goureesapattom B.O		Thiruvananthapuram	KERALA	Trivandrum	\N	\N	695004
4787	Kandukrishi B.O		Thiruvananthapuram	KERALA	Chirayinkeezhu	\N	\N	695104
4788	Kappil B.O		Thiruvananthapuram	KERALA	Chirayinkeezhu	\N	\N	695311
4789	Kattaikonam B.O		Thiruvananthapuram	KERALA	Thiruvananthapuram	\N	\N	695584
4790	Kurakkada B.O		Thiruvananthapuram	KERALA	Chirayinkeezhu	\N	\N	695104
4791	Melkadakkavur B.O		Thiruvananthapuram	KERALA	Chirayinkeezhu	\N	\N	695306
4792	Pallickal Kilimanur S.O		Thiruvananthapuram	KERALA	Chirayinkeezhu	\N	\N	695604
4793	Pirappancode B.O		Thiruvananthapuram	KERALA	Chirayinkil	\N	\N	695607
4794	Puthusserimukku B.O		Thiruvananthapuram	KERALA	Chirayinkeezhu	\N	\N	695605
4795	Thiruvananthapuram G.P.O.		Thiruvananthapuram	KERALA	Thiruvananthapuram	\N	\N	695001
4796	Valiathura B.O		Thiruvananthapuram	KERALA	Thiruvananthapuram	\N	\N	695008
4797	Aliyadu B.O		Thiruvananthapuram	KERALA	Nedumangad	\N	\N	695607
4798	Cheruvallimukku B.O		Thiruvananthapuram	KERALA	Chirayinkeezhu	\N	\N	695304
4799	Cheruvikkal B.O		Thiruvananthapuram	KERALA	Thiruvananthapuram	\N	\N	695011
4800	Kottukunnam B.O		Thiruvananthapuram	KERALA	Nedumangad	\N	\N	695606
4801	Kulamuttam B.O		Thiruvananthapuram	KERALA	Chirayinkeezhu	\N	\N	695144
4802	Malakkal B.O		Thiruvananthapuram	KERALA	Chirayinkeezhu	\N	\N	695602
4803	Manjamala B.O		Thiruvananthapuram	KERALA	Thiruvananthapuram	\N	\N	695313
4804	Mannanathala S.O		Thiruvananthapuram	KERALA	Trivendrum	\N	\N	695015
4805	Mithirmala S.O		Thiruvananthapuram	KERALA	Nedumangad	\N	\N	695610
4806	Muthuvila B.O		Thiruvananthapuram	KERALA	Nedumangad	\N	\N	695610
4807	Navaikulam S.O		Thiruvananthapuram	KERALA	Chirayinkeezhu	\N	\N	695603
4808	Nellanad B.O		Thiruvananthapuram	KERALA	Nedumangad	\N	\N	695606
4809	Puliyurkonam B.O		Thiruvananthapuram	KERALA	Chirayinkeezhu	\N	\N	695604
4810	Sreenivasapuram S.O		Thiruvananthapuram	KERALA	Chirayinkeezhu	\N	\N	695145
4811	Thottakkad B.O		Thiruvananthapuram	KERALA	Chirayinkeezhu	\N	\N	695605
4812	Thundathil B.O		Thiruvananthapuram	KERALA	Thiruvananthapuram	\N	\N	695581
4813	Vadasserikonam S.O		Thiruvananthapuram	KERALA	Chirayinkeezhu	\N	\N	695143
4814	Vakkom S.O		Thiruvananthapuram	KERALA	Chirayinkeezhu	\N	\N	695308
4815	Vallakkadavoo S.O		Thiruvananthapuram	KERALA	Thiruvananthapuram	\N	\N	695008
4816	Vellallur B.O		Thiruvananthapuram	KERALA	Chirayinkil	\N	\N	695601
4817	Vembayam S.O		Thiruvananthapuram	KERALA	Nedumangad	\N	\N	695615
4818	Avanavancherry S.O		Thiruvananthapuram	KERALA	chirayinkeezhu	\N	\N	695103
4819	Azhurmarket B.O		Thiruvananthapuram	KERALA	Chirayinkeezhu	\N	\N	695305
4820	Channamkara B.O		Thiruvananthapuram	KERALA	Thiruvananthapuram	\N	\N	695301
4821	Chittattumukku B.O		Thiruvananthapuram	KERALA	Thiruvananthapuram	\N	\N	695301
4822	Ilamba B.O		Thiruvananthapuram	KERALA	Chirayinkeezhu	\N	\N	695103
4823	Iroopara B.O		Thiruvananthapuram	KERALA	Chirayinkil	\N	\N	695584
4824	Kaikara B.O		Thiruvananthapuram	KERALA	Chirayinkeezhu	\N	\N	695307
4825	Kaithamukku S.O		Thiruvananthapuram	KERALA	Thiruvananthapuram	\N	\N	695024
4826	Katakam B.O		Thiruvananthapuram	KERALA	Chirayinkeezhu	\N	\N	695304
4827	Kizhuvalam S.O		Thiruvananthapuram	KERALA	Chirayinkeezh	\N	\N	695104
4828	Koduvazhannur B.O		Thiruvananthapuram	KERALA	Chirayinkil	\N	\N	695612
4829	Kudavur S.O		Thiruvananthapuram	KERALA	Chirayinkeezhu	\N	\N	695313
4830	Mg College B.O		Thiruvananthapuram	KERALA	Thiruvananthapuram	\N	\N	695004
4831	Mulakkalathukavu B.O		Thiruvananthapuram	KERALA	Thiruvananthapuram	\N	\N	695614
4832	Muttada S.O		Thiruvananthapuram	KERALA	Thiruvananthapuram	\N	\N	695025
4833	Muttappalam B.O		Thiruvananthapuram	KERALA	Chirayinkeezhu	\N	\N	695145
4834	Nedunganda S.O		Thiruvananthapuram	KERALA	Chirayinkeezhu	\N	\N	695307
4835	Oorupoika B.O		Thiruvananthapuram	KERALA	Chirayinkeezhu	\N	\N	695104
4836	Palachira B.O		Thiruvananthapuram	KERALA	Chirayinkeezhu	\N	\N	695143
4837	Palayamkunnu S.O		Thiruvananthapuram	KERALA	Chirayinkeezhu	\N	\N	695146
4838	Palkulangara S.O		Thiruvananthapuram	KERALA	Thiruvananthapuram	\N	\N	695024
4839	Pandalacode B.O		Thiruvananthapuram	KERALA	Nedumangad	\N	\N	695028
4840	Pangode S.O		Thiruvananthapuram	KERALA	Nedumangad	\N	\N	695609
4841	Parakunnu B.O		Thiruvananthapuram	KERALA	Chirayinkeezhu	\N	\N	695603
4842	Pattom Palace S.O		Thiruvananthapuram	KERALA	Thiruvananthapuram	\N	\N	695004
4843	Poikamukku B.O		Thiruvananthapuram	KERALA	Chirayinkeezhu	\N	\N	695103
4844	Pothencode S.O		Thiruvananthapuram	KERALA	Thiruvananthapuram	\N	\N	695584
4845	Pullanicode B.O		Thiruvananthapuram	KERALA	Chirayinkeezhu	\N	\N	695311
4846	Thattathumala S.O		Thiruvananthapuram	KERALA	Chirayinkeezhu	\N	\N	695614
4847	Valiaveli B.O		Thiruvananthapuram	KERALA	Thiruvananthapuram	\N	\N	695021
4848	Vamanapuram S.O		Thiruvananthapuram	KERALA	Nedumangad	\N	\N	695606
4849	Vanchiyoor Junction S.O		Thiruvananthapuram	KERALA	Thiruvananthapuram	\N	\N	695035
4850	Vanchiyur S.O		Thiruvananthapuram	KERALA	Thiruvananthapuram	\N	\N	695035
4851	Vellumannady B.O		Thiruvananthapuram	KERALA	Nedumangad	\N	\N	695607
4852	Venjaramoodu S.O		Thiruvananthapuram	KERALA	Nedumangad	\N	\N	695607
4853	Aralumoodu S.O		Thiruvananthapuram	KERALA	Neyyattinkara	\N	\N	695123
4854	Attukkal B.O		Thiruvananthapuram	KERALA	Thiruvananthapuram	\N	\N	695009
4855	Bonaccord B.O		Thiruvananthapuram	KERALA	Nedumangad	\N	\N	695551
4856	Changa B.O		Thiruvananthapuram	KERALA	Nedumangad	\N	\N	695542
4857	Chettachal B.O		Thiruvananthapuram	KERALA	Nedumangad	\N	\N	695551
4858	Chullimanoor B.O		Thiruvananthapuram	KERALA	Nedumangad	\N	\N	695541
4859	Karimancode B.O		Thiruvananthapuram	KERALA	Nedumangad	\N	\N	695562
4860	Kochuvila B.O		Thiruvananthapuram	KERALA	Nedumangad	\N	\N	695563
4861	Kovalam S.O (Thiruvananthapuram)		Thiruvananthapuram	KERALA	Thiruvananthapuram	\N	\N	695527
4862	Malayinkil S.O		Thiruvananthapuram	KERALA	Neyyattinkara	\N	\N	695571
4863	Mancha B.O		Thiruvananthapuram	KERALA	Nedumangad	\N	\N	695541
4864	Mulluvila B.O		Thiruvananthapuram	KERALA	Neyyattinkara	\N	\N	695133
4865	Mylakkara B.O		Thiruvananthapuram	KERALA	Neyyattinkara	\N	\N	695572
4866	Nellivila B.O		Thiruvananthapuram	KERALA	Thiruvananthapuram	\N	\N	695523
4867	Nettayam   B.O		Thiruvananthapuram	KERALA	Thiruvananthapuram	\N	\N	695013
4868	Panacode B.O		Thiruvananthapuram	KERALA	Nedumangad	\N	\N	695542
4869	Parappara B.O		Thiruvananthapuram	KERALA	Nedumangad	\N	\N	695551
4870	Paruthikuzhy B.O		Thiruvananthapuram	KERALA	Nedumangad	\N	\N	695541
4871	Perurkada S.O		Thiruvananthapuram	KERALA	Thiruvananthapuram	\N	\N	695005
4872	Peyad S.O		Thiruvananthapuram	KERALA	Thiruvananthapuram	\N	\N	695573
4873	Poonthura S.O		Thiruvananthapuram	KERALA	Thiruvananthapuram	\N	\N	695026
4874	Thiruvallom S.O		Thiruvananthapuram	KERALA	Thiruvananthapuram	\N	\N	695027
4875	Uchakada S.O		Thiruvananthapuram	KERALA	Neyyattinkara	\N	\N	695506
4876	Veliyannur B.O		Thiruvananthapuram	KERALA	Nedumangad	\N	\N	695543
4877	Vellayani S.O		Thiruvananthapuram	KERALA	Thiruvananthapuram	\N	\N	695522
4878	Vithura S.O		Thiruvananthapuram	KERALA	Nedumangad	\N	\N	695551
4879	Ambalathara B.O		Thiruvananthapuram	KERALA	Thiruvananthapuram	\N	\N	695026
4880	Ambalathinkala B.O		Thiruvananthapuram	KERALA	Neyyattinkara	\N	\N	695572
4881	Anavoor B.O		Thiruvananthapuram	KERALA	Neyyattinkara	\N	\N	695124
4882	Bhagavathinada B.O		Thiruvananthapuram	KERALA	Neyyattinkara	\N	\N	695501
4883	Chenkal S.O		Thiruvananthapuram	KERALA	Neyyattinkara	\N	\N	695132
4884	Cheriakolla B.O		Thiruvananthapuram	KERALA	Neyyattinkara	\N	\N	695504
4885	Elavattom B.O		Thiruvananthapuram	KERALA	Nedumangad	\N	\N	695562
4886	Ex-servicemen"s Colony B.O		Thiruvananthapuram	KERALA	Nedumangad	\N	\N	695562
4887	Kanjiramkulam S.O		Thiruvananthapuram	KERALA	Neyyattinkara	\N	\N	695524
4888	Kaudiar Square S.O		Thiruvananthapuram	KERALA	Thiruvananthapuram	\N	\N	695003
4889	Kottapuram B.O		Thiruvananthapuram	KERALA	Neyyattinkara	\N	\N	695521
4890	Malayam B.O		Thiruvananthapuram	KERALA	Neyyattinkara	\N	\N	695571
4891	Mannamkonam B.O		Thiruvananthapuram	KERALA	Neyyattinkara	\N	\N	695125
4892	Mannurkonam B.O		Thiruvananthapuram	KERALA	Nedumangad	\N	\N	695541
4893	Nedumangad S.O		Thiruvananthapuram	KERALA	Nedumangad	\N	\N	695541
4894	Ooruttambalam S.O		Thiruvananthapuram	KERALA	Neyyattinkara	\N	\N	695507
4895	Paruthipally B.O		Thiruvananthapuram	KERALA	Nedumangad	\N	\N	695574
4896	Pazhakutty S.O		Thiruvananthapuram	KERALA	Nedumangad	\N	\N	695561
4897	Perumpazhuthoor S.O		Thiruvananthapuram	KERALA	Neyyattinkara	\N	\N	695126
4898	Poozhanad B.O		Thiruvananthapuram	KERALA	Neyyattinkara	\N	\N	695125
4899	TVM  R.K Mission B.O		Thiruvananthapuram	KERALA	Thiruvananthapuram	\N	\N	695010
4900	Uriakode B.O		Thiruvananthapuram	KERALA	Nedumangad	\N	\N	695543
4901	Vellarada S.O		Thiruvananthapuram	KERALA	Neyyattinkara	\N	\N	695505
4902	Vilappilsala B.O		Thiruvananthapuram	KERALA	Neyyattinkara	\N	\N	695573
4903	Vinobaniketan B.O		Thiruvananthapuram	KERALA	Nedumangad	\N	\N	695542
4904	Amachal B.O		Thiruvananthapuram	KERALA	Neyyattinkara	\N	\N	695572
4905	Ambalamukku S.O		Thiruvananthapuram	KERALA	Thiruvananthapuram	\N	\N	695005
4906	Chaikkottukonam B.O		Thiruvananthapuram	KERALA	Neyyattinkara	\N	\N	695122
4907	Idinjar B.O		Thiruvananthapuram	KERALA	Nedumangad	\N	\N	695563
4908	Kaimanam S.O		Thiruvananthapuram	KERALA	Thiruvananthapuram	\N	\N	695040
4909	Kallar Tvm B.O		Thiruvananthapuram	KERALA	Nedumangad	\N	\N	695551
4910	Karikuzhi B.O		Thiruvananthapuram	KERALA	Neyyattinkara	\N	\N	695505
4911	Karode B.O		Thiruvananthapuram	KERALA	Neyyattinkara	\N	\N	695506
4912	Kattacode B.O		Thiruvananthapuram	KERALA	Nedumangad	\N	\N	695572
4913	Kuttamala B.O		Thiruvananthapuram	KERALA	Neyyattinkara	\N	\N	695505
4914	Kuvalassery S.O		Thiruvananthapuram	KERALA	Neyyattinkara	\N	\N	695512
4915	Lourdepuram B.O		Thiruvananthapuram	KERALA	Neyyattinkara	\N	\N	695526
4916	Manacaud S.O		Thiruvananthapuram	KERALA	Thiruvananthapuram	\N	\N	695009
4917	Manchamcode B.O		Thiruvananthapuram	KERALA	Neyyattinkara	\N	\N	695125
4918	Manchavilakom B.O		Thiruvananthapuram	KERALA	Neyyattinkara	\N	\N	695503
4919	Mariyapuram B.O		Thiruvananthapuram	KERALA	Neyyattinkara	\N	\N	695122
4920	Mundela B.O		Thiruvananthapuram	KERALA	Nedumangad	\N	\N	695543
4921	Olathanni B.O		Thiruvananthapuram	KERALA	Neyyattinkara	\N	\N	695133
4922	Pachallur B.O		Thiruvananthapuram	KERALA	Thiruvananthapuram	\N	\N	695027
4923	Panavoor S.O		Thiruvananthapuram	KERALA	Nedumangad	\N	\N	695568
4924	Parassala S.O		Thiruvananthapuram	KERALA	Neyyattinkara	\N	\N	695502
4925	Plamootukada B.O		Thiruvananthapuram	KERALA	Neyyattinkara	\N	\N	695122
4926	Puthukulangara B.O		Thiruvananthapuram	KERALA	Nedumangad	\N	\N	695541
4927	Thennur B.O		Thiruvananthapuram	KERALA	Nedumangad	\N	\N	695563
4928	Valiamala S.O		Thiruvananthapuram	KERALA	Nedumangad	\N	\N	695547
4929	Valiavila B.O		Thiruvananthapuram	KERALA	Thiruvananthapuram	\N	\N	695006
4930	Vazhichal B.O		Thiruvananthapuram	KERALA	Neyyattinkara	\N	\N	695125
4931	Venganur S.O		Thiruvananthapuram	KERALA	Neyyattinkara	\N	\N	695523
4932	Venpakal B.O		Thiruvananthapuram	KERALA	Neyyattinkara	\N	\N	695123
4933	Vizhinjam S.O		Thiruvananthapuram	KERALA	Thiruvananthapuram	\N	\N	695521
4934	Amaravila S.O		Thiruvananthapuram	KERALA	Neyyattinkara	\N	\N	695122
4935	Anad B.O		Thiruvananthapuram	KERALA	Nedumangad	\N	\N	695541
4936	Aruvipuram B.O		Thiruvananthapuram	KERALA	Neyyattinkara	\N	\N	695126
4937	Cgo Complex Poonkulam S.O		Thiruvananthapuram	KERALA	Thiruvananthapuram	\N	\N	695522
4938	Kalliyoor S.O		Thiruvananthapuram	KERALA	Thiruvananthapuram	\N	\N	695042
4939	Karakonam S.O		Thiruvananthapuram	KERALA	Neyyattinkara	\N	\N	695504
4940	Kattakada S.O		Thiruvananthapuram	KERALA	Nedumangad	\N	\N	695572
4941	Keezharur B.O		Thiruvananthapuram	KERALA	Neyyattinkara	\N	\N	695124
4942	Kokkotela B.O		Thiruvananthapuram	KERALA	Nedumangad	\N	\N	695542
4943	Kottukal B.O		Thiruvananthapuram	KERALA	Neyyattinkara	\N	\N	695501
4944	Manikanteswaram B.O		Thiruvananthapuram	KERALA	Thiruvananthapuram	\N	\N	695013
4945	Marangad B.O		Thiruvananthapuram	KERALA	Nedumangad	\N	\N	695542
4946	Meenmutty B.O		Thiruvananthapuram	KERALA	Nedumangad	\N	\N	695562
4947	Mithraniketan B.O		Thiruvananthapuram	KERALA	Nedumangad	\N	\N	695543
4948	Nemom S.O		Thiruvananthapuram	KERALA	Thiruvananthapuram	\N	\N	695020
4949	Neyyattinkara Town S.O		Thiruvananthapuram	KERALA	Neyyattinkara	\N	\N	695121
4950	Pacha S.O		Thiruvananthapuram	KERALA	Nedumangad	\N	\N	695562
4951	Paluvally B.O		Thiruvananthapuram	KERALA	Nedumangad	\N	\N	695562
4952	Panangode B.O		Thiruvananthapuram	KERALA	Nedumangad	\N	\N	695563
4953	Panayamuttom B.O		Thiruvananthapuram	KERALA	Nedumangad	\N	\N	695561
4954	Pappanamcode S.O		Thiruvananthapuram	KERALA	Thiruvananthapuram	\N	\N	695018
4955	Parandode B.O		Thiruvananthapuram	KERALA	Nedumangad	\N	\N	695542
4956	Perayam B.O		Thiruvananthapuram	KERALA	Nedumangad	\N	\N	695562
4957	Pulluvila S.O		Thiruvananthapuram	KERALA	Neyyattinkara	\N	\N	695526
4958	Puthiathura B.O		Thiruvananthapuram	KERALA	Neyyattinkara	\N	\N	695526
4959	Veeranakavu B.O		Thiruvananthapuram	KERALA	Neyyattinkara	\N	\N	695572
4960	Vellanad S.O		Thiruvananthapuram	KERALA	Nedumangad	\N	\N	695543
4961	Amboori B.O		Thiruvananthapuram	KERALA	Neyyattinkara	\N	\N	695505
4962	Anappara B.O		Thiruvananthapuram	KERALA	Nedumangad	\N	\N	695551
4963	Aruvikara B.O		Thiruvananthapuram	KERALA	Nedumangad	\N	\N	695564
4964	Aryanad S.O		Thiruvananthapuram	KERALA	Nedumangad	\N	\N	695542
4965	Chekkakonam B.O		Thiruvananthapuram	KERALA	Nedumangad	\N	\N	695564
4966	Cheriyakonni B.O		Thiruvananthapuram	KERALA	Nedumangad	\N	\N	695013
4967	Elluvila B.O		Thiruvananthapuram	KERALA	Neyyattinkara	\N	\N	695504
4968	Industrial Estate S.O (Thiruvananthapuram)		Thiruvananthapuram	KERALA	Thiruvananthapuram	\N	\N	695019
4969	Kanjampazhanji B.O		Thiruvananthapuram	KERALA	Neyyattinkara	\N	\N	695525
4970	Karamana S.O		Thiruvananthapuram	KERALA	Thiruvananthapuram	\N	\N	695002
4971	Kazhavur B.O		Thiruvananthapuram	KERALA	Neyyattinkara	\N	\N	695526
4972	Koothali(TVM) B.O		Thiruvananthapuram	KERALA	Neyyattinkara	\N	\N	695505
4973	Kottackal (TVM) B.O		Thiruvananthapuram	KERALA	Neyyattinkara	\N	\N	695124
4974	Kottakkakom B.O		Thiruvananthapuram	KERALA	Nedumangad	\N	\N	695542
4975	Kottoor(TVM) B.O		Thiruvananthapuram	KERALA	Nedumangad	\N	\N	695574
4976	Kudappanamoodu B.O		Thiruvananthapuram	KERALA	Neyyattinkara	\N	\N	695505
4977	Kudayal B.O		Thiruvananthapuram	KERALA	Neyyattinkara	\N	\N	695505
4978	Kunnathukal B.O		Thiruvananthapuram	KERALA	Neyyattinkara	\N	\N	695504
4979	Meenankal B.O		Thiruvananthapuram	KERALA	Nedumangad	\N	\N	695542
4980	Mulayara B.O		Thiruvananthapuram	KERALA	Neyyattinkara	\N	\N	695543
4981	Muttakadu B.O		Thiruvananthapuram	KERALA	Thiruvananthapuram	\N	\N	695523
4982	Naruvamoodu S.O		Thiruvananthapuram	KERALA	Neyyattinkara	\N	\N	695528
4983	Panayam B.O		Thiruvananthapuram	KERALA	Nedumangad	\N	\N	695568
4984	Panniyode B.O		Thiruvananthapuram	KERALA	Nedumangad	\N	\N	695575
4985	Parasuvaickal S.O		Thiruvananthapuram	KERALA	Neyyattinkara	\N	\N	695508
4986	Peringamala S.O		Thiruvananthapuram	KERALA	Thiruvananthapuram	\N	\N	695563
4987	Ponmudi B.O		Thiruvananthapuram	KERALA	Nedumangad	\N	\N	695551
4988	Poojapura H.O		Thiruvananthapuram	KERALA	Thiruvananthapuram	\N	\N	695012
4989	Pozhiyoor S.O		Thiruvananthapuram	KERALA	Neyyattinkara	\N	\N	695513
4990	PTP Nagar S.O		Thiruvananthapuram	KERALA	Thiruvananthapuram	\N	\N	695038
4991	Sasthamangalam S.O		Thiruvananthapuram	KERALA	Thiruvananthapuram	\N	\N	695010
4992	Thannimoodu B.O		Thiruvananthapuram	KERALA	Neyyattinkara	\N	\N	695123
4993	Tholicode B.O		Thiruvananthapuram	KERALA	Nedumangad	\N	\N	695541
4994	Thycaud S.O		Thiruvananthapuram	KERALA	Thiruvananthapuram	\N	\N	695014
4995	Tirumala S.O (Thiruvananthapuram)		Thiruvananthapuram	KERALA	Thiruvananthapuram	\N	\N	695006
4996	Vattavila B.O		Thiruvananthapuram	KERALA	Neyyattinkara	\N	\N	695132
4997	Vattiyoorkavu S.O		Thiruvananthapuram	KERALA	Thiruvananthapuram	\N	\N	695013
4998	Aramada S.O		Thiruvananthapuram	KERALA	Thiruvananthapuram	\N	\N	695032
4999	Arayur B.O		Thiruvananthapuram	KERALA	Neyyattinkara	\N	\N	695122
5000	Ayira B.O		Thiruvananthapuram	KERALA	Neyyattinkara	\N	\N	695502
5001	Cheruvarakonam B.O		Thiruvananthapuram	KERALA	Neyyattinkara	\N	\N	695502
5002	Irinchayam B.O		Thiruvananthapuram	KERALA	Nedumangad	\N	\N	695561
5003	Kakkavila B.O		Thiruvananthapuram	KERALA	Neyyattinkara	\N	\N	695506
5004	Kalliyal B.O		Thiruvananthapuram	KERALA	Nedumangad	\N	\N	695574
5005	Karakulam S.O		Thiruvananthapuram	KERALA	Thiruvananthapuram	\N	\N	695564
5006	Kattachalkuzhy B.O		Thiruvananthapuram	KERALA	Thiruvananthapuram	\N	\N	695501
5007	Kaudiar S.O		Thiruvananthapuram	KERALA	Thiruvananthapuram	\N	\N	695003
5008	Kerala Governor"s Camp S.O		Thiruvananthapuram	KERALA	Thiruvananthapuram	\N	\N	695099
5009	Kodungavila B.O		Thiruvananthapuram	KERALA	Neyyattinkara	\N	\N	695123
5010	Kovalam Beach B.O		Thiruvananthapuram	KERALA	Thiruvananthapuram	\N	\N	695527
5011	Kulappada B.O		Thiruvananthapuram	KERALA	Nedumangad	\N	\N	695542
5012	Kuruthamcode B.O		Thiruvananthapuram	KERALA	Neyyattinkara	\N	\N	695572
5013	Kuthirakalam-vellanad B.O		Thiruvananthapuram	KERALA	Nedumangad	\N	\N	695543
5014	Kuttichal S.O		Thiruvananthapuram	KERALA	Thiruvananthapuram	\N	\N	695574
5015	Moongode B.O		Thiruvananthapuram	KERALA	Neyyattinkara	\N	\N	695573
5016	Mukkolackal B.O		Thiruvananthapuram	KERALA	Thiruvananthapuram	\N	\N	695043
5017	Mullur B.O		Thiruvananthapuram	KERALA	Neyyattinkara	\N	\N	695521
5018	Nellimoodu B.O		Thiruvananthapuram	KERALA	Neyyattinkara	\N	\N	695524
5019	Neyyattinkara H.O		Thiruvananthapuram	KERALA	Neyyattinkara	\N	\N	695121
5020	Ookode B.O		Thiruvananthapuram	KERALA	Thiruvananthapuram	\N	\N	695020
5021	Pallichal B.O		Thiruvananthapuram	KERALA	Thiruvananthapuram	\N	\N	695020
5022	Panachamoodu B.O		Thiruvananthapuram	KERALA	Neyyattinkara	\N	\N	695505
5023	Puvar S.O		Thiruvananthapuram	KERALA	Neyyattinkara	\N	\N	695525
5024	Russelpuram B.O		Thiruvananthapuram	KERALA	Neyyattinkara	\N	\N	695501
5025	Vlathankara S.O		Thiruvananthapuram	KERALA	Neyyattinkara	\N	\N	695134
5026	Arumanoor B.O		Thiruvananthapuram	KERALA	Neyyattinkara	\N	\N	695525
5027	Balaramapuram S.O		Thiruvananthapuram	KERALA	Neyyattinkara	\N	\N	695501
5028	Chowara B.O		Thiruvananthapuram	KERALA	Neyyattinkara	\N	\N	695501
5029	Cotton Hill S.O		Thiruvananthapuram	KERALA	Thiruvananthapuram	\N	\N	695014
5030	Daivapura B.O		Thiruvananthapuram	KERALA	Nedumangad	\N	\N	695563
5031	Dhanuvachapuram S.O		Thiruvananthapuram	KERALA	Neyyattinkara	\N	\N	695503
5032	Ilanchiyam B.O		Thiruvananthapuram	KERALA	Nedumangad	\N	\N	695563
5033	Kallayam B.O		Thiruvananthapuram	KERALA	Nedumangad	\N	\N	695043
5034	Karipur B.O		Thiruvananthapuram	KERALA	Nedumangad	\N	\N	695541
5035	Karumom B.O		Thiruvananthapuram	KERALA	Thiruvananthapuram	\N	\N	695002
5036	Kodunganur B.O		Thiruvananthapuram	KERALA	Thiruvananthapuram	\N	\N	695013
5037	Kollode B.O		Thiruvananthapuram	KERALA	Neyyattinkara	\N	\N	695571
5038	Manali B.O		Thiruvananthapuram	KERALA	Neyyattinkara	\N	\N	695505
5039	Maruthamala B.O		Thiruvananthapuram	KERALA	Nedumangad	\N	\N	695551
5040	Mayam B.O		Thiruvananthapuram	KERALA	Neyyattinkara	\N	\N	695505
5041	Payattuvila B.O		Thiruvananthapuram	KERALA	Neyyattinkara	\N	\N	695501
5042	Peppara Dam B.O		Thiruvananthapuram	KERALA	Nedumangad	\N	\N	695551
5043	Perumkadavila S.O		Thiruvananthapuram	KERALA	Neyyattinkara	\N	\N	695124
5044	Poovachal S.O		Thiruvananthapuram	KERALA	Nedumangad	\N	\N	695575
5045	Poovathur B.O		Thiruvananthapuram	KERALA	Nedumangad	\N	\N	695561
5046	Pravachambalam B.O		Thiruvananthapuram	KERALA	Neyyattinkara	\N	\N	695020
5047	Tirupuram S.O		Thiruvananthapuram	KERALA	Neyyattinkara	\N	\N	695133
5048	Vedivachankoil B.O		Thiruvananthapuram	KERALA	Neyyattinkara	\N	\N	695501
5049	Veliyamcode B.O		Thiruvananthapuram	KERALA	Neyyattinkara	\N	\N	695512
5050	Dalmughom B.O		Thiruvananthapuram	KERALA	Neyyattinkara	\N	\N	695125
5051	Jagathy S.O		Thiruvananthapuram	KERALA	Thiruvananthapuram	\N	\N	695014
5052	Kandala B.O		Thiruvananthapuram	KERALA	Neyyattinkara	\N	\N	695512
5053	Kanjirampara S.O		Thiruvananthapuram	KERALA	Thiruvananthapuram	\N	\N	695030
5054	Kidarakuzhy B.O		Thiruvananthapuram	KERALA	Neyyattinkara	\N	\N	695523
5055	Koonanvenga B.O		Thiruvananthapuram	KERALA	Nedumangad	\N	\N	695568
5056	Kudappanakunnu S.O		Thiruvananthapuram	KERALA	Thiruvananthapuram	\N	\N	695043
5057	Machel B.O		Thiruvananthapuram	KERALA	Neyyattinkara	\N	\N	695571
5058	Marayamuttom B.O		Thiruvananthapuram	KERALA	Neyyattinkara	\N	\N	695124
5059	Memala B.O		Thiruvananthapuram	KERALA	Nedumangad	\N	\N	695551
5060	Neyyar Dam B.O		Thiruvananthapuram	KERALA	Neyyattinkara	\N	\N	695572
5061	Ottasekharamangalam S.O		Thiruvananthapuram	KERALA	Neyyattinkara	\N	\N	695125
5062	Pantha B.O		Thiruvananthapuram	KERALA	Neyyattinkara	\N	\N	695572
5063	Perukavu B.O		Thiruvananthapuram	KERALA	Neyyattinkara	\N	\N	695573
5064	Poojapura Junction S.O		Thiruvananthapuram	KERALA	Thiruvananthapuram	\N	\N	695012
5065	Puliyarakonam B.O		Thiruvananthapuram	KERALA	Neyyattinkara	\N	\N	695573
5066	Punalal B.O		Thiruvananthapuram	KERALA	Nedumangad	\N	\N	695575
5067	Thamalam B.O		Thiruvananthapuram	KERALA	Thiruvananthapuram	\N	\N	695012
5068	Thekkupara B.O		Thiruvananthapuram	KERALA	Neyyattinkara	\N	\N	695505
5069	Vattakarikkakom B.O		Thiruvananthapuram	KERALA	Nedumangad	\N	\N	695562
5070	Venkadambu B.O		Thiruvananthapuram	KERALA	Neyyattinkara	\N	\N	695506
\.


--
-- Name: app_update_id_seq; Type: SEQUENCE SET; Schema: public; Owner: nexsme
--

SELECT pg_catalog.setval('public.app_update_id_seq', 1, false);


--
-- Name: auth_group_id_seq; Type: SEQUENCE SET; Schema: public; Owner: nexsme
--

SELECT pg_catalog.setval('public.auth_group_id_seq', 7, true);


--
-- Name: auth_group_permissions_id_seq; Type: SEQUENCE SET; Schema: public; Owner: nexsme
--

SELECT pg_catalog.setval('public.auth_group_permissions_id_seq', 1, false);


--
-- Name: auth_permission_id_seq; Type: SEQUENCE SET; Schema: public; Owner: nexsme
--

SELECT pg_catalog.setval('public.auth_permission_id_seq', 420, true);


--
-- Name: auth_user_groups_id_seq; Type: SEQUENCE SET; Schema: public; Owner: nexsme
--

SELECT pg_catalog.setval('public.auth_user_groups_id_seq', 107, true);


--
-- Name: auth_user_id_seq; Type: SEQUENCE SET; Schema: public; Owner: nexsme
--

SELECT pg_catalog.setval('public.auth_user_id_seq', 95, true);


--
-- Name: auth_user_user_permissions_id_seq; Type: SEQUENCE SET; Schema: public; Owner: nexsme
--

SELECT pg_catalog.setval('public.auth_user_user_permissions_id_seq', 1, false);


--
-- Name: customers_userotpdata_id_seq; Type: SEQUENCE SET; Schema: public; Owner: nexsme
--

SELECT pg_catalog.setval('public.customers_userotpdata_id_seq', 75, true);


--
-- Name: delivery_app_update_id_seq; Type: SEQUENCE SET; Schema: public; Owner: nexsme
--

SELECT pg_catalog.setval('public.delivery_app_update_id_seq', 1, false);


--
-- Name: django_admin_log_id_seq; Type: SEQUENCE SET; Schema: public; Owner: nexsme
--

SELECT pg_catalog.setval('public.django_admin_log_id_seq', 377, true);


--
-- Name: django_content_type_id_seq; Type: SEQUENCE SET; Schema: public; Owner: nexsme
--

SELECT pg_catalog.setval('public.django_content_type_id_seq', 105, true);


--
-- Name: django_migrations_id_seq; Type: SEQUENCE SET; Schema: public; Owner: nexsme
--

SELECT pg_catalog.setval('public.django_migrations_id_seq', 88, true);


--
-- Name: fcm_django_fcmdevice_id_seq; Type: SEQUENCE SET; Schema: public; Owner: nexsme
--

SELECT pg_catalog.setval('public.fcm_django_fcmdevice_id_seq', 96, true);


--
-- Name: finance_account_group_id_seq; Type: SEQUENCE SET; Schema: public; Owner: nexsme
--

SELECT pg_catalog.setval('public.finance_account_group_id_seq', 15, true);


--
-- Name: finance_account_head_id_seq; Type: SEQUENCE SET; Schema: public; Owner: nexsme
--

SELECT pg_catalog.setval('public.finance_account_head_id_seq', 15, true);


--
-- Name: mode_id_seq; Type: SEQUENCE SET; Schema: public; Owner: nexsme
--

SELECT pg_catalog.setval('public.mode_id_seq', 1, true);


--
-- Name: offers_vouchercode_used_users_id_seq; Type: SEQUENCE SET; Schema: public; Owner: nexsme
--

SELECT pg_catalog.setval('public.offers_vouchercode_used_users_id_seq', 1, false);


--
-- Name: permission_id_seq; Type: SEQUENCE SET; Schema: public; Owner: nexsme
--

SELECT pg_catalog.setval('public.permission_id_seq', 276, true);


--
-- Name: privilege_point_history_id_seq; Type: SEQUENCE SET; Schema: public; Owner: nexsme
--

SELECT pg_catalog.setval('public.privilege_point_history_id_seq', 1, false);


--
-- Name: product_stock_id_seq; Type: SEQUENCE SET; Schema: public; Owner: nexsme
--

SELECT pg_catalog.setval('public.product_stock_id_seq', 1, false);


--
-- Name: product_variation_type_id_seq; Type: SEQUENCE SET; Schema: public; Owner: nexsme
--

SELECT pg_catalog.setval('public.product_variation_type_id_seq', 16, true);


--
-- Name: purchase_item_id_seq; Type: SEQUENCE SET; Schema: public; Owner: nexsme
--

SELECT pg_catalog.setval('public.purchase_item_id_seq', 1, true);


--
-- Name: purchase_order_item_id_seq; Type: SEQUENCE SET; Schema: public; Owner: nexsme
--

SELECT pg_catalog.setval('public.purchase_order_item_id_seq', 2, true);


--
-- Name: purchase_return_item_id_seq; Type: SEQUENCE SET; Schema: public; Owner: nexsme
--

SELECT pg_catalog.setval('public.purchase_return_item_id_seq', 2, true);


--
-- Name: registration_registrationprofile_id_seq; Type: SEQUENCE SET; Schema: public; Owner: nexsme
--

SELECT pg_catalog.setval('public.registration_registrationprofile_id_seq', 1, false);


--
-- Name: sale_return_item_id_seq; Type: SEQUENCE SET; Schema: public; Owner: nexsme
--

SELECT pg_catalog.setval('public.sale_return_item_id_seq', 1, true);


--
-- Name: sales_sale_item_id_seq; Type: SEQUENCE SET; Schema: public; Owner: nexsme
--

SELECT pg_catalog.setval('public.sales_sale_item_id_seq', 8, true);


--
-- Name: special_variant_product_variant_id_seq; Type: SEQUENCE SET; Schema: public; Owner: nexsme
--

SELECT pg_catalog.setval('public.special_variant_product_variant_id_seq', 5, true);


--
-- Name: staff_permission_id_seq; Type: SEQUENCE SET; Schema: public; Owner: nexsme
--

SELECT pg_catalog.setval('public.staff_permission_id_seq', 73, true);


--
-- Name: stock_update_item_id_seq; Type: SEQUENCE SET; Schema: public; Owner: nexsme
--

SELECT pg_catalog.setval('public.stock_update_item_id_seq', 2, true);


--
-- Name: users_notification_id_seq; Type: SEQUENCE SET; Schema: public; Owner: nexsme
--

SELECT pg_catalog.setval('public.users_notification_id_seq', 31, true);


--
-- Name: users_notification_subject_id_seq; Type: SEQUENCE SET; Schema: public; Owner: nexsme
--

SELECT pg_catalog.setval('public.users_notification_subject_id_seq', 9, true);


--
-- Name: vendors_commission_id_seq; Type: SEQUENCE SET; Schema: public; Owner: nexsme
--

SELECT pg_catalog.setval('public.vendors_commission_id_seq', 1, false);


--
-- Name: vendors_vendor_deliverable_location_id_seq; Type: SEQUENCE SET; Schema: public; Owner: nexsme
--

SELECT pg_catalog.setval('public.vendors_vendor_deliverable_location_id_seq', 468, true);


--
-- Name: warehouse_deliverable_location_id_seq; Type: SEQUENCE SET; Schema: public; Owner: nexsme
--

SELECT pg_catalog.setval('public.warehouse_deliverable_location_id_seq', 10424, true);


--
-- Name: warehouse_no_express_delivery_id_seq; Type: SEQUENCE SET; Schema: public; Owner: nexsme
--

SELECT pg_catalog.setval('public.warehouse_no_express_delivery_id_seq', 85, true);


--
-- Name: web_sociallinks_id_seq; Type: SEQUENCE SET; Schema: public; Owner: nexsme
--

SELECT pg_catalog.setval('public.web_sociallinks_id_seq', 1, true);


--
-- Name: zone_id_seq; Type: SEQUENCE SET; Schema: public; Owner: nexsme
--

SELECT pg_catalog.setval('public.zone_id_seq', 5070, true);


--
-- Name: app_update app_update_pkey; Type: CONSTRAINT; Schema: public; Owner: nexsme
--

ALTER TABLE ONLY public.app_update
    ADD CONSTRAINT app_update_pkey PRIMARY KEY (id);


--
-- Name: auth_group auth_group_name_key; Type: CONSTRAINT; Schema: public; Owner: nexsme
--

ALTER TABLE ONLY public.auth_group
    ADD CONSTRAINT auth_group_name_key UNIQUE (name);


--
-- Name: auth_group_permissions auth_group_permissions_group_id_permission_id_0cd325b0_uniq; Type: CONSTRAINT; Schema: public; Owner: nexsme
--

ALTER TABLE ONLY public.auth_group_permissions
    ADD CONSTRAINT auth_group_permissions_group_id_permission_id_0cd325b0_uniq UNIQUE (group_id, permission_id);


--
-- Name: auth_group_permissions auth_group_permissions_pkey; Type: CONSTRAINT; Schema: public; Owner: nexsme
--

ALTER TABLE ONLY public.auth_group_permissions
    ADD CONSTRAINT auth_group_permissions_pkey PRIMARY KEY (id);


--
-- Name: auth_group auth_group_pkey; Type: CONSTRAINT; Schema: public; Owner: nexsme
--

ALTER TABLE ONLY public.auth_group
    ADD CONSTRAINT auth_group_pkey PRIMARY KEY (id);


--
-- Name: auth_permission auth_permission_content_type_id_codename_01ab375a_uniq; Type: CONSTRAINT; Schema: public; Owner: nexsme
--

ALTER TABLE ONLY public.auth_permission
    ADD CONSTRAINT auth_permission_content_type_id_codename_01ab375a_uniq UNIQUE (content_type_id, codename);


--
-- Name: auth_permission auth_permission_pkey; Type: CONSTRAINT; Schema: public; Owner: nexsme
--

ALTER TABLE ONLY public.auth_permission
    ADD CONSTRAINT auth_permission_pkey PRIMARY KEY (id);


--
-- Name: auth_user_groups auth_user_groups_pkey; Type: CONSTRAINT; Schema: public; Owner: nexsme
--

ALTER TABLE ONLY public.auth_user_groups
    ADD CONSTRAINT auth_user_groups_pkey PRIMARY KEY (id);


--
-- Name: auth_user_groups auth_user_groups_user_id_group_id_94350c0c_uniq; Type: CONSTRAINT; Schema: public; Owner: nexsme
--

ALTER TABLE ONLY public.auth_user_groups
    ADD CONSTRAINT auth_user_groups_user_id_group_id_94350c0c_uniq UNIQUE (user_id, group_id);


--
-- Name: auth_user auth_user_pkey; Type: CONSTRAINT; Schema: public; Owner: nexsme
--

ALTER TABLE ONLY public.auth_user
    ADD CONSTRAINT auth_user_pkey PRIMARY KEY (id);


--
-- Name: auth_user_user_permissions auth_user_user_permissions_pkey; Type: CONSTRAINT; Schema: public; Owner: nexsme
--

ALTER TABLE ONLY public.auth_user_user_permissions
    ADD CONSTRAINT auth_user_user_permissions_pkey PRIMARY KEY (id);


--
-- Name: auth_user_user_permissions auth_user_user_permissions_user_id_permission_id_14a6b632_uniq; Type: CONSTRAINT; Schema: public; Owner: nexsme
--

ALTER TABLE ONLY public.auth_user_user_permissions
    ADD CONSTRAINT auth_user_user_permissions_user_id_permission_id_14a6b632_uniq UNIQUE (user_id, permission_id);


--
-- Name: auth_user auth_user_username_key; Type: CONSTRAINT; Schema: public; Owner: nexsme
--

ALTER TABLE ONLY public.auth_user
    ADD CONSTRAINT auth_user_username_key UNIQUE (username);


--
-- Name: customer_bank_account customer_bank_account_pkey; Type: CONSTRAINT; Schema: public; Owner: nexsme
--

ALTER TABLE ONLY public.customer_bank_account
    ADD CONSTRAINT customer_bank_account_pkey PRIMARY KEY (id);


--
-- Name: customers_customer customers_customer_auto_id_key; Type: CONSTRAINT; Schema: public; Owner: nexsme
--

ALTER TABLE ONLY public.customers_customer
    ADD CONSTRAINT customers_customer_auto_id_key UNIQUE (auto_id);


--
-- Name: customers_customer customers_customer_pkey; Type: CONSTRAINT; Schema: public; Owner: nexsme
--

ALTER TABLE ONLY public.customers_customer
    ADD CONSTRAINT customers_customer_pkey PRIMARY KEY (id);


--
-- Name: customers_customer customers_customer_user_id_key; Type: CONSTRAINT; Schema: public; Owner: nexsme
--

ALTER TABLE ONLY public.customers_customer
    ADD CONSTRAINT customers_customer_user_id_key UNIQUE (user_id);


--
-- Name: customers_customeraddress customers_customeraddress_pkey; Type: CONSTRAINT; Schema: public; Owner: nexsme
--

ALTER TABLE ONLY public.customers_customeraddress
    ADD CONSTRAINT customers_customeraddress_pkey PRIMARY KEY (id);


--
-- Name: customers_userotpdata customers_userotpdata_pkey; Type: CONSTRAINT; Schema: public; Owner: nexsme
--

ALTER TABLE ONLY public.customers_userotpdata
    ADD CONSTRAINT customers_userotpdata_pkey PRIMARY KEY (id);


--
-- Name: deal_of_day deal_of_day_auto_id_key; Type: CONSTRAINT; Schema: public; Owner: nexsme
--

ALTER TABLE ONLY public.deal_of_day
    ADD CONSTRAINT deal_of_day_auto_id_key UNIQUE (auto_id);


--
-- Name: deal_of_day deal_of_day_pkey; Type: CONSTRAINT; Schema: public; Owner: nexsme
--

ALTER TABLE ONLY public.deal_of_day
    ADD CONSTRAINT deal_of_day_pkey PRIMARY KEY (id);


--
-- Name: delivery_agent_collectedpaymentregister delivery_agent_collectedpaymentregister_auto_id_key; Type: CONSTRAINT; Schema: public; Owner: nexsme
--

ALTER TABLE ONLY public.delivery_agent_collectedpaymentregister
    ADD CONSTRAINT delivery_agent_collectedpaymentregister_auto_id_key UNIQUE (auto_id);


--
-- Name: delivery_agent_collectedpaymentregister delivery_agent_collectedpaymentregister_pkey; Type: CONSTRAINT; Schema: public; Owner: nexsme
--

ALTER TABLE ONLY public.delivery_agent_collectedpaymentregister
    ADD CONSTRAINT delivery_agent_collectedpaymentregister_pkey PRIMARY KEY (id);


--
-- Name: delivery_agent_collectpayment delivery_agent_collectpayment_auto_id_key; Type: CONSTRAINT; Schema: public; Owner: nexsme
--

ALTER TABLE ONLY public.delivery_agent_collectpayment
    ADD CONSTRAINT delivery_agent_collectpayment_auto_id_key UNIQUE (auto_id);


--
-- Name: delivery_agent_collectpayment delivery_agent_collectpayment_pkey; Type: CONSTRAINT; Schema: public; Owner: nexsme
--

ALTER TABLE ONLY public.delivery_agent_collectpayment
    ADD CONSTRAINT delivery_agent_collectpayment_pkey PRIMARY KEY (id);


--
-- Name: delivery_agent_delivery_agent delivery_agent_delivery_agent_auto_id_key; Type: CONSTRAINT; Schema: public; Owner: nexsme
--

ALTER TABLE ONLY public.delivery_agent_delivery_agent
    ADD CONSTRAINT delivery_agent_delivery_agent_auto_id_key UNIQUE (auto_id);


--
-- Name: delivery_agent_delivery_agent delivery_agent_delivery_agent_pkey; Type: CONSTRAINT; Schema: public; Owner: nexsme
--

ALTER TABLE ONLY public.delivery_agent_delivery_agent
    ADD CONSTRAINT delivery_agent_delivery_agent_pkey PRIMARY KEY (id);


--
-- Name: delivery_agent_delivery_agent delivery_agent_delivery_agent_user_id_key; Type: CONSTRAINT; Schema: public; Owner: nexsme
--

ALTER TABLE ONLY public.delivery_agent_delivery_agent
    ADD CONSTRAINT delivery_agent_delivery_agent_user_id_key UNIQUE (user_id);


--
-- Name: delivery_agent_deliveryrating delivery_agent_deliveryrating_pkey; Type: CONSTRAINT; Schema: public; Owner: nexsme
--

ALTER TABLE ONLY public.delivery_agent_deliveryrating
    ADD CONSTRAINT delivery_agent_deliveryrating_pkey PRIMARY KEY (id);


--
-- Name: delivery_agent_travel delivery_agent_travel_pkey; Type: CONSTRAINT; Schema: public; Owner: nexsme
--

ALTER TABLE ONLY public.delivery_agent_travel
    ADD CONSTRAINT delivery_agent_travel_pkey PRIMARY KEY (id);


--
-- Name: delivery_agent_trip delivery_agent_trip_pkey; Type: CONSTRAINT; Schema: public; Owner: nexsme
--

ALTER TABLE ONLY public.delivery_agent_trip
    ADD CONSTRAINT delivery_agent_trip_pkey PRIMARY KEY (id);


--
-- Name: delivery_app_update delivery_app_update_pkey; Type: CONSTRAINT; Schema: public; Owner: nexsme
--

ALTER TABLE ONLY public.delivery_app_update
    ADD CONSTRAINT delivery_app_update_pkey PRIMARY KEY (id);


--
-- Name: designation designation_auto_id_key; Type: CONSTRAINT; Schema: public; Owner: nexsme
--

ALTER TABLE ONLY public.designation
    ADD CONSTRAINT designation_auto_id_key UNIQUE (auto_id);


--
-- Name: designation designation_pkey; Type: CONSTRAINT; Schema: public; Owner: nexsme
--

ALTER TABLE ONLY public.designation
    ADD CONSTRAINT designation_pkey PRIMARY KEY (id);


--
-- Name: django_admin_log django_admin_log_pkey; Type: CONSTRAINT; Schema: public; Owner: nexsme
--

ALTER TABLE ONLY public.django_admin_log
    ADD CONSTRAINT django_admin_log_pkey PRIMARY KEY (id);


--
-- Name: django_content_type django_content_type_app_label_model_76bd3d3b_uniq; Type: CONSTRAINT; Schema: public; Owner: nexsme
--

ALTER TABLE ONLY public.django_content_type
    ADD CONSTRAINT django_content_type_app_label_model_76bd3d3b_uniq UNIQUE (app_label, model);


--
-- Name: django_content_type django_content_type_pkey; Type: CONSTRAINT; Schema: public; Owner: nexsme
--

ALTER TABLE ONLY public.django_content_type
    ADD CONSTRAINT django_content_type_pkey PRIMARY KEY (id);


--
-- Name: django_migrations django_migrations_pkey; Type: CONSTRAINT; Schema: public; Owner: nexsme
--

ALTER TABLE ONLY public.django_migrations
    ADD CONSTRAINT django_migrations_pkey PRIMARY KEY (id);


--
-- Name: django_session django_session_pkey; Type: CONSTRAINT; Schema: public; Owner: nexsme
--

ALTER TABLE ONLY public.django_session
    ADD CONSTRAINT django_session_pkey PRIMARY KEY (session_key);


--
-- Name: fcm_django_fcmdevice fcm_django_fcmdevice_pkey; Type: CONSTRAINT; Schema: public; Owner: nexsme
--

ALTER TABLE ONLY public.fcm_django_fcmdevice
    ADD CONSTRAINT fcm_django_fcmdevice_pkey PRIMARY KEY (id);


--
-- Name: finance_account_group finance_account_group_pkey; Type: CONSTRAINT; Schema: public; Owner: nexsme
--

ALTER TABLE ONLY public.finance_account_group
    ADD CONSTRAINT finance_account_group_pkey PRIMARY KEY (id);


--
-- Name: finance_account_head_opening finance_account_head_opening_auto_id_key; Type: CONSTRAINT; Schema: public; Owner: nexsme
--

ALTER TABLE ONLY public.finance_account_head_opening
    ADD CONSTRAINT finance_account_head_opening_auto_id_key UNIQUE (auto_id);


--
-- Name: finance_account_head_opening finance_account_head_opening_pkey; Type: CONSTRAINT; Schema: public; Owner: nexsme
--

ALTER TABLE ONLY public.finance_account_head_opening
    ADD CONSTRAINT finance_account_head_opening_pkey PRIMARY KEY (id);


--
-- Name: finance_account_head finance_account_head_pkey; Type: CONSTRAINT; Schema: public; Owner: nexsme
--

ALTER TABLE ONLY public.finance_account_head
    ADD CONSTRAINT finance_account_head_pkey PRIMARY KEY (id);


--
-- Name: finance_bank_account finance_bank_account_auto_id_key; Type: CONSTRAINT; Schema: public; Owner: nexsme
--

ALTER TABLE ONLY public.finance_bank_account
    ADD CONSTRAINT finance_bank_account_auto_id_key UNIQUE (auto_id);


--
-- Name: finance_bank_account finance_bank_account_pkey; Type: CONSTRAINT; Schema: public; Owner: nexsme
--

ALTER TABLE ONLY public.finance_bank_account
    ADD CONSTRAINT finance_bank_account_pkey PRIMARY KEY (id);


--
-- Name: finance_credit_voucher finance_credit_voucher_auto_id_key; Type: CONSTRAINT; Schema: public; Owner: nexsme
--

ALTER TABLE ONLY public.finance_credit_voucher
    ADD CONSTRAINT finance_credit_voucher_auto_id_key UNIQUE (auto_id);


--
-- Name: finance_credit_voucher finance_credit_voucher_cheque_number_key; Type: CONSTRAINT; Schema: public; Owner: nexsme
--

ALTER TABLE ONLY public.finance_credit_voucher
    ADD CONSTRAINT finance_credit_voucher_cheque_number_key UNIQUE (cheque_number);


--
-- Name: finance_credit_voucher finance_credit_voucher_draft_number_key; Type: CONSTRAINT; Schema: public; Owner: nexsme
--

ALTER TABLE ONLY public.finance_credit_voucher
    ADD CONSTRAINT finance_credit_voucher_draft_number_key UNIQUE (draft_number);


--
-- Name: finance_credit_voucher finance_credit_voucher_pkey; Type: CONSTRAINT; Schema: public; Owner: nexsme
--

ALTER TABLE ONLY public.finance_credit_voucher
    ADD CONSTRAINT finance_credit_voucher_pkey PRIMARY KEY (id);


--
-- Name: finance_credit_voucher finance_credit_voucher_transfer_number_key; Type: CONSTRAINT; Schema: public; Owner: nexsme
--

ALTER TABLE ONLY public.finance_credit_voucher
    ADD CONSTRAINT finance_credit_voucher_transfer_number_key UNIQUE (transfer_number);


--
-- Name: finance_debit_voucher finance_debit_voucher_auto_id_key; Type: CONSTRAINT; Schema: public; Owner: nexsme
--

ALTER TABLE ONLY public.finance_debit_voucher
    ADD CONSTRAINT finance_debit_voucher_auto_id_key UNIQUE (auto_id);


--
-- Name: finance_debit_voucher finance_debit_voucher_cheque_number_key; Type: CONSTRAINT; Schema: public; Owner: nexsme
--

ALTER TABLE ONLY public.finance_debit_voucher
    ADD CONSTRAINT finance_debit_voucher_cheque_number_key UNIQUE (cheque_number);


--
-- Name: finance_debit_voucher finance_debit_voucher_draft_number_key; Type: CONSTRAINT; Schema: public; Owner: nexsme
--

ALTER TABLE ONLY public.finance_debit_voucher
    ADD CONSTRAINT finance_debit_voucher_draft_number_key UNIQUE (draft_number);


--
-- Name: finance_debit_voucher finance_debit_voucher_pkey; Type: CONSTRAINT; Schema: public; Owner: nexsme
--

ALTER TABLE ONLY public.finance_debit_voucher
    ADD CONSTRAINT finance_debit_voucher_pkey PRIMARY KEY (id);


--
-- Name: finance_debit_voucher finance_debit_voucher_transfer_number_key; Type: CONSTRAINT; Schema: public; Owner: nexsme
--

ALTER TABLE ONLY public.finance_debit_voucher
    ADD CONSTRAINT finance_debit_voucher_transfer_number_key UNIQUE (transfer_number);


--
-- Name: finance_financial_year finance_financial_year_auto_id_key; Type: CONSTRAINT; Schema: public; Owner: nexsme
--

ALTER TABLE ONLY public.finance_financial_year
    ADD CONSTRAINT finance_financial_year_auto_id_key UNIQUE (auto_id);


--
-- Name: finance_financial_year finance_financial_year_pkey; Type: CONSTRAINT; Schema: public; Owner: nexsme
--

ALTER TABLE ONLY public.finance_financial_year
    ADD CONSTRAINT finance_financial_year_pkey PRIMARY KEY (id);


--
-- Name: finance_journal_voucher finance_journal_voucher_auto_id_key; Type: CONSTRAINT; Schema: public; Owner: nexsme
--

ALTER TABLE ONLY public.finance_journal_voucher
    ADD CONSTRAINT finance_journal_voucher_auto_id_key UNIQUE (auto_id);


--
-- Name: finance_journal_voucher_item finance_journal_voucher_item_pkey; Type: CONSTRAINT; Schema: public; Owner: nexsme
--

ALTER TABLE ONLY public.finance_journal_voucher_item
    ADD CONSTRAINT finance_journal_voucher_item_pkey PRIMARY KEY (id);


--
-- Name: finance_journal_voucher finance_journal_voucher_pkey; Type: CONSTRAINT; Schema: public; Owner: nexsme
--

ALTER TABLE ONLY public.finance_journal_voucher
    ADD CONSTRAINT finance_journal_voucher_pkey PRIMARY KEY (id);


--
-- Name: finance_journal_voucher finance_journal_voucher_voucher_number_key; Type: CONSTRAINT; Schema: public; Owner: nexsme
--

ALTER TABLE ONLY public.finance_journal_voucher
    ADD CONSTRAINT finance_journal_voucher_voucher_number_key UNIQUE (voucher_number);


--
-- Name: finance_payment_voucher finance_payment_voucher_auto_id_key; Type: CONSTRAINT; Schema: public; Owner: nexsme
--

ALTER TABLE ONLY public.finance_payment_voucher
    ADD CONSTRAINT finance_payment_voucher_auto_id_key UNIQUE (auto_id);


--
-- Name: finance_payment_voucher finance_payment_voucher_cheque_number_key; Type: CONSTRAINT; Schema: public; Owner: nexsme
--

ALTER TABLE ONLY public.finance_payment_voucher
    ADD CONSTRAINT finance_payment_voucher_cheque_number_key UNIQUE (cheque_number);


--
-- Name: finance_payment_voucher finance_payment_voucher_draft_number_key; Type: CONSTRAINT; Schema: public; Owner: nexsme
--

ALTER TABLE ONLY public.finance_payment_voucher
    ADD CONSTRAINT finance_payment_voucher_draft_number_key UNIQUE (draft_number);


--
-- Name: finance_payment_voucher finance_payment_voucher_pkey; Type: CONSTRAINT; Schema: public; Owner: nexsme
--

ALTER TABLE ONLY public.finance_payment_voucher
    ADD CONSTRAINT finance_payment_voucher_pkey PRIMARY KEY (id);


--
-- Name: finance_payment_voucher finance_payment_voucher_transfer_number_key; Type: CONSTRAINT; Schema: public; Owner: nexsme
--

ALTER TABLE ONLY public.finance_payment_voucher
    ADD CONSTRAINT finance_payment_voucher_transfer_number_key UNIQUE (transfer_number);


--
-- Name: finance_receipt_voucher finance_receipt_voucher_auto_id_key; Type: CONSTRAINT; Schema: public; Owner: nexsme
--

ALTER TABLE ONLY public.finance_receipt_voucher
    ADD CONSTRAINT finance_receipt_voucher_auto_id_key UNIQUE (auto_id);


--
-- Name: finance_receipt_voucher finance_receipt_voucher_cheque_number_key; Type: CONSTRAINT; Schema: public; Owner: nexsme
--

ALTER TABLE ONLY public.finance_receipt_voucher
    ADD CONSTRAINT finance_receipt_voucher_cheque_number_key UNIQUE (cheque_number);


--
-- Name: finance_receipt_voucher finance_receipt_voucher_draft_number_key; Type: CONSTRAINT; Schema: public; Owner: nexsme
--

ALTER TABLE ONLY public.finance_receipt_voucher
    ADD CONSTRAINT finance_receipt_voucher_draft_number_key UNIQUE (draft_number);


--
-- Name: finance_receipt_voucher finance_receipt_voucher_pkey; Type: CONSTRAINT; Schema: public; Owner: nexsme
--

ALTER TABLE ONLY public.finance_receipt_voucher
    ADD CONSTRAINT finance_receipt_voucher_pkey PRIMARY KEY (id);


--
-- Name: finance_receipt_voucher finance_receipt_voucher_transfer_number_key; Type: CONSTRAINT; Schema: public; Owner: nexsme
--

ALTER TABLE ONLY public.finance_receipt_voucher
    ADD CONSTRAINT finance_receipt_voucher_transfer_number_key UNIQUE (transfer_number);


--
-- Name: finance_subledger_opening finance_subledger_opening_auto_id_key; Type: CONSTRAINT; Schema: public; Owner: nexsme
--

ALTER TABLE ONLY public.finance_subledger_opening
    ADD CONSTRAINT finance_subledger_opening_auto_id_key UNIQUE (auto_id);


--
-- Name: finance_subledger_opening finance_subledger_opening_pkey; Type: CONSTRAINT; Schema: public; Owner: nexsme
--

ALTER TABLE ONLY public.finance_subledger_opening
    ADD CONSTRAINT finance_subledger_opening_pkey PRIMARY KEY (id);


--
-- Name: general_batch general_batch_auto_id_key; Type: CONSTRAINT; Schema: public; Owner: nexsme
--

ALTER TABLE ONLY public.general_batch
    ADD CONSTRAINT general_batch_auto_id_key UNIQUE (auto_id);


--
-- Name: general_batch general_batch_pkey; Type: CONSTRAINT; Schema: public; Owner: nexsme
--

ALTER TABLE ONLY public.general_batch
    ADD CONSTRAINT general_batch_pkey PRIMARY KEY (id);


--
-- Name: general_charge_per_kilometer general_charge_per_kilometer_pkey; Type: CONSTRAINT; Schema: public; Owner: nexsme
--

ALTER TABLE ONLY public.general_charge_per_kilometer
    ADD CONSTRAINT general_charge_per_kilometer_pkey PRIMARY KEY (id);


--
-- Name: general_charge_setting general_charge_setting_pkey; Type: CONSTRAINT; Schema: public; Owner: nexsme
--

ALTER TABLE ONLY public.general_charge_setting
    ADD CONSTRAINT general_charge_setting_pkey PRIMARY KEY (id);


--
-- Name: general_charge_setting general_charge_setting_vendor_id_key; Type: CONSTRAINT; Schema: public; Owner: nexsme
--

ALTER TABLE ONLY public.general_charge_setting
    ADD CONSTRAINT general_charge_setting_vendor_id_key UNIQUE (vendor_id);


--
-- Name: general_charge_setting general_charge_setting_warehouse_id_key; Type: CONSTRAINT; Schema: public; Owner: nexsme
--

ALTER TABLE ONLY public.general_charge_setting
    ADD CONSTRAINT general_charge_setting_warehouse_id_key UNIQUE (warehouse_id);


--
-- Name: general_damaged_product general_damaged_product_auto_id_key; Type: CONSTRAINT; Schema: public; Owner: nexsme
--

ALTER TABLE ONLY public.general_damaged_product
    ADD CONSTRAINT general_damaged_product_auto_id_key UNIQUE (auto_id);


--
-- Name: general_damaged_product general_damaged_product_pkey; Type: CONSTRAINT; Schema: public; Owner: nexsme
--

ALTER TABLE ONLY public.general_damaged_product
    ADD CONSTRAINT general_damaged_product_pkey PRIMARY KEY (id);


--
-- Name: general_delivery_charge general_delivery_charge_pkey; Type: CONSTRAINT; Schema: public; Owner: nexsme
--

ALTER TABLE ONLY public.general_delivery_charge
    ADD CONSTRAINT general_delivery_charge_pkey PRIMARY KEY (id);


--
-- Name: invoic_prefix invoic_prefix_auto_id_key; Type: CONSTRAINT; Schema: public; Owner: nexsme
--

ALTER TABLE ONLY public.invoic_prefix
    ADD CONSTRAINT invoic_prefix_auto_id_key UNIQUE (auto_id);


--
-- Name: invoic_prefix invoic_prefix_pkey; Type: CONSTRAINT; Schema: public; Owner: nexsme
--

ALTER TABLE ONLY public.invoic_prefix
    ADD CONSTRAINT invoic_prefix_pkey PRIMARY KEY (id);


--
-- Name: invoice_design invoice_design_auto_id_key; Type: CONSTRAINT; Schema: public; Owner: nexsme
--

ALTER TABLE ONLY public.invoice_design
    ADD CONSTRAINT invoice_design_auto_id_key UNIQUE (auto_id);


--
-- Name: invoice_design invoice_design_pkey; Type: CONSTRAINT; Schema: public; Owner: nexsme
--

ALTER TABLE ONLY public.invoice_design
    ADD CONSTRAINT invoice_design_pkey PRIMARY KEY (id);


--
-- Name: location location_auto_id_key; Type: CONSTRAINT; Schema: public; Owner: nexsme
--

ALTER TABLE ONLY public.location
    ADD CONSTRAINT location_auto_id_key UNIQUE (auto_id);


--
-- Name: location location_pkey; Type: CONSTRAINT; Schema: public; Owner: nexsme
--

ALTER TABLE ONLY public.location
    ADD CONSTRAINT location_pkey PRIMARY KEY (id);


--
-- Name: mode mode_pkey; Type: CONSTRAINT; Schema: public; Owner: nexsme
--

ALTER TABLE ONLY public.mode
    ADD CONSTRAINT mode_pkey PRIMARY KEY (id);


--
-- Name: offers offers_auto_id_key; Type: CONSTRAINT; Schema: public; Owner: nexsme
--

ALTER TABLE ONLY public.offers
    ADD CONSTRAINT offers_auto_id_key UNIQUE (auto_id);


--
-- Name: offers offers_pkey; Type: CONSTRAINT; Schema: public; Owner: nexsme
--

ALTER TABLE ONLY public.offers
    ADD CONSTRAINT offers_pkey PRIMARY KEY (id);


--
-- Name: offers_vouchercode offers_vouchercode_auto_id_key; Type: CONSTRAINT; Schema: public; Owner: nexsme
--

ALTER TABLE ONLY public.offers_vouchercode
    ADD CONSTRAINT offers_vouchercode_auto_id_key UNIQUE (auto_id);


--
-- Name: offers_vouchercode offers_vouchercode_pkey; Type: CONSTRAINT; Schema: public; Owner: nexsme
--

ALTER TABLE ONLY public.offers_vouchercode
    ADD CONSTRAINT offers_vouchercode_pkey PRIMARY KEY (id);


--
-- Name: offers_vouchercode_used_users offers_vouchercode_used__vouchercode_id_user_id_c1433d1a_uniq; Type: CONSTRAINT; Schema: public; Owner: nexsme
--

ALTER TABLE ONLY public.offers_vouchercode_used_users
    ADD CONSTRAINT offers_vouchercode_used__vouchercode_id_user_id_c1433d1a_uniq UNIQUE (vouchercode_id, user_id);


--
-- Name: offers_vouchercode_used_users offers_vouchercode_used_users_pkey; Type: CONSTRAINT; Schema: public; Owner: nexsme
--

ALTER TABLE ONLY public.offers_vouchercode_used_users
    ADD CONSTRAINT offers_vouchercode_used_users_pkey PRIMARY KEY (id);


--
-- Name: orders_booking orders_booking_pkey; Type: CONSTRAINT; Schema: public; Owner: nexsme
--

ALTER TABLE ONLY public.orders_booking
    ADD CONSTRAINT orders_booking_pkey PRIMARY KEY (id);


--
-- Name: orders_orderitem orders_orderitem_pkey; Type: CONSTRAINT; Schema: public; Owner: nexsme
--

ALTER TABLE ONLY public.orders_orderitem
    ADD CONSTRAINT orders_orderitem_pkey PRIMARY KEY (id);


--
-- Name: orders_orders orders_orders_auto_id_key; Type: CONSTRAINT; Schema: public; Owner: nexsme
--

ALTER TABLE ONLY public.orders_orders
    ADD CONSTRAINT orders_orders_auto_id_key UNIQUE (auto_id);


--
-- Name: orders_orders orders_orders_pkey; Type: CONSTRAINT; Schema: public; Owner: nexsme
--

ALTER TABLE ONLY public.orders_orders
    ADD CONSTRAINT orders_orders_pkey PRIMARY KEY (id);


--
-- Name: orders_timeslot orders_timeslot_auto_id_key; Type: CONSTRAINT; Schema: public; Owner: nexsme
--

ALTER TABLE ONLY public.orders_timeslot
    ADD CONSTRAINT orders_timeslot_auto_id_key UNIQUE (auto_id);


--
-- Name: orders_timeslot orders_timeslot_pkey; Type: CONSTRAINT; Schema: public; Owner: nexsme
--

ALTER TABLE ONLY public.orders_timeslot
    ADD CONSTRAINT orders_timeslot_pkey PRIMARY KEY (id);


--
-- Name: permission permission_pkey; Type: CONSTRAINT; Schema: public; Owner: nexsme
--

ALTER TABLE ONLY public.permission
    ADD CONSTRAINT permission_pkey PRIMARY KEY (id);


--
-- Name: privilege_point_history privilege_point_history_pkey; Type: CONSTRAINT; Schema: public; Owner: nexsme
--

ALTER TABLE ONLY public.privilege_point_history
    ADD CONSTRAINT privilege_point_history_pkey PRIMARY KEY (id);


--
-- Name: privilege_points privilege_points_auto_id_key; Type: CONSTRAINT; Schema: public; Owner: nexsme
--

ALTER TABLE ONLY public.privilege_points
    ADD CONSTRAINT privilege_points_auto_id_key UNIQUE (auto_id);


--
-- Name: privilege_points privilege_points_pkey; Type: CONSTRAINT; Schema: public; Owner: nexsme
--

ALTER TABLE ONLY public.privilege_points
    ADD CONSTRAINT privilege_points_pkey PRIMARY KEY (id);


--
-- Name: product_hsn_code product_hsn_code_auto_id_key; Type: CONSTRAINT; Schema: public; Owner: nexsme
--

ALTER TABLE ONLY public.product_hsn_code
    ADD CONSTRAINT product_hsn_code_auto_id_key UNIQUE (auto_id);


--
-- Name: product_hsn_code product_hsn_code_pkey; Type: CONSTRAINT; Schema: public; Owner: nexsme
--

ALTER TABLE ONLY public.product_hsn_code
    ADD CONSTRAINT product_hsn_code_pkey PRIMARY KEY (id);


--
-- Name: product_stock product_stock_pkey; Type: CONSTRAINT; Schema: public; Owner: nexsme
--

ALTER TABLE ONLY public.product_stock
    ADD CONSTRAINT product_stock_pkey PRIMARY KEY (id);


--
-- Name: product_variation_type product_variation_type_pkey; Type: CONSTRAINT; Schema: public; Owner: nexsme
--

ALTER TABLE ONLY public.product_variation_type
    ADD CONSTRAINT product_variation_type_pkey PRIMARY KEY (id);


--
-- Name: products_brand products_brand_auto_id_key; Type: CONSTRAINT; Schema: public; Owner: nexsme
--

ALTER TABLE ONLY public.products_brand
    ADD CONSTRAINT products_brand_auto_id_key UNIQUE (auto_id);


--
-- Name: products_brand products_brand_pkey; Type: CONSTRAINT; Schema: public; Owner: nexsme
--

ALTER TABLE ONLY public.products_brand
    ADD CONSTRAINT products_brand_pkey PRIMARY KEY (id);


--
-- Name: products_category products_category_auto_id_key; Type: CONSTRAINT; Schema: public; Owner: nexsme
--

ALTER TABLE ONLY public.products_category
    ADD CONSTRAINT products_category_auto_id_key UNIQUE (auto_id);


--
-- Name: products_category products_category_pkey; Type: CONSTRAINT; Schema: public; Owner: nexsme
--

ALTER TABLE ONLY public.products_category
    ADD CONSTRAINT products_category_pkey PRIMARY KEY (id);


--
-- Name: products_product products_product_auto_id_key; Type: CONSTRAINT; Schema: public; Owner: nexsme
--

ALTER TABLE ONLY public.products_product
    ADD CONSTRAINT products_product_auto_id_key UNIQUE (auto_id);


--
-- Name: products_product_image products_product_image_auto_id_key; Type: CONSTRAINT; Schema: public; Owner: nexsme
--

ALTER TABLE ONLY public.products_product_image
    ADD CONSTRAINT products_product_image_auto_id_key UNIQUE (auto_id);


--
-- Name: products_product_image products_product_image_pkey; Type: CONSTRAINT; Schema: public; Owner: nexsme
--

ALTER TABLE ONLY public.products_product_image
    ADD CONSTRAINT products_product_image_pkey PRIMARY KEY (id);


--
-- Name: products_product products_product_pkey; Type: CONSTRAINT; Schema: public; Owner: nexsme
--

ALTER TABLE ONLY public.products_product
    ADD CONSTRAINT products_product_pkey PRIMARY KEY (id);


--
-- Name: products_product_variant products_product_variant_auto_id_key; Type: CONSTRAINT; Schema: public; Owner: nexsme
--

ALTER TABLE ONLY public.products_product_variant
    ADD CONSTRAINT products_product_variant_auto_id_key UNIQUE (auto_id);


--
-- Name: products_product_variant products_product_variant_pkey; Type: CONSTRAINT; Schema: public; Owner: nexsme
--

ALTER TABLE ONLY public.products_product_variant
    ADD CONSTRAINT products_product_variant_pkey PRIMARY KEY (id);


--
-- Name: products_product_variant products_product_variant_product_code_key; Type: CONSTRAINT; Schema: public; Owner: nexsme
--

ALTER TABLE ONLY public.products_product_variant
    ADD CONSTRAINT products_product_variant_product_code_key UNIQUE (product_code);


--
-- Name: products_special_category products_special_category_auto_id_key; Type: CONSTRAINT; Schema: public; Owner: nexsme
--

ALTER TABLE ONLY public.products_special_category
    ADD CONSTRAINT products_special_category_auto_id_key UNIQUE (auto_id);


--
-- Name: products_special_category products_special_category_pkey; Type: CONSTRAINT; Schema: public; Owner: nexsme
--

ALTER TABLE ONLY public.products_special_category
    ADD CONSTRAINT products_special_category_pkey PRIMARY KEY (id);


--
-- Name: products_sub_category products_sub_category_auto_id_key; Type: CONSTRAINT; Schema: public; Owner: nexsme
--

ALTER TABLE ONLY public.products_sub_category
    ADD CONSTRAINT products_sub_category_auto_id_key UNIQUE (auto_id);


--
-- Name: products_sub_category products_sub_category_pkey; Type: CONSTRAINT; Schema: public; Owner: nexsme
--

ALTER TABLE ONLY public.products_sub_category
    ADD CONSTRAINT products_sub_category_pkey PRIMARY KEY (id);


--
-- Name: products_unit products_unit_auto_id_key; Type: CONSTRAINT; Schema: public; Owner: nexsme
--

ALTER TABLE ONLY public.products_unit
    ADD CONSTRAINT products_unit_auto_id_key UNIQUE (auto_id);


--
-- Name: products_unit_measurement products_unit_measurement_auto_id_key; Type: CONSTRAINT; Schema: public; Owner: nexsme
--

ALTER TABLE ONLY public.products_unit_measurement
    ADD CONSTRAINT products_unit_measurement_auto_id_key UNIQUE (auto_id);


--
-- Name: products_unit_measurement products_unit_measurement_pkey; Type: CONSTRAINT; Schema: public; Owner: nexsme
--

ALTER TABLE ONLY public.products_unit_measurement
    ADD CONSTRAINT products_unit_measurement_pkey PRIMARY KEY (id);


--
-- Name: products_unit products_unit_pkey; Type: CONSTRAINT; Schema: public; Owner: nexsme
--

ALTER TABLE ONLY public.products_unit
    ADD CONSTRAINT products_unit_pkey PRIMARY KEY (id);


--
-- Name: purchase purchase_auto_id_key; Type: CONSTRAINT; Schema: public; Owner: nexsme
--

ALTER TABLE ONLY public.purchase
    ADD CONSTRAINT purchase_auto_id_key UNIQUE (auto_id);


--
-- Name: purchase_item purchase_item_pkey; Type: CONSTRAINT; Schema: public; Owner: nexsme
--

ALTER TABLE ONLY public.purchase_item
    ADD CONSTRAINT purchase_item_pkey PRIMARY KEY (id);


--
-- Name: purchase_order purchase_order_auto_id_key; Type: CONSTRAINT; Schema: public; Owner: nexsme
--

ALTER TABLE ONLY public.purchase_order
    ADD CONSTRAINT purchase_order_auto_id_key UNIQUE (auto_id);


--
-- Name: purchase_order_item purchase_order_item_pkey; Type: CONSTRAINT; Schema: public; Owner: nexsme
--

ALTER TABLE ONLY public.purchase_order_item
    ADD CONSTRAINT purchase_order_item_pkey PRIMARY KEY (id);


--
-- Name: purchase_order purchase_order_order_no_key; Type: CONSTRAINT; Schema: public; Owner: nexsme
--

ALTER TABLE ONLY public.purchase_order
    ADD CONSTRAINT purchase_order_order_no_key UNIQUE (order_no);


--
-- Name: purchase_order purchase_order_pkey; Type: CONSTRAINT; Schema: public; Owner: nexsme
--

ALTER TABLE ONLY public.purchase_order
    ADD CONSTRAINT purchase_order_pkey PRIMARY KEY (id);


--
-- Name: purchase_order purchase_order_purchase_id_key; Type: CONSTRAINT; Schema: public; Owner: nexsme
--

ALTER TABLE ONLY public.purchase_order
    ADD CONSTRAINT purchase_order_purchase_id_key UNIQUE (purchase_id);


--
-- Name: purchase purchase_payment_voucher_id_key; Type: CONSTRAINT; Schema: public; Owner: nexsme
--

ALTER TABLE ONLY public.purchase
    ADD CONSTRAINT purchase_payment_voucher_id_key UNIQUE (payment_voucher_id);


--
-- Name: purchase purchase_pkey; Type: CONSTRAINT; Schema: public; Owner: nexsme
--

ALTER TABLE ONLY public.purchase
    ADD CONSTRAINT purchase_pkey PRIMARY KEY (id);


--
-- Name: purchase_return purchase_return_auto_id_key; Type: CONSTRAINT; Schema: public; Owner: nexsme
--

ALTER TABLE ONLY public.purchase_return
    ADD CONSTRAINT purchase_return_auto_id_key UNIQUE (auto_id);


--
-- Name: purchase_return_item purchase_return_item_pkey; Type: CONSTRAINT; Schema: public; Owner: nexsme
--

ALTER TABLE ONLY public.purchase_return_item
    ADD CONSTRAINT purchase_return_item_pkey PRIMARY KEY (id);


--
-- Name: purchase_return purchase_return_pkey; Type: CONSTRAINT; Schema: public; Owner: nexsme
--

ALTER TABLE ONLY public.purchase_return
    ADD CONSTRAINT purchase_return_pkey PRIMARY KEY (id);


--
-- Name: registration_registrationprofile registration_registrationprofile_pkey; Type: CONSTRAINT; Schema: public; Owner: nexsme
--

ALTER TABLE ONLY public.registration_registrationprofile
    ADD CONSTRAINT registration_registrationprofile_pkey PRIMARY KEY (id);


--
-- Name: registration_registrationprofile registration_registrationprofile_user_id_key; Type: CONSTRAINT; Schema: public; Owner: nexsme
--

ALTER TABLE ONLY public.registration_registrationprofile
    ADD CONSTRAINT registration_registrationprofile_user_id_key UNIQUE (user_id);


--
-- Name: registration_supervisedregistrationprofile registration_supervisedregistrationprofile_pkey; Type: CONSTRAINT; Schema: public; Owner: nexsme
--

ALTER TABLE ONLY public.registration_supervisedregistrationprofile
    ADD CONSTRAINT registration_supervisedregistrationprofile_pkey PRIMARY KEY (registrationprofile_ptr_id);


--
-- Name: return_images return_images_auto_id_key; Type: CONSTRAINT; Schema: public; Owner: nexsme
--

ALTER TABLE ONLY public.return_images
    ADD CONSTRAINT return_images_auto_id_key UNIQUE (auto_id);


--
-- Name: return_images return_images_pkey; Type: CONSTRAINT; Schema: public; Owner: nexsme
--

ALTER TABLE ONLY public.return_images
    ADD CONSTRAINT return_images_pkey PRIMARY KEY (id);


--
-- Name: salary_pay salary_pay_auto_id_key; Type: CONSTRAINT; Schema: public; Owner: nexsme
--

ALTER TABLE ONLY public.salary_pay
    ADD CONSTRAINT salary_pay_auto_id_key UNIQUE (auto_id);


--
-- Name: salary_pay salary_pay_pkey; Type: CONSTRAINT; Schema: public; Owner: nexsme
--

ALTER TABLE ONLY public.salary_pay
    ADD CONSTRAINT salary_pay_pkey PRIMARY KEY (id);


--
-- Name: sale_return sale_return_auto_id_key; Type: CONSTRAINT; Schema: public; Owner: nexsme
--

ALTER TABLE ONLY public.sale_return
    ADD CONSTRAINT sale_return_auto_id_key UNIQUE (auto_id);


--
-- Name: sale_return_item sale_return_item_pkey; Type: CONSTRAINT; Schema: public; Owner: nexsme
--

ALTER TABLE ONLY public.sale_return_item
    ADD CONSTRAINT sale_return_item_pkey PRIMARY KEY (id);


--
-- Name: sale_return sale_return_pkey; Type: CONSTRAINT; Schema: public; Owner: nexsme
--

ALTER TABLE ONLY public.sale_return
    ADD CONSTRAINT sale_return_pkey PRIMARY KEY (id);


--
-- Name: sales sales_auto_id_key; Type: CONSTRAINT; Schema: public; Owner: nexsme
--

ALTER TABLE ONLY public.sales
    ADD CONSTRAINT sales_auto_id_key UNIQUE (auto_id);


--
-- Name: sales sales_pkey; Type: CONSTRAINT; Schema: public; Owner: nexsme
--

ALTER TABLE ONLY public.sales
    ADD CONSTRAINT sales_pkey PRIMARY KEY (id);


--
-- Name: sales sales_receipt_voucher_id_key; Type: CONSTRAINT; Schema: public; Owner: nexsme
--

ALTER TABLE ONLY public.sales
    ADD CONSTRAINT sales_receipt_voucher_id_key UNIQUE (receipt_voucher_id);


--
-- Name: sales_sale_item sales_sale_item_pkey; Type: CONSTRAINT; Schema: public; Owner: nexsme
--

ALTER TABLE ONLY public.sales_sale_item
    ADD CONSTRAINT sales_sale_item_pkey PRIMARY KEY (id);


--
-- Name: sales sales_tracking_no_key; Type: CONSTRAINT; Schema: public; Owner: nexsme
--

ALTER TABLE ONLY public.sales
    ADD CONSTRAINT sales_tracking_no_key UNIQUE (tracking_no);


--
-- Name: setting setting_pkey; Type: CONSTRAINT; Schema: public; Owner: nexsme
--

ALTER TABLE ONLY public.setting
    ADD CONSTRAINT setting_pkey PRIMARY KEY (id);


--
-- Name: special_variant special_variant_auto_id_key; Type: CONSTRAINT; Schema: public; Owner: nexsme
--

ALTER TABLE ONLY public.special_variant
    ADD CONSTRAINT special_variant_auto_id_key UNIQUE (auto_id);


--
-- Name: special_variant special_variant_created_variant_id_key; Type: CONSTRAINT; Schema: public; Owner: nexsme
--

ALTER TABLE ONLY public.special_variant
    ADD CONSTRAINT special_variant_created_variant_id_key UNIQUE (created_variant_id);


--
-- Name: special_variant special_variant_pkey; Type: CONSTRAINT; Schema: public; Owner: nexsme
--

ALTER TABLE ONLY public.special_variant
    ADD CONSTRAINT special_variant_pkey PRIMARY KEY (id);


--
-- Name: special_variant_product_variant special_variant_product__specialvariant_id_produc_fef7f0ba_uniq; Type: CONSTRAINT; Schema: public; Owner: nexsme
--

ALTER TABLE ONLY public.special_variant_product_variant
    ADD CONSTRAINT special_variant_product__specialvariant_id_produc_fef7f0ba_uniq UNIQUE (specialvariant_id, productvariant_id);


--
-- Name: special_variant_product_variant special_variant_product_variant_pkey; Type: CONSTRAINT; Schema: public; Owner: nexsme
--

ALTER TABLE ONLY public.special_variant_product_variant
    ADD CONSTRAINT special_variant_product_variant_pkey PRIMARY KEY (id);


--
-- Name: staff_attendence staff_attendence_auto_id_key; Type: CONSTRAINT; Schema: public; Owner: nexsme
--

ALTER TABLE ONLY public.staff_attendence
    ADD CONSTRAINT staff_attendence_auto_id_key UNIQUE (auto_id);


--
-- Name: staff_attendence staff_attendence_pkey; Type: CONSTRAINT; Schema: public; Owner: nexsme
--

ALTER TABLE ONLY public.staff_attendence
    ADD CONSTRAINT staff_attendence_pkey PRIMARY KEY (id);


--
-- Name: staff staff_auto_id_key; Type: CONSTRAINT; Schema: public; Owner: nexsme
--

ALTER TABLE ONLY public.staff
    ADD CONSTRAINT staff_auto_id_key UNIQUE (auto_id);


--
-- Name: staff_permission staff_permission_pkey; Type: CONSTRAINT; Schema: public; Owner: nexsme
--

ALTER TABLE ONLY public.staff_permission
    ADD CONSTRAINT staff_permission_pkey PRIMARY KEY (id);


--
-- Name: staff_permission staff_permission_staff_id_permission_id_d3367742_uniq; Type: CONSTRAINT; Schema: public; Owner: nexsme
--

ALTER TABLE ONLY public.staff_permission
    ADD CONSTRAINT staff_permission_staff_id_permission_id_d3367742_uniq UNIQUE (staff_id, permission_id);


--
-- Name: staff staff_pkey; Type: CONSTRAINT; Schema: public; Owner: nexsme
--

ALTER TABLE ONLY public.staff
    ADD CONSTRAINT staff_pkey PRIMARY KEY (id);


--
-- Name: staff_salary_allowance staff_salary_allowance_auto_id_key; Type: CONSTRAINT; Schema: public; Owner: nexsme
--

ALTER TABLE ONLY public.staff_salary_allowance
    ADD CONSTRAINT staff_salary_allowance_auto_id_key UNIQUE (auto_id);


--
-- Name: staff_salary_allowance staff_salary_allowance_pkey; Type: CONSTRAINT; Schema: public; Owner: nexsme
--

ALTER TABLE ONLY public.staff_salary_allowance
    ADD CONSTRAINT staff_salary_allowance_pkey PRIMARY KEY (id);


--
-- Name: staff staff_user_id_key; Type: CONSTRAINT; Schema: public; Owner: nexsme
--

ALTER TABLE ONLY public.staff
    ADD CONSTRAINT staff_user_id_key UNIQUE (user_id);


--
-- Name: stock_transfer stock_transfer_auto_id_key; Type: CONSTRAINT; Schema: public; Owner: nexsme
--

ALTER TABLE ONLY public.stock_transfer
    ADD CONSTRAINT stock_transfer_auto_id_key UNIQUE (auto_id);


--
-- Name: stock_transfer_items stock_transfer_items_auto_id_key; Type: CONSTRAINT; Schema: public; Owner: nexsme
--

ALTER TABLE ONLY public.stock_transfer_items
    ADD CONSTRAINT stock_transfer_items_auto_id_key UNIQUE (auto_id);


--
-- Name: stock_transfer_items stock_transfer_items_pkey; Type: CONSTRAINT; Schema: public; Owner: nexsme
--

ALTER TABLE ONLY public.stock_transfer_items
    ADD CONSTRAINT stock_transfer_items_pkey PRIMARY KEY (id);


--
-- Name: stock_transfer stock_transfer_pkey; Type: CONSTRAINT; Schema: public; Owner: nexsme
--

ALTER TABLE ONLY public.stock_transfer
    ADD CONSTRAINT stock_transfer_pkey PRIMARY KEY (id);


--
-- Name: stock_update stock_update_auto_id_key; Type: CONSTRAINT; Schema: public; Owner: nexsme
--

ALTER TABLE ONLY public.stock_update
    ADD CONSTRAINT stock_update_auto_id_key UNIQUE (auto_id);


--
-- Name: stock_update_item stock_update_item_pkey; Type: CONSTRAINT; Schema: public; Owner: nexsme
--

ALTER TABLE ONLY public.stock_update_item
    ADD CONSTRAINT stock_update_item_pkey PRIMARY KEY (id);


--
-- Name: stock_update stock_update_pkey; Type: CONSTRAINT; Schema: public; Owner: nexsme
--

ALTER TABLE ONLY public.stock_update
    ADD CONSTRAINT stock_update_pkey PRIMARY KEY (id);


--
-- Name: students_registration_profile students_registration_profile_auto_id_key; Type: CONSTRAINT; Schema: public; Owner: nexsme
--

ALTER TABLE ONLY public.students_registration_profile
    ADD CONSTRAINT students_registration_profile_auto_id_key UNIQUE (auto_id);


--
-- Name: students_registration_profile students_registration_profile_phone_key; Type: CONSTRAINT; Schema: public; Owner: nexsme
--

ALTER TABLE ONLY public.students_registration_profile
    ADD CONSTRAINT students_registration_profile_phone_key UNIQUE (phone);


--
-- Name: students_registration_profile students_registration_profile_pkey; Type: CONSTRAINT; Schema: public; Owner: nexsme
--

ALTER TABLE ONLY public.students_registration_profile
    ADD CONSTRAINT students_registration_profile_pkey PRIMARY KEY (id);


--
-- Name: students_registration_profile students_registration_profile_user_id_key; Type: CONSTRAINT; Schema: public; Owner: nexsme
--

ALTER TABLE ONLY public.students_registration_profile
    ADD CONSTRAINT students_registration_profile_user_id_key UNIQUE (user_id);


--
-- Name: suppliers_supplier suppliers_supplier_auto_id_key; Type: CONSTRAINT; Schema: public; Owner: nexsme
--

ALTER TABLE ONLY public.suppliers_supplier
    ADD CONSTRAINT suppliers_supplier_auto_id_key UNIQUE (auto_id);


--
-- Name: suppliers_supplier suppliers_supplier_pkey; Type: CONSTRAINT; Schema: public; Owner: nexsme
--

ALTER TABLE ONLY public.suppliers_supplier
    ADD CONSTRAINT suppliers_supplier_pkey PRIMARY KEY (id);


--
-- Name: suppliers_supplier suppliers_supplier_user_id_key; Type: CONSTRAINT; Schema: public; Owner: nexsme
--

ALTER TABLE ONLY public.suppliers_supplier
    ADD CONSTRAINT suppliers_supplier_user_id_key UNIQUE (user_id);


--
-- Name: techpe_staff_record techpe_staff_record_auto_id_key; Type: CONSTRAINT; Schema: public; Owner: nexsme
--

ALTER TABLE ONLY public.techpe_staff_record
    ADD CONSTRAINT techpe_staff_record_auto_id_key UNIQUE (auto_id);


--
-- Name: techpe_staff_record techpe_staff_record_pkey; Type: CONSTRAINT; Schema: public; Owner: nexsme
--

ALTER TABLE ONLY public.techpe_staff_record
    ADD CONSTRAINT techpe_staff_record_pkey PRIMARY KEY (id);


--
-- Name: tickets tickets_auto_id_key; Type: CONSTRAINT; Schema: public; Owner: nexsme
--

ALTER TABLE ONLY public.tickets
    ADD CONSTRAINT tickets_auto_id_key UNIQUE (auto_id);


--
-- Name: tickets tickets_pkey; Type: CONSTRAINT; Schema: public; Owner: nexsme
--

ALTER TABLE ONLY public.tickets
    ADD CONSTRAINT tickets_pkey PRIMARY KEY (id);


--
-- Name: users_cartitem users_cartitem_pkey; Type: CONSTRAINT; Schema: public; Owner: nexsme
--

ALTER TABLE ONLY public.users_cartitem
    ADD CONSTRAINT users_cartitem_pkey PRIMARY KEY (id);


--
-- Name: users_notification users_notification_pkey; Type: CONSTRAINT; Schema: public; Owner: nexsme
--

ALTER TABLE ONLY public.users_notification
    ADD CONSTRAINT users_notification_pkey PRIMARY KEY (id);


--
-- Name: users_notification_subject users_notification_subject_pkey; Type: CONSTRAINT; Schema: public; Owner: nexsme
--

ALTER TABLE ONLY public.users_notification_subject
    ADD CONSTRAINT users_notification_subject_pkey PRIMARY KEY (id);


--
-- Name: users_user_login users_user_login_auto_id_key; Type: CONSTRAINT; Schema: public; Owner: nexsme
--

ALTER TABLE ONLY public.users_user_login
    ADD CONSTRAINT users_user_login_auto_id_key UNIQUE (auto_id);


--
-- Name: users_user_login users_user_login_pkey; Type: CONSTRAINT; Schema: public; Owner: nexsme
--

ALTER TABLE ONLY public.users_user_login
    ADD CONSTRAINT users_user_login_pkey PRIMARY KEY (id);


--
-- Name: users_wishlistitem users_wishlistitem_pkey; Type: CONSTRAINT; Schema: public; Owner: nexsme
--

ALTER TABLE ONLY public.users_wishlistitem
    ADD CONSTRAINT users_wishlistitem_pkey PRIMARY KEY (id);


--
-- Name: vendors_commission vendors_commission_order_item_id_key; Type: CONSTRAINT; Schema: public; Owner: nexsme
--

ALTER TABLE ONLY public.vendors_commission
    ADD CONSTRAINT vendors_commission_order_item_id_key UNIQUE (order_item_id);


--
-- Name: vendors_commission vendors_commission_pkey; Type: CONSTRAINT; Schema: public; Owner: nexsme
--

ALTER TABLE ONLY public.vendors_commission
    ADD CONSTRAINT vendors_commission_pkey PRIMARY KEY (id);


--
-- Name: vendors_vendor vendors_vendor_auto_id_key; Type: CONSTRAINT; Schema: public; Owner: nexsme
--

ALTER TABLE ONLY public.vendors_vendor
    ADD CONSTRAINT vendors_vendor_auto_id_key UNIQUE (auto_id);


--
-- Name: vendors_vendor_deliverable_location vendors_vendor_deliverab_vendor_id_zone_id_7a5c856b_uniq; Type: CONSTRAINT; Schema: public; Owner: nexsme
--

ALTER TABLE ONLY public.vendors_vendor_deliverable_location
    ADD CONSTRAINT vendors_vendor_deliverab_vendor_id_zone_id_7a5c856b_uniq UNIQUE (vendor_id, zone_id);


--
-- Name: vendors_vendor_deliverable_location vendors_vendor_deliverable_location_pkey; Type: CONSTRAINT; Schema: public; Owner: nexsme
--

ALTER TABLE ONLY public.vendors_vendor_deliverable_location
    ADD CONSTRAINT vendors_vendor_deliverable_location_pkey PRIMARY KEY (id);


--
-- Name: vendors_vendor vendors_vendor_pkey; Type: CONSTRAINT; Schema: public; Owner: nexsme
--

ALTER TABLE ONLY public.vendors_vendor
    ADD CONSTRAINT vendors_vendor_pkey PRIMARY KEY (id);


--
-- Name: vendors_vendor vendors_vendor_user_id_key; Type: CONSTRAINT; Schema: public; Owner: nexsme
--

ALTER TABLE ONLY public.vendors_vendor
    ADD CONSTRAINT vendors_vendor_user_id_key UNIQUE (user_id);


--
-- Name: warehouse warehouse_auto_id_key; Type: CONSTRAINT; Schema: public; Owner: nexsme
--

ALTER TABLE ONLY public.warehouse
    ADD CONSTRAINT warehouse_auto_id_key UNIQUE (auto_id);


--
-- Name: warehouse_deliverable_location warehouse_deliverable_lo_warehouse_id_zone_id_6dd39396_uniq; Type: CONSTRAINT; Schema: public; Owner: nexsme
--

ALTER TABLE ONLY public.warehouse_deliverable_location
    ADD CONSTRAINT warehouse_deliverable_lo_warehouse_id_zone_id_6dd39396_uniq UNIQUE (warehouse_id, zone_id);


--
-- Name: warehouse_deliverable_location warehouse_deliverable_location_pkey; Type: CONSTRAINT; Schema: public; Owner: nexsme
--

ALTER TABLE ONLY public.warehouse_deliverable_location
    ADD CONSTRAINT warehouse_deliverable_location_pkey PRIMARY KEY (id);


--
-- Name: warehouse_no_express_delivery warehouse_no_express_del_warehouse_id_zone_id_b26544b7_uniq; Type: CONSTRAINT; Schema: public; Owner: nexsme
--

ALTER TABLE ONLY public.warehouse_no_express_delivery
    ADD CONSTRAINT warehouse_no_express_del_warehouse_id_zone_id_b26544b7_uniq UNIQUE (warehouse_id, zone_id);


--
-- Name: warehouse_no_express_delivery warehouse_no_express_delivery_pkey; Type: CONSTRAINT; Schema: public; Owner: nexsme
--

ALTER TABLE ONLY public.warehouse_no_express_delivery
    ADD CONSTRAINT warehouse_no_express_delivery_pkey PRIMARY KEY (id);


--
-- Name: warehouse warehouse_pkey; Type: CONSTRAINT; Schema: public; Owner: nexsme
--

ALTER TABLE ONLY public.warehouse
    ADD CONSTRAINT warehouse_pkey PRIMARY KEY (id);


--
-- Name: web_FeauturedCategory web_FeauturedCategory_auto_id_key; Type: CONSTRAINT; Schema: public; Owner: nexsme
--

ALTER TABLE ONLY public."web_FeauturedCategory"
    ADD CONSTRAINT "web_FeauturedCategory_auto_id_key" UNIQUE (auto_id);


--
-- Name: web_FeauturedCategory web_FeauturedCategory_pkey; Type: CONSTRAINT; Schema: public; Owner: nexsme
--

ALTER TABLE ONLY public."web_FeauturedCategory"
    ADD CONSTRAINT "web_FeauturedCategory_pkey" PRIMARY KEY (id);


--
-- Name: web_TrendingCategory web_TrendingCategory_auto_id_key; Type: CONSTRAINT; Schema: public; Owner: nexsme
--

ALTER TABLE ONLY public."web_TrendingCategory"
    ADD CONSTRAINT "web_TrendingCategory_auto_id_key" UNIQUE (auto_id);


--
-- Name: web_TrendingCategory web_TrendingCategory_pkey; Type: CONSTRAINT; Schema: public; Owner: nexsme
--

ALTER TABLE ONLY public."web_TrendingCategory"
    ADD CONSTRAINT "web_TrendingCategory_pkey" PRIMARY KEY (id);


--
-- Name: web_productreturn web_productreturn_auto_id_key; Type: CONSTRAINT; Schema: public; Owner: nexsme
--

ALTER TABLE ONLY public.web_productreturn
    ADD CONSTRAINT web_productreturn_auto_id_key UNIQUE (auto_id);


--
-- Name: web_productreturn web_productreturn_pkey; Type: CONSTRAINT; Schema: public; Owner: nexsme
--

ALTER TABLE ONLY public.web_productreturn
    ADD CONSTRAINT web_productreturn_pkey PRIMARY KEY (id);


--
-- Name: web_productreview web_productreview_auto_id_key; Type: CONSTRAINT; Schema: public; Owner: nexsme
--

ALTER TABLE ONLY public.web_productreview
    ADD CONSTRAINT web_productreview_auto_id_key UNIQUE (auto_id);


--
-- Name: web_productreview web_productreview_pkey; Type: CONSTRAINT; Schema: public; Owner: nexsme
--

ALTER TABLE ONLY public.web_productreview
    ADD CONSTRAINT web_productreview_pkey PRIMARY KEY (id);


--
-- Name: web_sociallinks web_sociallinks_pkey; Type: CONSTRAINT; Schema: public; Owner: nexsme
--

ALTER TABLE ONLY public.web_sociallinks
    ADD CONSTRAINT web_sociallinks_pkey PRIMARY KEY (id);


--
-- Name: web_spotlightbanner web_spotlightbanner_auto_id_key; Type: CONSTRAINT; Schema: public; Owner: nexsme
--

ALTER TABLE ONLY public.web_spotlightbanner
    ADD CONSTRAINT web_spotlightbanner_auto_id_key UNIQUE (auto_id);


--
-- Name: web_spotlightbanner web_spotlightbanner_pkey; Type: CONSTRAINT; Schema: public; Owner: nexsme
--

ALTER TABLE ONLY public.web_spotlightbanner
    ADD CONSTRAINT web_spotlightbanner_pkey PRIMARY KEY (id);


--
-- Name: zone zone_pkey; Type: CONSTRAINT; Schema: public; Owner: nexsme
--

ALTER TABLE ONLY public.zone
    ADD CONSTRAINT zone_pkey PRIMARY KEY (id);


--
-- Name: app_update_date_added_b012093d; Type: INDEX; Schema: public; Owner: nexsme
--

CREATE INDEX app_update_date_added_b012093d ON public.app_update USING btree (date_added);


--
-- Name: auth_group_name_a6ea08ec_like; Type: INDEX; Schema: public; Owner: nexsme
--

CREATE INDEX auth_group_name_a6ea08ec_like ON public.auth_group USING btree (name varchar_pattern_ops);


--
-- Name: auth_group_permissions_group_id_b120cbf9; Type: INDEX; Schema: public; Owner: nexsme
--

CREATE INDEX auth_group_permissions_group_id_b120cbf9 ON public.auth_group_permissions USING btree (group_id);


--
-- Name: auth_group_permissions_permission_id_84c5c92e; Type: INDEX; Schema: public; Owner: nexsme
--

CREATE INDEX auth_group_permissions_permission_id_84c5c92e ON public.auth_group_permissions USING btree (permission_id);


--
-- Name: auth_permission_content_type_id_2f476e4b; Type: INDEX; Schema: public; Owner: nexsme
--

CREATE INDEX auth_permission_content_type_id_2f476e4b ON public.auth_permission USING btree (content_type_id);


--
-- Name: auth_user_groups_group_id_97559544; Type: INDEX; Schema: public; Owner: nexsme
--

CREATE INDEX auth_user_groups_group_id_97559544 ON public.auth_user_groups USING btree (group_id);


--
-- Name: auth_user_groups_user_id_6a12ed8b; Type: INDEX; Schema: public; Owner: nexsme
--

CREATE INDEX auth_user_groups_user_id_6a12ed8b ON public.auth_user_groups USING btree (user_id);


--
-- Name: auth_user_user_permissions_permission_id_1fbb5f2c; Type: INDEX; Schema: public; Owner: nexsme
--

CREATE INDEX auth_user_user_permissions_permission_id_1fbb5f2c ON public.auth_user_user_permissions USING btree (permission_id);


--
-- Name: auth_user_user_permissions_user_id_a95ead1b; Type: INDEX; Schema: public; Owner: nexsme
--

CREATE INDEX auth_user_user_permissions_user_id_a95ead1b ON public.auth_user_user_permissions USING btree (user_id);


--
-- Name: auth_user_username_6821ab7c_like; Type: INDEX; Schema: public; Owner: nexsme
--

CREATE INDEX auth_user_username_6821ab7c_like ON public.auth_user USING btree (username varchar_pattern_ops);


--
-- Name: customer_bank_account_customer_id_e0de9b6a; Type: INDEX; Schema: public; Owner: nexsme
--

CREATE INDEX customer_bank_account_customer_id_e0de9b6a ON public.customer_bank_account USING btree (customer_id);


--
-- Name: customer_bank_account_date_added_eae44918; Type: INDEX; Schema: public; Owner: nexsme
--

CREATE INDEX customer_bank_account_date_added_eae44918 ON public.customer_bank_account USING btree (date_added);


--
-- Name: customers_customer_creator_id_1476a573; Type: INDEX; Schema: public; Owner: nexsme
--

CREATE INDEX customers_customer_creator_id_1476a573 ON public.customers_customer USING btree (creator_id);


--
-- Name: customers_customer_date_added_954ee64a; Type: INDEX; Schema: public; Owner: nexsme
--

CREATE INDEX customers_customer_date_added_954ee64a ON public.customers_customer USING btree (date_added);


--
-- Name: customers_customer_updater_id_fb08982a; Type: INDEX; Schema: public; Owner: nexsme
--

CREATE INDEX customers_customer_updater_id_fb08982a ON public.customers_customer USING btree (updater_id);


--
-- Name: customers_customeraddress_customer_id_17a361bc; Type: INDEX; Schema: public; Owner: nexsme
--

CREATE INDEX customers_customeraddress_customer_id_17a361bc ON public.customers_customeraddress USING btree (customer_id);


--
-- Name: customers_customeraddress_date_added_c17c45b9; Type: INDEX; Schema: public; Owner: nexsme
--

CREATE INDEX customers_customeraddress_date_added_c17c45b9 ON public.customers_customeraddress USING btree (date_added);


--
-- Name: customers_customeraddress_location_id_17fe4522; Type: INDEX; Schema: public; Owner: nexsme
--

CREATE INDEX customers_customeraddress_location_id_17fe4522 ON public.customers_customeraddress USING btree (location_id);


--
-- Name: customers_customeraddress_zone_id_c8ddc8d9; Type: INDEX; Schema: public; Owner: nexsme
--

CREATE INDEX customers_customeraddress_zone_id_c8ddc8d9 ON public.customers_customeraddress USING btree (zone_id);


--
-- Name: deal_of_day_creator_id_9f340a2e; Type: INDEX; Schema: public; Owner: nexsme
--

CREATE INDEX deal_of_day_creator_id_9f340a2e ON public.deal_of_day USING btree (creator_id);


--
-- Name: deal_of_day_date_added_59a923e4; Type: INDEX; Schema: public; Owner: nexsme
--

CREATE INDEX deal_of_day_date_added_59a923e4 ON public.deal_of_day USING btree (date_added);


--
-- Name: deal_of_day_product_variant_id_114ec7a8; Type: INDEX; Schema: public; Owner: nexsme
--

CREATE INDEX deal_of_day_product_variant_id_114ec7a8 ON public.deal_of_day USING btree (product_variant_id);


--
-- Name: deal_of_day_updater_id_ab1a7149; Type: INDEX; Schema: public; Owner: nexsme
--

CREATE INDEX deal_of_day_updater_id_ab1a7149 ON public.deal_of_day USING btree (updater_id);


--
-- Name: deal_of_day_warehouse_id_e854bd5b; Type: INDEX; Schema: public; Owner: nexsme
--

CREATE INDEX deal_of_day_warehouse_id_e854bd5b ON public.deal_of_day USING btree (warehouse_id);


--
-- Name: delivery_agent_collectedpa_delivery_agent_id_2c44ae37; Type: INDEX; Schema: public; Owner: nexsme
--

CREATE INDEX delivery_agent_collectedpa_delivery_agent_id_2c44ae37 ON public.delivery_agent_collectedpaymentregister USING btree (delivery_agent_id);


--
-- Name: delivery_agent_collectedpaymentregister_creator_id_6a7cf32c; Type: INDEX; Schema: public; Owner: nexsme
--

CREATE INDEX delivery_agent_collectedpaymentregister_creator_id_6a7cf32c ON public.delivery_agent_collectedpaymentregister USING btree (creator_id);


--
-- Name: delivery_agent_collectedpaymentregister_date_added_19a0b463; Type: INDEX; Schema: public; Owner: nexsme
--

CREATE INDEX delivery_agent_collectedpaymentregister_date_added_19a0b463 ON public.delivery_agent_collectedpaymentregister USING btree (date_added);


--
-- Name: delivery_agent_collectedpaymentregister_updater_id_59b31cf8; Type: INDEX; Schema: public; Owner: nexsme
--

CREATE INDEX delivery_agent_collectedpaymentregister_updater_id_59b31cf8 ON public.delivery_agent_collectedpaymentregister USING btree (updater_id);


--
-- Name: delivery_agent_collectpayment_creator_id_64dd3e92; Type: INDEX; Schema: public; Owner: nexsme
--

CREATE INDEX delivery_agent_collectpayment_creator_id_64dd3e92 ON public.delivery_agent_collectpayment USING btree (creator_id);


--
-- Name: delivery_agent_collectpayment_date_added_356a23ca; Type: INDEX; Schema: public; Owner: nexsme
--

CREATE INDEX delivery_agent_collectpayment_date_added_356a23ca ON public.delivery_agent_collectpayment USING btree (date_added);


--
-- Name: delivery_agent_collectpayment_delivery_agent_id_98e4f1b0; Type: INDEX; Schema: public; Owner: nexsme
--

CREATE INDEX delivery_agent_collectpayment_delivery_agent_id_98e4f1b0 ON public.delivery_agent_collectpayment USING btree (delivery_agent_id);


--
-- Name: delivery_agent_collectpayment_order_id_1b5c37ce; Type: INDEX; Schema: public; Owner: nexsme
--

CREATE INDEX delivery_agent_collectpayment_order_id_1b5c37ce ON public.delivery_agent_collectpayment USING btree (order_id);


--
-- Name: delivery_agent_collectpayment_updater_id_e81c108d; Type: INDEX; Schema: public; Owner: nexsme
--

CREATE INDEX delivery_agent_collectpayment_updater_id_e81c108d ON public.delivery_agent_collectpayment USING btree (updater_id);


--
-- Name: delivery_agent_delivery_agent_creator_id_b89a1128; Type: INDEX; Schema: public; Owner: nexsme
--

CREATE INDEX delivery_agent_delivery_agent_creator_id_b89a1128 ON public.delivery_agent_delivery_agent USING btree (creator_id);


--
-- Name: delivery_agent_delivery_agent_date_added_a62d0da9; Type: INDEX; Schema: public; Owner: nexsme
--

CREATE INDEX delivery_agent_delivery_agent_date_added_a62d0da9 ON public.delivery_agent_delivery_agent USING btree (date_added);


--
-- Name: delivery_agent_delivery_agent_updater_id_56431a33; Type: INDEX; Schema: public; Owner: nexsme
--

CREATE INDEX delivery_agent_delivery_agent_updater_id_56431a33 ON public.delivery_agent_delivery_agent USING btree (updater_id);


--
-- Name: delivery_agent_delivery_agent_warehouse_id_d0be882a; Type: INDEX; Schema: public; Owner: nexsme
--

CREATE INDEX delivery_agent_delivery_agent_warehouse_id_d0be882a ON public.delivery_agent_delivery_agent USING btree (warehouse_id);


--
-- Name: delivery_agent_deliveryrating_customer_id_11ff6f1d; Type: INDEX; Schema: public; Owner: nexsme
--

CREATE INDEX delivery_agent_deliveryrating_customer_id_11ff6f1d ON public.delivery_agent_deliveryrating USING btree (customer_id);


--
-- Name: delivery_agent_deliveryrating_date_added_16905603; Type: INDEX; Schema: public; Owner: nexsme
--

CREATE INDEX delivery_agent_deliveryrating_date_added_16905603 ON public.delivery_agent_deliveryrating USING btree (date_added);


--
-- Name: delivery_agent_deliveryrating_delivery_agent_id_849f8046; Type: INDEX; Schema: public; Owner: nexsme
--

CREATE INDEX delivery_agent_deliveryrating_delivery_agent_id_849f8046 ON public.delivery_agent_deliveryrating USING btree (delivery_agent_id);


--
-- Name: delivery_agent_deliveryrating_order_id_3d114519; Type: INDEX; Schema: public; Owner: nexsme
--

CREATE INDEX delivery_agent_deliveryrating_order_id_3d114519 ON public.delivery_agent_deliveryrating USING btree (order_id);


--
-- Name: delivery_agent_travel_date_added_5042f482; Type: INDEX; Schema: public; Owner: nexsme
--

CREATE INDEX delivery_agent_travel_date_added_5042f482 ON public.delivery_agent_travel USING btree (date_added);


--
-- Name: delivery_agent_travel_delivery_agent_id_f59da55f; Type: INDEX; Schema: public; Owner: nexsme
--

CREATE INDEX delivery_agent_travel_delivery_agent_id_f59da55f ON public.delivery_agent_travel USING btree (delivery_agent_id);


--
-- Name: delivery_agent_travel_delivery_trip_id_3f5b0d44; Type: INDEX; Schema: public; Owner: nexsme
--

CREATE INDEX delivery_agent_travel_delivery_trip_id_3f5b0d44 ON public.delivery_agent_travel USING btree (delivery_trip_id);


--
-- Name: delivery_agent_travel_order_id_e94054aa; Type: INDEX; Schema: public; Owner: nexsme
--

CREATE INDEX delivery_agent_travel_order_id_e94054aa ON public.delivery_agent_travel USING btree (order_id);


--
-- Name: delivery_agent_trip_date_added_9b941d6a; Type: INDEX; Schema: public; Owner: nexsme
--

CREATE INDEX delivery_agent_trip_date_added_9b941d6a ON public.delivery_agent_trip USING btree (date_added);


--
-- Name: delivery_agent_trip_delivery_agent_id_fe4f4191; Type: INDEX; Schema: public; Owner: nexsme
--

CREATE INDEX delivery_agent_trip_delivery_agent_id_fe4f4191 ON public.delivery_agent_trip USING btree (delivery_agent_id);


--
-- Name: delivery_agent_trip_start_time_53990404; Type: INDEX; Schema: public; Owner: nexsme
--

CREATE INDEX delivery_agent_trip_start_time_53990404 ON public.delivery_agent_trip USING btree (start_time);


--
-- Name: delivery_app_update_date_added_e80559fb; Type: INDEX; Schema: public; Owner: nexsme
--

CREATE INDEX delivery_app_update_date_added_e80559fb ON public.delivery_app_update USING btree (date_added);


--
-- Name: designation_creator_id_4ad7c043; Type: INDEX; Schema: public; Owner: nexsme
--

CREATE INDEX designation_creator_id_4ad7c043 ON public.designation USING btree (creator_id);


--
-- Name: designation_date_added_1cc78096; Type: INDEX; Schema: public; Owner: nexsme
--

CREATE INDEX designation_date_added_1cc78096 ON public.designation USING btree (date_added);


--
-- Name: designation_updater_id_e24faf62; Type: INDEX; Schema: public; Owner: nexsme
--

CREATE INDEX designation_updater_id_e24faf62 ON public.designation USING btree (updater_id);


--
-- Name: django_admin_log_content_type_id_c4bce8eb; Type: INDEX; Schema: public; Owner: nexsme
--

CREATE INDEX django_admin_log_content_type_id_c4bce8eb ON public.django_admin_log USING btree (content_type_id);


--
-- Name: django_admin_log_user_id_c564eba6; Type: INDEX; Schema: public; Owner: nexsme
--

CREATE INDEX django_admin_log_user_id_c564eba6 ON public.django_admin_log USING btree (user_id);


--
-- Name: django_session_expire_date_a5c62663; Type: INDEX; Schema: public; Owner: nexsme
--

CREATE INDEX django_session_expire_date_a5c62663 ON public.django_session USING btree (expire_date);


--
-- Name: django_session_session_key_c0390e0f_like; Type: INDEX; Schema: public; Owner: nexsme
--

CREATE INDEX django_session_session_key_c0390e0f_like ON public.django_session USING btree (session_key varchar_pattern_ops);


--
-- Name: fcm_django_fcmdevice_device_id_a9406c36; Type: INDEX; Schema: public; Owner: nexsme
--

CREATE INDEX fcm_django_fcmdevice_device_id_a9406c36 ON public.fcm_django_fcmdevice USING btree (device_id);


--
-- Name: fcm_django_fcmdevice_user_id_6cdfc0a2; Type: INDEX; Schema: public; Owner: nexsme
--

CREATE INDEX fcm_django_fcmdevice_user_id_6cdfc0a2 ON public.fcm_django_fcmdevice USING btree (user_id);


--
-- Name: finance_account_group_creator_id_a96fc030; Type: INDEX; Schema: public; Owner: nexsme
--

CREATE INDEX finance_account_group_creator_id_a96fc030 ON public.finance_account_group USING btree (creator_id);


--
-- Name: finance_account_group_date_added_4c9741de; Type: INDEX; Schema: public; Owner: nexsme
--

CREATE INDEX finance_account_group_date_added_4c9741de ON public.finance_account_group USING btree (date_added);


--
-- Name: finance_account_group_updater_id_4b6f988b; Type: INDEX; Schema: public; Owner: nexsme
--

CREATE INDEX finance_account_group_updater_id_4b6f988b ON public.finance_account_group USING btree (updater_id);


--
-- Name: finance_account_head_account_group_id_321f5a9d; Type: INDEX; Schema: public; Owner: nexsme
--

CREATE INDEX finance_account_head_account_group_id_321f5a9d ON public.finance_account_head USING btree (account_group_id);


--
-- Name: finance_account_head_bank_account_id_39ea79a6; Type: INDEX; Schema: public; Owner: nexsme
--

CREATE INDEX finance_account_head_bank_account_id_39ea79a6 ON public.finance_account_head USING btree (bank_account_id);


--
-- Name: finance_account_head_creator_id_1eb4160e; Type: INDEX; Schema: public; Owner: nexsme
--

CREATE INDEX finance_account_head_creator_id_1eb4160e ON public.finance_account_head USING btree (creator_id);


--
-- Name: finance_account_head_date_added_d770d0e5; Type: INDEX; Schema: public; Owner: nexsme
--

CREATE INDEX finance_account_head_date_added_d770d0e5 ON public.finance_account_head USING btree (date_added);


--
-- Name: finance_account_head_opening_account_head_id_e4dc2463; Type: INDEX; Schema: public; Owner: nexsme
--

CREATE INDEX finance_account_head_opening_account_head_id_e4dc2463 ON public.finance_account_head_opening USING btree (account_head_id);


--
-- Name: finance_account_head_opening_creator_id_de6547fe; Type: INDEX; Schema: public; Owner: nexsme
--

CREATE INDEX finance_account_head_opening_creator_id_de6547fe ON public.finance_account_head_opening USING btree (creator_id);


--
-- Name: finance_account_head_opening_date_added_dfaf027c; Type: INDEX; Schema: public; Owner: nexsme
--

CREATE INDEX finance_account_head_opening_date_added_dfaf027c ON public.finance_account_head_opening USING btree (date_added);


--
-- Name: finance_account_head_opening_financial_year_id_81c820fb; Type: INDEX; Schema: public; Owner: nexsme
--

CREATE INDEX finance_account_head_opening_financial_year_id_81c820fb ON public.finance_account_head_opening USING btree (financial_year_id);


--
-- Name: finance_account_head_opening_updater_id_3d59963d; Type: INDEX; Schema: public; Owner: nexsme
--

CREATE INDEX finance_account_head_opening_updater_id_3d59963d ON public.finance_account_head_opening USING btree (updater_id);


--
-- Name: finance_account_head_opening_warehouse_id_38c376ec; Type: INDEX; Schema: public; Owner: nexsme
--

CREATE INDEX finance_account_head_opening_warehouse_id_38c376ec ON public.finance_account_head_opening USING btree (warehouse_id);


--
-- Name: finance_account_head_updater_id_9d210e1b; Type: INDEX; Schema: public; Owner: nexsme
--

CREATE INDEX finance_account_head_updater_id_9d210e1b ON public.finance_account_head USING btree (updater_id);


--
-- Name: finance_bank_account_creator_id_284c0ab7; Type: INDEX; Schema: public; Owner: nexsme
--

CREATE INDEX finance_bank_account_creator_id_284c0ab7 ON public.finance_bank_account USING btree (creator_id);


--
-- Name: finance_bank_account_date_added_c483fb9a; Type: INDEX; Schema: public; Owner: nexsme
--

CREATE INDEX finance_bank_account_date_added_c483fb9a ON public.finance_bank_account USING btree (date_added);


--
-- Name: finance_bank_account_updater_id_f839d86d; Type: INDEX; Schema: public; Owner: nexsme
--

CREATE INDEX finance_bank_account_updater_id_f839d86d ON public.finance_bank_account USING btree (updater_id);


--
-- Name: finance_bank_account_warehouse_id_d42963ee; Type: INDEX; Schema: public; Owner: nexsme
--

CREATE INDEX finance_bank_account_warehouse_id_d42963ee ON public.finance_bank_account USING btree (warehouse_id);


--
-- Name: finance_credit_voucher_bank_id_f319bb56; Type: INDEX; Schema: public; Owner: nexsme
--

CREATE INDEX finance_credit_voucher_bank_id_f319bb56 ON public.finance_credit_voucher USING btree (bank_id);


--
-- Name: finance_credit_voucher_creator_id_53bf998f; Type: INDEX; Schema: public; Owner: nexsme
--

CREATE INDEX finance_credit_voucher_creator_id_53bf998f ON public.finance_credit_voucher USING btree (creator_id);


--
-- Name: finance_credit_voucher_customer_id_121729e3; Type: INDEX; Schema: public; Owner: nexsme
--

CREATE INDEX finance_credit_voucher_customer_id_121729e3 ON public.finance_credit_voucher USING btree (customer_id);


--
-- Name: finance_credit_voucher_date_added_7b0d08f1; Type: INDEX; Schema: public; Owner: nexsme
--

CREATE INDEX finance_credit_voucher_date_added_7b0d08f1 ON public.finance_credit_voucher USING btree (date_added);


--
-- Name: finance_credit_voucher_financial_year_id_b2546424; Type: INDEX; Schema: public; Owner: nexsme
--

CREATE INDEX finance_credit_voucher_financial_year_id_b2546424 ON public.finance_credit_voucher USING btree (financial_year_id);


--
-- Name: finance_credit_voucher_sale_return_id_635b6e78; Type: INDEX; Schema: public; Owner: nexsme
--

CREATE INDEX finance_credit_voucher_sale_return_id_635b6e78 ON public.finance_credit_voucher USING btree (sale_return_id);


--
-- Name: finance_credit_voucher_updater_id_b37092ec; Type: INDEX; Schema: public; Owner: nexsme
--

CREATE INDEX finance_credit_voucher_updater_id_b37092ec ON public.finance_credit_voucher USING btree (updater_id);


--
-- Name: finance_credit_voucher_warehouse_id_34e0969b; Type: INDEX; Schema: public; Owner: nexsme
--

CREATE INDEX finance_credit_voucher_warehouse_id_34e0969b ON public.finance_credit_voucher USING btree (warehouse_id);


--
-- Name: finance_debit_voucher_bank_id_88c1d0bc; Type: INDEX; Schema: public; Owner: nexsme
--

CREATE INDEX finance_debit_voucher_bank_id_88c1d0bc ON public.finance_debit_voucher USING btree (bank_id);


--
-- Name: finance_debit_voucher_creator_id_43ff9a0f; Type: INDEX; Schema: public; Owner: nexsme
--

CREATE INDEX finance_debit_voucher_creator_id_43ff9a0f ON public.finance_debit_voucher USING btree (creator_id);


--
-- Name: finance_debit_voucher_date_added_8f1e87c6; Type: INDEX; Schema: public; Owner: nexsme
--

CREATE INDEX finance_debit_voucher_date_added_8f1e87c6 ON public.finance_debit_voucher USING btree (date_added);


--
-- Name: finance_debit_voucher_financial_year_id_a7e58d07; Type: INDEX; Schema: public; Owner: nexsme
--

CREATE INDEX finance_debit_voucher_financial_year_id_a7e58d07 ON public.finance_debit_voucher USING btree (financial_year_id);


--
-- Name: finance_debit_voucher_purchase_return_id_f30a1914; Type: INDEX; Schema: public; Owner: nexsme
--

CREATE INDEX finance_debit_voucher_purchase_return_id_f30a1914 ON public.finance_debit_voucher USING btree (purchase_return_id);


--
-- Name: finance_debit_voucher_supplier_id_65432f72; Type: INDEX; Schema: public; Owner: nexsme
--

CREATE INDEX finance_debit_voucher_supplier_id_65432f72 ON public.finance_debit_voucher USING btree (supplier_id);


--
-- Name: finance_debit_voucher_updater_id_a04e7319; Type: INDEX; Schema: public; Owner: nexsme
--

CREATE INDEX finance_debit_voucher_updater_id_a04e7319 ON public.finance_debit_voucher USING btree (updater_id);


--
-- Name: finance_debit_voucher_warehouse_id_4d484ffc; Type: INDEX; Schema: public; Owner: nexsme
--

CREATE INDEX finance_debit_voucher_warehouse_id_4d484ffc ON public.finance_debit_voucher USING btree (warehouse_id);


--
-- Name: finance_financial_year_creator_id_7496c62f; Type: INDEX; Schema: public; Owner: nexsme
--

CREATE INDEX finance_financial_year_creator_id_7496c62f ON public.finance_financial_year USING btree (creator_id);


--
-- Name: finance_financial_year_date_added_6df5402d; Type: INDEX; Schema: public; Owner: nexsme
--

CREATE INDEX finance_financial_year_date_added_6df5402d ON public.finance_financial_year USING btree (date_added);


--
-- Name: finance_financial_year_updater_id_e530114b; Type: INDEX; Schema: public; Owner: nexsme
--

CREATE INDEX finance_financial_year_updater_id_e530114b ON public.finance_financial_year USING btree (updater_id);


--
-- Name: finance_journal_voucher_creator_id_0a832a6e; Type: INDEX; Schema: public; Owner: nexsme
--

CREATE INDEX finance_journal_voucher_creator_id_0a832a6e ON public.finance_journal_voucher USING btree (creator_id);


--
-- Name: finance_journal_voucher_date_added_530a87d7; Type: INDEX; Schema: public; Owner: nexsme
--

CREATE INDEX finance_journal_voucher_date_added_530a87d7 ON public.finance_journal_voucher USING btree (date_added);


--
-- Name: finance_journal_voucher_financial_year_id_3a9afc1d; Type: INDEX; Schema: public; Owner: nexsme
--

CREATE INDEX finance_journal_voucher_financial_year_id_3a9afc1d ON public.finance_journal_voucher USING btree (financial_year_id);


--
-- Name: finance_journal_voucher_item_account_head_id_60bb56e9; Type: INDEX; Schema: public; Owner: nexsme
--

CREATE INDEX finance_journal_voucher_item_account_head_id_60bb56e9 ON public.finance_journal_voucher_item USING btree (account_head_id);


--
-- Name: finance_journal_voucher_item_journal_id_f4c0d941; Type: INDEX; Schema: public; Owner: nexsme
--

CREATE INDEX finance_journal_voucher_item_journal_id_f4c0d941 ON public.finance_journal_voucher_item USING btree (journal_id);


--
-- Name: finance_journal_voucher_item_warehouse_id_d1f399da; Type: INDEX; Schema: public; Owner: nexsme
--

CREATE INDEX finance_journal_voucher_item_warehouse_id_d1f399da ON public.finance_journal_voucher_item USING btree (warehouse_id);


--
-- Name: finance_journal_voucher_updater_id_2b87e133; Type: INDEX; Schema: public; Owner: nexsme
--

CREATE INDEX finance_journal_voucher_updater_id_2b87e133 ON public.finance_journal_voucher USING btree (updater_id);


--
-- Name: finance_payment_voucher_account_head_id_266b6c79; Type: INDEX; Schema: public; Owner: nexsme
--

CREATE INDEX finance_payment_voucher_account_head_id_266b6c79 ON public.finance_payment_voucher USING btree (account_head_id);


--
-- Name: finance_payment_voucher_bank_id_4cf952e3; Type: INDEX; Schema: public; Owner: nexsme
--

CREATE INDEX finance_payment_voucher_bank_id_4cf952e3 ON public.finance_payment_voucher USING btree (bank_id);


--
-- Name: finance_payment_voucher_creator_id_eaa19d07; Type: INDEX; Schema: public; Owner: nexsme
--

CREATE INDEX finance_payment_voucher_creator_id_eaa19d07 ON public.finance_payment_voucher USING btree (creator_id);


--
-- Name: finance_payment_voucher_date_added_72c0a35a; Type: INDEX; Schema: public; Owner: nexsme
--

CREATE INDEX finance_payment_voucher_date_added_72c0a35a ON public.finance_payment_voucher USING btree (date_added);


--
-- Name: finance_payment_voucher_financial_year_id_47131237; Type: INDEX; Schema: public; Owner: nexsme
--

CREATE INDEX finance_payment_voucher_financial_year_id_47131237 ON public.finance_payment_voucher USING btree (financial_year_id);


--
-- Name: finance_payment_voucher_updater_id_37b26034; Type: INDEX; Schema: public; Owner: nexsme
--

CREATE INDEX finance_payment_voucher_updater_id_37b26034 ON public.finance_payment_voucher USING btree (updater_id);


--
-- Name: finance_payment_voucher_warehouse_id_f9d89734; Type: INDEX; Schema: public; Owner: nexsme
--

CREATE INDEX finance_payment_voucher_warehouse_id_f9d89734 ON public.finance_payment_voucher USING btree (warehouse_id);


--
-- Name: finance_receipt_voucher_account_head_id_9c536327; Type: INDEX; Schema: public; Owner: nexsme
--

CREATE INDEX finance_receipt_voucher_account_head_id_9c536327 ON public.finance_receipt_voucher USING btree (account_head_id);


--
-- Name: finance_receipt_voucher_bank_id_f02521ee; Type: INDEX; Schema: public; Owner: nexsme
--

CREATE INDEX finance_receipt_voucher_bank_id_f02521ee ON public.finance_receipt_voucher USING btree (bank_id);


--
-- Name: finance_receipt_voucher_creator_id_afe023e4; Type: INDEX; Schema: public; Owner: nexsme
--

CREATE INDEX finance_receipt_voucher_creator_id_afe023e4 ON public.finance_receipt_voucher USING btree (creator_id);


--
-- Name: finance_receipt_voucher_date_added_294613a4; Type: INDEX; Schema: public; Owner: nexsme
--

CREATE INDEX finance_receipt_voucher_date_added_294613a4 ON public.finance_receipt_voucher USING btree (date_added);


--
-- Name: finance_receipt_voucher_financial_year_id_466dd990; Type: INDEX; Schema: public; Owner: nexsme
--

CREATE INDEX finance_receipt_voucher_financial_year_id_466dd990 ON public.finance_receipt_voucher USING btree (financial_year_id);


--
-- Name: finance_receipt_voucher_updater_id_d5ead95d; Type: INDEX; Schema: public; Owner: nexsme
--

CREATE INDEX finance_receipt_voucher_updater_id_d5ead95d ON public.finance_receipt_voucher USING btree (updater_id);


--
-- Name: finance_receipt_voucher_warehouse_id_eae17eaf; Type: INDEX; Schema: public; Owner: nexsme
--

CREATE INDEX finance_receipt_voucher_warehouse_id_eae17eaf ON public.finance_receipt_voucher USING btree (warehouse_id);


--
-- Name: finance_subledger_opening_account_head_id_840f0c30; Type: INDEX; Schema: public; Owner: nexsme
--

CREATE INDEX finance_subledger_opening_account_head_id_840f0c30 ON public.finance_subledger_opening USING btree (account_head_id);


--
-- Name: finance_subledger_opening_creator_id_4bfa2dcb; Type: INDEX; Schema: public; Owner: nexsme
--

CREATE INDEX finance_subledger_opening_creator_id_4bfa2dcb ON public.finance_subledger_opening USING btree (creator_id);


--
-- Name: finance_subledger_opening_date_added_117f7b4b; Type: INDEX; Schema: public; Owner: nexsme
--

CREATE INDEX finance_subledger_opening_date_added_117f7b4b ON public.finance_subledger_opening USING btree (date_added);


--
-- Name: finance_subledger_opening_financial_year_id_77d7eff4; Type: INDEX; Schema: public; Owner: nexsme
--

CREATE INDEX finance_subledger_opening_financial_year_id_77d7eff4 ON public.finance_subledger_opening USING btree (financial_year_id);


--
-- Name: finance_subledger_opening_updater_id_7a927cd8; Type: INDEX; Schema: public; Owner: nexsme
--

CREATE INDEX finance_subledger_opening_updater_id_7a927cd8 ON public.finance_subledger_opening USING btree (updater_id);


--
-- Name: general_batch_creator_id_6ea88850; Type: INDEX; Schema: public; Owner: nexsme
--

CREATE INDEX general_batch_creator_id_6ea88850 ON public.general_batch USING btree (creator_id);


--
-- Name: general_batch_date_added_dce9410f; Type: INDEX; Schema: public; Owner: nexsme
--

CREATE INDEX general_batch_date_added_dce9410f ON public.general_batch USING btree (date_added);


--
-- Name: general_batch_product_id_20668ccd; Type: INDEX; Schema: public; Owner: nexsme
--

CREATE INDEX general_batch_product_id_20668ccd ON public.general_batch USING btree (product_id);


--
-- Name: general_batch_product_variant_id_055f6acb; Type: INDEX; Schema: public; Owner: nexsme
--

CREATE INDEX general_batch_product_variant_id_055f6acb ON public.general_batch USING btree (product_variant_id);


--
-- Name: general_batch_updater_id_b0d73f76; Type: INDEX; Schema: public; Owner: nexsme
--

CREATE INDEX general_batch_updater_id_b0d73f76 ON public.general_batch USING btree (updater_id);


--
-- Name: general_batch_warehouse_id_9696d936; Type: INDEX; Schema: public; Owner: nexsme
--

CREATE INDEX general_batch_warehouse_id_9696d936 ON public.general_batch USING btree (warehouse_id);


--
-- Name: general_damaged_product_batch_id_7eb10204; Type: INDEX; Schema: public; Owner: nexsme
--

CREATE INDEX general_damaged_product_batch_id_7eb10204 ON public.general_damaged_product USING btree (batch_id);


--
-- Name: general_damaged_product_creator_id_2639440e; Type: INDEX; Schema: public; Owner: nexsme
--

CREATE INDEX general_damaged_product_creator_id_2639440e ON public.general_damaged_product USING btree (creator_id);


--
-- Name: general_damaged_product_date_added_6b12d6c1; Type: INDEX; Schema: public; Owner: nexsme
--

CREATE INDEX general_damaged_product_date_added_6b12d6c1 ON public.general_damaged_product USING btree (date_added);


--
-- Name: general_damaged_product_product_variant_id_4e9fbf30; Type: INDEX; Schema: public; Owner: nexsme
--

CREATE INDEX general_damaged_product_product_variant_id_4e9fbf30 ON public.general_damaged_product USING btree (product_variant_id);


--
-- Name: general_damaged_product_updater_id_46cfb8dd; Type: INDEX; Schema: public; Owner: nexsme
--

CREATE INDEX general_damaged_product_updater_id_46cfb8dd ON public.general_damaged_product USING btree (updater_id);


--
-- Name: general_damaged_product_warehouse_id_5ad29b00; Type: INDEX; Schema: public; Owner: nexsme
--

CREATE INDEX general_damaged_product_warehouse_id_5ad29b00 ON public.general_damaged_product USING btree (warehouse_id);


--
-- Name: general_delivery_charge_to_zone_id_039dd59b; Type: INDEX; Schema: public; Owner: nexsme
--

CREATE INDEX general_delivery_charge_to_zone_id_039dd59b ON public.general_delivery_charge USING btree (to_zone_id);


--
-- Name: general_delivery_charge_vendor_id_c4a38f7c; Type: INDEX; Schema: public; Owner: nexsme
--

CREATE INDEX general_delivery_charge_vendor_id_c4a38f7c ON public.general_delivery_charge USING btree (vendor_id);


--
-- Name: general_delivery_charge_warehouse_id_443ee827; Type: INDEX; Schema: public; Owner: nexsme
--

CREATE INDEX general_delivery_charge_warehouse_id_443ee827 ON public.general_delivery_charge USING btree (warehouse_id);


--
-- Name: invoic_prefix_creator_id_fa166727; Type: INDEX; Schema: public; Owner: nexsme
--

CREATE INDEX invoic_prefix_creator_id_fa166727 ON public.invoic_prefix USING btree (creator_id);


--
-- Name: invoic_prefix_date_added_ffaa49cf; Type: INDEX; Schema: public; Owner: nexsme
--

CREATE INDEX invoic_prefix_date_added_ffaa49cf ON public.invoic_prefix USING btree (date_added);


--
-- Name: invoic_prefix_financial_year_id_c0145277; Type: INDEX; Schema: public; Owner: nexsme
--

CREATE INDEX invoic_prefix_financial_year_id_c0145277 ON public.invoic_prefix USING btree (financial_year_id);


--
-- Name: invoic_prefix_updater_id_aa0be792; Type: INDEX; Schema: public; Owner: nexsme
--

CREATE INDEX invoic_prefix_updater_id_aa0be792 ON public.invoic_prefix USING btree (updater_id);


--
-- Name: invoice_design_creator_id_4a6b4885; Type: INDEX; Schema: public; Owner: nexsme
--

CREATE INDEX invoice_design_creator_id_4a6b4885 ON public.invoice_design USING btree (creator_id);


--
-- Name: invoice_design_date_added_f87e017b; Type: INDEX; Schema: public; Owner: nexsme
--

CREATE INDEX invoice_design_date_added_f87e017b ON public.invoice_design USING btree (date_added);


--
-- Name: invoice_design_updater_id_107cd5c0; Type: INDEX; Schema: public; Owner: nexsme
--

CREATE INDEX invoice_design_updater_id_107cd5c0 ON public.invoice_design USING btree (updater_id);


--
-- Name: invoice_design_warehouse_id_3869b6ea; Type: INDEX; Schema: public; Owner: nexsme
--

CREATE INDEX invoice_design_warehouse_id_3869b6ea ON public.invoice_design USING btree (warehouse_id);


--
-- Name: location_creator_id_0907a9b4; Type: INDEX; Schema: public; Owner: nexsme
--

CREATE INDEX location_creator_id_0907a9b4 ON public.location USING btree (creator_id);


--
-- Name: location_date_added_16374d49; Type: INDEX; Schema: public; Owner: nexsme
--

CREATE INDEX location_date_added_16374d49 ON public.location USING btree (date_added);


--
-- Name: location_updater_id_ca2da178; Type: INDEX; Schema: public; Owner: nexsme
--

CREATE INDEX location_updater_id_ca2da178 ON public.location USING btree (updater_id);


--
-- Name: offers_category_id_5c4d6d5e; Type: INDEX; Schema: public; Owner: nexsme
--

CREATE INDEX offers_category_id_5c4d6d5e ON public.offers USING btree (category_id);


--
-- Name: offers_creator_id_9bf8c888; Type: INDEX; Schema: public; Owner: nexsme
--

CREATE INDEX offers_creator_id_9bf8c888 ON public.offers USING btree (creator_id);


--
-- Name: offers_date_added_a2b38a81; Type: INDEX; Schema: public; Owner: nexsme
--

CREATE INDEX offers_date_added_a2b38a81 ON public.offers USING btree (date_added);


--
-- Name: offers_product_variant_id_58f87d65; Type: INDEX; Schema: public; Owner: nexsme
--

CREATE INDEX offers_product_variant_id_58f87d65 ON public.offers USING btree (product_variant_id);


--
-- Name: offers_subcategory_id_931759be; Type: INDEX; Schema: public; Owner: nexsme
--

CREATE INDEX offers_subcategory_id_931759be ON public.offers USING btree (subcategory_id);


--
-- Name: offers_updater_id_f49d637b; Type: INDEX; Schema: public; Owner: nexsme
--

CREATE INDEX offers_updater_id_f49d637b ON public.offers USING btree (updater_id);


--
-- Name: offers_vouchercode_creator_id_80269e0d; Type: INDEX; Schema: public; Owner: nexsme
--

CREATE INDEX offers_vouchercode_creator_id_80269e0d ON public.offers_vouchercode USING btree (creator_id);


--
-- Name: offers_vouchercode_customer_id_197cbef2; Type: INDEX; Schema: public; Owner: nexsme
--

CREATE INDEX offers_vouchercode_customer_id_197cbef2 ON public.offers_vouchercode USING btree (customer_id);


--
-- Name: offers_vouchercode_date_added_8c556eb7; Type: INDEX; Schema: public; Owner: nexsme
--

CREATE INDEX offers_vouchercode_date_added_8c556eb7 ON public.offers_vouchercode USING btree (date_added);


--
-- Name: offers_vouchercode_product_id_55258afe; Type: INDEX; Schema: public; Owner: nexsme
--

CREATE INDEX offers_vouchercode_product_id_55258afe ON public.offers_vouchercode USING btree (product_id);


--
-- Name: offers_vouchercode_product_variant_id_123fc773; Type: INDEX; Schema: public; Owner: nexsme
--

CREATE INDEX offers_vouchercode_product_variant_id_123fc773 ON public.offers_vouchercode USING btree (product_variant_id);


--
-- Name: offers_vouchercode_updater_id_0e238778; Type: INDEX; Schema: public; Owner: nexsme
--

CREATE INDEX offers_vouchercode_updater_id_0e238778 ON public.offers_vouchercode USING btree (updater_id);


--
-- Name: offers_vouchercode_used_users_user_id_be265f61; Type: INDEX; Schema: public; Owner: nexsme
--

CREATE INDEX offers_vouchercode_used_users_user_id_be265f61 ON public.offers_vouchercode_used_users USING btree (user_id);


--
-- Name: offers_vouchercode_used_users_vouchercode_id_6318e92e; Type: INDEX; Schema: public; Owner: nexsme
--

CREATE INDEX offers_vouchercode_used_users_vouchercode_id_6318e92e ON public.offers_vouchercode_used_users USING btree (vouchercode_id);


--
-- Name: offers_warehouse_id_fc467b97; Type: INDEX; Schema: public; Owner: nexsme
--

CREATE INDEX offers_warehouse_id_fc467b97 ON public.offers USING btree (warehouse_id);


--
-- Name: orders_booking_customer_id_34e64a17; Type: INDEX; Schema: public; Owner: nexsme
--

CREATE INDEX orders_booking_customer_id_34e64a17 ON public.orders_booking USING btree (customer_id);


--
-- Name: orders_booking_date_added_0d978050; Type: INDEX; Schema: public; Owner: nexsme
--

CREATE INDEX orders_booking_date_added_0d978050 ON public.orders_booking USING btree (date_added);


--
-- Name: orders_booking_order_id_19db7154; Type: INDEX; Schema: public; Owner: nexsme
--

CREATE INDEX orders_booking_order_id_19db7154 ON public.orders_booking USING btree (order_id);


--
-- Name: orders_booking_product_variant_id_8e682975; Type: INDEX; Schema: public; Owner: nexsme
--

CREATE INDEX orders_booking_product_variant_id_8e682975 ON public.orders_booking USING btree (product_variant_id);


--
-- Name: orders_orderitem_batch_id_04b36d63; Type: INDEX; Schema: public; Owner: nexsme
--

CREATE INDEX orders_orderitem_batch_id_04b36d63 ON public.orders_orderitem USING btree (batch_id);


--
-- Name: orders_orderitem_date_added_05683813; Type: INDEX; Schema: public; Owner: nexsme
--

CREATE INDEX orders_orderitem_date_added_05683813 ON public.orders_orderitem USING btree (date_added);


--
-- Name: orders_orderitem_order_id_fe61a34d; Type: INDEX; Schema: public; Owner: nexsme
--

CREATE INDEX orders_orderitem_order_id_fe61a34d ON public.orders_orderitem USING btree (order_id);


--
-- Name: orders_orderitem_product_variant_id_148aec19; Type: INDEX; Schema: public; Owner: nexsme
--

CREATE INDEX orders_orderitem_product_variant_id_148aec19 ON public.orders_orderitem USING btree (product_variant_id);


--
-- Name: orders_orders_creator_id_a00589be; Type: INDEX; Schema: public; Owner: nexsme
--

CREATE INDEX orders_orders_creator_id_a00589be ON public.orders_orders USING btree (creator_id);


--
-- Name: orders_orders_customer_id_b5742c78; Type: INDEX; Schema: public; Owner: nexsme
--

CREATE INDEX orders_orders_customer_id_b5742c78 ON public.orders_orders USING btree (customer_id);


--
-- Name: orders_orders_date_added_fec54455; Type: INDEX; Schema: public; Owner: nexsme
--

CREATE INDEX orders_orders_date_added_fec54455 ON public.orders_orders USING btree (date_added);


--
-- Name: orders_orders_delivery_agent_id_c5706fa1; Type: INDEX; Schema: public; Owner: nexsme
--

CREATE INDEX orders_orders_delivery_agent_id_c5706fa1 ON public.orders_orders USING btree (delivery_agent_id);


--
-- Name: orders_orders_prefix_id_c6c8bfa2; Type: INDEX; Schema: public; Owner: nexsme
--

CREATE INDEX orders_orders_prefix_id_c6c8bfa2 ON public.orders_orders USING btree (prefix_id);


--
-- Name: orders_orders_receipt_voucher_id_6315824f; Type: INDEX; Schema: public; Owner: nexsme
--

CREATE INDEX orders_orders_receipt_voucher_id_6315824f ON public.orders_orders USING btree (receipt_voucher_id);


--
-- Name: orders_orders_time_slot_id_5bc4f1bb; Type: INDEX; Schema: public; Owner: nexsme
--

CREATE INDEX orders_orders_time_slot_id_5bc4f1bb ON public.orders_orders USING btree (time_slot_id);


--
-- Name: orders_orders_updater_id_9ee949cd; Type: INDEX; Schema: public; Owner: nexsme
--

CREATE INDEX orders_orders_updater_id_9ee949cd ON public.orders_orders USING btree (updater_id);


--
-- Name: orders_orders_vendor_id_fb9bbaef; Type: INDEX; Schema: public; Owner: nexsme
--

CREATE INDEX orders_orders_vendor_id_fb9bbaef ON public.orders_orders USING btree (vendor_id);


--
-- Name: orders_orders_warehouse_id_62f83e3f; Type: INDEX; Schema: public; Owner: nexsme
--

CREATE INDEX orders_orders_warehouse_id_62f83e3f ON public.orders_orders USING btree (warehouse_id);


--
-- Name: orders_orders_zone_id_9e98a9e1; Type: INDEX; Schema: public; Owner: nexsme
--

CREATE INDEX orders_orders_zone_id_9e98a9e1 ON public.orders_orders USING btree (zone_id);


--
-- Name: orders_timeslot_creator_id_2e465d6b; Type: INDEX; Schema: public; Owner: nexsme
--

CREATE INDEX orders_timeslot_creator_id_2e465d6b ON public.orders_timeslot USING btree (creator_id);


--
-- Name: orders_timeslot_date_added_30842139; Type: INDEX; Schema: public; Owner: nexsme
--

CREATE INDEX orders_timeslot_date_added_30842139 ON public.orders_timeslot USING btree (date_added);


--
-- Name: orders_timeslot_updater_id_e1e17907; Type: INDEX; Schema: public; Owner: nexsme
--

CREATE INDEX orders_timeslot_updater_id_e1e17907 ON public.orders_timeslot USING btree (updater_id);


--
-- Name: privilege_point_history_customer_id_f28b1010; Type: INDEX; Schema: public; Owner: nexsme
--

CREATE INDEX privilege_point_history_customer_id_f28b1010 ON public.privilege_point_history USING btree (customer_id);


--
-- Name: privilege_point_history_date_added_24cbd5c0; Type: INDEX; Schema: public; Owner: nexsme
--

CREATE INDEX privilege_point_history_date_added_24cbd5c0 ON public.privilege_point_history USING btree (date_added);


--
-- Name: privilege_points_creator_id_e2ff39b1; Type: INDEX; Schema: public; Owner: nexsme
--

CREATE INDEX privilege_points_creator_id_e2ff39b1 ON public.privilege_points USING btree (creator_id);


--
-- Name: privilege_points_date_added_e82d1328; Type: INDEX; Schema: public; Owner: nexsme
--

CREATE INDEX privilege_points_date_added_e82d1328 ON public.privilege_points USING btree (date_added);


--
-- Name: privilege_points_updater_id_1cf14e45; Type: INDEX; Schema: public; Owner: nexsme
--

CREATE INDEX privilege_points_updater_id_1cf14e45 ON public.privilege_points USING btree (updater_id);


--
-- Name: product_hsn_code_creator_id_c9ce9865; Type: INDEX; Schema: public; Owner: nexsme
--

CREATE INDEX product_hsn_code_creator_id_c9ce9865 ON public.product_hsn_code USING btree (creator_id);


--
-- Name: product_hsn_code_date_added_365a6665; Type: INDEX; Schema: public; Owner: nexsme
--

CREATE INDEX product_hsn_code_date_added_365a6665 ON public.product_hsn_code USING btree (date_added);


--
-- Name: product_hsn_code_unit_id_d76f5c9e; Type: INDEX; Schema: public; Owner: nexsme
--

CREATE INDEX product_hsn_code_unit_id_d76f5c9e ON public.product_hsn_code USING btree (unit_id);


--
-- Name: product_hsn_code_updater_id_d41bd083; Type: INDEX; Schema: public; Owner: nexsme
--

CREATE INDEX product_hsn_code_updater_id_d41bd083 ON public.product_hsn_code USING btree (updater_id);


--
-- Name: product_stock_batch_id_58af0926; Type: INDEX; Schema: public; Owner: nexsme
--

CREATE INDEX product_stock_batch_id_58af0926 ON public.product_stock USING btree (batch_id);


--
-- Name: product_stock_product_variant_id_5eb9072a; Type: INDEX; Schema: public; Owner: nexsme
--

CREATE INDEX product_stock_product_variant_id_5eb9072a ON public.product_stock USING btree (product_variant_id);


--
-- Name: product_stock_warehouse_id_6ab44a4b; Type: INDEX; Schema: public; Owner: nexsme
--

CREATE INDEX product_stock_warehouse_id_6ab44a4b ON public.product_stock USING btree (warehouse_id);


--
-- Name: products_brand_creator_id_9af5a1d0; Type: INDEX; Schema: public; Owner: nexsme
--

CREATE INDEX products_brand_creator_id_9af5a1d0 ON public.products_brand USING btree (creator_id);


--
-- Name: products_brand_date_added_1f2362c5; Type: INDEX; Schema: public; Owner: nexsme
--

CREATE INDEX products_brand_date_added_1f2362c5 ON public.products_brand USING btree (date_added);


--
-- Name: products_brand_updater_id_476398fc; Type: INDEX; Schema: public; Owner: nexsme
--

CREATE INDEX products_brand_updater_id_476398fc ON public.products_brand USING btree (updater_id);


--
-- Name: products_category_creator_id_b64be08e; Type: INDEX; Schema: public; Owner: nexsme
--

CREATE INDEX products_category_creator_id_b64be08e ON public.products_category USING btree (creator_id);


--
-- Name: products_category_date_added_bf596973; Type: INDEX; Schema: public; Owner: nexsme
--

CREATE INDEX products_category_date_added_bf596973 ON public.products_category USING btree (date_added);


--
-- Name: products_category_updater_id_d476cdeb; Type: INDEX; Schema: public; Owner: nexsme
--

CREATE INDEX products_category_updater_id_d476cdeb ON public.products_category USING btree (updater_id);


--
-- Name: products_product_brand_id_3e2e8fd1; Type: INDEX; Schema: public; Owner: nexsme
--

CREATE INDEX products_product_brand_id_3e2e8fd1 ON public.products_product USING btree (brand_id);


--
-- Name: products_product_category_id_9b594869; Type: INDEX; Schema: public; Owner: nexsme
--

CREATE INDEX products_product_category_id_9b594869 ON public.products_product USING btree (category_id);


--
-- Name: products_product_creator_id_34c5af30; Type: INDEX; Schema: public; Owner: nexsme
--

CREATE INDEX products_product_creator_id_34c5af30 ON public.products_product USING btree (creator_id);


--
-- Name: products_product_date_added_b8f7f1bd; Type: INDEX; Schema: public; Owner: nexsme
--

CREATE INDEX products_product_date_added_b8f7f1bd ON public.products_product USING btree (date_added);


--
-- Name: products_product_hsn_id_5b962fea; Type: INDEX; Schema: public; Owner: nexsme
--

CREATE INDEX products_product_hsn_id_5b962fea ON public.products_product USING btree (hsn_id);


--
-- Name: products_product_image_creator_id_14270e46; Type: INDEX; Schema: public; Owner: nexsme
--

CREATE INDEX products_product_image_creator_id_14270e46 ON public.products_product_image USING btree (creator_id);


--
-- Name: products_product_image_date_added_c3a8b756; Type: INDEX; Schema: public; Owner: nexsme
--

CREATE INDEX products_product_image_date_added_c3a8b756 ON public.products_product_image USING btree (date_added);


--
-- Name: products_product_image_product_variant_id_a98efec2; Type: INDEX; Schema: public; Owner: nexsme
--

CREATE INDEX products_product_image_product_variant_id_a98efec2 ON public.products_product_image USING btree (product_variant_id);


--
-- Name: products_product_image_updater_id_18053b63; Type: INDEX; Schema: public; Owner: nexsme
--

CREATE INDEX products_product_image_updater_id_18053b63 ON public.products_product_image USING btree (updater_id);


--
-- Name: products_product_special_category_id_0882a913; Type: INDEX; Schema: public; Owner: nexsme
--

CREATE INDEX products_product_special_category_id_0882a913 ON public.products_product USING btree (special_category_id);


--
-- Name: products_product_subcategory_id_b28a1e3b; Type: INDEX; Schema: public; Owner: nexsme
--

CREATE INDEX products_product_subcategory_id_b28a1e3b ON public.products_product USING btree (subcategory_id);


--
-- Name: products_product_unit_of_measurement_id_ab58e750; Type: INDEX; Schema: public; Owner: nexsme
--

CREATE INDEX products_product_unit_of_measurement_id_ab58e750 ON public.products_product USING btree (unit_of_measurement_id);


--
-- Name: products_product_updater_id_fe83239f; Type: INDEX; Schema: public; Owner: nexsme
--

CREATE INDEX products_product_updater_id_fe83239f ON public.products_product USING btree (updater_id);


--
-- Name: products_product_variant_colour_variation_id_315d48a6; Type: INDEX; Schema: public; Owner: nexsme
--

CREATE INDEX products_product_variant_colour_variation_id_315d48a6 ON public.products_product_variant USING btree (colour_variation_id);


--
-- Name: products_product_variant_creator_id_dd4f67b2; Type: INDEX; Schema: public; Owner: nexsme
--

CREATE INDEX products_product_variant_creator_id_dd4f67b2 ON public.products_product_variant USING btree (creator_id);


--
-- Name: products_product_variant_date_added_7ddca63d; Type: INDEX; Schema: public; Owner: nexsme
--

CREATE INDEX products_product_variant_date_added_7ddca63d ON public.products_product_variant USING btree (date_added);


--
-- Name: products_product_variant_other_variation_id_c6323f0e; Type: INDEX; Schema: public; Owner: nexsme
--

CREATE INDEX products_product_variant_other_variation_id_c6323f0e ON public.products_product_variant USING btree (other_variation_id);


--
-- Name: products_product_variant_product_code_fa241e46_like; Type: INDEX; Schema: public; Owner: nexsme
--

CREATE INDEX products_product_variant_product_code_fa241e46_like ON public.products_product_variant USING btree (product_code varchar_pattern_ops);


--
-- Name: products_product_variant_product_id_f5ced6a1; Type: INDEX; Schema: public; Owner: nexsme
--

CREATE INDEX products_product_variant_product_id_f5ced6a1 ON public.products_product_variant USING btree (product_id);


--
-- Name: products_product_variant_size_variation_id_455901a4; Type: INDEX; Schema: public; Owner: nexsme
--

CREATE INDEX products_product_variant_size_variation_id_455901a4 ON public.products_product_variant USING btree (size_variation_id);


--
-- Name: products_product_variant_unit_id_4a7f296a; Type: INDEX; Schema: public; Owner: nexsme
--

CREATE INDEX products_product_variant_unit_id_4a7f296a ON public.products_product_variant USING btree (unit_id);


--
-- Name: products_product_variant_updater_id_cbe07c07; Type: INDEX; Schema: public; Owner: nexsme
--

CREATE INDEX products_product_variant_updater_id_cbe07c07 ON public.products_product_variant USING btree (updater_id);


--
-- Name: products_product_variant_warehouse_id_fde4c94d; Type: INDEX; Schema: public; Owner: nexsme
--

CREATE INDEX products_product_variant_warehouse_id_fde4c94d ON public.products_product_variant USING btree (warehouse_id);


--
-- Name: products_product_vendor_id_4c43277c; Type: INDEX; Schema: public; Owner: nexsme
--

CREATE INDEX products_product_vendor_id_4c43277c ON public.products_product USING btree (vendor_id);


--
-- Name: products_special_category_creator_id_3c1b6926; Type: INDEX; Schema: public; Owner: nexsme
--

CREATE INDEX products_special_category_creator_id_3c1b6926 ON public.products_special_category USING btree (creator_id);


--
-- Name: products_special_category_date_added_3e2c77c9; Type: INDEX; Schema: public; Owner: nexsme
--

CREATE INDEX products_special_category_date_added_3e2c77c9 ON public.products_special_category USING btree (date_added);


--
-- Name: products_special_category_updater_id_11b131a6; Type: INDEX; Schema: public; Owner: nexsme
--

CREATE INDEX products_special_category_updater_id_11b131a6 ON public.products_special_category USING btree (updater_id);


--
-- Name: products_sub_category_category_id_6587a3a2; Type: INDEX; Schema: public; Owner: nexsme
--

CREATE INDEX products_sub_category_category_id_6587a3a2 ON public.products_sub_category USING btree (category_id);


--
-- Name: products_sub_category_creator_id_27a63ae7; Type: INDEX; Schema: public; Owner: nexsme
--

CREATE INDEX products_sub_category_creator_id_27a63ae7 ON public.products_sub_category USING btree (creator_id);


--
-- Name: products_sub_category_date_added_42974aa8; Type: INDEX; Schema: public; Owner: nexsme
--

CREATE INDEX products_sub_category_date_added_42974aa8 ON public.products_sub_category USING btree (date_added);


--
-- Name: products_sub_category_updater_id_9052720c; Type: INDEX; Schema: public; Owner: nexsme
--

CREATE INDEX products_sub_category_updater_id_9052720c ON public.products_sub_category USING btree (updater_id);


--
-- Name: products_unit_creator_id_8b6518e9; Type: INDEX; Schema: public; Owner: nexsme
--

CREATE INDEX products_unit_creator_id_8b6518e9 ON public.products_unit USING btree (creator_id);


--
-- Name: products_unit_date_added_0910748d; Type: INDEX; Schema: public; Owner: nexsme
--

CREATE INDEX products_unit_date_added_0910748d ON public.products_unit USING btree (date_added);


--
-- Name: products_unit_measurement_creator_id_26356ff1; Type: INDEX; Schema: public; Owner: nexsme
--

CREATE INDEX products_unit_measurement_creator_id_26356ff1 ON public.products_unit_measurement USING btree (creator_id);


--
-- Name: products_unit_measurement_date_added_fcb5d0ce; Type: INDEX; Schema: public; Owner: nexsme
--

CREATE INDEX products_unit_measurement_date_added_fcb5d0ce ON public.products_unit_measurement USING btree (date_added);


--
-- Name: products_unit_measurement_updater_id_d8e12c40; Type: INDEX; Schema: public; Owner: nexsme
--

CREATE INDEX products_unit_measurement_updater_id_d8e12c40 ON public.products_unit_measurement USING btree (updater_id);


--
-- Name: products_unit_unit_of_measurement_id_a326b2ac; Type: INDEX; Schema: public; Owner: nexsme
--

CREATE INDEX products_unit_unit_of_measurement_id_a326b2ac ON public.products_unit USING btree (unit_of_measurement_id);


--
-- Name: products_unit_updater_id_7f8d8a05; Type: INDEX; Schema: public; Owner: nexsme
--

CREATE INDEX products_unit_updater_id_7f8d8a05 ON public.products_unit USING btree (updater_id);


--
-- Name: purchase_creator_id_63d20283; Type: INDEX; Schema: public; Owner: nexsme
--

CREATE INDEX purchase_creator_id_63d20283 ON public.purchase USING btree (creator_id);


--
-- Name: purchase_date_added_680c220d; Type: INDEX; Schema: public; Owner: nexsme
--

CREATE INDEX purchase_date_added_680c220d ON public.purchase USING btree (date_added);


--
-- Name: purchase_item_batch_id_07ed9f91; Type: INDEX; Schema: public; Owner: nexsme
--

CREATE INDEX purchase_item_batch_id_07ed9f91 ON public.purchase_item USING btree (batch_id);


--
-- Name: purchase_item_product_variant_id_9d882c83; Type: INDEX; Schema: public; Owner: nexsme
--

CREATE INDEX purchase_item_product_variant_id_9d882c83 ON public.purchase_item USING btree (product_variant_id);


--
-- Name: purchase_item_purchase_id_ae31d28e; Type: INDEX; Schema: public; Owner: nexsme
--

CREATE INDEX purchase_item_purchase_id_ae31d28e ON public.purchase_item USING btree (purchase_id);


--
-- Name: purchase_order_creator_id_ab7196ed; Type: INDEX; Schema: public; Owner: nexsme
--

CREATE INDEX purchase_order_creator_id_ab7196ed ON public.purchase_order USING btree (creator_id);


--
-- Name: purchase_order_date_added_43f7bd1c; Type: INDEX; Schema: public; Owner: nexsme
--

CREATE INDEX purchase_order_date_added_43f7bd1c ON public.purchase_order USING btree (date_added);


--
-- Name: purchase_order_item_batch_id_6ac5076d; Type: INDEX; Schema: public; Owner: nexsme
--

CREATE INDEX purchase_order_item_batch_id_6ac5076d ON public.purchase_order_item USING btree (batch_id);


--
-- Name: purchase_order_item_product_variant_id_a492e653; Type: INDEX; Schema: public; Owner: nexsme
--

CREATE INDEX purchase_order_item_product_variant_id_a492e653 ON public.purchase_order_item USING btree (product_variant_id);


--
-- Name: purchase_order_item_purchase_order_id_acc6db73; Type: INDEX; Schema: public; Owner: nexsme
--

CREATE INDEX purchase_order_item_purchase_order_id_acc6db73 ON public.purchase_order_item USING btree (purchase_order_id);


--
-- Name: purchase_order_supplier_id_f3ce40ee; Type: INDEX; Schema: public; Owner: nexsme
--

CREATE INDEX purchase_order_supplier_id_f3ce40ee ON public.purchase_order USING btree (supplier_id);


--
-- Name: purchase_order_updater_id_507f1761; Type: INDEX; Schema: public; Owner: nexsme
--

CREATE INDEX purchase_order_updater_id_507f1761 ON public.purchase_order USING btree (updater_id);


--
-- Name: purchase_order_warehouse_id_2bb9b357; Type: INDEX; Schema: public; Owner: nexsme
--

CREATE INDEX purchase_order_warehouse_id_2bb9b357 ON public.purchase_order USING btree (warehouse_id);


--
-- Name: purchase_purchase_prefix_id_faca0061; Type: INDEX; Schema: public; Owner: nexsme
--

CREATE INDEX purchase_purchase_prefix_id_faca0061 ON public.purchase USING btree (purchase_prefix_id);


--
-- Name: purchase_return_creator_id_6f14c0b2; Type: INDEX; Schema: public; Owner: nexsme
--

CREATE INDEX purchase_return_creator_id_6f14c0b2 ON public.purchase_return USING btree (creator_id);


--
-- Name: purchase_return_date_added_07b3d9db; Type: INDEX; Schema: public; Owner: nexsme
--

CREATE INDEX purchase_return_date_added_07b3d9db ON public.purchase_return USING btree (date_added);


--
-- Name: purchase_return_item_batch_id_f29045d2; Type: INDEX; Schema: public; Owner: nexsme
--

CREATE INDEX purchase_return_item_batch_id_f29045d2 ON public.purchase_return_item USING btree (batch_id);


--
-- Name: purchase_return_item_product_id_c8dac44f; Type: INDEX; Schema: public; Owner: nexsme
--

CREATE INDEX purchase_return_item_product_id_c8dac44f ON public.purchase_return_item USING btree (product_id);


--
-- Name: purchase_return_item_product_variant_id_3b06df43; Type: INDEX; Schema: public; Owner: nexsme
--

CREATE INDEX purchase_return_item_product_variant_id_3b06df43 ON public.purchase_return_item USING btree (product_variant_id);


--
-- Name: purchase_return_item_purchase_item_id_0620450f; Type: INDEX; Schema: public; Owner: nexsme
--

CREATE INDEX purchase_return_item_purchase_item_id_0620450f ON public.purchase_return_item USING btree (purchase_item_id);


--
-- Name: purchase_return_item_purchase_return_id_22f49d0e; Type: INDEX; Schema: public; Owner: nexsme
--

CREATE INDEX purchase_return_item_purchase_return_id_22f49d0e ON public.purchase_return_item USING btree (purchase_return_id);


--
-- Name: purchase_return_purchase_id_b1b9da4e; Type: INDEX; Schema: public; Owner: nexsme
--

CREATE INDEX purchase_return_purchase_id_b1b9da4e ON public.purchase_return USING btree (purchase_id);


--
-- Name: purchase_return_supplier_id_3b6c26db; Type: INDEX; Schema: public; Owner: nexsme
--

CREATE INDEX purchase_return_supplier_id_3b6c26db ON public.purchase_return USING btree (supplier_id);


--
-- Name: purchase_return_updater_id_6cd3dd53; Type: INDEX; Schema: public; Owner: nexsme
--

CREATE INDEX purchase_return_updater_id_6cd3dd53 ON public.purchase_return USING btree (updater_id);


--
-- Name: purchase_supplier_id_efe205b7; Type: INDEX; Schema: public; Owner: nexsme
--

CREATE INDEX purchase_supplier_id_efe205b7 ON public.purchase USING btree (supplier_id);


--
-- Name: purchase_updater_id_8b151978; Type: INDEX; Schema: public; Owner: nexsme
--

CREATE INDEX purchase_updater_id_8b151978 ON public.purchase USING btree (updater_id);


--
-- Name: purchase_warehouse_id_f6182a98; Type: INDEX; Schema: public; Owner: nexsme
--

CREATE INDEX purchase_warehouse_id_f6182a98 ON public.purchase USING btree (warehouse_id);


--
-- Name: return_images_creator_id_f2483bd1; Type: INDEX; Schema: public; Owner: nexsme
--

CREATE INDEX return_images_creator_id_f2483bd1 ON public.return_images USING btree (creator_id);


--
-- Name: return_images_date_added_c40fde0f; Type: INDEX; Schema: public; Owner: nexsme
--

CREATE INDEX return_images_date_added_c40fde0f ON public.return_images USING btree (date_added);


--
-- Name: return_images_product_return_id_29d1c8fd; Type: INDEX; Schema: public; Owner: nexsme
--

CREATE INDEX return_images_product_return_id_29d1c8fd ON public.return_images USING btree (product_return_id);


--
-- Name: return_images_updater_id_ce2109e0; Type: INDEX; Schema: public; Owner: nexsme
--

CREATE INDEX return_images_updater_id_ce2109e0 ON public.return_images USING btree (updater_id);


--
-- Name: salary_pay_creator_id_7fe1b925; Type: INDEX; Schema: public; Owner: nexsme
--

CREATE INDEX salary_pay_creator_id_7fe1b925 ON public.salary_pay USING btree (creator_id);


--
-- Name: salary_pay_date_added_649e9a81; Type: INDEX; Schema: public; Owner: nexsme
--

CREATE INDEX salary_pay_date_added_649e9a81 ON public.salary_pay USING btree (date_added);


--
-- Name: salary_pay_staff_id_7308fc7a; Type: INDEX; Schema: public; Owner: nexsme
--

CREATE INDEX salary_pay_staff_id_7308fc7a ON public.salary_pay USING btree (staff_id);


--
-- Name: salary_pay_updater_id_9094dbe1; Type: INDEX; Schema: public; Owner: nexsme
--

CREATE INDEX salary_pay_updater_id_9094dbe1 ON public.salary_pay USING btree (updater_id);


--
-- Name: sale_return_creator_id_ca4dfdc8; Type: INDEX; Schema: public; Owner: nexsme
--

CREATE INDEX sale_return_creator_id_ca4dfdc8 ON public.sale_return USING btree (creator_id);


--
-- Name: sale_return_customer_id_2dbf9690; Type: INDEX; Schema: public; Owner: nexsme
--

CREATE INDEX sale_return_customer_id_2dbf9690 ON public.sale_return USING btree (customer_id);


--
-- Name: sale_return_date_added_89c42395; Type: INDEX; Schema: public; Owner: nexsme
--

CREATE INDEX sale_return_date_added_89c42395 ON public.sale_return USING btree (date_added);


--
-- Name: sale_return_item_batch_id_a264bc1a; Type: INDEX; Schema: public; Owner: nexsme
--

CREATE INDEX sale_return_item_batch_id_a264bc1a ON public.sale_return_item USING btree (batch_id);


--
-- Name: sale_return_item_product_id_b74d2eab; Type: INDEX; Schema: public; Owner: nexsme
--

CREATE INDEX sale_return_item_product_id_b74d2eab ON public.sale_return_item USING btree (product_id);


--
-- Name: sale_return_item_product_variant_id_e61feb36; Type: INDEX; Schema: public; Owner: nexsme
--

CREATE INDEX sale_return_item_product_variant_id_e61feb36 ON public.sale_return_item USING btree (product_variant_id);


--
-- Name: sale_return_item_sale_item_id_86bf752a; Type: INDEX; Schema: public; Owner: nexsme
--

CREATE INDEX sale_return_item_sale_item_id_86bf752a ON public.sale_return_item USING btree (sale_item_id);


--
-- Name: sale_return_item_sale_return_id_69ce4fd8; Type: INDEX; Schema: public; Owner: nexsme
--

CREATE INDEX sale_return_item_sale_return_id_69ce4fd8 ON public.sale_return_item USING btree (sale_return_id);


--
-- Name: sale_return_sale_id_5cb39e41; Type: INDEX; Schema: public; Owner: nexsme
--

CREATE INDEX sale_return_sale_id_5cb39e41 ON public.sale_return USING btree (sale_id);


--
-- Name: sale_return_updater_id_35e400db; Type: INDEX; Schema: public; Owner: nexsme
--

CREATE INDEX sale_return_updater_id_35e400db ON public.sale_return USING btree (updater_id);


--
-- Name: sale_return_warehouse_id_870f2b0c; Type: INDEX; Schema: public; Owner: nexsme
--

CREATE INDEX sale_return_warehouse_id_870f2b0c ON public.sale_return USING btree (warehouse_id);


--
-- Name: sales_creator_id_d767af96; Type: INDEX; Schema: public; Owner: nexsme
--

CREATE INDEX sales_creator_id_d767af96 ON public.sales USING btree (creator_id);


--
-- Name: sales_customer_id_b4959801; Type: INDEX; Schema: public; Owner: nexsme
--

CREATE INDEX sales_customer_id_b4959801 ON public.sales USING btree (customer_id);


--
-- Name: sales_date_added_12b12097; Type: INDEX; Schema: public; Owner: nexsme
--

CREATE INDEX sales_date_added_12b12097 ON public.sales USING btree (date_added);


--
-- Name: sales_sale_item_batch_id_7abe5bf7; Type: INDEX; Schema: public; Owner: nexsme
--

CREATE INDEX sales_sale_item_batch_id_7abe5bf7 ON public.sales_sale_item USING btree (batch_id);


--
-- Name: sales_sale_item_product_variant_id_b2c2abdf; Type: INDEX; Schema: public; Owner: nexsme
--

CREATE INDEX sales_sale_item_product_variant_id_b2c2abdf ON public.sales_sale_item USING btree (product_variant_id);


--
-- Name: sales_sale_item_sale_id_76eaa814; Type: INDEX; Schema: public; Owner: nexsme
--

CREATE INDEX sales_sale_item_sale_id_76eaa814 ON public.sales_sale_item USING btree (sale_id);


--
-- Name: sales_sale_prefix_id_c62f025c; Type: INDEX; Schema: public; Owner: nexsme
--

CREATE INDEX sales_sale_prefix_id_c62f025c ON public.sales USING btree (sale_prefix_id);


--
-- Name: sales_updater_id_a64fa776; Type: INDEX; Schema: public; Owner: nexsme
--

CREATE INDEX sales_updater_id_a64fa776 ON public.sales USING btree (updater_id);


--
-- Name: sales_warehouse_id_84e0b516; Type: INDEX; Schema: public; Owner: nexsme
--

CREATE INDEX sales_warehouse_id_84e0b516 ON public.sales USING btree (warehouse_id);


--
-- Name: special_variant_creator_id_9a2f8939; Type: INDEX; Schema: public; Owner: nexsme
--

CREATE INDEX special_variant_creator_id_9a2f8939 ON public.special_variant USING btree (creator_id);


--
-- Name: special_variant_date_added_575c7827; Type: INDEX; Schema: public; Owner: nexsme
--

CREATE INDEX special_variant_date_added_575c7827 ON public.special_variant USING btree (date_added);


--
-- Name: special_variant_product_variant_productvariant_id_f2415396; Type: INDEX; Schema: public; Owner: nexsme
--

CREATE INDEX special_variant_product_variant_productvariant_id_f2415396 ON public.special_variant_product_variant USING btree (productvariant_id);


--
-- Name: special_variant_product_variant_specialvariant_id_7b1e7b1b; Type: INDEX; Schema: public; Owner: nexsme
--

CREATE INDEX special_variant_product_variant_specialvariant_id_7b1e7b1b ON public.special_variant_product_variant USING btree (specialvariant_id);


--
-- Name: special_variant_updater_id_708ebca3; Type: INDEX; Schema: public; Owner: nexsme
--

CREATE INDEX special_variant_updater_id_708ebca3 ON public.special_variant USING btree (updater_id);


--
-- Name: staff_attendence_creator_id_0920f368; Type: INDEX; Schema: public; Owner: nexsme
--

CREATE INDEX staff_attendence_creator_id_0920f368 ON public.staff_attendence USING btree (creator_id);


--
-- Name: staff_attendence_date_added_71809dc6; Type: INDEX; Schema: public; Owner: nexsme
--

CREATE INDEX staff_attendence_date_added_71809dc6 ON public.staff_attendence USING btree (date_added);


--
-- Name: staff_attendence_staff_id_d6748ba4; Type: INDEX; Schema: public; Owner: nexsme
--

CREATE INDEX staff_attendence_staff_id_d6748ba4 ON public.staff_attendence USING btree (staff_id);


--
-- Name: staff_attendence_updater_id_8281af3a; Type: INDEX; Schema: public; Owner: nexsme
--

CREATE INDEX staff_attendence_updater_id_8281af3a ON public.staff_attendence USING btree (updater_id);


--
-- Name: staff_creator_id_3adcbdeb; Type: INDEX; Schema: public; Owner: nexsme
--

CREATE INDEX staff_creator_id_3adcbdeb ON public.staff USING btree (creator_id);


--
-- Name: staff_date_added_a4b5fcd6; Type: INDEX; Schema: public; Owner: nexsme
--

CREATE INDEX staff_date_added_a4b5fcd6 ON public.staff USING btree (date_added);


--
-- Name: staff_designation_id_5370c180; Type: INDEX; Schema: public; Owner: nexsme
--

CREATE INDEX staff_designation_id_5370c180 ON public.staff USING btree (designation_id);


--
-- Name: staff_permission_permission_id_db9b3f33; Type: INDEX; Schema: public; Owner: nexsme
--

CREATE INDEX staff_permission_permission_id_db9b3f33 ON public.staff_permission USING btree (permission_id);


--
-- Name: staff_permission_staff_id_697f9421; Type: INDEX; Schema: public; Owner: nexsme
--

CREATE INDEX staff_permission_staff_id_697f9421 ON public.staff_permission USING btree (staff_id);


--
-- Name: staff_salary_allowance_creator_id_9f39108d; Type: INDEX; Schema: public; Owner: nexsme
--

CREATE INDEX staff_salary_allowance_creator_id_9f39108d ON public.staff_salary_allowance USING btree (creator_id);


--
-- Name: staff_salary_allowance_date_added_2857c70c; Type: INDEX; Schema: public; Owner: nexsme
--

CREATE INDEX staff_salary_allowance_date_added_2857c70c ON public.staff_salary_allowance USING btree (date_added);


--
-- Name: staff_salary_allowance_staff_id_7aa5764f; Type: INDEX; Schema: public; Owner: nexsme
--

CREATE INDEX staff_salary_allowance_staff_id_7aa5764f ON public.staff_salary_allowance USING btree (staff_id);


--
-- Name: staff_salary_allowance_updater_id_0880b574; Type: INDEX; Schema: public; Owner: nexsme
--

CREATE INDEX staff_salary_allowance_updater_id_0880b574 ON public.staff_salary_allowance USING btree (updater_id);


--
-- Name: staff_updater_id_491d90f5; Type: INDEX; Schema: public; Owner: nexsme
--

CREATE INDEX staff_updater_id_491d90f5 ON public.staff USING btree (updater_id);


--
-- Name: staff_warehouse_id_1ea8b77d; Type: INDEX; Schema: public; Owner: nexsme
--

CREATE INDEX staff_warehouse_id_1ea8b77d ON public.staff USING btree (warehouse_id);


--
-- Name: stock_transfer_creator_id_917a3181; Type: INDEX; Schema: public; Owner: nexsme
--

CREATE INDEX stock_transfer_creator_id_917a3181 ON public.stock_transfer USING btree (creator_id);


--
-- Name: stock_transfer_date_added_6eecae7c; Type: INDEX; Schema: public; Owner: nexsme
--

CREATE INDEX stock_transfer_date_added_6eecae7c ON public.stock_transfer USING btree (date_added);


--
-- Name: stock_transfer_items_batch_id_6e12881d; Type: INDEX; Schema: public; Owner: nexsme
--

CREATE INDEX stock_transfer_items_batch_id_6e12881d ON public.stock_transfer_items USING btree (batch_id);


--
-- Name: stock_transfer_items_creator_id_4aa0f9b4; Type: INDEX; Schema: public; Owner: nexsme
--

CREATE INDEX stock_transfer_items_creator_id_4aa0f9b4 ON public.stock_transfer_items USING btree (creator_id);


--
-- Name: stock_transfer_items_date_added_643ef65a; Type: INDEX; Schema: public; Owner: nexsme
--

CREATE INDEX stock_transfer_items_date_added_643ef65a ON public.stock_transfer_items USING btree (date_added);


--
-- Name: stock_transfer_items_product_variant_id_10090a13; Type: INDEX; Schema: public; Owner: nexsme
--

CREATE INDEX stock_transfer_items_product_variant_id_10090a13 ON public.stock_transfer_items USING btree (product_variant_id);


--
-- Name: stock_transfer_items_stock_transfer_id_8b4d6f0e; Type: INDEX; Schema: public; Owner: nexsme
--

CREATE INDEX stock_transfer_items_stock_transfer_id_8b4d6f0e ON public.stock_transfer_items USING btree (stock_transfer_id);


--
-- Name: stock_transfer_items_updater_id_e94dc7ab; Type: INDEX; Schema: public; Owner: nexsme
--

CREATE INDEX stock_transfer_items_updater_id_e94dc7ab ON public.stock_transfer_items USING btree (updater_id);


--
-- Name: stock_transfer_to_warehouse_id_9c565097; Type: INDEX; Schema: public; Owner: nexsme
--

CREATE INDEX stock_transfer_to_warehouse_id_9c565097 ON public.stock_transfer USING btree (to_warehouse_id);


--
-- Name: stock_transfer_updater_id_daf05e5e; Type: INDEX; Schema: public; Owner: nexsme
--

CREATE INDEX stock_transfer_updater_id_daf05e5e ON public.stock_transfer USING btree (updater_id);


--
-- Name: stock_transfer_warehouse_id_98a99844; Type: INDEX; Schema: public; Owner: nexsme
--

CREATE INDEX stock_transfer_warehouse_id_98a99844 ON public.stock_transfer USING btree (warehouse_id);


--
-- Name: stock_update_creator_id_cf29eb24; Type: INDEX; Schema: public; Owner: nexsme
--

CREATE INDEX stock_update_creator_id_cf29eb24 ON public.stock_update USING btree (creator_id);


--
-- Name: stock_update_date_added_2c99da19; Type: INDEX; Schema: public; Owner: nexsme
--

CREATE INDEX stock_update_date_added_2c99da19 ON public.stock_update USING btree (date_added);


--
-- Name: stock_update_item_batch_id_3fb160b5; Type: INDEX; Schema: public; Owner: nexsme
--

CREATE INDEX stock_update_item_batch_id_3fb160b5 ON public.stock_update_item USING btree (batch_id);


--
-- Name: stock_update_item_product_variant_id_9156dec5; Type: INDEX; Schema: public; Owner: nexsme
--

CREATE INDEX stock_update_item_product_variant_id_9156dec5 ON public.stock_update_item USING btree (product_variant_id);


--
-- Name: stock_update_item_stockupdate_id_79d2ec56; Type: INDEX; Schema: public; Owner: nexsme
--

CREATE INDEX stock_update_item_stockupdate_id_79d2ec56 ON public.stock_update_item USING btree (stockupdate_id);


--
-- Name: stock_update_updater_id_412fb489; Type: INDEX; Schema: public; Owner: nexsme
--

CREATE INDEX stock_update_updater_id_412fb489 ON public.stock_update USING btree (updater_id);


--
-- Name: stock_update_warehouse_id_f0f5eea0; Type: INDEX; Schema: public; Owner: nexsme
--

CREATE INDEX stock_update_warehouse_id_f0f5eea0 ON public.stock_update USING btree (warehouse_id);


--
-- Name: students_registration_profile_phone_197b4975_like; Type: INDEX; Schema: public; Owner: nexsme
--

CREATE INDEX students_registration_profile_phone_197b4975_like ON public.students_registration_profile USING btree (phone varchar_pattern_ops);


--
-- Name: suppliers_supplier_creator_id_07cc976c; Type: INDEX; Schema: public; Owner: nexsme
--

CREATE INDEX suppliers_supplier_creator_id_07cc976c ON public.suppliers_supplier USING btree (creator_id);


--
-- Name: suppliers_supplier_date_added_c86471ec; Type: INDEX; Schema: public; Owner: nexsme
--

CREATE INDEX suppliers_supplier_date_added_c86471ec ON public.suppliers_supplier USING btree (date_added);


--
-- Name: suppliers_supplier_updater_id_a9a0014f; Type: INDEX; Schema: public; Owner: nexsme
--

CREATE INDEX suppliers_supplier_updater_id_a9a0014f ON public.suppliers_supplier USING btree (updater_id);


--
-- Name: techpe_staff_record_creator_id_9ea540ca; Type: INDEX; Schema: public; Owner: nexsme
--

CREATE INDEX techpe_staff_record_creator_id_9ea540ca ON public.techpe_staff_record USING btree (creator_id);


--
-- Name: techpe_staff_record_date_added_e1d4732d; Type: INDEX; Schema: public; Owner: nexsme
--

CREATE INDEX techpe_staff_record_date_added_e1d4732d ON public.techpe_staff_record USING btree (date_added);


--
-- Name: techpe_staff_record_staff_id_3b03ef2a; Type: INDEX; Schema: public; Owner: nexsme
--

CREATE INDEX techpe_staff_record_staff_id_3b03ef2a ON public.techpe_staff_record USING btree (staff_id);


--
-- Name: techpe_staff_record_updater_id_73376052; Type: INDEX; Schema: public; Owner: nexsme
--

CREATE INDEX techpe_staff_record_updater_id_73376052 ON public.techpe_staff_record USING btree (updater_id);


--
-- Name: tickets_creator_id_2fc0e6d2; Type: INDEX; Schema: public; Owner: nexsme
--

CREATE INDEX tickets_creator_id_2fc0e6d2 ON public.tickets USING btree (creator_id);


--
-- Name: tickets_customer_id_1778b1f7; Type: INDEX; Schema: public; Owner: nexsme
--

CREATE INDEX tickets_customer_id_1778b1f7 ON public.tickets USING btree (customer_id);


--
-- Name: tickets_date_added_c0d38e07; Type: INDEX; Schema: public; Owner: nexsme
--

CREATE INDEX tickets_date_added_c0d38e07 ON public.tickets USING btree (date_added);


--
-- Name: tickets_updater_id_720df8cd; Type: INDEX; Schema: public; Owner: nexsme
--

CREATE INDEX tickets_updater_id_720df8cd ON public.tickets USING btree (updater_id);


--
-- Name: users_cartitem_customer_id_3aa9bb25; Type: INDEX; Schema: public; Owner: nexsme
--

CREATE INDEX users_cartitem_customer_id_3aa9bb25 ON public.users_cartitem USING btree (customer_id);


--
-- Name: users_cartitem_product_variant_id_2ffc31b9; Type: INDEX; Schema: public; Owner: nexsme
--

CREATE INDEX users_cartitem_product_variant_id_2ffc31b9 ON public.users_cartitem USING btree (product_variant_id);


--
-- Name: users_cartitem_warehouse_id_65535620; Type: INDEX; Schema: public; Owner: nexsme
--

CREATE INDEX users_cartitem_warehouse_id_65535620 ON public.users_cartitem USING btree (warehouse_id);


--
-- Name: users_notification_customer_id_ddee569d; Type: INDEX; Schema: public; Owner: nexsme
--

CREATE INDEX users_notification_customer_id_ddee569d ON public.users_notification USING btree (customer_id);


--
-- Name: users_notification_order_id_26554506; Type: INDEX; Schema: public; Owner: nexsme
--

CREATE INDEX users_notification_order_id_26554506 ON public.users_notification USING btree (order_id);


--
-- Name: users_notification_subject_id_03f187af; Type: INDEX; Schema: public; Owner: nexsme
--

CREATE INDEX users_notification_subject_id_03f187af ON public.users_notification USING btree (subject_id);


--
-- Name: users_notification_user_id_fed360c8; Type: INDEX; Schema: public; Owner: nexsme
--

CREATE INDEX users_notification_user_id_fed360c8 ON public.users_notification USING btree (user_id);


--
-- Name: users_notification_who_id_1bc02fb3; Type: INDEX; Schema: public; Owner: nexsme
--

CREATE INDEX users_notification_who_id_1bc02fb3 ON public.users_notification USING btree (who_id);


--
-- Name: users_user_login_user_id_1e0c5baa; Type: INDEX; Schema: public; Owner: nexsme
--

CREATE INDEX users_user_login_user_id_1e0c5baa ON public.users_user_login USING btree (user_id);


--
-- Name: users_wishlistitem_customer_id_3c1ca701; Type: INDEX; Schema: public; Owner: nexsme
--

CREATE INDEX users_wishlistitem_customer_id_3c1ca701 ON public.users_wishlistitem USING btree (customer_id);


--
-- Name: users_wishlistitem_product_variant_id_4f5db007; Type: INDEX; Schema: public; Owner: nexsme
--

CREATE INDEX users_wishlistitem_product_variant_id_4f5db007 ON public.users_wishlistitem USING btree (product_variant_id);


--
-- Name: vendors_commission_vendor_id_46d0d483; Type: INDEX; Schema: public; Owner: nexsme
--

CREATE INDEX vendors_commission_vendor_id_46d0d483 ON public.vendors_commission USING btree (vendor_id);


--
-- Name: vendors_vendor_creator_id_f1bab48a; Type: INDEX; Schema: public; Owner: nexsme
--

CREATE INDEX vendors_vendor_creator_id_f1bab48a ON public.vendors_vendor USING btree (creator_id);


--
-- Name: vendors_vendor_date_added_5cb446d7; Type: INDEX; Schema: public; Owner: nexsme
--

CREATE INDEX vendors_vendor_date_added_5cb446d7 ON public.vendors_vendor USING btree (date_added);


--
-- Name: vendors_vendor_deliverable_location_vendor_id_a1286659; Type: INDEX; Schema: public; Owner: nexsme
--

CREATE INDEX vendors_vendor_deliverable_location_vendor_id_a1286659 ON public.vendors_vendor_deliverable_location USING btree (vendor_id);


--
-- Name: vendors_vendor_deliverable_location_zone_id_d15159a0; Type: INDEX; Schema: public; Owner: nexsme
--

CREATE INDEX vendors_vendor_deliverable_location_zone_id_d15159a0 ON public.vendors_vendor_deliverable_location USING btree (zone_id);


--
-- Name: vendors_vendor_location_id_a62c69f7; Type: INDEX; Schema: public; Owner: nexsme
--

CREATE INDEX vendors_vendor_location_id_a62c69f7 ON public.vendors_vendor USING btree (location_id);


--
-- Name: vendors_vendor_updater_id_5e59b1f7; Type: INDEX; Schema: public; Owner: nexsme
--

CREATE INDEX vendors_vendor_updater_id_5e59b1f7 ON public.vendors_vendor USING btree (updater_id);


--
-- Name: vendors_vendor_zone_id_ca06c82a; Type: INDEX; Schema: public; Owner: nexsme
--

CREATE INDEX vendors_vendor_zone_id_ca06c82a ON public.vendors_vendor USING btree (zone_id);


--
-- Name: warehouse_creator_id_ca390d1b; Type: INDEX; Schema: public; Owner: nexsme
--

CREATE INDEX warehouse_creator_id_ca390d1b ON public.warehouse USING btree (creator_id);


--
-- Name: warehouse_date_added_d46f5b24; Type: INDEX; Schema: public; Owner: nexsme
--

CREATE INDEX warehouse_date_added_d46f5b24 ON public.warehouse USING btree (date_added);


--
-- Name: warehouse_deliverable_location_warehouse_id_c1f110a9; Type: INDEX; Schema: public; Owner: nexsme
--

CREATE INDEX warehouse_deliverable_location_warehouse_id_c1f110a9 ON public.warehouse_deliverable_location USING btree (warehouse_id);


--
-- Name: warehouse_deliverable_location_zone_id_7cbfc158; Type: INDEX; Schema: public; Owner: nexsme
--

CREATE INDEX warehouse_deliverable_location_zone_id_7cbfc158 ON public.warehouse_deliverable_location USING btree (zone_id);


--
-- Name: warehouse_location_id_00f5bf11; Type: INDEX; Schema: public; Owner: nexsme
--

CREATE INDEX warehouse_location_id_00f5bf11 ON public.warehouse USING btree (location_id);


--
-- Name: warehouse_manager_id_88a15ae0; Type: INDEX; Schema: public; Owner: nexsme
--

CREATE INDEX warehouse_manager_id_88a15ae0 ON public.warehouse USING btree (manager_id);


--
-- Name: warehouse_no_express_delivery_warehouse_id_51219f49; Type: INDEX; Schema: public; Owner: nexsme
--

CREATE INDEX warehouse_no_express_delivery_warehouse_id_51219f49 ON public.warehouse_no_express_delivery USING btree (warehouse_id);


--
-- Name: warehouse_no_express_delivery_zone_id_7dd21bfe; Type: INDEX; Schema: public; Owner: nexsme
--

CREATE INDEX warehouse_no_express_delivery_zone_id_7dd21bfe ON public.warehouse_no_express_delivery USING btree (zone_id);


--
-- Name: warehouse_updater_id_db0742a3; Type: INDEX; Schema: public; Owner: nexsme
--

CREATE INDEX warehouse_updater_id_db0742a3 ON public.warehouse USING btree (updater_id);


--
-- Name: warehouse_zone_id_09e97e47; Type: INDEX; Schema: public; Owner: nexsme
--

CREATE INDEX warehouse_zone_id_09e97e47 ON public.warehouse USING btree (zone_id);


--
-- Name: web_FeauturedCategory_category_id_d455bce9; Type: INDEX; Schema: public; Owner: nexsme
--

CREATE INDEX "web_FeauturedCategory_category_id_d455bce9" ON public."web_FeauturedCategory" USING btree (category_id);


--
-- Name: web_FeauturedCategory_creator_id_0abe369e; Type: INDEX; Schema: public; Owner: nexsme
--

CREATE INDEX "web_FeauturedCategory_creator_id_0abe369e" ON public."web_FeauturedCategory" USING btree (creator_id);


--
-- Name: web_FeauturedCategory_date_added_99c45639; Type: INDEX; Schema: public; Owner: nexsme
--

CREATE INDEX "web_FeauturedCategory_date_added_99c45639" ON public."web_FeauturedCategory" USING btree (date_added);


--
-- Name: web_FeauturedCategory_updater_id_93ce2b27; Type: INDEX; Schema: public; Owner: nexsme
--

CREATE INDEX "web_FeauturedCategory_updater_id_93ce2b27" ON public."web_FeauturedCategory" USING btree (updater_id);


--
-- Name: web_TrendingCategory_category_id_62630652; Type: INDEX; Schema: public; Owner: nexsme
--

CREATE INDEX "web_TrendingCategory_category_id_62630652" ON public."web_TrendingCategory" USING btree (category_id);


--
-- Name: web_TrendingCategory_creator_id_42d034a2; Type: INDEX; Schema: public; Owner: nexsme
--

CREATE INDEX "web_TrendingCategory_creator_id_42d034a2" ON public."web_TrendingCategory" USING btree (creator_id);


--
-- Name: web_TrendingCategory_date_added_2fd38e98; Type: INDEX; Schema: public; Owner: nexsme
--

CREATE INDEX "web_TrendingCategory_date_added_2fd38e98" ON public."web_TrendingCategory" USING btree (date_added);


--
-- Name: web_TrendingCategory_updater_id_fc885942; Type: INDEX; Schema: public; Owner: nexsme
--

CREATE INDEX "web_TrendingCategory_updater_id_fc885942" ON public."web_TrendingCategory" USING btree (updater_id);


--
-- Name: web_productreturn_creator_id_ed38cc45; Type: INDEX; Schema: public; Owner: nexsme
--

CREATE INDEX web_productreturn_creator_id_ed38cc45 ON public.web_productreturn USING btree (creator_id);


--
-- Name: web_productreturn_customer_account_id_c06bfd0e; Type: INDEX; Schema: public; Owner: nexsme
--

CREATE INDEX web_productreturn_customer_account_id_c06bfd0e ON public.web_productreturn USING btree (customer_account_id);


--
-- Name: web_productreturn_customer_address_id_22b0bf5b; Type: INDEX; Schema: public; Owner: nexsme
--

CREATE INDEX web_productreturn_customer_address_id_22b0bf5b ON public.web_productreturn USING btree (customer_address_id);


--
-- Name: web_productreturn_date_added_053ba767; Type: INDEX; Schema: public; Owner: nexsme
--

CREATE INDEX web_productreturn_date_added_053ba767 ON public.web_productreturn USING btree (date_added);


--
-- Name: web_productreturn_delivery_boy_id_0828cf82; Type: INDEX; Schema: public; Owner: nexsme
--

CREATE INDEX web_productreturn_delivery_boy_id_0828cf82 ON public.web_productreturn USING btree (delivery_boy_id);


--
-- Name: web_productreturn_order_id_731bb36a; Type: INDEX; Schema: public; Owner: nexsme
--

CREATE INDEX web_productreturn_order_id_731bb36a ON public.web_productreturn USING btree (order_id);


--
-- Name: web_productreturn_order_item_id_7ed5e915; Type: INDEX; Schema: public; Owner: nexsme
--

CREATE INDEX web_productreturn_order_item_id_7ed5e915 ON public.web_productreturn USING btree (order_item_id);


--
-- Name: web_productreturn_updater_id_acc1ff48; Type: INDEX; Schema: public; Owner: nexsme
--

CREATE INDEX web_productreturn_updater_id_acc1ff48 ON public.web_productreturn USING btree (updater_id);


--
-- Name: web_productreview_creator_id_3f7511d7; Type: INDEX; Schema: public; Owner: nexsme
--

CREATE INDEX web_productreview_creator_id_3f7511d7 ON public.web_productreview USING btree (creator_id);


--
-- Name: web_productreview_date_added_e2d9abfa; Type: INDEX; Schema: public; Owner: nexsme
--

CREATE INDEX web_productreview_date_added_e2d9abfa ON public.web_productreview USING btree (date_added);


--
-- Name: web_productreview_product_variant_id_d2100523; Type: INDEX; Schema: public; Owner: nexsme
--

CREATE INDEX web_productreview_product_variant_id_d2100523 ON public.web_productreview USING btree (product_variant_id);


--
-- Name: web_productreview_updater_id_da352572; Type: INDEX; Schema: public; Owner: nexsme
--

CREATE INDEX web_productreview_updater_id_da352572 ON public.web_productreview USING btree (updater_id);


--
-- Name: web_spotlightbanner_brand_id_5af72f13; Type: INDEX; Schema: public; Owner: nexsme
--

CREATE INDEX web_spotlightbanner_brand_id_5af72f13 ON public.web_spotlightbanner USING btree (brand_id);


--
-- Name: web_spotlightbanner_category_id_dcda9297; Type: INDEX; Schema: public; Owner: nexsme
--

CREATE INDEX web_spotlightbanner_category_id_dcda9297 ON public.web_spotlightbanner USING btree (category_id);


--
-- Name: web_spotlightbanner_creator_id_367149ad; Type: INDEX; Schema: public; Owner: nexsme
--

CREATE INDEX web_spotlightbanner_creator_id_367149ad ON public.web_spotlightbanner USING btree (creator_id);


--
-- Name: web_spotlightbanner_date_added_75679e8e; Type: INDEX; Schema: public; Owner: nexsme
--

CREATE INDEX web_spotlightbanner_date_added_75679e8e ON public.web_spotlightbanner USING btree (date_added);


--
-- Name: web_spotlightbanner_product_variant_id_ffccb843; Type: INDEX; Schema: public; Owner: nexsme
--

CREATE INDEX web_spotlightbanner_product_variant_id_ffccb843 ON public.web_spotlightbanner USING btree (product_variant_id);


--
-- Name: web_spotlightbanner_updater_id_b6c739d7; Type: INDEX; Schema: public; Owner: nexsme
--

CREATE INDEX web_spotlightbanner_updater_id_b6c739d7 ON public.web_spotlightbanner USING btree (updater_id);


--
-- Name: auth_group_permissions auth_group_permissio_permission_id_84c5c92e_fk_auth_perm; Type: FK CONSTRAINT; Schema: public; Owner: nexsme
--

ALTER TABLE ONLY public.auth_group_permissions
    ADD CONSTRAINT auth_group_permissio_permission_id_84c5c92e_fk_auth_perm FOREIGN KEY (permission_id) REFERENCES public.auth_permission(id) DEFERRABLE INITIALLY DEFERRED;


--
-- Name: auth_group_permissions auth_group_permissions_group_id_b120cbf9_fk_auth_group_id; Type: FK CONSTRAINT; Schema: public; Owner: nexsme
--

ALTER TABLE ONLY public.auth_group_permissions
    ADD CONSTRAINT auth_group_permissions_group_id_b120cbf9_fk_auth_group_id FOREIGN KEY (group_id) REFERENCES public.auth_group(id) DEFERRABLE INITIALLY DEFERRED;


--
-- Name: auth_permission auth_permission_content_type_id_2f476e4b_fk_django_co; Type: FK CONSTRAINT; Schema: public; Owner: nexsme
--

ALTER TABLE ONLY public.auth_permission
    ADD CONSTRAINT auth_permission_content_type_id_2f476e4b_fk_django_co FOREIGN KEY (content_type_id) REFERENCES public.django_content_type(id) DEFERRABLE INITIALLY DEFERRED;


--
-- Name: auth_user_groups auth_user_groups_group_id_97559544_fk_auth_group_id; Type: FK CONSTRAINT; Schema: public; Owner: nexsme
--

ALTER TABLE ONLY public.auth_user_groups
    ADD CONSTRAINT auth_user_groups_group_id_97559544_fk_auth_group_id FOREIGN KEY (group_id) REFERENCES public.auth_group(id) DEFERRABLE INITIALLY DEFERRED;


--
-- Name: auth_user_groups auth_user_groups_user_id_6a12ed8b_fk_auth_user_id; Type: FK CONSTRAINT; Schema: public; Owner: nexsme
--

ALTER TABLE ONLY public.auth_user_groups
    ADD CONSTRAINT auth_user_groups_user_id_6a12ed8b_fk_auth_user_id FOREIGN KEY (user_id) REFERENCES public.auth_user(id) DEFERRABLE INITIALLY DEFERRED;


--
-- Name: auth_user_user_permissions auth_user_user_permi_permission_id_1fbb5f2c_fk_auth_perm; Type: FK CONSTRAINT; Schema: public; Owner: nexsme
--

ALTER TABLE ONLY public.auth_user_user_permissions
    ADD CONSTRAINT auth_user_user_permi_permission_id_1fbb5f2c_fk_auth_perm FOREIGN KEY (permission_id) REFERENCES public.auth_permission(id) DEFERRABLE INITIALLY DEFERRED;


--
-- Name: auth_user_user_permissions auth_user_user_permissions_user_id_a95ead1b_fk_auth_user_id; Type: FK CONSTRAINT; Schema: public; Owner: nexsme
--

ALTER TABLE ONLY public.auth_user_user_permissions
    ADD CONSTRAINT auth_user_user_permissions_user_id_a95ead1b_fk_auth_user_id FOREIGN KEY (user_id) REFERENCES public.auth_user(id) DEFERRABLE INITIALLY DEFERRED;


--
-- Name: customer_bank_account customer_bank_accoun_customer_id_e0de9b6a_fk_customers; Type: FK CONSTRAINT; Schema: public; Owner: nexsme
--

ALTER TABLE ONLY public.customer_bank_account
    ADD CONSTRAINT customer_bank_accoun_customer_id_e0de9b6a_fk_customers FOREIGN KEY (customer_id) REFERENCES public.customers_customer(id) DEFERRABLE INITIALLY DEFERRED;


--
-- Name: customers_customer customers_customer_creator_id_1476a573_fk_auth_user_id; Type: FK CONSTRAINT; Schema: public; Owner: nexsme
--

ALTER TABLE ONLY public.customers_customer
    ADD CONSTRAINT customers_customer_creator_id_1476a573_fk_auth_user_id FOREIGN KEY (creator_id) REFERENCES public.auth_user(id) DEFERRABLE INITIALLY DEFERRED;


--
-- Name: customers_customer customers_customer_updater_id_fb08982a_fk_auth_user_id; Type: FK CONSTRAINT; Schema: public; Owner: nexsme
--

ALTER TABLE ONLY public.customers_customer
    ADD CONSTRAINT customers_customer_updater_id_fb08982a_fk_auth_user_id FOREIGN KEY (updater_id) REFERENCES public.auth_user(id) DEFERRABLE INITIALLY DEFERRED;


--
-- Name: customers_customer customers_customer_user_id_a9568d6c_fk_auth_user_id; Type: FK CONSTRAINT; Schema: public; Owner: nexsme
--

ALTER TABLE ONLY public.customers_customer
    ADD CONSTRAINT customers_customer_user_id_a9568d6c_fk_auth_user_id FOREIGN KEY (user_id) REFERENCES public.auth_user(id) DEFERRABLE INITIALLY DEFERRED;


--
-- Name: customers_customeraddress customers_customerad_customer_id_17a361bc_fk_customers; Type: FK CONSTRAINT; Schema: public; Owner: nexsme
--

ALTER TABLE ONLY public.customers_customeraddress
    ADD CONSTRAINT customers_customerad_customer_id_17a361bc_fk_customers FOREIGN KEY (customer_id) REFERENCES public.customers_customer(id) DEFERRABLE INITIALLY DEFERRED;


--
-- Name: customers_customeraddress customers_customeraddress_location_id_17fe4522_fk_location_id; Type: FK CONSTRAINT; Schema: public; Owner: nexsme
--

ALTER TABLE ONLY public.customers_customeraddress
    ADD CONSTRAINT customers_customeraddress_location_id_17fe4522_fk_location_id FOREIGN KEY (location_id) REFERENCES public.location(id) DEFERRABLE INITIALLY DEFERRED;


--
-- Name: customers_customeraddress customers_customeraddress_zone_id_c8ddc8d9_fk_zone_id; Type: FK CONSTRAINT; Schema: public; Owner: nexsme
--

ALTER TABLE ONLY public.customers_customeraddress
    ADD CONSTRAINT customers_customeraddress_zone_id_c8ddc8d9_fk_zone_id FOREIGN KEY (zone_id) REFERENCES public.zone(id) DEFERRABLE INITIALLY DEFERRED;


--
-- Name: deal_of_day deal_of_day_creator_id_9f340a2e_fk_auth_user_id; Type: FK CONSTRAINT; Schema: public; Owner: nexsme
--

ALTER TABLE ONLY public.deal_of_day
    ADD CONSTRAINT deal_of_day_creator_id_9f340a2e_fk_auth_user_id FOREIGN KEY (creator_id) REFERENCES public.auth_user(id) DEFERRABLE INITIALLY DEFERRED;


--
-- Name: deal_of_day deal_of_day_product_variant_id_114ec7a8_fk_products_; Type: FK CONSTRAINT; Schema: public; Owner: nexsme
--

ALTER TABLE ONLY public.deal_of_day
    ADD CONSTRAINT deal_of_day_product_variant_id_114ec7a8_fk_products_ FOREIGN KEY (product_variant_id) REFERENCES public.products_product_variant(id) DEFERRABLE INITIALLY DEFERRED;


--
-- Name: deal_of_day deal_of_day_updater_id_ab1a7149_fk_auth_user_id; Type: FK CONSTRAINT; Schema: public; Owner: nexsme
--

ALTER TABLE ONLY public.deal_of_day
    ADD CONSTRAINT deal_of_day_updater_id_ab1a7149_fk_auth_user_id FOREIGN KEY (updater_id) REFERENCES public.auth_user(id) DEFERRABLE INITIALLY DEFERRED;


--
-- Name: deal_of_day deal_of_day_warehouse_id_e854bd5b_fk_warehouse_id; Type: FK CONSTRAINT; Schema: public; Owner: nexsme
--

ALTER TABLE ONLY public.deal_of_day
    ADD CONSTRAINT deal_of_day_warehouse_id_e854bd5b_fk_warehouse_id FOREIGN KEY (warehouse_id) REFERENCES public.warehouse(id) DEFERRABLE INITIALLY DEFERRED;


--
-- Name: delivery_agent_collectpayment delivery_agent_colle_creator_id_64dd3e92_fk_auth_user; Type: FK CONSTRAINT; Schema: public; Owner: nexsme
--

ALTER TABLE ONLY public.delivery_agent_collectpayment
    ADD CONSTRAINT delivery_agent_colle_creator_id_64dd3e92_fk_auth_user FOREIGN KEY (creator_id) REFERENCES public.auth_user(id) DEFERRABLE INITIALLY DEFERRED;


--
-- Name: delivery_agent_collectedpaymentregister delivery_agent_colle_creator_id_6a7cf32c_fk_auth_user; Type: FK CONSTRAINT; Schema: public; Owner: nexsme
--

ALTER TABLE ONLY public.delivery_agent_collectedpaymentregister
    ADD CONSTRAINT delivery_agent_colle_creator_id_6a7cf32c_fk_auth_user FOREIGN KEY (creator_id) REFERENCES public.auth_user(id) DEFERRABLE INITIALLY DEFERRED;


--
-- Name: delivery_agent_collectedpaymentregister delivery_agent_colle_delivery_agent_id_2c44ae37_fk_delivery_; Type: FK CONSTRAINT; Schema: public; Owner: nexsme
--

ALTER TABLE ONLY public.delivery_agent_collectedpaymentregister
    ADD CONSTRAINT delivery_agent_colle_delivery_agent_id_2c44ae37_fk_delivery_ FOREIGN KEY (delivery_agent_id) REFERENCES public.delivery_agent_delivery_agent(id) DEFERRABLE INITIALLY DEFERRED;


--
-- Name: delivery_agent_collectpayment delivery_agent_colle_delivery_agent_id_98e4f1b0_fk_delivery_; Type: FK CONSTRAINT; Schema: public; Owner: nexsme
--

ALTER TABLE ONLY public.delivery_agent_collectpayment
    ADD CONSTRAINT delivery_agent_colle_delivery_agent_id_98e4f1b0_fk_delivery_ FOREIGN KEY (delivery_agent_id) REFERENCES public.delivery_agent_delivery_agent(id) DEFERRABLE INITIALLY DEFERRED;


--
-- Name: delivery_agent_collectpayment delivery_agent_colle_order_id_1b5c37ce_fk_orders_or; Type: FK CONSTRAINT; Schema: public; Owner: nexsme
--

ALTER TABLE ONLY public.delivery_agent_collectpayment
    ADD CONSTRAINT delivery_agent_colle_order_id_1b5c37ce_fk_orders_or FOREIGN KEY (order_id) REFERENCES public.orders_orders(id) DEFERRABLE INITIALLY DEFERRED;


--
-- Name: delivery_agent_collectedpaymentregister delivery_agent_colle_updater_id_59b31cf8_fk_auth_user; Type: FK CONSTRAINT; Schema: public; Owner: nexsme
--

ALTER TABLE ONLY public.delivery_agent_collectedpaymentregister
    ADD CONSTRAINT delivery_agent_colle_updater_id_59b31cf8_fk_auth_user FOREIGN KEY (updater_id) REFERENCES public.auth_user(id) DEFERRABLE INITIALLY DEFERRED;


--
-- Name: delivery_agent_collectpayment delivery_agent_colle_updater_id_e81c108d_fk_auth_user; Type: FK CONSTRAINT; Schema: public; Owner: nexsme
--

ALTER TABLE ONLY public.delivery_agent_collectpayment
    ADD CONSTRAINT delivery_agent_colle_updater_id_e81c108d_fk_auth_user FOREIGN KEY (updater_id) REFERENCES public.auth_user(id) DEFERRABLE INITIALLY DEFERRED;


--
-- Name: delivery_agent_delivery_agent delivery_agent_deliv_creator_id_b89a1128_fk_auth_user; Type: FK CONSTRAINT; Schema: public; Owner: nexsme
--

ALTER TABLE ONLY public.delivery_agent_delivery_agent
    ADD CONSTRAINT delivery_agent_deliv_creator_id_b89a1128_fk_auth_user FOREIGN KEY (creator_id) REFERENCES public.auth_user(id) DEFERRABLE INITIALLY DEFERRED;


--
-- Name: delivery_agent_deliveryrating delivery_agent_deliv_customer_id_11ff6f1d_fk_customers; Type: FK CONSTRAINT; Schema: public; Owner: nexsme
--

ALTER TABLE ONLY public.delivery_agent_deliveryrating
    ADD CONSTRAINT delivery_agent_deliv_customer_id_11ff6f1d_fk_customers FOREIGN KEY (customer_id) REFERENCES public.customers_customer(id) DEFERRABLE INITIALLY DEFERRED;


--
-- Name: delivery_agent_deliveryrating delivery_agent_deliv_delivery_agent_id_849f8046_fk_delivery_; Type: FK CONSTRAINT; Schema: public; Owner: nexsme
--

ALTER TABLE ONLY public.delivery_agent_deliveryrating
    ADD CONSTRAINT delivery_agent_deliv_delivery_agent_id_849f8046_fk_delivery_ FOREIGN KEY (delivery_agent_id) REFERENCES public.delivery_agent_delivery_agent(id) DEFERRABLE INITIALLY DEFERRED;


--
-- Name: delivery_agent_deliveryrating delivery_agent_deliv_order_id_3d114519_fk_orders_or; Type: FK CONSTRAINT; Schema: public; Owner: nexsme
--

ALTER TABLE ONLY public.delivery_agent_deliveryrating
    ADD CONSTRAINT delivery_agent_deliv_order_id_3d114519_fk_orders_or FOREIGN KEY (order_id) REFERENCES public.orders_orders(id) DEFERRABLE INITIALLY DEFERRED;


--
-- Name: delivery_agent_delivery_agent delivery_agent_deliv_updater_id_56431a33_fk_auth_user; Type: FK CONSTRAINT; Schema: public; Owner: nexsme
--

ALTER TABLE ONLY public.delivery_agent_delivery_agent
    ADD CONSTRAINT delivery_agent_deliv_updater_id_56431a33_fk_auth_user FOREIGN KEY (updater_id) REFERENCES public.auth_user(id) DEFERRABLE INITIALLY DEFERRED;


--
-- Name: delivery_agent_delivery_agent delivery_agent_deliv_warehouse_id_d0be882a_fk_warehouse; Type: FK CONSTRAINT; Schema: public; Owner: nexsme
--

ALTER TABLE ONLY public.delivery_agent_delivery_agent
    ADD CONSTRAINT delivery_agent_deliv_warehouse_id_d0be882a_fk_warehouse FOREIGN KEY (warehouse_id) REFERENCES public.warehouse(id) DEFERRABLE INITIALLY DEFERRED;


--
-- Name: delivery_agent_delivery_agent delivery_agent_delivery_agent_user_id_f4bfda87_fk_auth_user_id; Type: FK CONSTRAINT; Schema: public; Owner: nexsme
--

ALTER TABLE ONLY public.delivery_agent_delivery_agent
    ADD CONSTRAINT delivery_agent_delivery_agent_user_id_f4bfda87_fk_auth_user_id FOREIGN KEY (user_id) REFERENCES public.auth_user(id) DEFERRABLE INITIALLY DEFERRED;


--
-- Name: delivery_agent_travel delivery_agent_trave_delivery_agent_id_f59da55f_fk_delivery_; Type: FK CONSTRAINT; Schema: public; Owner: nexsme
--

ALTER TABLE ONLY public.delivery_agent_travel
    ADD CONSTRAINT delivery_agent_trave_delivery_agent_id_f59da55f_fk_delivery_ FOREIGN KEY (delivery_agent_id) REFERENCES public.delivery_agent_delivery_agent(id) DEFERRABLE INITIALLY DEFERRED;


--
-- Name: delivery_agent_travel delivery_agent_trave_delivery_trip_id_3f5b0d44_fk_delivery_; Type: FK CONSTRAINT; Schema: public; Owner: nexsme
--

ALTER TABLE ONLY public.delivery_agent_travel
    ADD CONSTRAINT delivery_agent_trave_delivery_trip_id_3f5b0d44_fk_delivery_ FOREIGN KEY (delivery_trip_id) REFERENCES public.delivery_agent_trip(id) DEFERRABLE INITIALLY DEFERRED;


--
-- Name: delivery_agent_travel delivery_agent_travel_order_id_e94054aa_fk_orders_orders_id; Type: FK CONSTRAINT; Schema: public; Owner: nexsme
--

ALTER TABLE ONLY public.delivery_agent_travel
    ADD CONSTRAINT delivery_agent_travel_order_id_e94054aa_fk_orders_orders_id FOREIGN KEY (order_id) REFERENCES public.orders_orders(id) DEFERRABLE INITIALLY DEFERRED;


--
-- Name: delivery_agent_trip delivery_agent_trip_delivery_agent_id_fe4f4191_fk_delivery_; Type: FK CONSTRAINT; Schema: public; Owner: nexsme
--

ALTER TABLE ONLY public.delivery_agent_trip
    ADD CONSTRAINT delivery_agent_trip_delivery_agent_id_fe4f4191_fk_delivery_ FOREIGN KEY (delivery_agent_id) REFERENCES public.delivery_agent_delivery_agent(id) DEFERRABLE INITIALLY DEFERRED;


--
-- Name: designation designation_creator_id_4ad7c043_fk_auth_user_id; Type: FK CONSTRAINT; Schema: public; Owner: nexsme
--

ALTER TABLE ONLY public.designation
    ADD CONSTRAINT designation_creator_id_4ad7c043_fk_auth_user_id FOREIGN KEY (creator_id) REFERENCES public.auth_user(id) DEFERRABLE INITIALLY DEFERRED;


--
-- Name: designation designation_updater_id_e24faf62_fk_auth_user_id; Type: FK CONSTRAINT; Schema: public; Owner: nexsme
--

ALTER TABLE ONLY public.designation
    ADD CONSTRAINT designation_updater_id_e24faf62_fk_auth_user_id FOREIGN KEY (updater_id) REFERENCES public.auth_user(id) DEFERRABLE INITIALLY DEFERRED;


--
-- Name: django_admin_log django_admin_log_content_type_id_c4bce8eb_fk_django_co; Type: FK CONSTRAINT; Schema: public; Owner: nexsme
--

ALTER TABLE ONLY public.django_admin_log
    ADD CONSTRAINT django_admin_log_content_type_id_c4bce8eb_fk_django_co FOREIGN KEY (content_type_id) REFERENCES public.django_content_type(id) DEFERRABLE INITIALLY DEFERRED;


--
-- Name: django_admin_log django_admin_log_user_id_c564eba6_fk_auth_user_id; Type: FK CONSTRAINT; Schema: public; Owner: nexsme
--

ALTER TABLE ONLY public.django_admin_log
    ADD CONSTRAINT django_admin_log_user_id_c564eba6_fk_auth_user_id FOREIGN KEY (user_id) REFERENCES public.auth_user(id) DEFERRABLE INITIALLY DEFERRED;


--
-- Name: fcm_django_fcmdevice fcm_django_fcmdevice_user_id_6cdfc0a2_fk_auth_user_id; Type: FK CONSTRAINT; Schema: public; Owner: nexsme
--

ALTER TABLE ONLY public.fcm_django_fcmdevice
    ADD CONSTRAINT fcm_django_fcmdevice_user_id_6cdfc0a2_fk_auth_user_id FOREIGN KEY (user_id) REFERENCES public.auth_user(id) DEFERRABLE INITIALLY DEFERRED;


--
-- Name: finance_account_group finance_account_group_creator_id_a96fc030_fk_auth_user_id; Type: FK CONSTRAINT; Schema: public; Owner: nexsme
--

ALTER TABLE ONLY public.finance_account_group
    ADD CONSTRAINT finance_account_group_creator_id_a96fc030_fk_auth_user_id FOREIGN KEY (creator_id) REFERENCES public.auth_user(id) DEFERRABLE INITIALLY DEFERRED;


--
-- Name: finance_account_group finance_account_group_updater_id_4b6f988b_fk_auth_user_id; Type: FK CONSTRAINT; Schema: public; Owner: nexsme
--

ALTER TABLE ONLY public.finance_account_group
    ADD CONSTRAINT finance_account_group_updater_id_4b6f988b_fk_auth_user_id FOREIGN KEY (updater_id) REFERENCES public.auth_user(id) DEFERRABLE INITIALLY DEFERRED;


--
-- Name: finance_account_head finance_account_head_account_group_id_321f5a9d_fk_finance_a; Type: FK CONSTRAINT; Schema: public; Owner: nexsme
--

ALTER TABLE ONLY public.finance_account_head
    ADD CONSTRAINT finance_account_head_account_group_id_321f5a9d_fk_finance_a FOREIGN KEY (account_group_id) REFERENCES public.finance_account_group(id) DEFERRABLE INITIALLY DEFERRED;


--
-- Name: finance_account_head_opening finance_account_head_account_head_id_e4dc2463_fk_finance_a; Type: FK CONSTRAINT; Schema: public; Owner: nexsme
--

ALTER TABLE ONLY public.finance_account_head_opening
    ADD CONSTRAINT finance_account_head_account_head_id_e4dc2463_fk_finance_a FOREIGN KEY (account_head_id) REFERENCES public.finance_account_head(id) DEFERRABLE INITIALLY DEFERRED;


--
-- Name: finance_account_head finance_account_head_bank_account_id_39ea79a6_fk_finance_b; Type: FK CONSTRAINT; Schema: public; Owner: nexsme
--

ALTER TABLE ONLY public.finance_account_head
    ADD CONSTRAINT finance_account_head_bank_account_id_39ea79a6_fk_finance_b FOREIGN KEY (bank_account_id) REFERENCES public.finance_bank_account(id) DEFERRABLE INITIALLY DEFERRED;


--
-- Name: finance_account_head finance_account_head_creator_id_1eb4160e_fk_auth_user_id; Type: FK CONSTRAINT; Schema: public; Owner: nexsme
--

ALTER TABLE ONLY public.finance_account_head
    ADD CONSTRAINT finance_account_head_creator_id_1eb4160e_fk_auth_user_id FOREIGN KEY (creator_id) REFERENCES public.auth_user(id) DEFERRABLE INITIALLY DEFERRED;


--
-- Name: finance_account_head_opening finance_account_head_creator_id_de6547fe_fk_auth_user; Type: FK CONSTRAINT; Schema: public; Owner: nexsme
--

ALTER TABLE ONLY public.finance_account_head_opening
    ADD CONSTRAINT finance_account_head_creator_id_de6547fe_fk_auth_user FOREIGN KEY (creator_id) REFERENCES public.auth_user(id) DEFERRABLE INITIALLY DEFERRED;


--
-- Name: finance_account_head_opening finance_account_head_financial_year_id_81c820fb_fk_finance_f; Type: FK CONSTRAINT; Schema: public; Owner: nexsme
--

ALTER TABLE ONLY public.finance_account_head_opening
    ADD CONSTRAINT finance_account_head_financial_year_id_81c820fb_fk_finance_f FOREIGN KEY (financial_year_id) REFERENCES public.finance_financial_year(id) DEFERRABLE INITIALLY DEFERRED;


--
-- Name: finance_account_head_opening finance_account_head_updater_id_3d59963d_fk_auth_user; Type: FK CONSTRAINT; Schema: public; Owner: nexsme
--

ALTER TABLE ONLY public.finance_account_head_opening
    ADD CONSTRAINT finance_account_head_updater_id_3d59963d_fk_auth_user FOREIGN KEY (updater_id) REFERENCES public.auth_user(id) DEFERRABLE INITIALLY DEFERRED;


--
-- Name: finance_account_head finance_account_head_updater_id_9d210e1b_fk_auth_user_id; Type: FK CONSTRAINT; Schema: public; Owner: nexsme
--

ALTER TABLE ONLY public.finance_account_head
    ADD CONSTRAINT finance_account_head_updater_id_9d210e1b_fk_auth_user_id FOREIGN KEY (updater_id) REFERENCES public.auth_user(id) DEFERRABLE INITIALLY DEFERRED;


--
-- Name: finance_account_head_opening finance_account_head_warehouse_id_38c376ec_fk_warehouse; Type: FK CONSTRAINT; Schema: public; Owner: nexsme
--

ALTER TABLE ONLY public.finance_account_head_opening
    ADD CONSTRAINT finance_account_head_warehouse_id_38c376ec_fk_warehouse FOREIGN KEY (warehouse_id) REFERENCES public.warehouse(id) DEFERRABLE INITIALLY DEFERRED;


--
-- Name: finance_bank_account finance_bank_account_creator_id_284c0ab7_fk_auth_user_id; Type: FK CONSTRAINT; Schema: public; Owner: nexsme
--

ALTER TABLE ONLY public.finance_bank_account
    ADD CONSTRAINT finance_bank_account_creator_id_284c0ab7_fk_auth_user_id FOREIGN KEY (creator_id) REFERENCES public.auth_user(id) DEFERRABLE INITIALLY DEFERRED;


--
-- Name: finance_bank_account finance_bank_account_updater_id_f839d86d_fk_auth_user_id; Type: FK CONSTRAINT; Schema: public; Owner: nexsme
--

ALTER TABLE ONLY public.finance_bank_account
    ADD CONSTRAINT finance_bank_account_updater_id_f839d86d_fk_auth_user_id FOREIGN KEY (updater_id) REFERENCES public.auth_user(id) DEFERRABLE INITIALLY DEFERRED;


--
-- Name: finance_bank_account finance_bank_account_warehouse_id_d42963ee_fk_warehouse_id; Type: FK CONSTRAINT; Schema: public; Owner: nexsme
--

ALTER TABLE ONLY public.finance_bank_account
    ADD CONSTRAINT finance_bank_account_warehouse_id_d42963ee_fk_warehouse_id FOREIGN KEY (warehouse_id) REFERENCES public.warehouse(id) DEFERRABLE INITIALLY DEFERRED;


--
-- Name: finance_credit_voucher finance_credit_vouch_bank_id_f319bb56_fk_finance_b; Type: FK CONSTRAINT; Schema: public; Owner: nexsme
--

ALTER TABLE ONLY public.finance_credit_voucher
    ADD CONSTRAINT finance_credit_vouch_bank_id_f319bb56_fk_finance_b FOREIGN KEY (bank_id) REFERENCES public.finance_bank_account(id) DEFERRABLE INITIALLY DEFERRED;


--
-- Name: finance_credit_voucher finance_credit_vouch_customer_id_121729e3_fk_customers; Type: FK CONSTRAINT; Schema: public; Owner: nexsme
--

ALTER TABLE ONLY public.finance_credit_voucher
    ADD CONSTRAINT finance_credit_vouch_customer_id_121729e3_fk_customers FOREIGN KEY (customer_id) REFERENCES public.customers_customer(id) DEFERRABLE INITIALLY DEFERRED;


--
-- Name: finance_credit_voucher finance_credit_vouch_financial_year_id_b2546424_fk_finance_f; Type: FK CONSTRAINT; Schema: public; Owner: nexsme
--

ALTER TABLE ONLY public.finance_credit_voucher
    ADD CONSTRAINT finance_credit_vouch_financial_year_id_b2546424_fk_finance_f FOREIGN KEY (financial_year_id) REFERENCES public.finance_financial_year(id) DEFERRABLE INITIALLY DEFERRED;


--
-- Name: finance_credit_voucher finance_credit_vouch_sale_return_id_635b6e78_fk_sale_retu; Type: FK CONSTRAINT; Schema: public; Owner: nexsme
--

ALTER TABLE ONLY public.finance_credit_voucher
    ADD CONSTRAINT finance_credit_vouch_sale_return_id_635b6e78_fk_sale_retu FOREIGN KEY (sale_return_id) REFERENCES public.sale_return(id) DEFERRABLE INITIALLY DEFERRED;


--
-- Name: finance_credit_voucher finance_credit_voucher_creator_id_53bf998f_fk_auth_user_id; Type: FK CONSTRAINT; Schema: public; Owner: nexsme
--

ALTER TABLE ONLY public.finance_credit_voucher
    ADD CONSTRAINT finance_credit_voucher_creator_id_53bf998f_fk_auth_user_id FOREIGN KEY (creator_id) REFERENCES public.auth_user(id) DEFERRABLE INITIALLY DEFERRED;


--
-- Name: finance_credit_voucher finance_credit_voucher_updater_id_b37092ec_fk_auth_user_id; Type: FK CONSTRAINT; Schema: public; Owner: nexsme
--

ALTER TABLE ONLY public.finance_credit_voucher
    ADD CONSTRAINT finance_credit_voucher_updater_id_b37092ec_fk_auth_user_id FOREIGN KEY (updater_id) REFERENCES public.auth_user(id) DEFERRABLE INITIALLY DEFERRED;


--
-- Name: finance_credit_voucher finance_credit_voucher_warehouse_id_34e0969b_fk_warehouse_id; Type: FK CONSTRAINT; Schema: public; Owner: nexsme
--

ALTER TABLE ONLY public.finance_credit_voucher
    ADD CONSTRAINT finance_credit_voucher_warehouse_id_34e0969b_fk_warehouse_id FOREIGN KEY (warehouse_id) REFERENCES public.warehouse(id) DEFERRABLE INITIALLY DEFERRED;


--
-- Name: finance_debit_voucher finance_debit_vouche_bank_id_88c1d0bc_fk_finance_b; Type: FK CONSTRAINT; Schema: public; Owner: nexsme
--

ALTER TABLE ONLY public.finance_debit_voucher
    ADD CONSTRAINT finance_debit_vouche_bank_id_88c1d0bc_fk_finance_b FOREIGN KEY (bank_id) REFERENCES public.finance_bank_account(id) DEFERRABLE INITIALLY DEFERRED;


--
-- Name: finance_debit_voucher finance_debit_vouche_financial_year_id_a7e58d07_fk_finance_f; Type: FK CONSTRAINT; Schema: public; Owner: nexsme
--

ALTER TABLE ONLY public.finance_debit_voucher
    ADD CONSTRAINT finance_debit_vouche_financial_year_id_a7e58d07_fk_finance_f FOREIGN KEY (financial_year_id) REFERENCES public.finance_financial_year(id) DEFERRABLE INITIALLY DEFERRED;


--
-- Name: finance_debit_voucher finance_debit_vouche_purchase_return_id_f30a1914_fk_purchase_; Type: FK CONSTRAINT; Schema: public; Owner: nexsme
--

ALTER TABLE ONLY public.finance_debit_voucher
    ADD CONSTRAINT finance_debit_vouche_purchase_return_id_f30a1914_fk_purchase_ FOREIGN KEY (purchase_return_id) REFERENCES public.purchase_return(id) DEFERRABLE INITIALLY DEFERRED;


--
-- Name: finance_debit_voucher finance_debit_vouche_supplier_id_65432f72_fk_suppliers; Type: FK CONSTRAINT; Schema: public; Owner: nexsme
--

ALTER TABLE ONLY public.finance_debit_voucher
    ADD CONSTRAINT finance_debit_vouche_supplier_id_65432f72_fk_suppliers FOREIGN KEY (supplier_id) REFERENCES public.suppliers_supplier(id) DEFERRABLE INITIALLY DEFERRED;


--
-- Name: finance_debit_voucher finance_debit_voucher_creator_id_43ff9a0f_fk_auth_user_id; Type: FK CONSTRAINT; Schema: public; Owner: nexsme
--

ALTER TABLE ONLY public.finance_debit_voucher
    ADD CONSTRAINT finance_debit_voucher_creator_id_43ff9a0f_fk_auth_user_id FOREIGN KEY (creator_id) REFERENCES public.auth_user(id) DEFERRABLE INITIALLY DEFERRED;


--
-- Name: finance_debit_voucher finance_debit_voucher_updater_id_a04e7319_fk_auth_user_id; Type: FK CONSTRAINT; Schema: public; Owner: nexsme
--

ALTER TABLE ONLY public.finance_debit_voucher
    ADD CONSTRAINT finance_debit_voucher_updater_id_a04e7319_fk_auth_user_id FOREIGN KEY (updater_id) REFERENCES public.auth_user(id) DEFERRABLE INITIALLY DEFERRED;


--
-- Name: finance_debit_voucher finance_debit_voucher_warehouse_id_4d484ffc_fk_warehouse_id; Type: FK CONSTRAINT; Schema: public; Owner: nexsme
--

ALTER TABLE ONLY public.finance_debit_voucher
    ADD CONSTRAINT finance_debit_voucher_warehouse_id_4d484ffc_fk_warehouse_id FOREIGN KEY (warehouse_id) REFERENCES public.warehouse(id) DEFERRABLE INITIALLY DEFERRED;


--
-- Name: finance_financial_year finance_financial_year_creator_id_7496c62f_fk_auth_user_id; Type: FK CONSTRAINT; Schema: public; Owner: nexsme
--

ALTER TABLE ONLY public.finance_financial_year
    ADD CONSTRAINT finance_financial_year_creator_id_7496c62f_fk_auth_user_id FOREIGN KEY (creator_id) REFERENCES public.auth_user(id) DEFERRABLE INITIALLY DEFERRED;


--
-- Name: finance_financial_year finance_financial_year_updater_id_e530114b_fk_auth_user_id; Type: FK CONSTRAINT; Schema: public; Owner: nexsme
--

ALTER TABLE ONLY public.finance_financial_year
    ADD CONSTRAINT finance_financial_year_updater_id_e530114b_fk_auth_user_id FOREIGN KEY (updater_id) REFERENCES public.auth_user(id) DEFERRABLE INITIALLY DEFERRED;


--
-- Name: finance_journal_voucher_item finance_journal_vouc_account_head_id_60bb56e9_fk_finance_a; Type: FK CONSTRAINT; Schema: public; Owner: nexsme
--

ALTER TABLE ONLY public.finance_journal_voucher_item
    ADD CONSTRAINT finance_journal_vouc_account_head_id_60bb56e9_fk_finance_a FOREIGN KEY (account_head_id) REFERENCES public.finance_account_head(id) DEFERRABLE INITIALLY DEFERRED;


--
-- Name: finance_journal_voucher finance_journal_vouc_financial_year_id_3a9afc1d_fk_finance_f; Type: FK CONSTRAINT; Schema: public; Owner: nexsme
--

ALTER TABLE ONLY public.finance_journal_voucher
    ADD CONSTRAINT finance_journal_vouc_financial_year_id_3a9afc1d_fk_finance_f FOREIGN KEY (financial_year_id) REFERENCES public.finance_financial_year(id) DEFERRABLE INITIALLY DEFERRED;


--
-- Name: finance_journal_voucher_item finance_journal_vouc_journal_id_f4c0d941_fk_finance_j; Type: FK CONSTRAINT; Schema: public; Owner: nexsme
--

ALTER TABLE ONLY public.finance_journal_voucher_item
    ADD CONSTRAINT finance_journal_vouc_journal_id_f4c0d941_fk_finance_j FOREIGN KEY (journal_id) REFERENCES public.finance_journal_voucher(id) DEFERRABLE INITIALLY DEFERRED;


--
-- Name: finance_journal_voucher_item finance_journal_vouc_warehouse_id_d1f399da_fk_warehouse; Type: FK CONSTRAINT; Schema: public; Owner: nexsme
--

ALTER TABLE ONLY public.finance_journal_voucher_item
    ADD CONSTRAINT finance_journal_vouc_warehouse_id_d1f399da_fk_warehouse FOREIGN KEY (warehouse_id) REFERENCES public.warehouse(id) DEFERRABLE INITIALLY DEFERRED;


--
-- Name: finance_journal_voucher finance_journal_voucher_creator_id_0a832a6e_fk_auth_user_id; Type: FK CONSTRAINT; Schema: public; Owner: nexsme
--

ALTER TABLE ONLY public.finance_journal_voucher
    ADD CONSTRAINT finance_journal_voucher_creator_id_0a832a6e_fk_auth_user_id FOREIGN KEY (creator_id) REFERENCES public.auth_user(id) DEFERRABLE INITIALLY DEFERRED;


--
-- Name: finance_journal_voucher finance_journal_voucher_updater_id_2b87e133_fk_auth_user_id; Type: FK CONSTRAINT; Schema: public; Owner: nexsme
--

ALTER TABLE ONLY public.finance_journal_voucher
    ADD CONSTRAINT finance_journal_voucher_updater_id_2b87e133_fk_auth_user_id FOREIGN KEY (updater_id) REFERENCES public.auth_user(id) DEFERRABLE INITIALLY DEFERRED;


--
-- Name: finance_payment_voucher finance_payment_vouc_account_head_id_266b6c79_fk_finance_a; Type: FK CONSTRAINT; Schema: public; Owner: nexsme
--

ALTER TABLE ONLY public.finance_payment_voucher
    ADD CONSTRAINT finance_payment_vouc_account_head_id_266b6c79_fk_finance_a FOREIGN KEY (account_head_id) REFERENCES public.finance_account_head(id) DEFERRABLE INITIALLY DEFERRED;


--
-- Name: finance_payment_voucher finance_payment_vouc_bank_id_4cf952e3_fk_finance_b; Type: FK CONSTRAINT; Schema: public; Owner: nexsme
--

ALTER TABLE ONLY public.finance_payment_voucher
    ADD CONSTRAINT finance_payment_vouc_bank_id_4cf952e3_fk_finance_b FOREIGN KEY (bank_id) REFERENCES public.finance_bank_account(id) DEFERRABLE INITIALLY DEFERRED;


--
-- Name: finance_payment_voucher finance_payment_vouc_financial_year_id_47131237_fk_finance_f; Type: FK CONSTRAINT; Schema: public; Owner: nexsme
--

ALTER TABLE ONLY public.finance_payment_voucher
    ADD CONSTRAINT finance_payment_vouc_financial_year_id_47131237_fk_finance_f FOREIGN KEY (financial_year_id) REFERENCES public.finance_financial_year(id) DEFERRABLE INITIALLY DEFERRED;


--
-- Name: finance_payment_voucher finance_payment_voucher_creator_id_eaa19d07_fk_auth_user_id; Type: FK CONSTRAINT; Schema: public; Owner: nexsme
--

ALTER TABLE ONLY public.finance_payment_voucher
    ADD CONSTRAINT finance_payment_voucher_creator_id_eaa19d07_fk_auth_user_id FOREIGN KEY (creator_id) REFERENCES public.auth_user(id) DEFERRABLE INITIALLY DEFERRED;


--
-- Name: finance_payment_voucher finance_payment_voucher_updater_id_37b26034_fk_auth_user_id; Type: FK CONSTRAINT; Schema: public; Owner: nexsme
--

ALTER TABLE ONLY public.finance_payment_voucher
    ADD CONSTRAINT finance_payment_voucher_updater_id_37b26034_fk_auth_user_id FOREIGN KEY (updater_id) REFERENCES public.auth_user(id) DEFERRABLE INITIALLY DEFERRED;


--
-- Name: finance_payment_voucher finance_payment_voucher_warehouse_id_f9d89734_fk_warehouse_id; Type: FK CONSTRAINT; Schema: public; Owner: nexsme
--

ALTER TABLE ONLY public.finance_payment_voucher
    ADD CONSTRAINT finance_payment_voucher_warehouse_id_f9d89734_fk_warehouse_id FOREIGN KEY (warehouse_id) REFERENCES public.warehouse(id) DEFERRABLE INITIALLY DEFERRED;


--
-- Name: finance_receipt_voucher finance_receipt_vouc_account_head_id_9c536327_fk_finance_a; Type: FK CONSTRAINT; Schema: public; Owner: nexsme
--

ALTER TABLE ONLY public.finance_receipt_voucher
    ADD CONSTRAINT finance_receipt_vouc_account_head_id_9c536327_fk_finance_a FOREIGN KEY (account_head_id) REFERENCES public.finance_account_head(id) DEFERRABLE INITIALLY DEFERRED;


--
-- Name: finance_receipt_voucher finance_receipt_vouc_bank_id_f02521ee_fk_finance_b; Type: FK CONSTRAINT; Schema: public; Owner: nexsme
--

ALTER TABLE ONLY public.finance_receipt_voucher
    ADD CONSTRAINT finance_receipt_vouc_bank_id_f02521ee_fk_finance_b FOREIGN KEY (bank_id) REFERENCES public.finance_bank_account(id) DEFERRABLE INITIALLY DEFERRED;


--
-- Name: finance_receipt_voucher finance_receipt_vouc_financial_year_id_466dd990_fk_finance_f; Type: FK CONSTRAINT; Schema: public; Owner: nexsme
--

ALTER TABLE ONLY public.finance_receipt_voucher
    ADD CONSTRAINT finance_receipt_vouc_financial_year_id_466dd990_fk_finance_f FOREIGN KEY (financial_year_id) REFERENCES public.finance_financial_year(id) DEFERRABLE INITIALLY DEFERRED;


--
-- Name: finance_receipt_voucher finance_receipt_voucher_creator_id_afe023e4_fk_auth_user_id; Type: FK CONSTRAINT; Schema: public; Owner: nexsme
--

ALTER TABLE ONLY public.finance_receipt_voucher
    ADD CONSTRAINT finance_receipt_voucher_creator_id_afe023e4_fk_auth_user_id FOREIGN KEY (creator_id) REFERENCES public.auth_user(id) DEFERRABLE INITIALLY DEFERRED;


--
-- Name: finance_receipt_voucher finance_receipt_voucher_updater_id_d5ead95d_fk_auth_user_id; Type: FK CONSTRAINT; Schema: public; Owner: nexsme
--

ALTER TABLE ONLY public.finance_receipt_voucher
    ADD CONSTRAINT finance_receipt_voucher_updater_id_d5ead95d_fk_auth_user_id FOREIGN KEY (updater_id) REFERENCES public.auth_user(id) DEFERRABLE INITIALLY DEFERRED;


--
-- Name: finance_receipt_voucher finance_receipt_voucher_warehouse_id_eae17eaf_fk_warehouse_id; Type: FK CONSTRAINT; Schema: public; Owner: nexsme
--

ALTER TABLE ONLY public.finance_receipt_voucher
    ADD CONSTRAINT finance_receipt_voucher_warehouse_id_eae17eaf_fk_warehouse_id FOREIGN KEY (warehouse_id) REFERENCES public.warehouse(id) DEFERRABLE INITIALLY DEFERRED;


--
-- Name: finance_subledger_opening finance_subledger_op_account_head_id_840f0c30_fk_finance_a; Type: FK CONSTRAINT; Schema: public; Owner: nexsme
--

ALTER TABLE ONLY public.finance_subledger_opening
    ADD CONSTRAINT finance_subledger_op_account_head_id_840f0c30_fk_finance_a FOREIGN KEY (account_head_id) REFERENCES public.finance_account_head(id) DEFERRABLE INITIALLY DEFERRED;


--
-- Name: finance_subledger_opening finance_subledger_op_financial_year_id_77d7eff4_fk_finance_f; Type: FK CONSTRAINT; Schema: public; Owner: nexsme
--

ALTER TABLE ONLY public.finance_subledger_opening
    ADD CONSTRAINT finance_subledger_op_financial_year_id_77d7eff4_fk_finance_f FOREIGN KEY (financial_year_id) REFERENCES public.finance_financial_year(id) DEFERRABLE INITIALLY DEFERRED;


--
-- Name: finance_subledger_opening finance_subledger_opening_creator_id_4bfa2dcb_fk_auth_user_id; Type: FK CONSTRAINT; Schema: public; Owner: nexsme
--

ALTER TABLE ONLY public.finance_subledger_opening
    ADD CONSTRAINT finance_subledger_opening_creator_id_4bfa2dcb_fk_auth_user_id FOREIGN KEY (creator_id) REFERENCES public.auth_user(id) DEFERRABLE INITIALLY DEFERRED;


--
-- Name: finance_subledger_opening finance_subledger_opening_updater_id_7a927cd8_fk_auth_user_id; Type: FK CONSTRAINT; Schema: public; Owner: nexsme
--

ALTER TABLE ONLY public.finance_subledger_opening
    ADD CONSTRAINT finance_subledger_opening_updater_id_7a927cd8_fk_auth_user_id FOREIGN KEY (updater_id) REFERENCES public.auth_user(id) DEFERRABLE INITIALLY DEFERRED;


--
-- Name: general_batch general_batch_creator_id_6ea88850_fk_auth_user_id; Type: FK CONSTRAINT; Schema: public; Owner: nexsme
--

ALTER TABLE ONLY public.general_batch
    ADD CONSTRAINT general_batch_creator_id_6ea88850_fk_auth_user_id FOREIGN KEY (creator_id) REFERENCES public.auth_user(id) DEFERRABLE INITIALLY DEFERRED;


--
-- Name: general_batch general_batch_product_id_20668ccd_fk_products_product_id; Type: FK CONSTRAINT; Schema: public; Owner: nexsme
--

ALTER TABLE ONLY public.general_batch
    ADD CONSTRAINT general_batch_product_id_20668ccd_fk_products_product_id FOREIGN KEY (product_id) REFERENCES public.products_product(id) DEFERRABLE INITIALLY DEFERRED;


--
-- Name: general_batch general_batch_product_variant_id_055f6acb_fk_products_; Type: FK CONSTRAINT; Schema: public; Owner: nexsme
--

ALTER TABLE ONLY public.general_batch
    ADD CONSTRAINT general_batch_product_variant_id_055f6acb_fk_products_ FOREIGN KEY (product_variant_id) REFERENCES public.products_product_variant(id) DEFERRABLE INITIALLY DEFERRED;


--
-- Name: general_batch general_batch_updater_id_b0d73f76_fk_auth_user_id; Type: FK CONSTRAINT; Schema: public; Owner: nexsme
--

ALTER TABLE ONLY public.general_batch
    ADD CONSTRAINT general_batch_updater_id_b0d73f76_fk_auth_user_id FOREIGN KEY (updater_id) REFERENCES public.auth_user(id) DEFERRABLE INITIALLY DEFERRED;


--
-- Name: general_batch general_batch_warehouse_id_9696d936_fk_warehouse_id; Type: FK CONSTRAINT; Schema: public; Owner: nexsme
--

ALTER TABLE ONLY public.general_batch
    ADD CONSTRAINT general_batch_warehouse_id_9696d936_fk_warehouse_id FOREIGN KEY (warehouse_id) REFERENCES public.warehouse(id) DEFERRABLE INITIALLY DEFERRED;


--
-- Name: general_charge_setting general_charge_setting_vendor_id_92256b26_fk_vendors_vendor_id; Type: FK CONSTRAINT; Schema: public; Owner: nexsme
--

ALTER TABLE ONLY public.general_charge_setting
    ADD CONSTRAINT general_charge_setting_vendor_id_92256b26_fk_vendors_vendor_id FOREIGN KEY (vendor_id) REFERENCES public.vendors_vendor(id) DEFERRABLE INITIALLY DEFERRED;


--
-- Name: general_charge_setting general_charge_setting_warehouse_id_5b651f0a_fk_warehouse_id; Type: FK CONSTRAINT; Schema: public; Owner: nexsme
--

ALTER TABLE ONLY public.general_charge_setting
    ADD CONSTRAINT general_charge_setting_warehouse_id_5b651f0a_fk_warehouse_id FOREIGN KEY (warehouse_id) REFERENCES public.warehouse(id) DEFERRABLE INITIALLY DEFERRED;


--
-- Name: general_damaged_product general_damaged_prod_product_variant_id_4e9fbf30_fk_products_; Type: FK CONSTRAINT; Schema: public; Owner: nexsme
--

ALTER TABLE ONLY public.general_damaged_product
    ADD CONSTRAINT general_damaged_prod_product_variant_id_4e9fbf30_fk_products_ FOREIGN KEY (product_variant_id) REFERENCES public.products_product_variant(id) DEFERRABLE INITIALLY DEFERRED;


--
-- Name: general_damaged_product general_damaged_product_batch_id_7eb10204_fk_general_batch_id; Type: FK CONSTRAINT; Schema: public; Owner: nexsme
--

ALTER TABLE ONLY public.general_damaged_product
    ADD CONSTRAINT general_damaged_product_batch_id_7eb10204_fk_general_batch_id FOREIGN KEY (batch_id) REFERENCES public.general_batch(id) DEFERRABLE INITIALLY DEFERRED;


--
-- Name: general_damaged_product general_damaged_product_creator_id_2639440e_fk_auth_user_id; Type: FK CONSTRAINT; Schema: public; Owner: nexsme
--

ALTER TABLE ONLY public.general_damaged_product
    ADD CONSTRAINT general_damaged_product_creator_id_2639440e_fk_auth_user_id FOREIGN KEY (creator_id) REFERENCES public.auth_user(id) DEFERRABLE INITIALLY DEFERRED;


--
-- Name: general_damaged_product general_damaged_product_updater_id_46cfb8dd_fk_auth_user_id; Type: FK CONSTRAINT; Schema: public; Owner: nexsme
--

ALTER TABLE ONLY public.general_damaged_product
    ADD CONSTRAINT general_damaged_product_updater_id_46cfb8dd_fk_auth_user_id FOREIGN KEY (updater_id) REFERENCES public.auth_user(id) DEFERRABLE INITIALLY DEFERRED;


--
-- Name: general_damaged_product general_damaged_product_warehouse_id_5ad29b00_fk_warehouse_id; Type: FK CONSTRAINT; Schema: public; Owner: nexsme
--

ALTER TABLE ONLY public.general_damaged_product
    ADD CONSTRAINT general_damaged_product_warehouse_id_5ad29b00_fk_warehouse_id FOREIGN KEY (warehouse_id) REFERENCES public.warehouse(id) DEFERRABLE INITIALLY DEFERRED;


--
-- Name: general_delivery_charge general_delivery_charge_to_zone_id_039dd59b_fk_zone_id; Type: FK CONSTRAINT; Schema: public; Owner: nexsme
--

ALTER TABLE ONLY public.general_delivery_charge
    ADD CONSTRAINT general_delivery_charge_to_zone_id_039dd59b_fk_zone_id FOREIGN KEY (to_zone_id) REFERENCES public.zone(id) DEFERRABLE INITIALLY DEFERRED;


--
-- Name: general_delivery_charge general_delivery_charge_vendor_id_c4a38f7c_fk_vendors_vendor_id; Type: FK CONSTRAINT; Schema: public; Owner: nexsme
--

ALTER TABLE ONLY public.general_delivery_charge
    ADD CONSTRAINT general_delivery_charge_vendor_id_c4a38f7c_fk_vendors_vendor_id FOREIGN KEY (vendor_id) REFERENCES public.vendors_vendor(id) DEFERRABLE INITIALLY DEFERRED;


--
-- Name: general_delivery_charge general_delivery_charge_warehouse_id_443ee827_fk_warehouse_id; Type: FK CONSTRAINT; Schema: public; Owner: nexsme
--

ALTER TABLE ONLY public.general_delivery_charge
    ADD CONSTRAINT general_delivery_charge_warehouse_id_443ee827_fk_warehouse_id FOREIGN KEY (warehouse_id) REFERENCES public.warehouse(id) DEFERRABLE INITIALLY DEFERRED;


--
-- Name: invoic_prefix invoic_prefix_creator_id_fa166727_fk_auth_user_id; Type: FK CONSTRAINT; Schema: public; Owner: nexsme
--

ALTER TABLE ONLY public.invoic_prefix
    ADD CONSTRAINT invoic_prefix_creator_id_fa166727_fk_auth_user_id FOREIGN KEY (creator_id) REFERENCES public.auth_user(id) DEFERRABLE INITIALLY DEFERRED;


--
-- Name: invoic_prefix invoic_prefix_financial_year_id_c0145277_fk_finance_f; Type: FK CONSTRAINT; Schema: public; Owner: nexsme
--

ALTER TABLE ONLY public.invoic_prefix
    ADD CONSTRAINT invoic_prefix_financial_year_id_c0145277_fk_finance_f FOREIGN KEY (financial_year_id) REFERENCES public.finance_financial_year(id) DEFERRABLE INITIALLY DEFERRED;


--
-- Name: invoic_prefix invoic_prefix_updater_id_aa0be792_fk_auth_user_id; Type: FK CONSTRAINT; Schema: public; Owner: nexsme
--

ALTER TABLE ONLY public.invoic_prefix
    ADD CONSTRAINT invoic_prefix_updater_id_aa0be792_fk_auth_user_id FOREIGN KEY (updater_id) REFERENCES public.auth_user(id) DEFERRABLE INITIALLY DEFERRED;


--
-- Name: invoice_design invoice_design_creator_id_4a6b4885_fk_auth_user_id; Type: FK CONSTRAINT; Schema: public; Owner: nexsme
--

ALTER TABLE ONLY public.invoice_design
    ADD CONSTRAINT invoice_design_creator_id_4a6b4885_fk_auth_user_id FOREIGN KEY (creator_id) REFERENCES public.auth_user(id) DEFERRABLE INITIALLY DEFERRED;


--
-- Name: invoice_design invoice_design_updater_id_107cd5c0_fk_auth_user_id; Type: FK CONSTRAINT; Schema: public; Owner: nexsme
--

ALTER TABLE ONLY public.invoice_design
    ADD CONSTRAINT invoice_design_updater_id_107cd5c0_fk_auth_user_id FOREIGN KEY (updater_id) REFERENCES public.auth_user(id) DEFERRABLE INITIALLY DEFERRED;


--
-- Name: invoice_design invoice_design_warehouse_id_3869b6ea_fk_warehouse_id; Type: FK CONSTRAINT; Schema: public; Owner: nexsme
--

ALTER TABLE ONLY public.invoice_design
    ADD CONSTRAINT invoice_design_warehouse_id_3869b6ea_fk_warehouse_id FOREIGN KEY (warehouse_id) REFERENCES public.warehouse(id) DEFERRABLE INITIALLY DEFERRED;


--
-- Name: location location_creator_id_0907a9b4_fk_auth_user_id; Type: FK CONSTRAINT; Schema: public; Owner: nexsme
--

ALTER TABLE ONLY public.location
    ADD CONSTRAINT location_creator_id_0907a9b4_fk_auth_user_id FOREIGN KEY (creator_id) REFERENCES public.auth_user(id) DEFERRABLE INITIALLY DEFERRED;


--
-- Name: location location_updater_id_ca2da178_fk_auth_user_id; Type: FK CONSTRAINT; Schema: public; Owner: nexsme
--

ALTER TABLE ONLY public.location
    ADD CONSTRAINT location_updater_id_ca2da178_fk_auth_user_id FOREIGN KEY (updater_id) REFERENCES public.auth_user(id) DEFERRABLE INITIALLY DEFERRED;


--
-- Name: offers offers_category_id_5c4d6d5e_fk_products_category_id; Type: FK CONSTRAINT; Schema: public; Owner: nexsme
--

ALTER TABLE ONLY public.offers
    ADD CONSTRAINT offers_category_id_5c4d6d5e_fk_products_category_id FOREIGN KEY (category_id) REFERENCES public.products_category(id) DEFERRABLE INITIALLY DEFERRED;


--
-- Name: offers offers_creator_id_9bf8c888_fk_auth_user_id; Type: FK CONSTRAINT; Schema: public; Owner: nexsme
--

ALTER TABLE ONLY public.offers
    ADD CONSTRAINT offers_creator_id_9bf8c888_fk_auth_user_id FOREIGN KEY (creator_id) REFERENCES public.auth_user(id) DEFERRABLE INITIALLY DEFERRED;


--
-- Name: offers offers_product_variant_id_58f87d65_fk_products_; Type: FK CONSTRAINT; Schema: public; Owner: nexsme
--

ALTER TABLE ONLY public.offers
    ADD CONSTRAINT offers_product_variant_id_58f87d65_fk_products_ FOREIGN KEY (product_variant_id) REFERENCES public.products_product_variant(id) DEFERRABLE INITIALLY DEFERRED;


--
-- Name: offers offers_subcategory_id_931759be_fk_products_sub_category_id; Type: FK CONSTRAINT; Schema: public; Owner: nexsme
--

ALTER TABLE ONLY public.offers
    ADD CONSTRAINT offers_subcategory_id_931759be_fk_products_sub_category_id FOREIGN KEY (subcategory_id) REFERENCES public.products_sub_category(id) DEFERRABLE INITIALLY DEFERRED;


--
-- Name: offers offers_updater_id_f49d637b_fk_auth_user_id; Type: FK CONSTRAINT; Schema: public; Owner: nexsme
--

ALTER TABLE ONLY public.offers
    ADD CONSTRAINT offers_updater_id_f49d637b_fk_auth_user_id FOREIGN KEY (updater_id) REFERENCES public.auth_user(id) DEFERRABLE INITIALLY DEFERRED;


--
-- Name: offers_vouchercode offers_vouchercode_creator_id_80269e0d_fk_auth_user_id; Type: FK CONSTRAINT; Schema: public; Owner: nexsme
--

ALTER TABLE ONLY public.offers_vouchercode
    ADD CONSTRAINT offers_vouchercode_creator_id_80269e0d_fk_auth_user_id FOREIGN KEY (creator_id) REFERENCES public.auth_user(id) DEFERRABLE INITIALLY DEFERRED;


--
-- Name: offers_vouchercode offers_vouchercode_customer_id_197cbef2_fk_customers; Type: FK CONSTRAINT; Schema: public; Owner: nexsme
--

ALTER TABLE ONLY public.offers_vouchercode
    ADD CONSTRAINT offers_vouchercode_customer_id_197cbef2_fk_customers FOREIGN KEY (customer_id) REFERENCES public.customers_customer(id) DEFERRABLE INITIALLY DEFERRED;


--
-- Name: offers_vouchercode offers_vouchercode_product_id_55258afe_fk_products_product_id; Type: FK CONSTRAINT; Schema: public; Owner: nexsme
--

ALTER TABLE ONLY public.offers_vouchercode
    ADD CONSTRAINT offers_vouchercode_product_id_55258afe_fk_products_product_id FOREIGN KEY (product_id) REFERENCES public.products_product(id) DEFERRABLE INITIALLY DEFERRED;


--
-- Name: offers_vouchercode offers_vouchercode_product_variant_id_123fc773_fk_products_; Type: FK CONSTRAINT; Schema: public; Owner: nexsme
--

ALTER TABLE ONLY public.offers_vouchercode
    ADD CONSTRAINT offers_vouchercode_product_variant_id_123fc773_fk_products_ FOREIGN KEY (product_variant_id) REFERENCES public.products_product_variant(id) DEFERRABLE INITIALLY DEFERRED;


--
-- Name: offers_vouchercode_used_users offers_vouchercode_u_vouchercode_id_6318e92e_fk_offers_vo; Type: FK CONSTRAINT; Schema: public; Owner: nexsme
--

ALTER TABLE ONLY public.offers_vouchercode_used_users
    ADD CONSTRAINT offers_vouchercode_u_vouchercode_id_6318e92e_fk_offers_vo FOREIGN KEY (vouchercode_id) REFERENCES public.offers_vouchercode(id) DEFERRABLE INITIALLY DEFERRED;


--
-- Name: offers_vouchercode offers_vouchercode_updater_id_0e238778_fk_auth_user_id; Type: FK CONSTRAINT; Schema: public; Owner: nexsme
--

ALTER TABLE ONLY public.offers_vouchercode
    ADD CONSTRAINT offers_vouchercode_updater_id_0e238778_fk_auth_user_id FOREIGN KEY (updater_id) REFERENCES public.auth_user(id) DEFERRABLE INITIALLY DEFERRED;


--
-- Name: offers_vouchercode_used_users offers_vouchercode_used_users_user_id_be265f61_fk_auth_user_id; Type: FK CONSTRAINT; Schema: public; Owner: nexsme
--

ALTER TABLE ONLY public.offers_vouchercode_used_users
    ADD CONSTRAINT offers_vouchercode_used_users_user_id_be265f61_fk_auth_user_id FOREIGN KEY (user_id) REFERENCES public.auth_user(id) DEFERRABLE INITIALLY DEFERRED;


--
-- Name: offers offers_warehouse_id_fc467b97_fk_warehouse_id; Type: FK CONSTRAINT; Schema: public; Owner: nexsme
--

ALTER TABLE ONLY public.offers
    ADD CONSTRAINT offers_warehouse_id_fc467b97_fk_warehouse_id FOREIGN KEY (warehouse_id) REFERENCES public.warehouse(id) DEFERRABLE INITIALLY DEFERRED;


--
-- Name: orders_booking orders_booking_customer_id_34e64a17_fk_customers_customer_id; Type: FK CONSTRAINT; Schema: public; Owner: nexsme
--

ALTER TABLE ONLY public.orders_booking
    ADD CONSTRAINT orders_booking_customer_id_34e64a17_fk_customers_customer_id FOREIGN KEY (customer_id) REFERENCES public.customers_customer(id) DEFERRABLE INITIALLY DEFERRED;


--
-- Name: orders_booking orders_booking_order_id_19db7154_fk_orders_orders_id; Type: FK CONSTRAINT; Schema: public; Owner: nexsme
--

ALTER TABLE ONLY public.orders_booking
    ADD CONSTRAINT orders_booking_order_id_19db7154_fk_orders_orders_id FOREIGN KEY (order_id) REFERENCES public.orders_orders(id) DEFERRABLE INITIALLY DEFERRED;


--
-- Name: orders_booking orders_booking_product_variant_id_8e682975_fk_products_; Type: FK CONSTRAINT; Schema: public; Owner: nexsme
--

ALTER TABLE ONLY public.orders_booking
    ADD CONSTRAINT orders_booking_product_variant_id_8e682975_fk_products_ FOREIGN KEY (product_variant_id) REFERENCES public.products_product_variant(id) DEFERRABLE INITIALLY DEFERRED;


--
-- Name: orders_orderitem orders_orderitem_batch_id_04b36d63_fk_general_batch_id; Type: FK CONSTRAINT; Schema: public; Owner: nexsme
--

ALTER TABLE ONLY public.orders_orderitem
    ADD CONSTRAINT orders_orderitem_batch_id_04b36d63_fk_general_batch_id FOREIGN KEY (batch_id) REFERENCES public.general_batch(id) DEFERRABLE INITIALLY DEFERRED;


--
-- Name: orders_orderitem orders_orderitem_order_id_fe61a34d_fk_orders_orders_id; Type: FK CONSTRAINT; Schema: public; Owner: nexsme
--

ALTER TABLE ONLY public.orders_orderitem
    ADD CONSTRAINT orders_orderitem_order_id_fe61a34d_fk_orders_orders_id FOREIGN KEY (order_id) REFERENCES public.orders_orders(id) DEFERRABLE INITIALLY DEFERRED;


--
-- Name: orders_orderitem orders_orderitem_product_variant_id_148aec19_fk_products_; Type: FK CONSTRAINT; Schema: public; Owner: nexsme
--

ALTER TABLE ONLY public.orders_orderitem
    ADD CONSTRAINT orders_orderitem_product_variant_id_148aec19_fk_products_ FOREIGN KEY (product_variant_id) REFERENCES public.products_product_variant(id) DEFERRABLE INITIALLY DEFERRED;


--
-- Name: orders_orders orders_orders_creator_id_a00589be_fk_auth_user_id; Type: FK CONSTRAINT; Schema: public; Owner: nexsme
--

ALTER TABLE ONLY public.orders_orders
    ADD CONSTRAINT orders_orders_creator_id_a00589be_fk_auth_user_id FOREIGN KEY (creator_id) REFERENCES public.auth_user(id) DEFERRABLE INITIALLY DEFERRED;


--
-- Name: orders_orders orders_orders_customer_id_b5742c78_fk_customers_customer_id; Type: FK CONSTRAINT; Schema: public; Owner: nexsme
--

ALTER TABLE ONLY public.orders_orders
    ADD CONSTRAINT orders_orders_customer_id_b5742c78_fk_customers_customer_id FOREIGN KEY (customer_id) REFERENCES public.customers_customer(id) DEFERRABLE INITIALLY DEFERRED;


--
-- Name: orders_orders orders_orders_delivery_agent_id_c5706fa1_fk_delivery_; Type: FK CONSTRAINT; Schema: public; Owner: nexsme
--

ALTER TABLE ONLY public.orders_orders
    ADD CONSTRAINT orders_orders_delivery_agent_id_c5706fa1_fk_delivery_ FOREIGN KEY (delivery_agent_id) REFERENCES public.delivery_agent_delivery_agent(id) DEFERRABLE INITIALLY DEFERRED;


--
-- Name: orders_orders orders_orders_prefix_id_c6c8bfa2_fk_invoic_prefix_id; Type: FK CONSTRAINT; Schema: public; Owner: nexsme
--

ALTER TABLE ONLY public.orders_orders
    ADD CONSTRAINT orders_orders_prefix_id_c6c8bfa2_fk_invoic_prefix_id FOREIGN KEY (prefix_id) REFERENCES public.invoic_prefix(id) DEFERRABLE INITIALLY DEFERRED;


--
-- Name: orders_orders orders_orders_receipt_voucher_id_6315824f_fk_finance_r; Type: FK CONSTRAINT; Schema: public; Owner: nexsme
--

ALTER TABLE ONLY public.orders_orders
    ADD CONSTRAINT orders_orders_receipt_voucher_id_6315824f_fk_finance_r FOREIGN KEY (receipt_voucher_id) REFERENCES public.finance_receipt_voucher(id) DEFERRABLE INITIALLY DEFERRED;


--
-- Name: orders_orders orders_orders_time_slot_id_5bc4f1bb_fk_orders_timeslot_id; Type: FK CONSTRAINT; Schema: public; Owner: nexsme
--

ALTER TABLE ONLY public.orders_orders
    ADD CONSTRAINT orders_orders_time_slot_id_5bc4f1bb_fk_orders_timeslot_id FOREIGN KEY (time_slot_id) REFERENCES public.orders_timeslot(id) DEFERRABLE INITIALLY DEFERRED;


--
-- Name: orders_orders orders_orders_updater_id_9ee949cd_fk_auth_user_id; Type: FK CONSTRAINT; Schema: public; Owner: nexsme
--

ALTER TABLE ONLY public.orders_orders
    ADD CONSTRAINT orders_orders_updater_id_9ee949cd_fk_auth_user_id FOREIGN KEY (updater_id) REFERENCES public.auth_user(id) DEFERRABLE INITIALLY DEFERRED;


--
-- Name: orders_orders orders_orders_vendor_id_fb9bbaef_fk_vendors_vendor_id; Type: FK CONSTRAINT; Schema: public; Owner: nexsme
--

ALTER TABLE ONLY public.orders_orders
    ADD CONSTRAINT orders_orders_vendor_id_fb9bbaef_fk_vendors_vendor_id FOREIGN KEY (vendor_id) REFERENCES public.vendors_vendor(id) DEFERRABLE INITIALLY DEFERRED;


--
-- Name: orders_orders orders_orders_warehouse_id_62f83e3f_fk_warehouse_id; Type: FK CONSTRAINT; Schema: public; Owner: nexsme
--

ALTER TABLE ONLY public.orders_orders
    ADD CONSTRAINT orders_orders_warehouse_id_62f83e3f_fk_warehouse_id FOREIGN KEY (warehouse_id) REFERENCES public.warehouse(id) DEFERRABLE INITIALLY DEFERRED;


--
-- Name: orders_orders orders_orders_zone_id_9e98a9e1_fk_zone_id; Type: FK CONSTRAINT; Schema: public; Owner: nexsme
--

ALTER TABLE ONLY public.orders_orders
    ADD CONSTRAINT orders_orders_zone_id_9e98a9e1_fk_zone_id FOREIGN KEY (zone_id) REFERENCES public.zone(id) DEFERRABLE INITIALLY DEFERRED;


--
-- Name: orders_timeslot orders_timeslot_creator_id_2e465d6b_fk_auth_user_id; Type: FK CONSTRAINT; Schema: public; Owner: nexsme
--

ALTER TABLE ONLY public.orders_timeslot
    ADD CONSTRAINT orders_timeslot_creator_id_2e465d6b_fk_auth_user_id FOREIGN KEY (creator_id) REFERENCES public.auth_user(id) DEFERRABLE INITIALLY DEFERRED;


--
-- Name: orders_timeslot orders_timeslot_updater_id_e1e17907_fk_auth_user_id; Type: FK CONSTRAINT; Schema: public; Owner: nexsme
--

ALTER TABLE ONLY public.orders_timeslot
    ADD CONSTRAINT orders_timeslot_updater_id_e1e17907_fk_auth_user_id FOREIGN KEY (updater_id) REFERENCES public.auth_user(id) DEFERRABLE INITIALLY DEFERRED;


--
-- Name: privilege_point_history privilege_point_hist_customer_id_f28b1010_fk_customers; Type: FK CONSTRAINT; Schema: public; Owner: nexsme
--

ALTER TABLE ONLY public.privilege_point_history
    ADD CONSTRAINT privilege_point_hist_customer_id_f28b1010_fk_customers FOREIGN KEY (customer_id) REFERENCES public.customers_customer(id) DEFERRABLE INITIALLY DEFERRED;


--
-- Name: privilege_points privilege_points_creator_id_e2ff39b1_fk_auth_user_id; Type: FK CONSTRAINT; Schema: public; Owner: nexsme
--

ALTER TABLE ONLY public.privilege_points
    ADD CONSTRAINT privilege_points_creator_id_e2ff39b1_fk_auth_user_id FOREIGN KEY (creator_id) REFERENCES public.auth_user(id) DEFERRABLE INITIALLY DEFERRED;


--
-- Name: privilege_points privilege_points_updater_id_1cf14e45_fk_auth_user_id; Type: FK CONSTRAINT; Schema: public; Owner: nexsme
--

ALTER TABLE ONLY public.privilege_points
    ADD CONSTRAINT privilege_points_updater_id_1cf14e45_fk_auth_user_id FOREIGN KEY (updater_id) REFERENCES public.auth_user(id) DEFERRABLE INITIALLY DEFERRED;


--
-- Name: product_hsn_code product_hsn_code_creator_id_c9ce9865_fk_auth_user_id; Type: FK CONSTRAINT; Schema: public; Owner: nexsme
--

ALTER TABLE ONLY public.product_hsn_code
    ADD CONSTRAINT product_hsn_code_creator_id_c9ce9865_fk_auth_user_id FOREIGN KEY (creator_id) REFERENCES public.auth_user(id) DEFERRABLE INITIALLY DEFERRED;


--
-- Name: product_hsn_code product_hsn_code_unit_id_d76f5c9e_fk_products_unit_id; Type: FK CONSTRAINT; Schema: public; Owner: nexsme
--

ALTER TABLE ONLY public.product_hsn_code
    ADD CONSTRAINT product_hsn_code_unit_id_d76f5c9e_fk_products_unit_id FOREIGN KEY (unit_id) REFERENCES public.products_unit(id) DEFERRABLE INITIALLY DEFERRED;


--
-- Name: product_hsn_code product_hsn_code_updater_id_d41bd083_fk_auth_user_id; Type: FK CONSTRAINT; Schema: public; Owner: nexsme
--

ALTER TABLE ONLY public.product_hsn_code
    ADD CONSTRAINT product_hsn_code_updater_id_d41bd083_fk_auth_user_id FOREIGN KEY (updater_id) REFERENCES public.auth_user(id) DEFERRABLE INITIALLY DEFERRED;


--
-- Name: product_stock product_stock_batch_id_58af0926_fk_general_batch_id; Type: FK CONSTRAINT; Schema: public; Owner: nexsme
--

ALTER TABLE ONLY public.product_stock
    ADD CONSTRAINT product_stock_batch_id_58af0926_fk_general_batch_id FOREIGN KEY (batch_id) REFERENCES public.general_batch(id) DEFERRABLE INITIALLY DEFERRED;


--
-- Name: product_stock product_stock_product_variant_id_5eb9072a_fk_products_; Type: FK CONSTRAINT; Schema: public; Owner: nexsme
--

ALTER TABLE ONLY public.product_stock
    ADD CONSTRAINT product_stock_product_variant_id_5eb9072a_fk_products_ FOREIGN KEY (product_variant_id) REFERENCES public.products_product_variant(id) DEFERRABLE INITIALLY DEFERRED;


--
-- Name: product_stock product_stock_warehouse_id_6ab44a4b_fk_warehouse_id; Type: FK CONSTRAINT; Schema: public; Owner: nexsme
--

ALTER TABLE ONLY public.product_stock
    ADD CONSTRAINT product_stock_warehouse_id_6ab44a4b_fk_warehouse_id FOREIGN KEY (warehouse_id) REFERENCES public.warehouse(id) DEFERRABLE INITIALLY DEFERRED;


--
-- Name: products_brand products_brand_creator_id_9af5a1d0_fk_auth_user_id; Type: FK CONSTRAINT; Schema: public; Owner: nexsme
--

ALTER TABLE ONLY public.products_brand
    ADD CONSTRAINT products_brand_creator_id_9af5a1d0_fk_auth_user_id FOREIGN KEY (creator_id) REFERENCES public.auth_user(id) DEFERRABLE INITIALLY DEFERRED;


--
-- Name: products_brand products_brand_updater_id_476398fc_fk_auth_user_id; Type: FK CONSTRAINT; Schema: public; Owner: nexsme
--

ALTER TABLE ONLY public.products_brand
    ADD CONSTRAINT products_brand_updater_id_476398fc_fk_auth_user_id FOREIGN KEY (updater_id) REFERENCES public.auth_user(id) DEFERRABLE INITIALLY DEFERRED;


--
-- Name: products_category products_category_creator_id_b64be08e_fk_auth_user_id; Type: FK CONSTRAINT; Schema: public; Owner: nexsme
--

ALTER TABLE ONLY public.products_category
    ADD CONSTRAINT products_category_creator_id_b64be08e_fk_auth_user_id FOREIGN KEY (creator_id) REFERENCES public.auth_user(id) DEFERRABLE INITIALLY DEFERRED;


--
-- Name: products_category products_category_updater_id_d476cdeb_fk_auth_user_id; Type: FK CONSTRAINT; Schema: public; Owner: nexsme
--

ALTER TABLE ONLY public.products_category
    ADD CONSTRAINT products_category_updater_id_d476cdeb_fk_auth_user_id FOREIGN KEY (updater_id) REFERENCES public.auth_user(id) DEFERRABLE INITIALLY DEFERRED;


--
-- Name: products_product products_product_brand_id_3e2e8fd1_fk_products_brand_id; Type: FK CONSTRAINT; Schema: public; Owner: nexsme
--

ALTER TABLE ONLY public.products_product
    ADD CONSTRAINT products_product_brand_id_3e2e8fd1_fk_products_brand_id FOREIGN KEY (brand_id) REFERENCES public.products_brand(id) DEFERRABLE INITIALLY DEFERRED;


--
-- Name: products_product products_product_category_id_9b594869_fk_products_category_id; Type: FK CONSTRAINT; Schema: public; Owner: nexsme
--

ALTER TABLE ONLY public.products_product
    ADD CONSTRAINT products_product_category_id_9b594869_fk_products_category_id FOREIGN KEY (category_id) REFERENCES public.products_category(id) DEFERRABLE INITIALLY DEFERRED;


--
-- Name: products_product products_product_creator_id_34c5af30_fk_auth_user_id; Type: FK CONSTRAINT; Schema: public; Owner: nexsme
--

ALTER TABLE ONLY public.products_product
    ADD CONSTRAINT products_product_creator_id_34c5af30_fk_auth_user_id FOREIGN KEY (creator_id) REFERENCES public.auth_user(id) DEFERRABLE INITIALLY DEFERRED;


--
-- Name: products_product products_product_hsn_id_5b962fea_fk_product_hsn_code_id; Type: FK CONSTRAINT; Schema: public; Owner: nexsme
--

ALTER TABLE ONLY public.products_product
    ADD CONSTRAINT products_product_hsn_id_5b962fea_fk_product_hsn_code_id FOREIGN KEY (hsn_id) REFERENCES public.product_hsn_code(id) DEFERRABLE INITIALLY DEFERRED;


--
-- Name: products_product_image products_product_ima_product_variant_id_a98efec2_fk_products_; Type: FK CONSTRAINT; Schema: public; Owner: nexsme
--

ALTER TABLE ONLY public.products_product_image
    ADD CONSTRAINT products_product_ima_product_variant_id_a98efec2_fk_products_ FOREIGN KEY (product_variant_id) REFERENCES public.products_product_variant(id) DEFERRABLE INITIALLY DEFERRED;


--
-- Name: products_product_image products_product_image_creator_id_14270e46_fk_auth_user_id; Type: FK CONSTRAINT; Schema: public; Owner: nexsme
--

ALTER TABLE ONLY public.products_product_image
    ADD CONSTRAINT products_product_image_creator_id_14270e46_fk_auth_user_id FOREIGN KEY (creator_id) REFERENCES public.auth_user(id) DEFERRABLE INITIALLY DEFERRED;


--
-- Name: products_product_image products_product_image_updater_id_18053b63_fk_auth_user_id; Type: FK CONSTRAINT; Schema: public; Owner: nexsme
--

ALTER TABLE ONLY public.products_product_image
    ADD CONSTRAINT products_product_image_updater_id_18053b63_fk_auth_user_id FOREIGN KEY (updater_id) REFERENCES public.auth_user(id) DEFERRABLE INITIALLY DEFERRED;


--
-- Name: products_product products_product_special_category_id_0882a913_fk_products_; Type: FK CONSTRAINT; Schema: public; Owner: nexsme
--

ALTER TABLE ONLY public.products_product
    ADD CONSTRAINT products_product_special_category_id_0882a913_fk_products_ FOREIGN KEY (special_category_id) REFERENCES public.products_special_category(id) DEFERRABLE INITIALLY DEFERRED;


--
-- Name: products_product products_product_subcategory_id_b28a1e3b_fk_products_; Type: FK CONSTRAINT; Schema: public; Owner: nexsme
--

ALTER TABLE ONLY public.products_product
    ADD CONSTRAINT products_product_subcategory_id_b28a1e3b_fk_products_ FOREIGN KEY (subcategory_id) REFERENCES public.products_sub_category(id) DEFERRABLE INITIALLY DEFERRED;


--
-- Name: products_product products_product_unit_of_measurement__ab58e750_fk_products_; Type: FK CONSTRAINT; Schema: public; Owner: nexsme
--

ALTER TABLE ONLY public.products_product
    ADD CONSTRAINT products_product_unit_of_measurement__ab58e750_fk_products_ FOREIGN KEY (unit_of_measurement_id) REFERENCES public.products_unit_measurement(id) DEFERRABLE INITIALLY DEFERRED;


--
-- Name: products_product products_product_updater_id_fe83239f_fk_auth_user_id; Type: FK CONSTRAINT; Schema: public; Owner: nexsme
--

ALTER TABLE ONLY public.products_product
    ADD CONSTRAINT products_product_updater_id_fe83239f_fk_auth_user_id FOREIGN KEY (updater_id) REFERENCES public.auth_user(id) DEFERRABLE INITIALLY DEFERRED;


--
-- Name: products_product_variant products_product_var_colour_variation_id_315d48a6_fk_product_v; Type: FK CONSTRAINT; Schema: public; Owner: nexsme
--

ALTER TABLE ONLY public.products_product_variant
    ADD CONSTRAINT products_product_var_colour_variation_id_315d48a6_fk_product_v FOREIGN KEY (colour_variation_id) REFERENCES public.product_variation_type(id) DEFERRABLE INITIALLY DEFERRED;


--
-- Name: products_product_variant products_product_var_other_variation_id_c6323f0e_fk_product_v; Type: FK CONSTRAINT; Schema: public; Owner: nexsme
--

ALTER TABLE ONLY public.products_product_variant
    ADD CONSTRAINT products_product_var_other_variation_id_c6323f0e_fk_product_v FOREIGN KEY (other_variation_id) REFERENCES public.product_variation_type(id) DEFERRABLE INITIALLY DEFERRED;


--
-- Name: products_product_variant products_product_var_product_id_f5ced6a1_fk_products_; Type: FK CONSTRAINT; Schema: public; Owner: nexsme
--

ALTER TABLE ONLY public.products_product_variant
    ADD CONSTRAINT products_product_var_product_id_f5ced6a1_fk_products_ FOREIGN KEY (product_id) REFERENCES public.products_product(id) DEFERRABLE INITIALLY DEFERRED;


--
-- Name: products_product_variant products_product_var_size_variation_id_455901a4_fk_product_v; Type: FK CONSTRAINT; Schema: public; Owner: nexsme
--

ALTER TABLE ONLY public.products_product_variant
    ADD CONSTRAINT products_product_var_size_variation_id_455901a4_fk_product_v FOREIGN KEY (size_variation_id) REFERENCES public.product_variation_type(id) DEFERRABLE INITIALLY DEFERRED;


--
-- Name: products_product_variant products_product_variant_creator_id_dd4f67b2_fk_auth_user_id; Type: FK CONSTRAINT; Schema: public; Owner: nexsme
--

ALTER TABLE ONLY public.products_product_variant
    ADD CONSTRAINT products_product_variant_creator_id_dd4f67b2_fk_auth_user_id FOREIGN KEY (creator_id) REFERENCES public.auth_user(id) DEFERRABLE INITIALLY DEFERRED;


--
-- Name: products_product_variant products_product_variant_unit_id_4a7f296a_fk_products_unit_id; Type: FK CONSTRAINT; Schema: public; Owner: nexsme
--

ALTER TABLE ONLY public.products_product_variant
    ADD CONSTRAINT products_product_variant_unit_id_4a7f296a_fk_products_unit_id FOREIGN KEY (unit_id) REFERENCES public.products_unit(id) DEFERRABLE INITIALLY DEFERRED;


--
-- Name: products_product_variant products_product_variant_updater_id_cbe07c07_fk_auth_user_id; Type: FK CONSTRAINT; Schema: public; Owner: nexsme
--

ALTER TABLE ONLY public.products_product_variant
    ADD CONSTRAINT products_product_variant_updater_id_cbe07c07_fk_auth_user_id FOREIGN KEY (updater_id) REFERENCES public.auth_user(id) DEFERRABLE INITIALLY DEFERRED;


--
-- Name: products_product_variant products_product_variant_warehouse_id_fde4c94d_fk_warehouse_id; Type: FK CONSTRAINT; Schema: public; Owner: nexsme
--

ALTER TABLE ONLY public.products_product_variant
    ADD CONSTRAINT products_product_variant_warehouse_id_fde4c94d_fk_warehouse_id FOREIGN KEY (warehouse_id) REFERENCES public.warehouse(id) DEFERRABLE INITIALLY DEFERRED;


--
-- Name: products_product products_product_vendor_id_4c43277c_fk_vendors_vendor_id; Type: FK CONSTRAINT; Schema: public; Owner: nexsme
--

ALTER TABLE ONLY public.products_product
    ADD CONSTRAINT products_product_vendor_id_4c43277c_fk_vendors_vendor_id FOREIGN KEY (vendor_id) REFERENCES public.vendors_vendor(id) DEFERRABLE INITIALLY DEFERRED;


--
-- Name: products_special_category products_special_category_creator_id_3c1b6926_fk_auth_user_id; Type: FK CONSTRAINT; Schema: public; Owner: nexsme
--

ALTER TABLE ONLY public.products_special_category
    ADD CONSTRAINT products_special_category_creator_id_3c1b6926_fk_auth_user_id FOREIGN KEY (creator_id) REFERENCES public.auth_user(id) DEFERRABLE INITIALLY DEFERRED;


--
-- Name: products_special_category products_special_category_updater_id_11b131a6_fk_auth_user_id; Type: FK CONSTRAINT; Schema: public; Owner: nexsme
--

ALTER TABLE ONLY public.products_special_category
    ADD CONSTRAINT products_special_category_updater_id_11b131a6_fk_auth_user_id FOREIGN KEY (updater_id) REFERENCES public.auth_user(id) DEFERRABLE INITIALLY DEFERRED;


--
-- Name: products_sub_category products_sub_categor_category_id_6587a3a2_fk_products_; Type: FK CONSTRAINT; Schema: public; Owner: nexsme
--

ALTER TABLE ONLY public.products_sub_category
    ADD CONSTRAINT products_sub_categor_category_id_6587a3a2_fk_products_ FOREIGN KEY (category_id) REFERENCES public.products_category(id) DEFERRABLE INITIALLY DEFERRED;


--
-- Name: products_sub_category products_sub_category_creator_id_27a63ae7_fk_auth_user_id; Type: FK CONSTRAINT; Schema: public; Owner: nexsme
--

ALTER TABLE ONLY public.products_sub_category
    ADD CONSTRAINT products_sub_category_creator_id_27a63ae7_fk_auth_user_id FOREIGN KEY (creator_id) REFERENCES public.auth_user(id) DEFERRABLE INITIALLY DEFERRED;


--
-- Name: products_sub_category products_sub_category_updater_id_9052720c_fk_auth_user_id; Type: FK CONSTRAINT; Schema: public; Owner: nexsme
--

ALTER TABLE ONLY public.products_sub_category
    ADD CONSTRAINT products_sub_category_updater_id_9052720c_fk_auth_user_id FOREIGN KEY (updater_id) REFERENCES public.auth_user(id) DEFERRABLE INITIALLY DEFERRED;


--
-- Name: products_unit products_unit_creator_id_8b6518e9_fk_auth_user_id; Type: FK CONSTRAINT; Schema: public; Owner: nexsme
--

ALTER TABLE ONLY public.products_unit
    ADD CONSTRAINT products_unit_creator_id_8b6518e9_fk_auth_user_id FOREIGN KEY (creator_id) REFERENCES public.auth_user(id) DEFERRABLE INITIALLY DEFERRED;


--
-- Name: products_unit_measurement products_unit_measurement_creator_id_26356ff1_fk_auth_user_id; Type: FK CONSTRAINT; Schema: public; Owner: nexsme
--

ALTER TABLE ONLY public.products_unit_measurement
    ADD CONSTRAINT products_unit_measurement_creator_id_26356ff1_fk_auth_user_id FOREIGN KEY (creator_id) REFERENCES public.auth_user(id) DEFERRABLE INITIALLY DEFERRED;


--
-- Name: products_unit_measurement products_unit_measurement_updater_id_d8e12c40_fk_auth_user_id; Type: FK CONSTRAINT; Schema: public; Owner: nexsme
--

ALTER TABLE ONLY public.products_unit_measurement
    ADD CONSTRAINT products_unit_measurement_updater_id_d8e12c40_fk_auth_user_id FOREIGN KEY (updater_id) REFERENCES public.auth_user(id) DEFERRABLE INITIALLY DEFERRED;


--
-- Name: products_unit products_unit_unit_of_measurement__a326b2ac_fk_products_; Type: FK CONSTRAINT; Schema: public; Owner: nexsme
--

ALTER TABLE ONLY public.products_unit
    ADD CONSTRAINT products_unit_unit_of_measurement__a326b2ac_fk_products_ FOREIGN KEY (unit_of_measurement_id) REFERENCES public.products_unit_measurement(id) DEFERRABLE INITIALLY DEFERRED;


--
-- Name: products_unit products_unit_updater_id_7f8d8a05_fk_auth_user_id; Type: FK CONSTRAINT; Schema: public; Owner: nexsme
--

ALTER TABLE ONLY public.products_unit
    ADD CONSTRAINT products_unit_updater_id_7f8d8a05_fk_auth_user_id FOREIGN KEY (updater_id) REFERENCES public.auth_user(id) DEFERRABLE INITIALLY DEFERRED;


--
-- Name: purchase purchase_creator_id_63d20283_fk_auth_user_id; Type: FK CONSTRAINT; Schema: public; Owner: nexsme
--

ALTER TABLE ONLY public.purchase
    ADD CONSTRAINT purchase_creator_id_63d20283_fk_auth_user_id FOREIGN KEY (creator_id) REFERENCES public.auth_user(id) DEFERRABLE INITIALLY DEFERRED;


--
-- Name: purchase_item purchase_item_batch_id_07ed9f91_fk_general_batch_id; Type: FK CONSTRAINT; Schema: public; Owner: nexsme
--

ALTER TABLE ONLY public.purchase_item
    ADD CONSTRAINT purchase_item_batch_id_07ed9f91_fk_general_batch_id FOREIGN KEY (batch_id) REFERENCES public.general_batch(id) DEFERRABLE INITIALLY DEFERRED;


--
-- Name: purchase_item purchase_item_product_variant_id_9d882c83_fk_products_; Type: FK CONSTRAINT; Schema: public; Owner: nexsme
--

ALTER TABLE ONLY public.purchase_item
    ADD CONSTRAINT purchase_item_product_variant_id_9d882c83_fk_products_ FOREIGN KEY (product_variant_id) REFERENCES public.products_product_variant(id) DEFERRABLE INITIALLY DEFERRED;


--
-- Name: purchase_item purchase_item_purchase_id_ae31d28e_fk_purchase_id; Type: FK CONSTRAINT; Schema: public; Owner: nexsme
--

ALTER TABLE ONLY public.purchase_item
    ADD CONSTRAINT purchase_item_purchase_id_ae31d28e_fk_purchase_id FOREIGN KEY (purchase_id) REFERENCES public.purchase(id) DEFERRABLE INITIALLY DEFERRED;


--
-- Name: purchase_order purchase_order_creator_id_ab7196ed_fk_auth_user_id; Type: FK CONSTRAINT; Schema: public; Owner: nexsme
--

ALTER TABLE ONLY public.purchase_order
    ADD CONSTRAINT purchase_order_creator_id_ab7196ed_fk_auth_user_id FOREIGN KEY (creator_id) REFERENCES public.auth_user(id) DEFERRABLE INITIALLY DEFERRED;


--
-- Name: purchase_order_item purchase_order_item_batch_id_6ac5076d_fk_general_batch_id; Type: FK CONSTRAINT; Schema: public; Owner: nexsme
--

ALTER TABLE ONLY public.purchase_order_item
    ADD CONSTRAINT purchase_order_item_batch_id_6ac5076d_fk_general_batch_id FOREIGN KEY (batch_id) REFERENCES public.general_batch(id) DEFERRABLE INITIALLY DEFERRED;


--
-- Name: purchase_order_item purchase_order_item_product_variant_id_a492e653_fk_products_; Type: FK CONSTRAINT; Schema: public; Owner: nexsme
--

ALTER TABLE ONLY public.purchase_order_item
    ADD CONSTRAINT purchase_order_item_product_variant_id_a492e653_fk_products_ FOREIGN KEY (product_variant_id) REFERENCES public.products_product_variant(id) DEFERRABLE INITIALLY DEFERRED;


--
-- Name: purchase_order_item purchase_order_item_purchase_order_id_acc6db73_fk_purchase_; Type: FK CONSTRAINT; Schema: public; Owner: nexsme
--

ALTER TABLE ONLY public.purchase_order_item
    ADD CONSTRAINT purchase_order_item_purchase_order_id_acc6db73_fk_purchase_ FOREIGN KEY (purchase_order_id) REFERENCES public.purchase_order(id) DEFERRABLE INITIALLY DEFERRED;


--
-- Name: purchase_order purchase_order_purchase_id_e04a6a73_fk_purchase_id; Type: FK CONSTRAINT; Schema: public; Owner: nexsme
--

ALTER TABLE ONLY public.purchase_order
    ADD CONSTRAINT purchase_order_purchase_id_e04a6a73_fk_purchase_id FOREIGN KEY (purchase_id) REFERENCES public.purchase(id) DEFERRABLE INITIALLY DEFERRED;


--
-- Name: purchase_order purchase_order_supplier_id_f3ce40ee_fk_suppliers_supplier_id; Type: FK CONSTRAINT; Schema: public; Owner: nexsme
--

ALTER TABLE ONLY public.purchase_order
    ADD CONSTRAINT purchase_order_supplier_id_f3ce40ee_fk_suppliers_supplier_id FOREIGN KEY (supplier_id) REFERENCES public.suppliers_supplier(id) DEFERRABLE INITIALLY DEFERRED;


--
-- Name: purchase_order purchase_order_updater_id_507f1761_fk_auth_user_id; Type: FK CONSTRAINT; Schema: public; Owner: nexsme
--

ALTER TABLE ONLY public.purchase_order
    ADD CONSTRAINT purchase_order_updater_id_507f1761_fk_auth_user_id FOREIGN KEY (updater_id) REFERENCES public.auth_user(id) DEFERRABLE INITIALLY DEFERRED;


--
-- Name: purchase_order purchase_order_warehouse_id_2bb9b357_fk_warehouse_id; Type: FK CONSTRAINT; Schema: public; Owner: nexsme
--

ALTER TABLE ONLY public.purchase_order
    ADD CONSTRAINT purchase_order_warehouse_id_2bb9b357_fk_warehouse_id FOREIGN KEY (warehouse_id) REFERENCES public.warehouse(id) DEFERRABLE INITIALLY DEFERRED;


--
-- Name: purchase purchase_payment_voucher_id_d578c30d_fk_finance_p; Type: FK CONSTRAINT; Schema: public; Owner: nexsme
--

ALTER TABLE ONLY public.purchase
    ADD CONSTRAINT purchase_payment_voucher_id_d578c30d_fk_finance_p FOREIGN KEY (payment_voucher_id) REFERENCES public.finance_payment_voucher(id) DEFERRABLE INITIALLY DEFERRED;


--
-- Name: purchase purchase_purchase_prefix_id_faca0061_fk_invoic_prefix_id; Type: FK CONSTRAINT; Schema: public; Owner: nexsme
--

ALTER TABLE ONLY public.purchase
    ADD CONSTRAINT purchase_purchase_prefix_id_faca0061_fk_invoic_prefix_id FOREIGN KEY (purchase_prefix_id) REFERENCES public.invoic_prefix(id) DEFERRABLE INITIALLY DEFERRED;


--
-- Name: purchase_return purchase_return_creator_id_6f14c0b2_fk_auth_user_id; Type: FK CONSTRAINT; Schema: public; Owner: nexsme
--

ALTER TABLE ONLY public.purchase_return
    ADD CONSTRAINT purchase_return_creator_id_6f14c0b2_fk_auth_user_id FOREIGN KEY (creator_id) REFERENCES public.auth_user(id) DEFERRABLE INITIALLY DEFERRED;


--
-- Name: purchase_return_item purchase_return_item_batch_id_f29045d2_fk_general_batch_id; Type: FK CONSTRAINT; Schema: public; Owner: nexsme
--

ALTER TABLE ONLY public.purchase_return_item
    ADD CONSTRAINT purchase_return_item_batch_id_f29045d2_fk_general_batch_id FOREIGN KEY (batch_id) REFERENCES public.general_batch(id) DEFERRABLE INITIALLY DEFERRED;


--
-- Name: purchase_return_item purchase_return_item_product_id_c8dac44f_fk_products_product_id; Type: FK CONSTRAINT; Schema: public; Owner: nexsme
--

ALTER TABLE ONLY public.purchase_return_item
    ADD CONSTRAINT purchase_return_item_product_id_c8dac44f_fk_products_product_id FOREIGN KEY (product_id) REFERENCES public.products_product(id) DEFERRABLE INITIALLY DEFERRED;


--
-- Name: purchase_return_item purchase_return_item_product_variant_id_3b06df43_fk_products_; Type: FK CONSTRAINT; Schema: public; Owner: nexsme
--

ALTER TABLE ONLY public.purchase_return_item
    ADD CONSTRAINT purchase_return_item_product_variant_id_3b06df43_fk_products_ FOREIGN KEY (product_variant_id) REFERENCES public.products_product_variant(id) DEFERRABLE INITIALLY DEFERRED;


--
-- Name: purchase_return_item purchase_return_item_purchase_item_id_0620450f_fk_purchase_; Type: FK CONSTRAINT; Schema: public; Owner: nexsme
--

ALTER TABLE ONLY public.purchase_return_item
    ADD CONSTRAINT purchase_return_item_purchase_item_id_0620450f_fk_purchase_ FOREIGN KEY (purchase_item_id) REFERENCES public.purchase_item(id) DEFERRABLE INITIALLY DEFERRED;


--
-- Name: purchase_return_item purchase_return_item_purchase_return_id_22f49d0e_fk_purchase_; Type: FK CONSTRAINT; Schema: public; Owner: nexsme
--

ALTER TABLE ONLY public.purchase_return_item
    ADD CONSTRAINT purchase_return_item_purchase_return_id_22f49d0e_fk_purchase_ FOREIGN KEY (purchase_return_id) REFERENCES public.purchase_return(id) DEFERRABLE INITIALLY DEFERRED;


--
-- Name: purchase_return purchase_return_purchase_id_b1b9da4e_fk_purchase_id; Type: FK CONSTRAINT; Schema: public; Owner: nexsme
--

ALTER TABLE ONLY public.purchase_return
    ADD CONSTRAINT purchase_return_purchase_id_b1b9da4e_fk_purchase_id FOREIGN KEY (purchase_id) REFERENCES public.purchase(id) DEFERRABLE INITIALLY DEFERRED;


--
-- Name: purchase_return purchase_return_supplier_id_3b6c26db_fk_suppliers_supplier_id; Type: FK CONSTRAINT; Schema: public; Owner: nexsme
--

ALTER TABLE ONLY public.purchase_return
    ADD CONSTRAINT purchase_return_supplier_id_3b6c26db_fk_suppliers_supplier_id FOREIGN KEY (supplier_id) REFERENCES public.suppliers_supplier(id) DEFERRABLE INITIALLY DEFERRED;


--
-- Name: purchase_return purchase_return_updater_id_6cd3dd53_fk_auth_user_id; Type: FK CONSTRAINT; Schema: public; Owner: nexsme
--

ALTER TABLE ONLY public.purchase_return
    ADD CONSTRAINT purchase_return_updater_id_6cd3dd53_fk_auth_user_id FOREIGN KEY (updater_id) REFERENCES public.auth_user(id) DEFERRABLE INITIALLY DEFERRED;


--
-- Name: purchase purchase_supplier_id_efe205b7_fk_suppliers_supplier_id; Type: FK CONSTRAINT; Schema: public; Owner: nexsme
--

ALTER TABLE ONLY public.purchase
    ADD CONSTRAINT purchase_supplier_id_efe205b7_fk_suppliers_supplier_id FOREIGN KEY (supplier_id) REFERENCES public.suppliers_supplier(id) DEFERRABLE INITIALLY DEFERRED;


--
-- Name: purchase purchase_updater_id_8b151978_fk_auth_user_id; Type: FK CONSTRAINT; Schema: public; Owner: nexsme
--

ALTER TABLE ONLY public.purchase
    ADD CONSTRAINT purchase_updater_id_8b151978_fk_auth_user_id FOREIGN KEY (updater_id) REFERENCES public.auth_user(id) DEFERRABLE INITIALLY DEFERRED;


--
-- Name: purchase purchase_warehouse_id_f6182a98_fk_warehouse_id; Type: FK CONSTRAINT; Schema: public; Owner: nexsme
--

ALTER TABLE ONLY public.purchase
    ADD CONSTRAINT purchase_warehouse_id_f6182a98_fk_warehouse_id FOREIGN KEY (warehouse_id) REFERENCES public.warehouse(id) DEFERRABLE INITIALLY DEFERRED;


--
-- Name: registration_registrationprofile registration_registr_user_id_5fcbf725_fk_auth_user; Type: FK CONSTRAINT; Schema: public; Owner: nexsme
--

ALTER TABLE ONLY public.registration_registrationprofile
    ADD CONSTRAINT registration_registr_user_id_5fcbf725_fk_auth_user FOREIGN KEY (user_id) REFERENCES public.auth_user(id) DEFERRABLE INITIALLY DEFERRED;


--
-- Name: registration_supervisedregistrationprofile registration_supervisedre_registrationprofile_ptr_i_0a59f3b2_fk; Type: FK CONSTRAINT; Schema: public; Owner: nexsme
--

ALTER TABLE ONLY public.registration_supervisedregistrationprofile
    ADD CONSTRAINT registration_supervisedre_registrationprofile_ptr_i_0a59f3b2_fk FOREIGN KEY (registrationprofile_ptr_id) REFERENCES public.registration_registrationprofile(id) DEFERRABLE INITIALLY DEFERRED;


--
-- Name: return_images return_images_creator_id_f2483bd1_fk_auth_user_id; Type: FK CONSTRAINT; Schema: public; Owner: nexsme
--

ALTER TABLE ONLY public.return_images
    ADD CONSTRAINT return_images_creator_id_f2483bd1_fk_auth_user_id FOREIGN KEY (creator_id) REFERENCES public.auth_user(id) DEFERRABLE INITIALLY DEFERRED;


--
-- Name: return_images return_images_product_return_id_29d1c8fd_fk_web_produ; Type: FK CONSTRAINT; Schema: public; Owner: nexsme
--

ALTER TABLE ONLY public.return_images
    ADD CONSTRAINT return_images_product_return_id_29d1c8fd_fk_web_produ FOREIGN KEY (product_return_id) REFERENCES public.web_productreturn(id) DEFERRABLE INITIALLY DEFERRED;


--
-- Name: return_images return_images_updater_id_ce2109e0_fk_auth_user_id; Type: FK CONSTRAINT; Schema: public; Owner: nexsme
--

ALTER TABLE ONLY public.return_images
    ADD CONSTRAINT return_images_updater_id_ce2109e0_fk_auth_user_id FOREIGN KEY (updater_id) REFERENCES public.auth_user(id) DEFERRABLE INITIALLY DEFERRED;


--
-- Name: salary_pay salary_pay_creator_id_7fe1b925_fk_auth_user_id; Type: FK CONSTRAINT; Schema: public; Owner: nexsme
--

ALTER TABLE ONLY public.salary_pay
    ADD CONSTRAINT salary_pay_creator_id_7fe1b925_fk_auth_user_id FOREIGN KEY (creator_id) REFERENCES public.auth_user(id) DEFERRABLE INITIALLY DEFERRED;


--
-- Name: salary_pay salary_pay_staff_id_7308fc7a_fk_staff_id; Type: FK CONSTRAINT; Schema: public; Owner: nexsme
--

ALTER TABLE ONLY public.salary_pay
    ADD CONSTRAINT salary_pay_staff_id_7308fc7a_fk_staff_id FOREIGN KEY (staff_id) REFERENCES public.staff(id) DEFERRABLE INITIALLY DEFERRED;


--
-- Name: salary_pay salary_pay_updater_id_9094dbe1_fk_auth_user_id; Type: FK CONSTRAINT; Schema: public; Owner: nexsme
--

ALTER TABLE ONLY public.salary_pay
    ADD CONSTRAINT salary_pay_updater_id_9094dbe1_fk_auth_user_id FOREIGN KEY (updater_id) REFERENCES public.auth_user(id) DEFERRABLE INITIALLY DEFERRED;


--
-- Name: sale_return sale_return_creator_id_ca4dfdc8_fk_auth_user_id; Type: FK CONSTRAINT; Schema: public; Owner: nexsme
--

ALTER TABLE ONLY public.sale_return
    ADD CONSTRAINT sale_return_creator_id_ca4dfdc8_fk_auth_user_id FOREIGN KEY (creator_id) REFERENCES public.auth_user(id) DEFERRABLE INITIALLY DEFERRED;


--
-- Name: sale_return sale_return_customer_id_2dbf9690_fk_customers_customer_id; Type: FK CONSTRAINT; Schema: public; Owner: nexsme
--

ALTER TABLE ONLY public.sale_return
    ADD CONSTRAINT sale_return_customer_id_2dbf9690_fk_customers_customer_id FOREIGN KEY (customer_id) REFERENCES public.customers_customer(id) DEFERRABLE INITIALLY DEFERRED;


--
-- Name: sale_return_item sale_return_item_batch_id_a264bc1a_fk_general_batch_id; Type: FK CONSTRAINT; Schema: public; Owner: nexsme
--

ALTER TABLE ONLY public.sale_return_item
    ADD CONSTRAINT sale_return_item_batch_id_a264bc1a_fk_general_batch_id FOREIGN KEY (batch_id) REFERENCES public.general_batch(id) DEFERRABLE INITIALLY DEFERRED;


--
-- Name: sale_return_item sale_return_item_product_id_b74d2eab_fk_products_product_id; Type: FK CONSTRAINT; Schema: public; Owner: nexsme
--

ALTER TABLE ONLY public.sale_return_item
    ADD CONSTRAINT sale_return_item_product_id_b74d2eab_fk_products_product_id FOREIGN KEY (product_id) REFERENCES public.products_product(id) DEFERRABLE INITIALLY DEFERRED;


--
-- Name: sale_return_item sale_return_item_product_variant_id_e61feb36_fk_products_; Type: FK CONSTRAINT; Schema: public; Owner: nexsme
--

ALTER TABLE ONLY public.sale_return_item
    ADD CONSTRAINT sale_return_item_product_variant_id_e61feb36_fk_products_ FOREIGN KEY (product_variant_id) REFERENCES public.products_product_variant(id) DEFERRABLE INITIALLY DEFERRED;


--
-- Name: sale_return_item sale_return_item_sale_item_id_86bf752a_fk_sales_sale_item_id; Type: FK CONSTRAINT; Schema: public; Owner: nexsme
--

ALTER TABLE ONLY public.sale_return_item
    ADD CONSTRAINT sale_return_item_sale_item_id_86bf752a_fk_sales_sale_item_id FOREIGN KEY (sale_item_id) REFERENCES public.sales_sale_item(id) DEFERRABLE INITIALLY DEFERRED;


--
-- Name: sale_return_item sale_return_item_sale_return_id_69ce4fd8_fk_sale_return_id; Type: FK CONSTRAINT; Schema: public; Owner: nexsme
--

ALTER TABLE ONLY public.sale_return_item
    ADD CONSTRAINT sale_return_item_sale_return_id_69ce4fd8_fk_sale_return_id FOREIGN KEY (sale_return_id) REFERENCES public.sale_return(id) DEFERRABLE INITIALLY DEFERRED;


--
-- Name: sale_return sale_return_sale_id_5cb39e41_fk_sales_id; Type: FK CONSTRAINT; Schema: public; Owner: nexsme
--

ALTER TABLE ONLY public.sale_return
    ADD CONSTRAINT sale_return_sale_id_5cb39e41_fk_sales_id FOREIGN KEY (sale_id) REFERENCES public.sales(id) DEFERRABLE INITIALLY DEFERRED;


--
-- Name: sale_return sale_return_updater_id_35e400db_fk_auth_user_id; Type: FK CONSTRAINT; Schema: public; Owner: nexsme
--

ALTER TABLE ONLY public.sale_return
    ADD CONSTRAINT sale_return_updater_id_35e400db_fk_auth_user_id FOREIGN KEY (updater_id) REFERENCES public.auth_user(id) DEFERRABLE INITIALLY DEFERRED;


--
-- Name: sale_return sale_return_warehouse_id_870f2b0c_fk_warehouse_id; Type: FK CONSTRAINT; Schema: public; Owner: nexsme
--

ALTER TABLE ONLY public.sale_return
    ADD CONSTRAINT sale_return_warehouse_id_870f2b0c_fk_warehouse_id FOREIGN KEY (warehouse_id) REFERENCES public.warehouse(id) DEFERRABLE INITIALLY DEFERRED;


--
-- Name: sales sales_creator_id_d767af96_fk_auth_user_id; Type: FK CONSTRAINT; Schema: public; Owner: nexsme
--

ALTER TABLE ONLY public.sales
    ADD CONSTRAINT sales_creator_id_d767af96_fk_auth_user_id FOREIGN KEY (creator_id) REFERENCES public.auth_user(id) DEFERRABLE INITIALLY DEFERRED;


--
-- Name: sales sales_customer_id_b4959801_fk_customers_customer_id; Type: FK CONSTRAINT; Schema: public; Owner: nexsme
--

ALTER TABLE ONLY public.sales
    ADD CONSTRAINT sales_customer_id_b4959801_fk_customers_customer_id FOREIGN KEY (customer_id) REFERENCES public.customers_customer(id) DEFERRABLE INITIALLY DEFERRED;


--
-- Name: sales sales_receipt_voucher_id_161ab400_fk_finance_receipt_voucher_id; Type: FK CONSTRAINT; Schema: public; Owner: nexsme
--

ALTER TABLE ONLY public.sales
    ADD CONSTRAINT sales_receipt_voucher_id_161ab400_fk_finance_receipt_voucher_id FOREIGN KEY (receipt_voucher_id) REFERENCES public.finance_receipt_voucher(id) DEFERRABLE INITIALLY DEFERRED;


--
-- Name: sales_sale_item sales_sale_item_batch_id_7abe5bf7_fk_general_batch_id; Type: FK CONSTRAINT; Schema: public; Owner: nexsme
--

ALTER TABLE ONLY public.sales_sale_item
    ADD CONSTRAINT sales_sale_item_batch_id_7abe5bf7_fk_general_batch_id FOREIGN KEY (batch_id) REFERENCES public.general_batch(id) DEFERRABLE INITIALLY DEFERRED;


--
-- Name: sales_sale_item sales_sale_item_product_variant_id_b2c2abdf_fk_products_; Type: FK CONSTRAINT; Schema: public; Owner: nexsme
--

ALTER TABLE ONLY public.sales_sale_item
    ADD CONSTRAINT sales_sale_item_product_variant_id_b2c2abdf_fk_products_ FOREIGN KEY (product_variant_id) REFERENCES public.products_product_variant(id) DEFERRABLE INITIALLY DEFERRED;


--
-- Name: sales_sale_item sales_sale_item_sale_id_76eaa814_fk_sales_id; Type: FK CONSTRAINT; Schema: public; Owner: nexsme
--

ALTER TABLE ONLY public.sales_sale_item
    ADD CONSTRAINT sales_sale_item_sale_id_76eaa814_fk_sales_id FOREIGN KEY (sale_id) REFERENCES public.sales(id) DEFERRABLE INITIALLY DEFERRED;


--
-- Name: sales sales_sale_prefix_id_c62f025c_fk_invoic_prefix_id; Type: FK CONSTRAINT; Schema: public; Owner: nexsme
--

ALTER TABLE ONLY public.sales
    ADD CONSTRAINT sales_sale_prefix_id_c62f025c_fk_invoic_prefix_id FOREIGN KEY (sale_prefix_id) REFERENCES public.invoic_prefix(id) DEFERRABLE INITIALLY DEFERRED;


--
-- Name: sales sales_updater_id_a64fa776_fk_auth_user_id; Type: FK CONSTRAINT; Schema: public; Owner: nexsme
--

ALTER TABLE ONLY public.sales
    ADD CONSTRAINT sales_updater_id_a64fa776_fk_auth_user_id FOREIGN KEY (updater_id) REFERENCES public.auth_user(id) DEFERRABLE INITIALLY DEFERRED;


--
-- Name: sales sales_warehouse_id_84e0b516_fk_warehouse_id; Type: FK CONSTRAINT; Schema: public; Owner: nexsme
--

ALTER TABLE ONLY public.sales
    ADD CONSTRAINT sales_warehouse_id_84e0b516_fk_warehouse_id FOREIGN KEY (warehouse_id) REFERENCES public.warehouse(id) DEFERRABLE INITIALLY DEFERRED;


--
-- Name: special_variant special_variant_created_variant_id_493d4ae2_fk_products_; Type: FK CONSTRAINT; Schema: public; Owner: nexsme
--

ALTER TABLE ONLY public.special_variant
    ADD CONSTRAINT special_variant_created_variant_id_493d4ae2_fk_products_ FOREIGN KEY (created_variant_id) REFERENCES public.products_product_variant(id) DEFERRABLE INITIALLY DEFERRED;


--
-- Name: special_variant special_variant_creator_id_9a2f8939_fk_auth_user_id; Type: FK CONSTRAINT; Schema: public; Owner: nexsme
--

ALTER TABLE ONLY public.special_variant
    ADD CONSTRAINT special_variant_creator_id_9a2f8939_fk_auth_user_id FOREIGN KEY (creator_id) REFERENCES public.auth_user(id) DEFERRABLE INITIALLY DEFERRED;


--
-- Name: special_variant_product_variant special_variant_prod_productvariant_id_f2415396_fk_products_; Type: FK CONSTRAINT; Schema: public; Owner: nexsme
--

ALTER TABLE ONLY public.special_variant_product_variant
    ADD CONSTRAINT special_variant_prod_productvariant_id_f2415396_fk_products_ FOREIGN KEY (productvariant_id) REFERENCES public.products_product_variant(id) DEFERRABLE INITIALLY DEFERRED;


--
-- Name: special_variant_product_variant special_variant_prod_specialvariant_id_7b1e7b1b_fk_special_v; Type: FK CONSTRAINT; Schema: public; Owner: nexsme
--

ALTER TABLE ONLY public.special_variant_product_variant
    ADD CONSTRAINT special_variant_prod_specialvariant_id_7b1e7b1b_fk_special_v FOREIGN KEY (specialvariant_id) REFERENCES public.special_variant(id) DEFERRABLE INITIALLY DEFERRED;


--
-- Name: special_variant special_variant_updater_id_708ebca3_fk_auth_user_id; Type: FK CONSTRAINT; Schema: public; Owner: nexsme
--

ALTER TABLE ONLY public.special_variant
    ADD CONSTRAINT special_variant_updater_id_708ebca3_fk_auth_user_id FOREIGN KEY (updater_id) REFERENCES public.auth_user(id) DEFERRABLE INITIALLY DEFERRED;


--
-- Name: staff_attendence staff_attendence_creator_id_0920f368_fk_auth_user_id; Type: FK CONSTRAINT; Schema: public; Owner: nexsme
--

ALTER TABLE ONLY public.staff_attendence
    ADD CONSTRAINT staff_attendence_creator_id_0920f368_fk_auth_user_id FOREIGN KEY (creator_id) REFERENCES public.auth_user(id) DEFERRABLE INITIALLY DEFERRED;


--
-- Name: staff_attendence staff_attendence_staff_id_d6748ba4_fk_staff_id; Type: FK CONSTRAINT; Schema: public; Owner: nexsme
--

ALTER TABLE ONLY public.staff_attendence
    ADD CONSTRAINT staff_attendence_staff_id_d6748ba4_fk_staff_id FOREIGN KEY (staff_id) REFERENCES public.staff(id) DEFERRABLE INITIALLY DEFERRED;


--
-- Name: staff_attendence staff_attendence_updater_id_8281af3a_fk_auth_user_id; Type: FK CONSTRAINT; Schema: public; Owner: nexsme
--

ALTER TABLE ONLY public.staff_attendence
    ADD CONSTRAINT staff_attendence_updater_id_8281af3a_fk_auth_user_id FOREIGN KEY (updater_id) REFERENCES public.auth_user(id) DEFERRABLE INITIALLY DEFERRED;


--
-- Name: staff staff_creator_id_3adcbdeb_fk_auth_user_id; Type: FK CONSTRAINT; Schema: public; Owner: nexsme
--

ALTER TABLE ONLY public.staff
    ADD CONSTRAINT staff_creator_id_3adcbdeb_fk_auth_user_id FOREIGN KEY (creator_id) REFERENCES public.auth_user(id) DEFERRABLE INITIALLY DEFERRED;


--
-- Name: staff staff_designation_id_5370c180_fk_designation_id; Type: FK CONSTRAINT; Schema: public; Owner: nexsme
--

ALTER TABLE ONLY public.staff
    ADD CONSTRAINT staff_designation_id_5370c180_fk_designation_id FOREIGN KEY (designation_id) REFERENCES public.designation(id) DEFERRABLE INITIALLY DEFERRED;


--
-- Name: staff_permission staff_permission_permission_id_db9b3f33_fk_permission_id; Type: FK CONSTRAINT; Schema: public; Owner: nexsme
--

ALTER TABLE ONLY public.staff_permission
    ADD CONSTRAINT staff_permission_permission_id_db9b3f33_fk_permission_id FOREIGN KEY (permission_id) REFERENCES public.permission(id) DEFERRABLE INITIALLY DEFERRED;


--
-- Name: staff_permission staff_permission_staff_id_697f9421_fk_staff_id; Type: FK CONSTRAINT; Schema: public; Owner: nexsme
--

ALTER TABLE ONLY public.staff_permission
    ADD CONSTRAINT staff_permission_staff_id_697f9421_fk_staff_id FOREIGN KEY (staff_id) REFERENCES public.staff(id) DEFERRABLE INITIALLY DEFERRED;


--
-- Name: staff_salary_allowance staff_salary_allowance_creator_id_9f39108d_fk_auth_user_id; Type: FK CONSTRAINT; Schema: public; Owner: nexsme
--

ALTER TABLE ONLY public.staff_salary_allowance
    ADD CONSTRAINT staff_salary_allowance_creator_id_9f39108d_fk_auth_user_id FOREIGN KEY (creator_id) REFERENCES public.auth_user(id) DEFERRABLE INITIALLY DEFERRED;


--
-- Name: staff_salary_allowance staff_salary_allowance_staff_id_7aa5764f_fk_staff_id; Type: FK CONSTRAINT; Schema: public; Owner: nexsme
--

ALTER TABLE ONLY public.staff_salary_allowance
    ADD CONSTRAINT staff_salary_allowance_staff_id_7aa5764f_fk_staff_id FOREIGN KEY (staff_id) REFERENCES public.staff(id) DEFERRABLE INITIALLY DEFERRED;


--
-- Name: staff_salary_allowance staff_salary_allowance_updater_id_0880b574_fk_auth_user_id; Type: FK CONSTRAINT; Schema: public; Owner: nexsme
--

ALTER TABLE ONLY public.staff_salary_allowance
    ADD CONSTRAINT staff_salary_allowance_updater_id_0880b574_fk_auth_user_id FOREIGN KEY (updater_id) REFERENCES public.auth_user(id) DEFERRABLE INITIALLY DEFERRED;


--
-- Name: staff staff_updater_id_491d90f5_fk_auth_user_id; Type: FK CONSTRAINT; Schema: public; Owner: nexsme
--

ALTER TABLE ONLY public.staff
    ADD CONSTRAINT staff_updater_id_491d90f5_fk_auth_user_id FOREIGN KEY (updater_id) REFERENCES public.auth_user(id) DEFERRABLE INITIALLY DEFERRED;


--
-- Name: staff staff_user_id_e6242ba6_fk_auth_user_id; Type: FK CONSTRAINT; Schema: public; Owner: nexsme
--

ALTER TABLE ONLY public.staff
    ADD CONSTRAINT staff_user_id_e6242ba6_fk_auth_user_id FOREIGN KEY (user_id) REFERENCES public.auth_user(id) DEFERRABLE INITIALLY DEFERRED;


--
-- Name: staff staff_warehouse_id_1ea8b77d_fk_warehouse_id; Type: FK CONSTRAINT; Schema: public; Owner: nexsme
--

ALTER TABLE ONLY public.staff
    ADD CONSTRAINT staff_warehouse_id_1ea8b77d_fk_warehouse_id FOREIGN KEY (warehouse_id) REFERENCES public.warehouse(id) DEFERRABLE INITIALLY DEFERRED;


--
-- Name: stock_transfer stock_transfer_creator_id_917a3181_fk_auth_user_id; Type: FK CONSTRAINT; Schema: public; Owner: nexsme
--

ALTER TABLE ONLY public.stock_transfer
    ADD CONSTRAINT stock_transfer_creator_id_917a3181_fk_auth_user_id FOREIGN KEY (creator_id) REFERENCES public.auth_user(id) DEFERRABLE INITIALLY DEFERRED;


--
-- Name: stock_transfer_items stock_transfer_items_batch_id_6e12881d_fk_general_batch_id; Type: FK CONSTRAINT; Schema: public; Owner: nexsme
--

ALTER TABLE ONLY public.stock_transfer_items
    ADD CONSTRAINT stock_transfer_items_batch_id_6e12881d_fk_general_batch_id FOREIGN KEY (batch_id) REFERENCES public.general_batch(id) DEFERRABLE INITIALLY DEFERRED;


--
-- Name: stock_transfer_items stock_transfer_items_creator_id_4aa0f9b4_fk_auth_user_id; Type: FK CONSTRAINT; Schema: public; Owner: nexsme
--

ALTER TABLE ONLY public.stock_transfer_items
    ADD CONSTRAINT stock_transfer_items_creator_id_4aa0f9b4_fk_auth_user_id FOREIGN KEY (creator_id) REFERENCES public.auth_user(id) DEFERRABLE INITIALLY DEFERRED;


--
-- Name: stock_transfer_items stock_transfer_items_product_variant_id_10090a13_fk_products_; Type: FK CONSTRAINT; Schema: public; Owner: nexsme
--

ALTER TABLE ONLY public.stock_transfer_items
    ADD CONSTRAINT stock_transfer_items_product_variant_id_10090a13_fk_products_ FOREIGN KEY (product_variant_id) REFERENCES public.products_product_variant(id) DEFERRABLE INITIALLY DEFERRED;


--
-- Name: stock_transfer_items stock_transfer_items_stock_transfer_id_8b4d6f0e_fk_stock_tra; Type: FK CONSTRAINT; Schema: public; Owner: nexsme
--

ALTER TABLE ONLY public.stock_transfer_items
    ADD CONSTRAINT stock_transfer_items_stock_transfer_id_8b4d6f0e_fk_stock_tra FOREIGN KEY (stock_transfer_id) REFERENCES public.stock_transfer(id) DEFERRABLE INITIALLY DEFERRED;


--
-- Name: stock_transfer_items stock_transfer_items_updater_id_e94dc7ab_fk_auth_user_id; Type: FK CONSTRAINT; Schema: public; Owner: nexsme
--

ALTER TABLE ONLY public.stock_transfer_items
    ADD CONSTRAINT stock_transfer_items_updater_id_e94dc7ab_fk_auth_user_id FOREIGN KEY (updater_id) REFERENCES public.auth_user(id) DEFERRABLE INITIALLY DEFERRED;


--
-- Name: stock_transfer stock_transfer_to_warehouse_id_9c565097_fk_warehouse_id; Type: FK CONSTRAINT; Schema: public; Owner: nexsme
--

ALTER TABLE ONLY public.stock_transfer
    ADD CONSTRAINT stock_transfer_to_warehouse_id_9c565097_fk_warehouse_id FOREIGN KEY (to_warehouse_id) REFERENCES public.warehouse(id) DEFERRABLE INITIALLY DEFERRED;


--
-- Name: stock_transfer stock_transfer_updater_id_daf05e5e_fk_auth_user_id; Type: FK CONSTRAINT; Schema: public; Owner: nexsme
--

ALTER TABLE ONLY public.stock_transfer
    ADD CONSTRAINT stock_transfer_updater_id_daf05e5e_fk_auth_user_id FOREIGN KEY (updater_id) REFERENCES public.auth_user(id) DEFERRABLE INITIALLY DEFERRED;


--
-- Name: stock_transfer stock_transfer_warehouse_id_98a99844_fk_warehouse_id; Type: FK CONSTRAINT; Schema: public; Owner: nexsme
--

ALTER TABLE ONLY public.stock_transfer
    ADD CONSTRAINT stock_transfer_warehouse_id_98a99844_fk_warehouse_id FOREIGN KEY (warehouse_id) REFERENCES public.warehouse(id) DEFERRABLE INITIALLY DEFERRED;


--
-- Name: stock_update stock_update_creator_id_cf29eb24_fk_auth_user_id; Type: FK CONSTRAINT; Schema: public; Owner: nexsme
--

ALTER TABLE ONLY public.stock_update
    ADD CONSTRAINT stock_update_creator_id_cf29eb24_fk_auth_user_id FOREIGN KEY (creator_id) REFERENCES public.auth_user(id) DEFERRABLE INITIALLY DEFERRED;


--
-- Name: stock_update_item stock_update_item_batch_id_3fb160b5_fk_general_batch_id; Type: FK CONSTRAINT; Schema: public; Owner: nexsme
--

ALTER TABLE ONLY public.stock_update_item
    ADD CONSTRAINT stock_update_item_batch_id_3fb160b5_fk_general_batch_id FOREIGN KEY (batch_id) REFERENCES public.general_batch(id) DEFERRABLE INITIALLY DEFERRED;


--
-- Name: stock_update_item stock_update_item_product_variant_id_9156dec5_fk_products_; Type: FK CONSTRAINT; Schema: public; Owner: nexsme
--

ALTER TABLE ONLY public.stock_update_item
    ADD CONSTRAINT stock_update_item_product_variant_id_9156dec5_fk_products_ FOREIGN KEY (product_variant_id) REFERENCES public.products_product_variant(id) DEFERRABLE INITIALLY DEFERRED;


--
-- Name: stock_update_item stock_update_item_stockupdate_id_79d2ec56_fk_stock_update_id; Type: FK CONSTRAINT; Schema: public; Owner: nexsme
--

ALTER TABLE ONLY public.stock_update_item
    ADD CONSTRAINT stock_update_item_stockupdate_id_79d2ec56_fk_stock_update_id FOREIGN KEY (stockupdate_id) REFERENCES public.stock_update(id) DEFERRABLE INITIALLY DEFERRED;


--
-- Name: stock_update stock_update_updater_id_412fb489_fk_auth_user_id; Type: FK CONSTRAINT; Schema: public; Owner: nexsme
--

ALTER TABLE ONLY public.stock_update
    ADD CONSTRAINT stock_update_updater_id_412fb489_fk_auth_user_id FOREIGN KEY (updater_id) REFERENCES public.auth_user(id) DEFERRABLE INITIALLY DEFERRED;


--
-- Name: stock_update stock_update_warehouse_id_f0f5eea0_fk_warehouse_id; Type: FK CONSTRAINT; Schema: public; Owner: nexsme
--

ALTER TABLE ONLY public.stock_update
    ADD CONSTRAINT stock_update_warehouse_id_f0f5eea0_fk_warehouse_id FOREIGN KEY (warehouse_id) REFERENCES public.warehouse(id) DEFERRABLE INITIALLY DEFERRED;


--
-- Name: students_registration_profile students_registration_profile_user_id_b4191036_fk_auth_user_id; Type: FK CONSTRAINT; Schema: public; Owner: nexsme
--

ALTER TABLE ONLY public.students_registration_profile
    ADD CONSTRAINT students_registration_profile_user_id_b4191036_fk_auth_user_id FOREIGN KEY (user_id) REFERENCES public.auth_user(id) DEFERRABLE INITIALLY DEFERRED;


--
-- Name: suppliers_supplier suppliers_supplier_creator_id_07cc976c_fk_auth_user_id; Type: FK CONSTRAINT; Schema: public; Owner: nexsme
--

ALTER TABLE ONLY public.suppliers_supplier
    ADD CONSTRAINT suppliers_supplier_creator_id_07cc976c_fk_auth_user_id FOREIGN KEY (creator_id) REFERENCES public.auth_user(id) DEFERRABLE INITIALLY DEFERRED;


--
-- Name: suppliers_supplier suppliers_supplier_updater_id_a9a0014f_fk_auth_user_id; Type: FK CONSTRAINT; Schema: public; Owner: nexsme
--

ALTER TABLE ONLY public.suppliers_supplier
    ADD CONSTRAINT suppliers_supplier_updater_id_a9a0014f_fk_auth_user_id FOREIGN KEY (updater_id) REFERENCES public.auth_user(id) DEFERRABLE INITIALLY DEFERRED;


--
-- Name: suppliers_supplier suppliers_supplier_user_id_1b86ec9a_fk_auth_user_id; Type: FK CONSTRAINT; Schema: public; Owner: nexsme
--

ALTER TABLE ONLY public.suppliers_supplier
    ADD CONSTRAINT suppliers_supplier_user_id_1b86ec9a_fk_auth_user_id FOREIGN KEY (user_id) REFERENCES public.auth_user(id) DEFERRABLE INITIALLY DEFERRED;


--
-- Name: techpe_staff_record techpe_staff_record_creator_id_9ea540ca_fk_auth_user_id; Type: FK CONSTRAINT; Schema: public; Owner: nexsme
--

ALTER TABLE ONLY public.techpe_staff_record
    ADD CONSTRAINT techpe_staff_record_creator_id_9ea540ca_fk_auth_user_id FOREIGN KEY (creator_id) REFERENCES public.auth_user(id) DEFERRABLE INITIALLY DEFERRED;


--
-- Name: techpe_staff_record techpe_staff_record_staff_id_3b03ef2a_fk_staff_id; Type: FK CONSTRAINT; Schema: public; Owner: nexsme
--

ALTER TABLE ONLY public.techpe_staff_record
    ADD CONSTRAINT techpe_staff_record_staff_id_3b03ef2a_fk_staff_id FOREIGN KEY (staff_id) REFERENCES public.staff(id) DEFERRABLE INITIALLY DEFERRED;


--
-- Name: techpe_staff_record techpe_staff_record_updater_id_73376052_fk_auth_user_id; Type: FK CONSTRAINT; Schema: public; Owner: nexsme
--

ALTER TABLE ONLY public.techpe_staff_record
    ADD CONSTRAINT techpe_staff_record_updater_id_73376052_fk_auth_user_id FOREIGN KEY (updater_id) REFERENCES public.auth_user(id) DEFERRABLE INITIALLY DEFERRED;


--
-- Name: tickets tickets_creator_id_2fc0e6d2_fk_auth_user_id; Type: FK CONSTRAINT; Schema: public; Owner: nexsme
--

ALTER TABLE ONLY public.tickets
    ADD CONSTRAINT tickets_creator_id_2fc0e6d2_fk_auth_user_id FOREIGN KEY (creator_id) REFERENCES public.auth_user(id) DEFERRABLE INITIALLY DEFERRED;


--
-- Name: tickets tickets_customer_id_1778b1f7_fk_customers_customer_id; Type: FK CONSTRAINT; Schema: public; Owner: nexsme
--

ALTER TABLE ONLY public.tickets
    ADD CONSTRAINT tickets_customer_id_1778b1f7_fk_customers_customer_id FOREIGN KEY (customer_id) REFERENCES public.customers_customer(id) DEFERRABLE INITIALLY DEFERRED;


--
-- Name: tickets tickets_updater_id_720df8cd_fk_auth_user_id; Type: FK CONSTRAINT; Schema: public; Owner: nexsme
--

ALTER TABLE ONLY public.tickets
    ADD CONSTRAINT tickets_updater_id_720df8cd_fk_auth_user_id FOREIGN KEY (updater_id) REFERENCES public.auth_user(id) DEFERRABLE INITIALLY DEFERRED;


--
-- Name: users_cartitem users_cartitem_customer_id_3aa9bb25_fk_customers_customer_id; Type: FK CONSTRAINT; Schema: public; Owner: nexsme
--

ALTER TABLE ONLY public.users_cartitem
    ADD CONSTRAINT users_cartitem_customer_id_3aa9bb25_fk_customers_customer_id FOREIGN KEY (customer_id) REFERENCES public.customers_customer(id) DEFERRABLE INITIALLY DEFERRED;


--
-- Name: users_cartitem users_cartitem_product_variant_id_2ffc31b9_fk_products_; Type: FK CONSTRAINT; Schema: public; Owner: nexsme
--

ALTER TABLE ONLY public.users_cartitem
    ADD CONSTRAINT users_cartitem_product_variant_id_2ffc31b9_fk_products_ FOREIGN KEY (product_variant_id) REFERENCES public.products_product_variant(id) DEFERRABLE INITIALLY DEFERRED;


--
-- Name: users_cartitem users_cartitem_warehouse_id_65535620_fk_warehouse_id; Type: FK CONSTRAINT; Schema: public; Owner: nexsme
--

ALTER TABLE ONLY public.users_cartitem
    ADD CONSTRAINT users_cartitem_warehouse_id_65535620_fk_warehouse_id FOREIGN KEY (warehouse_id) REFERENCES public.warehouse(id) DEFERRABLE INITIALLY DEFERRED;


--
-- Name: users_notification users_notification_customer_id_ddee569d_fk_customers; Type: FK CONSTRAINT; Schema: public; Owner: nexsme
--

ALTER TABLE ONLY public.users_notification
    ADD CONSTRAINT users_notification_customer_id_ddee569d_fk_customers FOREIGN KEY (customer_id) REFERENCES public.customers_customer(id) DEFERRABLE INITIALLY DEFERRED;


--
-- Name: users_notification users_notification_order_id_26554506_fk_orders_orders_id; Type: FK CONSTRAINT; Schema: public; Owner: nexsme
--

ALTER TABLE ONLY public.users_notification
    ADD CONSTRAINT users_notification_order_id_26554506_fk_orders_orders_id FOREIGN KEY (order_id) REFERENCES public.orders_orders(id) DEFERRABLE INITIALLY DEFERRED;


--
-- Name: users_notification users_notification_subject_id_03f187af_fk_users_not; Type: FK CONSTRAINT; Schema: public; Owner: nexsme
--

ALTER TABLE ONLY public.users_notification
    ADD CONSTRAINT users_notification_subject_id_03f187af_fk_users_not FOREIGN KEY (subject_id) REFERENCES public.users_notification_subject(id) DEFERRABLE INITIALLY DEFERRED;


--
-- Name: users_notification users_notification_user_id_fed360c8_fk_auth_user_id; Type: FK CONSTRAINT; Schema: public; Owner: nexsme
--

ALTER TABLE ONLY public.users_notification
    ADD CONSTRAINT users_notification_user_id_fed360c8_fk_auth_user_id FOREIGN KEY (user_id) REFERENCES public.auth_user(id) DEFERRABLE INITIALLY DEFERRED;


--
-- Name: users_notification users_notification_who_id_1bc02fb3_fk_auth_user_id; Type: FK CONSTRAINT; Schema: public; Owner: nexsme
--

ALTER TABLE ONLY public.users_notification
    ADD CONSTRAINT users_notification_who_id_1bc02fb3_fk_auth_user_id FOREIGN KEY (who_id) REFERENCES public.auth_user(id) DEFERRABLE INITIALLY DEFERRED;


--
-- Name: users_user_login users_user_login_user_id_1e0c5baa_fk_auth_user_id; Type: FK CONSTRAINT; Schema: public; Owner: nexsme
--

ALTER TABLE ONLY public.users_user_login
    ADD CONSTRAINT users_user_login_user_id_1e0c5baa_fk_auth_user_id FOREIGN KEY (user_id) REFERENCES public.auth_user(id) DEFERRABLE INITIALLY DEFERRED;


--
-- Name: users_wishlistitem users_wishlistitem_customer_id_3c1ca701_fk_customers; Type: FK CONSTRAINT; Schema: public; Owner: nexsme
--

ALTER TABLE ONLY public.users_wishlistitem
    ADD CONSTRAINT users_wishlistitem_customer_id_3c1ca701_fk_customers FOREIGN KEY (customer_id) REFERENCES public.customers_customer(id) DEFERRABLE INITIALLY DEFERRED;


--
-- Name: users_wishlistitem users_wishlistitem_product_variant_id_4f5db007_fk_products_; Type: FK CONSTRAINT; Schema: public; Owner: nexsme
--

ALTER TABLE ONLY public.users_wishlistitem
    ADD CONSTRAINT users_wishlistitem_product_variant_id_4f5db007_fk_products_ FOREIGN KEY (product_variant_id) REFERENCES public.products_product_variant(id) DEFERRABLE INITIALLY DEFERRED;


--
-- Name: vendors_commission vendors_commission_order_item_id_610ad1cb_fk_orders_or; Type: FK CONSTRAINT; Schema: public; Owner: nexsme
--

ALTER TABLE ONLY public.vendors_commission
    ADD CONSTRAINT vendors_commission_order_item_id_610ad1cb_fk_orders_or FOREIGN KEY (order_item_id) REFERENCES public.orders_orderitem(id) DEFERRABLE INITIALLY DEFERRED;


--
-- Name: vendors_commission vendors_commission_vendor_id_46d0d483_fk_vendors_vendor_id; Type: FK CONSTRAINT; Schema: public; Owner: nexsme
--

ALTER TABLE ONLY public.vendors_commission
    ADD CONSTRAINT vendors_commission_vendor_id_46d0d483_fk_vendors_vendor_id FOREIGN KEY (vendor_id) REFERENCES public.vendors_vendor(id) DEFERRABLE INITIALLY DEFERRED;


--
-- Name: vendors_vendor vendors_vendor_creator_id_f1bab48a_fk_auth_user_id; Type: FK CONSTRAINT; Schema: public; Owner: nexsme
--

ALTER TABLE ONLY public.vendors_vendor
    ADD CONSTRAINT vendors_vendor_creator_id_f1bab48a_fk_auth_user_id FOREIGN KEY (creator_id) REFERENCES public.auth_user(id) DEFERRABLE INITIALLY DEFERRED;


--
-- Name: vendors_vendor_deliverable_location vendors_vendor_deliv_vendor_id_a1286659_fk_vendors_v; Type: FK CONSTRAINT; Schema: public; Owner: nexsme
--

ALTER TABLE ONLY public.vendors_vendor_deliverable_location
    ADD CONSTRAINT vendors_vendor_deliv_vendor_id_a1286659_fk_vendors_v FOREIGN KEY (vendor_id) REFERENCES public.vendors_vendor(id) DEFERRABLE INITIALLY DEFERRED;


--
-- Name: vendors_vendor_deliverable_location vendors_vendor_deliverable_location_zone_id_d15159a0_fk_zone_id; Type: FK CONSTRAINT; Schema: public; Owner: nexsme
--

ALTER TABLE ONLY public.vendors_vendor_deliverable_location
    ADD CONSTRAINT vendors_vendor_deliverable_location_zone_id_d15159a0_fk_zone_id FOREIGN KEY (zone_id) REFERENCES public.zone(id) DEFERRABLE INITIALLY DEFERRED;


--
-- Name: vendors_vendor vendors_vendor_location_id_a62c69f7_fk_location_id; Type: FK CONSTRAINT; Schema: public; Owner: nexsme
--

ALTER TABLE ONLY public.vendors_vendor
    ADD CONSTRAINT vendors_vendor_location_id_a62c69f7_fk_location_id FOREIGN KEY (location_id) REFERENCES public.location(id) DEFERRABLE INITIALLY DEFERRED;


--
-- Name: vendors_vendor vendors_vendor_updater_id_5e59b1f7_fk_auth_user_id; Type: FK CONSTRAINT; Schema: public; Owner: nexsme
--

ALTER TABLE ONLY public.vendors_vendor
    ADD CONSTRAINT vendors_vendor_updater_id_5e59b1f7_fk_auth_user_id FOREIGN KEY (updater_id) REFERENCES public.auth_user(id) DEFERRABLE INITIALLY DEFERRED;


--
-- Name: vendors_vendor vendors_vendor_user_id_14564ee2_fk_auth_user_id; Type: FK CONSTRAINT; Schema: public; Owner: nexsme
--

ALTER TABLE ONLY public.vendors_vendor
    ADD CONSTRAINT vendors_vendor_user_id_14564ee2_fk_auth_user_id FOREIGN KEY (user_id) REFERENCES public.auth_user(id) DEFERRABLE INITIALLY DEFERRED;


--
-- Name: vendors_vendor vendors_vendor_zone_id_ca06c82a_fk_zone_id; Type: FK CONSTRAINT; Schema: public; Owner: nexsme
--

ALTER TABLE ONLY public.vendors_vendor
    ADD CONSTRAINT vendors_vendor_zone_id_ca06c82a_fk_zone_id FOREIGN KEY (zone_id) REFERENCES public.zone(id) DEFERRABLE INITIALLY DEFERRED;


--
-- Name: warehouse warehouse_creator_id_ca390d1b_fk_auth_user_id; Type: FK CONSTRAINT; Schema: public; Owner: nexsme
--

ALTER TABLE ONLY public.warehouse
    ADD CONSTRAINT warehouse_creator_id_ca390d1b_fk_auth_user_id FOREIGN KEY (creator_id) REFERENCES public.auth_user(id) DEFERRABLE INITIALLY DEFERRED;


--
-- Name: warehouse_deliverable_location warehouse_deliverabl_warehouse_id_c1f110a9_fk_warehouse; Type: FK CONSTRAINT; Schema: public; Owner: nexsme
--

ALTER TABLE ONLY public.warehouse_deliverable_location
    ADD CONSTRAINT warehouse_deliverabl_warehouse_id_c1f110a9_fk_warehouse FOREIGN KEY (warehouse_id) REFERENCES public.warehouse(id) DEFERRABLE INITIALLY DEFERRED;


--
-- Name: warehouse_deliverable_location warehouse_deliverable_location_zone_id_7cbfc158_fk_zone_id; Type: FK CONSTRAINT; Schema: public; Owner: nexsme
--

ALTER TABLE ONLY public.warehouse_deliverable_location
    ADD CONSTRAINT warehouse_deliverable_location_zone_id_7cbfc158_fk_zone_id FOREIGN KEY (zone_id) REFERENCES public.zone(id) DEFERRABLE INITIALLY DEFERRED;


--
-- Name: warehouse warehouse_location_id_00f5bf11_fk_location_id; Type: FK CONSTRAINT; Schema: public; Owner: nexsme
--

ALTER TABLE ONLY public.warehouse
    ADD CONSTRAINT warehouse_location_id_00f5bf11_fk_location_id FOREIGN KEY (location_id) REFERENCES public.location(id) DEFERRABLE INITIALLY DEFERRED;


--
-- Name: warehouse warehouse_manager_id_88a15ae0_fk_staff_id; Type: FK CONSTRAINT; Schema: public; Owner: nexsme
--

ALTER TABLE ONLY public.warehouse
    ADD CONSTRAINT warehouse_manager_id_88a15ae0_fk_staff_id FOREIGN KEY (manager_id) REFERENCES public.staff(id) DEFERRABLE INITIALLY DEFERRED;


--
-- Name: warehouse_no_express_delivery warehouse_no_express_delivery_zone_id_7dd21bfe_fk_zone_id; Type: FK CONSTRAINT; Schema: public; Owner: nexsme
--

ALTER TABLE ONLY public.warehouse_no_express_delivery
    ADD CONSTRAINT warehouse_no_express_delivery_zone_id_7dd21bfe_fk_zone_id FOREIGN KEY (zone_id) REFERENCES public.zone(id) DEFERRABLE INITIALLY DEFERRED;


--
-- Name: warehouse_no_express_delivery warehouse_no_express_warehouse_id_51219f49_fk_warehouse; Type: FK CONSTRAINT; Schema: public; Owner: nexsme
--

ALTER TABLE ONLY public.warehouse_no_express_delivery
    ADD CONSTRAINT warehouse_no_express_warehouse_id_51219f49_fk_warehouse FOREIGN KEY (warehouse_id) REFERENCES public.warehouse(id) DEFERRABLE INITIALLY DEFERRED;


--
-- Name: warehouse warehouse_updater_id_db0742a3_fk_auth_user_id; Type: FK CONSTRAINT; Schema: public; Owner: nexsme
--

ALTER TABLE ONLY public.warehouse
    ADD CONSTRAINT warehouse_updater_id_db0742a3_fk_auth_user_id FOREIGN KEY (updater_id) REFERENCES public.auth_user(id) DEFERRABLE INITIALLY DEFERRED;


--
-- Name: warehouse warehouse_zone_id_09e97e47_fk_zone_id; Type: FK CONSTRAINT; Schema: public; Owner: nexsme
--

ALTER TABLE ONLY public.warehouse
    ADD CONSTRAINT warehouse_zone_id_09e97e47_fk_zone_id FOREIGN KEY (zone_id) REFERENCES public.zone(id) DEFERRABLE INITIALLY DEFERRED;


--
-- Name: web_FeauturedCategory web_FeauturedCategor_category_id_d455bce9_fk_products_; Type: FK CONSTRAINT; Schema: public; Owner: nexsme
--

ALTER TABLE ONLY public."web_FeauturedCategory"
    ADD CONSTRAINT "web_FeauturedCategor_category_id_d455bce9_fk_products_" FOREIGN KEY (category_id) REFERENCES public.products_category(id) DEFERRABLE INITIALLY DEFERRED;


--
-- Name: web_FeauturedCategory web_FeauturedCategory_creator_id_0abe369e_fk_auth_user_id; Type: FK CONSTRAINT; Schema: public; Owner: nexsme
--

ALTER TABLE ONLY public."web_FeauturedCategory"
    ADD CONSTRAINT "web_FeauturedCategory_creator_id_0abe369e_fk_auth_user_id" FOREIGN KEY (creator_id) REFERENCES public.auth_user(id) DEFERRABLE INITIALLY DEFERRED;


--
-- Name: web_FeauturedCategory web_FeauturedCategory_updater_id_93ce2b27_fk_auth_user_id; Type: FK CONSTRAINT; Schema: public; Owner: nexsme
--

ALTER TABLE ONLY public."web_FeauturedCategory"
    ADD CONSTRAINT "web_FeauturedCategory_updater_id_93ce2b27_fk_auth_user_id" FOREIGN KEY (updater_id) REFERENCES public.auth_user(id) DEFERRABLE INITIALLY DEFERRED;


--
-- Name: web_TrendingCategory web_TrendingCategory_category_id_62630652_fk_products_; Type: FK CONSTRAINT; Schema: public; Owner: nexsme
--

ALTER TABLE ONLY public."web_TrendingCategory"
    ADD CONSTRAINT "web_TrendingCategory_category_id_62630652_fk_products_" FOREIGN KEY (category_id) REFERENCES public.products_category(id) DEFERRABLE INITIALLY DEFERRED;


--
-- Name: web_TrendingCategory web_TrendingCategory_creator_id_42d034a2_fk_auth_user_id; Type: FK CONSTRAINT; Schema: public; Owner: nexsme
--

ALTER TABLE ONLY public."web_TrendingCategory"
    ADD CONSTRAINT "web_TrendingCategory_creator_id_42d034a2_fk_auth_user_id" FOREIGN KEY (creator_id) REFERENCES public.auth_user(id) DEFERRABLE INITIALLY DEFERRED;


--
-- Name: web_TrendingCategory web_TrendingCategory_updater_id_fc885942_fk_auth_user_id; Type: FK CONSTRAINT; Schema: public; Owner: nexsme
--

ALTER TABLE ONLY public."web_TrendingCategory"
    ADD CONSTRAINT "web_TrendingCategory_updater_id_fc885942_fk_auth_user_id" FOREIGN KEY (updater_id) REFERENCES public.auth_user(id) DEFERRABLE INITIALLY DEFERRED;


--
-- Name: web_productreturn web_productreturn_creator_id_ed38cc45_fk_auth_user_id; Type: FK CONSTRAINT; Schema: public; Owner: nexsme
--

ALTER TABLE ONLY public.web_productreturn
    ADD CONSTRAINT web_productreturn_creator_id_ed38cc45_fk_auth_user_id FOREIGN KEY (creator_id) REFERENCES public.auth_user(id) DEFERRABLE INITIALLY DEFERRED;


--
-- Name: web_productreturn web_productreturn_customer_account_id_c06bfd0e_fk_customer_; Type: FK CONSTRAINT; Schema: public; Owner: nexsme
--

ALTER TABLE ONLY public.web_productreturn
    ADD CONSTRAINT web_productreturn_customer_account_id_c06bfd0e_fk_customer_ FOREIGN KEY (customer_account_id) REFERENCES public.customer_bank_account(id) DEFERRABLE INITIALLY DEFERRED;


--
-- Name: web_productreturn web_productreturn_customer_address_id_22b0bf5b_fk_customers; Type: FK CONSTRAINT; Schema: public; Owner: nexsme
--

ALTER TABLE ONLY public.web_productreturn
    ADD CONSTRAINT web_productreturn_customer_address_id_22b0bf5b_fk_customers FOREIGN KEY (customer_address_id) REFERENCES public.customers_customeraddress(id) DEFERRABLE INITIALLY DEFERRED;


--
-- Name: web_productreturn web_productreturn_delivery_boy_id_0828cf82_fk_delivery_; Type: FK CONSTRAINT; Schema: public; Owner: nexsme
--

ALTER TABLE ONLY public.web_productreturn
    ADD CONSTRAINT web_productreturn_delivery_boy_id_0828cf82_fk_delivery_ FOREIGN KEY (delivery_boy_id) REFERENCES public.delivery_agent_delivery_agent(id) DEFERRABLE INITIALLY DEFERRED;


--
-- Name: web_productreturn web_productreturn_order_id_731bb36a_fk_orders_orders_id; Type: FK CONSTRAINT; Schema: public; Owner: nexsme
--

ALTER TABLE ONLY public.web_productreturn
    ADD CONSTRAINT web_productreturn_order_id_731bb36a_fk_orders_orders_id FOREIGN KEY (order_id) REFERENCES public.orders_orders(id) DEFERRABLE INITIALLY DEFERRED;


--
-- Name: web_productreturn web_productreturn_order_item_id_7ed5e915_fk_orders_orderitem_id; Type: FK CONSTRAINT; Schema: public; Owner: nexsme
--

ALTER TABLE ONLY public.web_productreturn
    ADD CONSTRAINT web_productreturn_order_item_id_7ed5e915_fk_orders_orderitem_id FOREIGN KEY (order_item_id) REFERENCES public.orders_orderitem(id) DEFERRABLE INITIALLY DEFERRED;


--
-- Name: web_productreturn web_productreturn_updater_id_acc1ff48_fk_auth_user_id; Type: FK CONSTRAINT; Schema: public; Owner: nexsme
--

ALTER TABLE ONLY public.web_productreturn
    ADD CONSTRAINT web_productreturn_updater_id_acc1ff48_fk_auth_user_id FOREIGN KEY (updater_id) REFERENCES public.auth_user(id) DEFERRABLE INITIALLY DEFERRED;


--
-- Name: web_productreview web_productreview_creator_id_3f7511d7_fk_auth_user_id; Type: FK CONSTRAINT; Schema: public; Owner: nexsme
--

ALTER TABLE ONLY public.web_productreview
    ADD CONSTRAINT web_productreview_creator_id_3f7511d7_fk_auth_user_id FOREIGN KEY (creator_id) REFERENCES public.auth_user(id) DEFERRABLE INITIALLY DEFERRED;


--
-- Name: web_productreview web_productreview_product_variant_id_d2100523_fk_products_; Type: FK CONSTRAINT; Schema: public; Owner: nexsme
--

ALTER TABLE ONLY public.web_productreview
    ADD CONSTRAINT web_productreview_product_variant_id_d2100523_fk_products_ FOREIGN KEY (product_variant_id) REFERENCES public.products_product_variant(id) DEFERRABLE INITIALLY DEFERRED;


--
-- Name: web_productreview web_productreview_updater_id_da352572_fk_auth_user_id; Type: FK CONSTRAINT; Schema: public; Owner: nexsme
--

ALTER TABLE ONLY public.web_productreview
    ADD CONSTRAINT web_productreview_updater_id_da352572_fk_auth_user_id FOREIGN KEY (updater_id) REFERENCES public.auth_user(id) DEFERRABLE INITIALLY DEFERRED;


--
-- Name: web_spotlightbanner web_spotlightbanner_brand_id_5af72f13_fk_products_brand_id; Type: FK CONSTRAINT; Schema: public; Owner: nexsme
--

ALTER TABLE ONLY public.web_spotlightbanner
    ADD CONSTRAINT web_spotlightbanner_brand_id_5af72f13_fk_products_brand_id FOREIGN KEY (brand_id) REFERENCES public.products_brand(id) DEFERRABLE INITIALLY DEFERRED;


--
-- Name: web_spotlightbanner web_spotlightbanner_category_id_dcda9297_fk_products_; Type: FK CONSTRAINT; Schema: public; Owner: nexsme
--

ALTER TABLE ONLY public.web_spotlightbanner
    ADD CONSTRAINT web_spotlightbanner_category_id_dcda9297_fk_products_ FOREIGN KEY (category_id) REFERENCES public.products_category(id) DEFERRABLE INITIALLY DEFERRED;


--
-- Name: web_spotlightbanner web_spotlightbanner_creator_id_367149ad_fk_auth_user_id; Type: FK CONSTRAINT; Schema: public; Owner: nexsme
--

ALTER TABLE ONLY public.web_spotlightbanner
    ADD CONSTRAINT web_spotlightbanner_creator_id_367149ad_fk_auth_user_id FOREIGN KEY (creator_id) REFERENCES public.auth_user(id) DEFERRABLE INITIALLY DEFERRED;


--
-- Name: web_spotlightbanner web_spotlightbanner_product_variant_id_ffccb843_fk_products_; Type: FK CONSTRAINT; Schema: public; Owner: nexsme
--

ALTER TABLE ONLY public.web_spotlightbanner
    ADD CONSTRAINT web_spotlightbanner_product_variant_id_ffccb843_fk_products_ FOREIGN KEY (product_variant_id) REFERENCES public.products_product_variant(id) DEFERRABLE INITIALLY DEFERRED;


--
-- Name: web_spotlightbanner web_spotlightbanner_updater_id_b6c739d7_fk_auth_user_id; Type: FK CONSTRAINT; Schema: public; Owner: nexsme
--

ALTER TABLE ONLY public.web_spotlightbanner
    ADD CONSTRAINT web_spotlightbanner_updater_id_b6c739d7_fk_auth_user_id FOREIGN KEY (updater_id) REFERENCES public.auth_user(id) DEFERRABLE INITIALLY DEFERRED;


--
-- PostgreSQL database dump complete
--

